Abriendo /dev/ttyACM0 @ 9600 bps...

==================== BKP-A7670SA - Configuración ====================
 1) Leer configuración
 2) Escribir configuración
 3) Guardar en FLASH
 4) Restaurar valores de fábrica
 5) Reiniciar STM32
 6) Reiniciar BKP-A7670SA (módem)
 7) Información del LOG
 8) Lectura del LOG
 9) Borrado del LOG
10) Salir
11) Conectar
12) Exit (volver a modo NORMAL)
13) Leer rango de registros de LOG
=======================================================================

Seleccione una opción: 
--- Información del LOG ---
Ingrese los 4 dígitos de password de configuración: 
<-- Respuesta cruda: $CFG,ACK,LOGINFO,4080,2430
*** Trama sin '*CRC' reconocible. ***

==================== BKP-A7670SA - Configuración ====================
 1) Leer configuración
 2) Escribir configuración
 3) Guardar en FLASH
 4) Restaurar valores de fábrica
 5) Reiniciar STM32
 6) Reiniciar BKP-A7670SA (módem)
 7) Información del LOG
 8) Lectura del LOG
 9) Borrado del LOG
10) Salir
11) Conectar
12) Exit (volver a modo NORMAL)
13) Leer rango de registros de LOG
=======================================================================

Seleccione una opción: 
--- Lectura del LOG ---
Índice de registro a leer: Ingrese los 4 dígitos de password de configuración: 
<-- Respuesta cruda: $CFG,ERROR,PASSWORD*4370
ERROR -> Password incorrecta

==================== BKP-A7670SA - Configuración ====================
 1) Leer configuración
 2) Escribir configuración
 3) Guardar en FLASH
 4) Restaurar valores de fábrica
 5) Reiniciar STM32
 6) Reiniciar BKP-A7670SA (módem)
 7) Información del LOG
 8) Lectura del LOG
 9) Borrado del LOG
10) Salir
11) Conectar
12) Exit (volver a modo NORMAL)
13) Leer rango de registros de LOG
=======================================================================

Seleccione una opción: 
--- Lectura del LOG ---
Índice de registro a leer: Ingrese los 4 dígitos de password de configuración: 
<-- Respuesta cruda: $CFG,ACK,LOGREAD,0,2026-07-24 00:58:29,SEND_OK,0,0
*** Trama sin '*CRC' reconocible. ***

==================== BKP-A7670SA - Configuración ====================
 1) Leer configuración
 2) Escribir configuración
 3) Guardar en FLASH
 4) Restaurar valores de fábrica
 5) Reiniciar STM32
 6) Reiniciar BKP-A7670SA (módem)
 7) Información del LOG
 8) Lectura del LOG
 9) Borrado del LOG
10) Salir
11) Conectar
12) Exit (volver a modo NORMAL)
13) Leer rango de registros de LOG
=======================================================================

Seleccione una opción: 
--- Lectura de rango de registros de LOG ---
Índice inicial: Índice final (>= 0): Ingrese los 4 dígitos de password de configuración: 
Leyendo 4081 registro(s), de 0 a 4080...

=== Registro 0 (1/4081) ===

<-- Respuesta cruda: $CFG,ACK,LOGREAD,0,2026-07-24 00:58:29,SEND_OK,0,0
*** Trama sin '*CRC' reconocible. ***

=== Registro 1 (2/4081) ===

<-- Respuesta cruda: $CFG,ACK,LOGREAD,1,2026-07-24 00:58:29,SERVER_ACK,48,0
*** Trama sin '*CRC' reconocible. ***

=== Registro 2 (3/4081) ===

<-- Respuesta cruda: $CFG,BAD_CRC,LOGREAD,2,0000-00-66 146:58:29,SERVER_ACK,0,0
*** Trama sin '*CRC' reconocible. ***

=== Registro 3 (4/4081) ===

<-- Respuesta cruda: $CFG,ACK,LOGREAD,3,2026-07-24 00:59:29,SEND_OK,0,0
*** Trama sin '*CRC' reconocible. ***

=== Registro 4 (5/4081) ===

<-- Respuesta cruda: $CFG,ACK,LOGREAD,4,2026-07-24 00:59:30,SERVER_ACK,48,0
*** Trama sin '*CRC' reconocible. ***

=== Registro 5 (6/4081) ===

<-- Respuesta cruda: $CFG,ACK,LOGREAD,5,2026-07-24 00:59:33,HEARTBEAT_RECEIVED,0,0
*** Trama sin '*CRC' reconocible. ***

=== Registro 6 (7/4081) ===

<-- Respuesta cruda: $CFG,ACK,LOGREAD,6,2026-07-24 01:00:02,CID_RECEIVED,0,0
*** Trama sin '*CRC' reconocible. ***

=== Registro 7 (8/4081) ===

<-- Respuesta cruda: $CFG,ACK,LOGREAD,7,2026-07-24 01:00:03,SEND_OK,0,0
*** Trama sin '*CRC' reconocible. ***

=== Registro 8 (9/4081) ===

<-- Respuesta cruda: $CFG,BAD_CRC,LOGREAD,8,2026-07-24 01:00:03,SERVER_ACK,48,12288
*** Trama sin '*CRC' reconocible. ***

=== Registro 9 (10/4081) ===

<-- Respuesta cruda: $CFG,BAD_CRC,LOGREAD,9,0000-00-195 96:00:03,SERVER_ACK,0,0
*** Trama sin '*CRC' reconocible. ***

=== Registro 10 (11/4081) ===

<-- Respuesta cruda: $CFG,ACK,LOGREAD,10,2026-07-24 01:00:04,CID_RECEIVED,0,0
*** Trama sin '*CRC' reconocible. ***

=== Registro 11 (12/4081) ===

<-- Respuesta cruda: $CFG,ACK,LOGREAD,11,2026-07-24 01:00:04,SEND_OK,0,0
*** Trama sin '*CRC' reconocible. ***

=== Registro 12 (13/4081) ===

<-- Respuesta cruda: $CFG,ACK,LOGREAD,12,2026-07-24 01:00:04,SERVER_ACK,48,0
*** Trama sin '*CRC' reconocible. ***

=== Registro 13 (14/4081) ===

<-- Respuesta cruda: $CFG,ACK,LOGREAD,13,2026-07-24 01:00:04,SERVER_ACK,0,0
*** Trama sin '*CRC' reconocible. ***

=== Registro 14 (15/4081) ===

<-- Respuesta cruda: $CFG,ACK,LOGREAD,14,2026-07-24 01:01:04,SEND_OK,0,0
*** Trama sin '*CRC' reconocible. ***

=== Registro 15 (16/4081) ===

<-- Respuesta cruda: $CFG,BAD_CRC,LOGREAD,15,2026-07-24 01:01:05,SERVER_ACK,1141768961,0
*** Trama sin '*CRC' reconocible. ***

=== Registro 16 (17/4081) ===

<-- Respuesta cruda: $CFG,BAD_CRC,LOGREAD,16,0000-00-11 36:01:08,HEARTBEAT_RECEIVED,0,0
*** Trama sin '*CRC' reconocible. ***

=== Registro 17 (18/4081) ===

<-- Respuesta cruda: $CFG,ACK,LOGREAD,17,2026-07-24 01:02:05,SEND_OK,0,0
*** Trama sin '*CRC' reconocible. ***

=== Registro 18 (19/4081) ===

<-- Respuesta cruda: $CFG,ACK,LOGREAD,18,2026-07-24 01:02:05,SERVER_ACK,48,0
*** Trama sin '*CRC' reconocible. ***

=== Registro 19 (20/4081) ===

<-- Respuesta cruda: $CFG,ACK,LOGREAD,19,2026-07-24 01:02:11,HEARTBEAT_RECEIVED,0,0
*** Trama sin '*CRC' reconocible. ***

=== Registro 20 (21/4081) ===

<-- Respuesta cruda: $CFG,ACK,LOGREAD,20,2026-07-24 01:03:05,SEND_OK,0,0
*** Trama sin '*CRC' reconocible. ***

=== Registro 21 (22/4081) ===

<-- Respuesta cruda: $CFG,ACK,LOGREAD,21,2026-07-24 01:03:05,SERVER_ACK,48,0
*** Trama sin '*CRC' reconocible. ***

=== Registro 22 (23/4081) ===

<-- Respuesta cruda: $CFG,BAD_CRC,LOGREAD,22,2026-07-24 120:255:255,UNKNOWN,4294967295,4294967295
*** Trama sin '*CRC' reconocible. ***

=== Registro 23 (24/4081) ===

<-- Respuesta cruda: $CFG,ACK,LOGREAD,23,2026-07-24 01:04:05,SEND_OK,0,0
*** Trama sin '*CRC' reconocible. ***

=== Registro 24 (25/4081) ===

<-- Respuesta cruda: $CFG,ACK,LOGREAD,24,2026-07-24 01:04:05,SERVER_ACK,48,0
*** Trama sin '*CRC' reconocible. ***

=== Registro 25 (26/4081) ===

<-- Respuesta cruda: $CFG,ACK,LOGREAD,25,2026-07-24 01:04:17,HEARTBEAT_RECEIVED,0,0
*** Trama sin '*CRC' reconocible. ***

=== Registro 26 (27/4081) ===

<-- Respuesta cruda: $CFG,ACK,LOGREAD,26,2026-07-24 01:05:05,SEND_OK,0,0
*** Trama sin '*CRC' reconocible. ***

=== Registro 27 (28/4081) ===

<-- Respuesta cruda: $CFG,ACK,LOGREAD,27,2026-07-24 01:05:06,SERVER_ACK,48,0
*** Trama sin '*CRC' reconocible. ***

=== Registro 28 (29/4081) ===

<-- Respuesta cruda: $CFG,BAD_CRC,LOGREAD,28,2026-07-24 01:05:20,HEARTBEAT_RECEIVED,0,0
*** Trama sin '*CRC' reconocible. ***

=== Registro 29 (30/4081) ===

<-- Respuesta cruda: $CFG,BAD_CRC,LOGREAD,29,0000-00-185 153:06:06,SEND_OK,0,0
*** Trama sin '*CRC' reconocible. ***

=== Registro 30 (31/4081) ===

<-- Respuesta cruda: $CFG,ACK,LOGREAD,30,2026-07-24 01:06:06,SERVER_ACK,48,0
*** Trama sin '*CRC' reconocible. ***

=== Registro 31 (32/4081) ===

<-- Respuesta cruda: $CFG,ACK,LOGREAD,31,2026-07-24 01:06:23,HEARTBEAT_RECEIVED,0,0
*** Trama sin '*CRC' reconocible. ***

=== Registro 32 (33/4081) ===

<-- Respuesta cruda: $CFG,ACK,LOGREAD,32,2026-07-24 01:07:06,SEND_OK,0,0
*** Trama sin '*CRC' reconocible. ***

=== Registro 33 (34/4081) ===

<-- Respuesta cruda: $CFG,ACK,LOGREAD,33,2026-07-24 01:07:06,SERVER_ACK,48,0
*** Trama sin '*CRC' reconocible. ***

=== Registro 34 (35/4081) ===

<-- Respuesta cruda: $CFG,ACK,LOGREAD,34,2026-07-24 01:07:26,HEARTBEAT_RECEIVED,0,0
*** Trama sin '*CRC' reconocible. ***

=== Registro 35 (36/4081) ===

<-- Respuesta cruda: $CFG,BAD_CRC,LOGREAD,35,2026-07-24 01:08:06,SEND_OK,0,12288
*** Trama sin '*CRC' reconocible. ***

=== Registro 36 (37/4081) ===

<-- Respuesta cruda: $CFG,BAD_CRC,LOGREAD,36,0000-00-71 222:08:06,SERVER_ACK,48,0
*** Trama sin '*CRC' reconocible. ***

=== Registro 37 (38/4081) ===

<-- Respuesta cruda: $CFG,ACK,LOGREAD,37,2026-07-24 01:08:29,HEARTBEAT_RECEIVED,0,0
*** Trama sin '*CRC' reconocible. ***

=== Registro 38 (39/4081) ===

<-- Respuesta cruda: $CFG,ACK,LOGREAD,38,2026-07-24 01:09:06,SEND_OK,0,0
*** Trama sin '*CRC' reconocible. ***

=== Registro 39 (40/4081) ===

<-- Respuesta cruda: $CFG,ACK,LOGREAD,39,2026-07-24 01:09:06,SERVER_ACK,48,0
*** Trama sin '*CRC' reconocible. ***

=== Registro 40 (41/4081) ===

<-- Respuesta cruda: $CFG,ACK,LOGREAD,40,2026-07-24 01:09:32,HEARTBEAT_RECEIVED,0,0
*** Trama sin '*CRC' reconocible. ***

=== Registro 41 (42/4081) ===

<-- Respuesta cruda: $CFG,ACK,LOGREAD,41,2026-07-24 01:10:06,SEND_OK,0,0
*** Trama sin '*CRC' reconocible. ***

=== Registro 42 (43/4081) ===

<-- Respuesta cruda: $CFG,BAD_CRC,LOGREAD,42,2026-07-24 01:10:07,SERVER_ACK,1143475201,0
*** Trama sin '*CRC' reconocible. ***

=== Registro 43 (44/4081) ===

<-- Respuesta cruda: $CFG,BAD_CRC,LOGREAD,43,0000-00-102 108:10:35,HEARTBEAT_RECEIVED,0,0
*** Trama sin '*CRC' reconocible. ***

=== Registro 44 (45/4081) ===

<-- Respuesta cruda: $CFG,ACK,LOGREAD,44,2026-07-24 01:11:07,SEND_OK,0,0
*** Trama sin '*CRC' reconocible. ***

=== Registro 45 (46/4081) ===

<-- Respuesta cruda: $CFG,ACK,LOGREAD,45,2026-07-24 01:11:07,SERVER_ACK,48,0
*** Trama sin '*CRC' reconocible. ***

=== Registro 46 (47/4081) ===

<-- Respuesta cruda: $CFG,ACK,LOGREAD,46,2026-07-24 01:11:38,HEARTBEAT_RECEIVED,0,0
*** Trama sin '*CRC' reconocible. ***

=== Registro 47 (48/4081) ===

<-- Respuesta cruda: $CFG,ACK,LOGREAD,47,2026-07-24 01:12:06,SEND_OK,0,0
*** Trama sin '*CRC' reconocible. ***

=== Registro 48 (49/4081) ===

<-- Respuesta cruda: $CFG,ACK,LOGREAD,48,2026-07-24 01:12:06,SERVER_ACK,48,0
*** Trama sin '*CRC' reconocible. ***

=== Registro 49 (50/4081) ===

<-- Respuesta cruda: $CFG,BAD_CRC,LOGREAD,49,2026-07-120 155:255:255,UNKNOWN,4294967295,4294967295
*** Trama sin '*CRC' reconocible. ***

=== Registro 50 (51/4081) ===

<-- Respuesta cruda: $CFG,ACK,LOGREAD,50,2026-07-24 01:13:06,SEND_OK,0,0
*** Trama sin '*CRC' reconocible. ***

=== Registro 51 (52/4081) ===

<-- Respuesta cruda: $CFG,ACK,LOGREAD,51,2026-07-24 01:13:07,SERVER_ACK,48,0
*** Trama sin '*CRC' reconocible. ***

=== Registro 52 (53/4081) ===

<-- Respuesta cruda: $CFG,ACK,LOGREAD,52,2026-07-24 01:13:43,HEARTBEAT_RECEIVED,0,0
*** Trama sin '*CRC' reconocible. ***

=== Registro 53 (54/4081) ===

<-- Respuesta cruda: $CFG,ACK,LOGREAD,53,2026-07-24 01:14:06,SEND_OK,0,0
*** Trama sin '*CRC' reconocible. ***

=== Registro 54 (55/4081) ===

<-- Respuesta cruda: $CFG,ACK,LOGREAD,54,2026-07-24 01:14:07,SERVER_ACK,48,0
*** Trama sin '*CRC' reconocible. ***

=== Registro 55 (56/4081) ===

<-- Respuesta cruda: $CFG,BAD_CRC,LOGREAD,55,2026-07-24 01:14:46,HEARTBEAT_RECEIVED,0,0
*** Trama sin '*CRC' reconocible. ***

=== Registro 56 (57/4081) ===

<-- Respuesta cruda: $CFG,BAD_CRC,LOGREAD,56,0000-00-125 110:15:07,SEND_OK,0,0
*** Trama sin '*CRC' reconocible. ***

=== Registro 57 (58/4081) ===

<-- Respuesta cruda: $CFG,ACK,LOGREAD,57,2026-07-24 01:15:07,SERVER_ACK,48,0
*** Trama sin '*CRC' reconocible. ***

=== Registro 58 (59/4081) ===

<-- Respuesta cruda: $CFG,ACK,LOGREAD,58,2026-07-24 01:15:49,HEARTBEAT_RECEIVED,0,0
*** Trama sin '*CRC' reconocible. ***

=== Registro 59 (60/4081) ===

<-- Respuesta cruda: $CFG,ACK,LOGREAD,59,2026-07-24 01:16:07,SEND_OK,0,0
*** Trama sin '*CRC' reconocible. ***

=== Registro 60 (61/4081) ===

<-- Respuesta cruda: $CFG,ACK,LOGREAD,60,2026-07-24 01:16:07,SERVER_ACK,48,0
*** Trama sin '*CRC' reconocible. ***

=== Registro 61 (62/4081) ===

<-- Respuesta cruda: $CFG,ACK,LOGREAD,61,2026-07-24 01:16:52,HEARTBEAT_RECEIVED,0,0
*** Trama sin '*CRC' reconocible. ***

=== Registro 62 (63/4081) ===

<-- Respuesta cruda: $CFG,BAD_CRC,LOGREAD,62,2026-07-24 01:17:07,SEND_OK,1174405120,12288
*** Trama sin '*CRC' reconocible. ***

=== Registro 63 (64/4081) ===

<-- Respuesta cruda: $CFG,BAD_CRC,LOGREAD,63,0000-00-249 122:17:07,SERVER_ACK,48,0
*** Trama sin '*CRC' reconocible. ***

=== Registro 64 (65/4081) ===

<-- Respuesta cruda: $CFG,ACK,LOGREAD,64,2026-07-24 01:17:55,HEARTBEAT_RECEIVED,0,0
*** Trama sin '*CRC' reconocible. ***

=== Registro 65 (66/4081) ===

<-- Respuesta cruda: $CFG,ACK,LOGREAD,65,2026-07-24 01:18:07,SEND_OK,0,0
*** Trama sin '*CRC' reconocible. ***

=== Registro 66 (67/4081) ===

<-- Respuesta cruda: $CFG,ACK,LOGREAD,66,2026-07-24 01:18:08,SERVER_ACK,48,0
*** Trama sin '*CRC' reconocible. ***

=== Registro 67 (68/4081) ===

<-- Respuesta cruda: $CFG,ACK,LOGREAD,67,2026-07-24 01:18:58,HEARTBEAT_RECEIVED,0,0
*** Trama sin '*CRC' reconocible. ***

=== Registro 68 (69/4081) ===

<-- Respuesta cruda: $CFG,ACK,LOGREAD,68,2026-07-24 01:19:08,SEND_OK,0,0
*** Trama sin '*CRC' reconocible. ***

=== Registro 69 (70/4081) ===

<-- Respuesta cruda: $CFG,BAD_CRC,LOGREAD,69,2026-07-24 01:19:08,SIM_PIN_REQUIRED,1141315073,0
*** Trama sin '*CRC' reconocible. ***

=== Registro 70 (71/4081) ===

<-- Respuesta cruda: $CFG,BAD_CRC,LOGREAD,70,0000-00-61 103:20:01,HEARTBEAT_RECEIVED,0,0
*** Trama sin '*CRC' reconocible. ***

=== Registro 71 (72/4081) ===

<-- Respuesta cruda: $CFG,ACK,LOGREAD,71,2026-07-24 01:20:08,SEND_OK,0,0
*** Trama sin '*CRC' reconocible. ***

=== Registro 72 (73/4081) ===

<-- Respuesta cruda: $CFG,ACK,LOGREAD,72,2026-07-24 01:20:08,SERVER_ACK,48,0
*** Trama sin '*CRC' reconocible. ***

=== Registro 73 (74/4081) ===

<-- Respuesta cruda: $CFG,ACK,LOGREAD,73,2026-07-24 01:21:04,HEARTBEAT_RECEIVED,0,0
*** Trama sin '*CRC' reconocible. ***

=== Registro 74 (75/4081) ===

<-- Respuesta cruda: $CFG,ACK,LOGREAD,74,2026-07-24 01:21:08,SEND_OK,0,0
*** Trama sin '*CRC' reconocible. ***

=== Registro 75 (76/4081) ===

<-- Respuesta cruda: $CFG,ACK,LOGREAD,75,2026-07-24 01:21:08,SERVER_ACK,48,0
*** Trama sin '*CRC' reconocible. ***

=== Registro 76 (77/4081) ===

<-- Respuesta cruda: $CFG,BAD_CRC,LOGREAD,76,2026-00-218 37:255:255,UNKNOWN,4294967295,4294967295
*** Trama sin '*CRC' reconocible. ***

=== Registro 77 (78/4081) ===

<-- Respuesta cruda: $CFG,ACK,LOGREAD,77,2026-07-24 01:22:08,SEND_OK,0,0
*** Trama sin '*CRC' reconocible. ***

=== Registro 78 (79/4081) ===

<-- Respuesta cruda: $CFG,ACK,LOGREAD,78,2026-07-24 01:22:09,SERVER_ACK,48,0
*** Trama sin '*CRC' reconocible. ***

=== Registro 79 (80/4081) ===

<-- Respuesta cruda: $CFG,ACK,LOGREAD,79,2026-07-24 01:23:08,SEND_OK,0,0
*** Trama sin '*CRC' reconocible. ***

=== Registro 80 (81/4081) ===

<-- Respuesta cruda: $CFG,ACK,LOGREAD,80,2026-07-24 01:23:09,SERVER_ACK,48,0
*** Trama sin '*CRC' reconocible. ***

=== Registro 81 (82/4081) ===

<-- Respuesta cruda: $CFG,ACK,LOGREAD,81,2026-07-24 01:23:10,HEARTBEAT_RECEIVED,0,0
*** Trama sin '*CRC' reconocible. ***

=== Registro 82 (83/4081) ===

<-- Respuesta cruda: $CFG,BAD_CRC,LOGREAD,82,2026-07-24 01:24:09,SEND_OK,0,0
*** Trama sin '*CRC' reconocible. ***

=== Registro 83 (84/4081) ===

<-- Respuesta cruda: $CFG,BAD_CRC,LOGREAD,83,0000-00-109 186:24:09,SERVER_ACK,48,0
*** Trama sin '*CRC' reconocible. ***

=== Registro 84 (85/4081) ===

<-- Respuesta cruda: $CFG,ACK,LOGREAD,84,2026-07-24 01:24:13,HEARTBEAT_RECEIVED,0,0
*** Trama sin '*CRC' reconocible. ***

=== Registro 85 (86/4081) ===

<-- Respuesta cruda: $CFG,ACK,LOGREAD,85,2026-07-24 01:25:09,SEND_OK,0,0
*** Trama sin '*CRC' reconocible. ***

=== Registro 86 (87/4081) ===

<-- Respuesta cruda: $CFG,ACK,LOGREAD,86,2026-07-24 01:25:09,SERVER_ACK,48,0
*** Trama sin '*CRC' reconocible. ***

=== Registro 87 (88/4081) ===

<-- Respuesta cruda: $CFG,ACK,LOGREAD,87,2026-07-24 01:25:16,HEARTBEAT_RECEIVED,0,0
*** Trama sin '*CRC' reconocible. ***

=== Registro 88 (89/4081) ===

<-- Respuesta cruda: $CFG,ACK,LOGREAD,88,2026-07-24 01:26:09,SEND_OK,0,0
*** Trama sin '*CRC' reconocible. ***

=== Registro 89 (90/4081) ===

<-- Respuesta cruda: $CFG,BAD_CRC,LOGREAD,89,2026-07-24 01:26:09,SERVER_ACK,1142489136,0
*** Trama sin '*CRC' reconocible. ***

=== Registro 90 (91/4081) ===

<-- Respuesta cruda: $CFG,BAD_CRC,LOGREAD,90,0000-00-56 124:26:19,HEARTBEAT_RECEIVED,0,0
*** Trama sin '*CRC' reconocible. ***

=== Registro 91 (92/4081) ===

<-- Respuesta cruda: $CFG,ACK,LOGREAD,91,2026-07-24 01:27:09,SEND_OK,0,0
*** Trama sin '*CRC' reconocible. ***

=== Registro 92 (93/4081) ===

<-- Respuesta cruda: $CFG,ACK,LOGREAD,92,2026-07-24 01:27:10,SERVER_ACK,48,0
*** Trama sin '*CRC' reconocible. ***

=== Registro 93 (94/4081) ===

<-- Respuesta cruda: $CFG,ACK,LOGREAD,93,2026-07-24 01:27:22,HEARTBEAT_RECEIVED,0,0
*** Trama sin '*CRC' reconocible. ***

=== Registro 94 (95/4081) ===

<-- Respuesta cruda: $CFG,ACK,LOGREAD,94,2026-07-24 01:28:09,SEND_OK,0,0
*** Trama sin '*CRC' reconocible. ***

=== Registro 95 (96/4081) ===

<-- Respuesta cruda: $CFG,ACK,LOGREAD,95,2026-07-24 01:28:10,SERVER_ACK,48,0
*** Trama sin '*CRC' reconocible. ***

=== Registro 96 (97/4081) ===

<-- Respuesta cruda: $CFG,BAD_CRC,LOGREAD,96,2026-07-24 01:28:07,SIM_PIN_REQUIRED,906632961,0
*** Trama sin '*CRC' reconocible. ***

=== Registro 97 (98/4081) ===

<-- Respuesta cruda: $CFG,BAD_CRC,LOGREAD,97,0000-00-107 85:29:10,SEND_OK,0,0
*** Trama sin '*CRC' reconocible. ***

=== Registro 98 (99/4081) ===

<-- Respuesta cruda: $CFG,ACK,LOGREAD,98,2026-07-24 01:29:10,SERVER_ACK,48,0
*** Trama sin '*CRC' reconocible. ***

=== Registro 99 (100/4081) ===

<-- Respuesta cruda: $CFG,ACK,LOGREAD,99,2026-07-24 01:29:28,HEARTBEAT_RECEIVED,0,0
*** Trama sin '*CRC' reconocible. ***

=== Registro 100 (101/4081) ===

<-- Respuesta cruda: $CFG,ACK,LOGREAD,100,2026-07-24 01:30:10,SEND_OK,0,0
*** Trama sin '*CRC' reconocible. ***

=== Registro 101 (102/4081) ===

<-- Respuesta cruda: $CFG,ACK,LOGREAD,101,2026-07-24 01:30:10,SERVER_ACK,48,0
*** Trama sin '*CRC' reconocible. ***

=== Registro 102 (103/4081) ===

<-- Respuesta cruda: $CFG,ACK,LOGREAD,102,2026-07-24 01:30:31,HEARTBEAT_RECEIVED,0,0
*** Trama sin '*CRC' reconocible. ***

=== Registro 103 (104/4081) ===

<-- Respuesta cruda: $CFG,BAD_CRC,LOGREAD,103,0234-00-167 179:255:255,UNKNOWN,4294967295,4294967295
*** Trama sin '*CRC' reconocible. ***

=== Registro 104 (105/4081) ===

<-- Respuesta cruda: $CFG,ACK,LOGREAD,104,2026-07-24 01:31:10,SERVER_ACK,48,0
*** Trama sin '*CRC' reconocible. ***

=== Registro 105 (106/4081) ===

<-- Respuesta cruda: $CFG,ACK,LOGREAD,105,2026-07-24 01:31:34,CID_RECEIVED,0,0
*** Trama sin '*CRC' reconocible. ***

=== Registro 106 (107/4081) ===

<-- Respuesta cruda: $CFG,ACK,LOGREAD,106,2026-07-24 01:31:34,SEND_OK,0,0
*** Trama sin '*CRC' reconocible. ***

=== Registro 107 (108/4081) ===

<-- Respuesta cruda: $CFG,ACK,LOGREAD,107,2026-07-24 01:31:35,SERVER_ACK,48,0
*** Trama sin '*CRC' reconocible. ***

=== Registro 108 (109/4081) ===

<-- Respuesta cruda: $CFG,ACK,LOGREAD,108,2026-07-24 01:31:35,SERVER_ACK,0,0
*** Trama sin '*CRC' reconocible. ***

=== Registro 109 (110/4081) ===

<-- Respuesta cruda: $CFG,BAD_CRC,LOGREAD,109,2026-07-24 01:31:46,CID_RECEIVED,0,0
*** Trama sin '*CRC' reconocible. ***

=== Registro 110 (111/4081) ===

<-- Respuesta cruda: $CFG,BAD_CRC,LOGREAD,110,0000-00-62 57:31:46,SEND_OK,0,0
*** Trama sin '*CRC' reconocible. ***

=== Registro 111 (112/4081) ===

<-- Respuesta cruda: $CFG,ACK,LOGREAD,111,2026-07-24 01:31:48,SERVER_ACK,48,0
*** Trama sin '*CRC' reconocible. ***

=== Registro 112 (113/4081) ===

<-- Respuesta cruda: $CFG,ACK,LOGREAD,112,2026-07-24 01:31:48,SERVER_ACK,0,0
*** Trama sin '*CRC' reconocible. ***

=== Registro 113 (114/4081) ===

<-- Respuesta cruda: $CFG,ACK,LOGREAD,113,2026-07-24 01:32:48,SEND_OK,0,0
*** Trama sin '*CRC' reconocible. ***

=== Registro 114 (115/4081) ===

<-- Respuesta cruda: $CFG,ACK,LOGREAD,114,2026-07-24 01:32:49,SERVER_ACK,48,0
*** Trama sin '*CRC' reconocible. ***

=== Registro 115 (116/4081) ===

<-- Respuesta cruda: $CFG,ACK,LOGREAD,115,2026-07-24 01:32:49,HEARTBEAT_RECEIVED,0,0
*** Trama sin '*CRC' reconocible. ***

=== Registro 116 (117/4081) ===

<-- Respuesta cruda: $CFG,BAD_CRC,LOGREAD,116,2026-07-24 01:33:49,SEND_OK,1177625344,12288
*** Trama sin '*CRC' reconocible. ***

=== Registro 117 (118/4081) ===

<-- Respuesta cruda: $CFG,BAD_CRC,LOGREAD,117,0000-00-137 166:33:49,SERVER_ACK,48,0
*** Trama sin '*CRC' reconocible. ***

=== Registro 118 (119/4081) ===

<-- Respuesta cruda: $CFG,ACK,LOGREAD,118,2026-07-24 01:33:52,HEARTBEAT_RECEIVED,0,0
*** Trama sin '*CRC' reconocible. ***

=== Registro 119 (120/4081) ===

<-- Respuesta cruda: $CFG,ACK,LOGREAD,119,2026-07-24 01:34:49,SEND_OK,0,0
*** Trama sin '*CRC' reconocible. ***

=== Registro 120 (121/4081) ===

<-- Respuesta cruda: $CFG,ACK,LOGREAD,120,2026-07-24 01:34:49,SERVER_ACK,48,0
*** Trama sin '*CRC' reconocible. ***

=== Registro 121 (122/4081) ===

<-- Respuesta cruda: $CFG,ACK,LOGREAD,121,2026-07-24 01:34:55,HEARTBEAT_RECEIVED,0,0
*** Trama sin '*CRC' reconocible. ***

=== Registro 122 (123/4081) ===

<-- Respuesta cruda: $CFG,ACK,LOGREAD,122,2026-07-24 01:35:49,SEND_OK,0,0
*** Trama sin '*CRC' reconocible. ***

=== Registro 123 (124/4081) ===

<-- Respuesta cruda: $CFG,BAD_CRC,LOGREAD,123,2026-07-24 01:255:255,UNKNOWN,4294967295,4294967295
*** Trama sin '*CRC' reconocible. ***

=== Registro 124 (125/4081) ===

<-- Respuesta cruda: $CFG,ACK,LOGREAD,124,2026-07-24 01:35:58,HEARTBEAT_RECEIVED,0,0
*** Trama sin '*CRC' reconocible. ***

=== Registro 125 (126/4081) ===

<-- Respuesta cruda: $CFG,ACK,LOGREAD,125,2026-07-24 01:36:49,SEND_OK,0,0
*** Trama sin '*CRC' reconocible. ***

=== Registro 126 (127/4081) ===

<-- Respuesta cruda: $CFG,ACK,LOGREAD,126,2026-07-24 01:36:50,SERVER_ACK,48,0
*** Trama sin '*CRC' reconocible. ***

=== Registro 127 (128/4081) ===

<-- Respuesta cruda: $CFG,ACK,LOGREAD,127,2026-07-24 01:37:01,HEARTBEAT_RECEIVED,0,0
*** Trama sin '*CRC' reconocible. ***

=== Registro 128 (129/4081) ===

<-- Respuesta cruda: $CFG,ACK,LOGREAD,128,2026-07-24 01:37:49,SEND_OK,0,0
*** Trama sin '*CRC' reconocible. ***

=== Registro 129 (130/4081) ===

<-- Respuesta cruda: $CFG,ACK,LOGREAD,129,2026-07-24 01:37:50,SERVER_ACK,48,0
*** Trama sin '*CRC' reconocible. ***

=== Registro 130 (131/4081) ===

<-- Respuesta cruda: $CFG,BAD_CRC,LOGREAD,130,0000-00-219 05:38:04,HEARTBEAT_RECEIVED,0,0
*** Trama sin '*CRC' reconocible. ***

=== Registro 131 (132/4081) ===

<-- Respuesta cruda: $CFG,ACK,LOGREAD,131,2026-07-24 01:38:50,SEND_OK,0,0
*** Trama sin '*CRC' reconocible. ***

=== Registro 132 (133/4081) ===

<-- Respuesta cruda: $CFG,ACK,LOGREAD,132,2026-07-24 01:38:50,SERVER_ACK,48,0
*** Trama sin '*CRC' reconocible. ***

=== Registro 133 (134/4081) ===

<-- Respuesta cruda: $CFG,ACK,LOGREAD,133,2026-07-24 01:39:07,HEARTBEAT_RECEIVED,0,0
*** Trama sin '*CRC' reconocible. ***

=== Registro 134 (135/4081) ===

<-- Respuesta cruda: $CFG,ACK,LOGREAD,134,2026-07-24 01:39:50,SEND_OK,0,0
*** Trama sin '*CRC' reconocible. ***

=== Registro 135 (136/4081) ===

<-- Respuesta cruda: $CFG,ACK,LOGREAD,135,2026-07-24 01:39:50,SERVER_ACK,48,0
*** Trama sin '*CRC' reconocible. ***

=== Registro 136 (137/4081) ===

<-- Respuesta cruda: $CFG,BAD_CRC,LOGREAD,136,2026-07-24 01:40:10,HEARTBEAT_RECEIVED,0,0
*** Trama sin '*CRC' reconocible. ***

=== Registro 137 (138/4081) ===

<-- Respuesta cruda: $CFG,BAD_CRC,LOGREAD,137,0000-00-243 95:40:50,SEND_OK,0,0
*** Trama sin '*CRC' reconocible. ***

=== Registro 138 (139/4081) ===

<-- Respuesta cruda: $CFG,ACK,LOGREAD,138,2026-07-24 01:40:50,SERVER_ACK,48,0
*** Trama sin '*CRC' reconocible. ***

=== Registro 139 (140/4081) ===

<-- Respuesta cruda: $CFG,ACK,LOGREAD,139,2026-07-24 01:41:13,HEARTBEAT_RECEIVED,0,0
*** Trama sin '*CRC' reconocible. ***

=== Registro 140 (141/4081) ===

<-- Respuesta cruda: $CFG,ACK,LOGREAD,140,2026-07-24 01:41:50,SEND_OK,0,0
*** Trama sin '*CRC' reconocible. ***

=== Registro 141 (142/4081) ===

<-- Respuesta cruda: $CFG,ACK,LOGREAD,141,2026-07-24 01:41:51,SERVER_ACK,48,0
*** Trama sin '*CRC' reconocible. ***

=== Registro 142 (143/4081) ===

<-- Respuesta cruda: $CFG,ACK,LOGREAD,142,2026-07-24 01:42:16,HEARTBEAT_RECEIVED,0,0
*** Trama sin '*CRC' reconocible. ***

=== Registro 143 (144/4081) ===

<-- Respuesta cruda: $CFG,BAD_CRC,LOGREAD,143,2026-07-24 01:42:50,SEND_OK,1177758721,12288
*** Trama sin '*CRC' reconocible. ***

=== Registro 144 (145/4081) ===

<-- Respuesta cruda: $CFG,BAD_CRC,LOGREAD,144,0000-00-217 21:42:51,SERVER_ACK,48,0
*** Trama sin '*CRC' reconocible. ***

=== Registro 145 (146/4081) ===

<-- Respuesta cruda: $CFG,ACK,LOGREAD,145,2026-07-24 01:43:19,HEARTBEAT_RECEIVED,0,0
*** Trama sin '*CRC' reconocible. ***

=== Registro 146 (147/4081) ===

<-- Respuesta cruda: $CFG,ACK,LOGREAD,146,2026-07-24 01:43:51,SEND_OK,0,0
*** Trama sin '*CRC' reconocible. ***

=== Registro 147 (148/4081) ===

<-- Respuesta cruda: $CFG,ACK,LOGREAD,147,2026-07-24 01:43:51,SERVER_ACK,48,0
*** Trama sin '*CRC' reconocible. ***

=== Registro 148 (149/4081) ===

<-- Respuesta cruda: $CFG,ACK,LOGREAD,148,2026-07-24 01:44:22,HEARTBEAT_RECEIVED,0,0
*** Trama sin '*CRC' reconocible. ***

=== Registro 149 (150/4081) ===

<-- Respuesta cruda: $CFG,ACK,LOGREAD,149,2026-07-24 01:44:51,SEND_OK,0,0
*** Trama sin '*CRC' reconocible. ***

=== Registro 150 (151/4081) ===

<-- Respuesta cruda: $CFG,BAD_CRC,LOGREAD,150,2026-07-24 58:255:255,UNKNOWN,4294967295,4294967295
*** Trama sin '*CRC' reconocible. ***

=== Registro 151 (152/4081) ===

<-- Respuesta cruda: $CFG,ACK,LOGREAD,151,2026-07-24 01:45:25,HEARTBEAT_RECEIVED,0,0
*** Trama sin '*CRC' reconocible. ***

=== Registro 152 (153/4081) ===

<-- Respuesta cruda: $CFG,ACK,LOGREAD,152,2026-07-24 01:45:51,SEND_OK,0,0
*** Trama sin '*CRC' reconocible. ***

=== Registro 153 (154/4081) ===

<-- Respuesta cruda: $CFG,ACK,LOGREAD,153,2026-07-24 01:45:51,SERVER_ACK,48,0
*** Trama sin '*CRC' reconocible. ***

=== Registro 154 (155/4081) ===

<-- Respuesta cruda: $CFG,ACK,LOGREAD,154,2026-07-24 01:46:28,HEARTBEAT_RECEIVED,0,0
*** Trama sin '*CRC' reconocible. ***

=== Registro 155 (156/4081) ===

<-- Respuesta cruda: $CFG,ACK,LOGREAD,155,2026-07-24 01:46:51,SEND_OK,0,0
*** Trama sin '*CRC' reconocible. ***

=== Registro 156 (157/4081) ===

<-- Respuesta cruda: $CFG,BAD_CRC,LOGREAD,156,2026-07-24 01:46:52,SERVER_ACK,48,0
*** Trama sin '*CRC' reconocible. ***

=== Registro 157 (158/4081) ===

<-- Respuesta cruda: $CFG,BAD_CRC,LOGREAD,157,0000-00-31 11:47:31,HEARTBEAT_RECEIVED,0,0
*** Trama sin '*CRC' reconocible. ***

=== Registro 158 (159/4081) ===

<-- Respuesta cruda: $CFG,ACK,LOGREAD,158,2026-07-24 01:47:52,SEND_OK,0,0
*** Trama sin '*CRC' reconocible. ***

=== Registro 159 (160/4081) ===

<-- Respuesta cruda: $CFG,ACK,LOGREAD,159,2026-07-24 01:47:52,SERVER_ACK,48,0
*** Trama sin '*CRC' reconocible. ***

=== Registro 160 (161/4081) ===

<-- Respuesta cruda: $CFG,ACK,LOGREAD,160,2026-07-24 01:48:34,HEARTBEAT_RECEIVED,0,0
*** Trama sin '*CRC' reconocible. ***

=== Registro 161 (162/4081) ===

<-- Respuesta cruda: $CFG,ACK,LOGREAD,161,2026-07-24 01:48:52,SEND_OK,0,0
*** Trama sin '*CRC' reconocible. ***

=== Registro 162 (163/4081) ===

<-- Respuesta cruda: $CFG,ACK,LOGREAD,162,2026-07-24 01:48:52,SERVER_ACK,48,0
*** Trama sin '*CRC' reconocible. ***

=== Registro 163 (164/4081) ===

<-- Respuesta cruda: $CFG,BAD_CRC,LOGREAD,163,2026-07-24 01:49:37,HEARTBEAT_RECEIVED,0,0
*** Trama sin '*CRC' reconocible. ***

=== Registro 164 (165/4081) ===

<-- Respuesta cruda: $CFG,BAD_CRC,LOGREAD,164,0000-00-138 129:49:52,SEND_OK,0,0
*** Trama sin '*CRC' reconocible. ***

=== Registro 165 (166/4081) ===

<-- Respuesta cruda: $CFG,ACK,LOGREAD,165,2026-07-24 01:49:52,SERVER_ACK,48,0
*** Trama sin '*CRC' reconocible. ***

=== Registro 166 (167/4081) ===

<-- Respuesta cruda: $CFG,ACK,LOGREAD,166,2026-07-24 01:50:40,HEARTBEAT_RECEIVED,0,0
*** Trama sin '*CRC' reconocible. ***

=== Registro 167 (168/4081) ===

<-- Respuesta cruda: $CFG,ACK,LOGREAD,167,2026-07-24 01:50:52,SEND_OK,0,0
*** Trama sin '*CRC' reconocible. ***

=== Registro 168 (169/4081) ===

<-- Respuesta cruda: $CFG,ACK,LOGREAD,168,2026-07-24 01:50:53,SERVER_ACK,48,0
*** Trama sin '*CRC' reconocible. ***

=== Registro 169 (170/4081) ===

<-- Respuesta cruda: $CFG,ACK,LOGREAD,169,2026-07-24 01:51:43,HEARTBEAT_RECEIVED,0,0
*** Trama sin '*CRC' reconocible. ***

=== Registro 170 (171/4081) ===

<-- Respuesta cruda: $CFG,BAD_CRC,LOGREAD,170,2026-07-24 01:51:52,SEND_OK,1177892097,12288
*** Trama sin '*CRC' reconocible. ***

=== Registro 171 (172/4081) ===

<-- Respuesta cruda: $CFG,BAD_CRC,LOGREAD,171,0000-00-160 203:51:53,SERVER_ACK,48,0
*** Trama sin '*CRC' reconocible. ***

=== Registro 172 (173/4081) ===

<-- Respuesta cruda: $CFG,ACK,LOGREAD,172,2026-07-24 01:52:46,HEARTBEAT_RECEIVED,0,0
*** Trama sin '*CRC' reconocible. ***

=== Registro 173 (174/4081) ===

<-- Respuesta cruda: $CFG,ACK,LOGREAD,173,2026-07-24 01:52:53,SEND_OK,0,0
*** Trama sin '*CRC' reconocible. ***

=== Registro 174 (175/4081) ===

<-- Respuesta cruda: $CFG,ACK,LOGREAD,174,2026-07-24 01:52:53,SERVER_ACK,48,0
*** Trama sin '*CRC' reconocible. ***

=== Registro 175 (176/4081) ===

<-- Respuesta cruda: $CFG,ACK,LOGREAD,175,2026-07-24 01:53:50,HEARTBEAT_RECEIVED,0,0
*** Trama sin '*CRC' reconocible. ***

=== Registro 176 (177/4081) ===

<-- Respuesta cruda: $CFG,ACK,LOGREAD,176,2026-07-24 01:53:53,SEND_OK,0,0
*** Trama sin '*CRC' reconocible. ***

=== Registro 177 (178/4081) ===

<-- Respuesta cruda: $CFG,BAD_CRC,LOGREAD,177,2026-07-156 126:255:255,UNKNOWN,4294967295,4294967295
*** Trama sin '*CRC' reconocible. ***

=== Registro 178 (179/4081) ===

<-- Respuesta cruda: $CFG,ACK,LOGREAD,178,2026-07-24 01:54:53,HEARTBEAT_RECEIVED,0,0
*** Trama sin '*CRC' reconocible. ***

=== Registro 179 (180/4081) ===

<-- Respuesta cruda: $CFG,ACK,LOGREAD,179,2026-07-24 01:54:53,SEND_OK,0,0
*** Trama sin '*CRC' reconocible. ***

=== Registro 180 (181/4081) ===

<-- Respuesta cruda: $CFG,ACK,LOGREAD,180,2026-07-24 01:54:53,SERVER_ACK,48,0
*** Trama sin '*CRC' reconocible. ***

=== Registro 181 (182/4081) ===

<-- Respuesta cruda: $CFG,ACK,LOGREAD,181,2026-07-24 01:55:53,SEND_OK,0,0
*** Trama sin '*CRC' reconocible. ***

=== Registro 182 (183/4081) ===

<-- Respuesta cruda: $CFG,ACK,LOGREAD,182,2026-07-24 01:55:54,SERVER_ACK,48,0
*** Trama sin '*CRC' reconocible. ***

=== Registro 183 (184/4081) ===

<-- Respuesta cruda: $CFG,BAD_CRC,LOGREAD,183,2026-07-24 01:55:56,HEARTBEAT_RECEIVED,0,0
*** Trama sin '*CRC' reconocible. ***

=== Registro 184 (185/4081) ===

<-- Respuesta cruda: $CFG,BAD_CRC,LOGREAD,184,0000-00-57 47:56:53,SEND_OK,0,0
*** Trama sin '*CRC' reconocible. ***

=== Registro 185 (186/4081) ===

<-- Respuesta cruda: $CFG,ACK,LOGREAD,185,2026-07-24 01:56:54,SERVER_ACK,48,0
*** Trama sin '*CRC' reconocible. ***

=== Registro 186 (187/4081) ===

<-- Respuesta cruda: $CFG,ACK,LOGREAD,186,2026-07-24 01:56:59,CID_RECEIVED,0,0
*** Trama sin '*CRC' reconocible. ***

=== Registro 187 (188/4081) ===

<-- Respuesta cruda: $CFG,ACK,LOGREAD,187,2026-07-24 01:56:59,SEND_OK,0,0
*** Trama sin '*CRC' reconocible. ***

=== Registro 188 (189/4081) ===

<-- Respuesta cruda: $CFG,ACK,LOGREAD,188,2026-07-24 01:56:59,SERVER_ACK,48,0
*** Trama sin '*CRC' reconocible. ***

=== Registro 189 (190/4081) ===

<-- Respuesta cruda: $CFG,ACK,LOGREAD,189,2026-07-24 01:56:59,SERVER_ACK,0,0
*** Trama sin '*CRC' reconocible. ***

=== Registro 190 (191/4081) ===

<-- Respuesta cruda: $CFG,BAD_CRC,LOGREAD,190,2026-07-24 01:57:00,CID_RECEIVED,905969664,0
*** Trama sin '*CRC' reconocible. ***

=== Registro 191 (192/4081) ===

<-- Respuesta cruda: $CFG,BAD_CRC,LOGREAD,191,0000-00-107 236:57:00,SEND_OK,0,0
*** Trama sin '*CRC' reconocible. ***

=== Registro 192 (193/4081) ===

<-- Respuesta cruda: $CFG,ACK,LOGREAD,192,2026-07-24 01:57:00,SERVER_ACK,48,0
*** Trama sin '*CRC' reconocible. ***

=== Registro 193 (194/4081) ===

<-- Respuesta cruda: $CFG,ACK,LOGREAD,193,2026-07-24 01:57:01,SERVER_ACK,0,0
*** Trama sin '*CRC' reconocible. ***

=== Registro 194 (195/4081) ===

<-- Respuesta cruda: $CFG,ACK,LOGREAD,194,2026-07-24 01:58:01,SEND_OK,0,0
*** Trama sin '*CRC' reconocible. ***

=== Registro 195 (196/4081) ===

<-- Respuesta cruda: $CFG,ACK,LOGREAD,195,2026-07-24 01:58:01,SERVER_ACK,48,0
*** Trama sin '*CRC' reconocible. ***

=== Registro 196 (197/4081) ===

<-- Respuesta cruda: $CFG,ACK,LOGREAD,196,2026-07-24 01:58:04,HEARTBEAT_RECEIVED,0,0
*** Trama sin '*CRC' reconocible. ***

=== Registro 197 (198/4081) ===

<-- Respuesta cruda: $CFG,BAD_CRC,LOGREAD,197,2026-07-24 01:59:01,SIM_PIN_REQUIRED,906035458,0
*** Trama sin '*CRC' reconocible. ***

=== Registro 198 (199/4081) ===

<-- Respuesta cruda: $CFG,BAD_CRC,LOGREAD,198,0000-00-124 103:59:01,SERVER_ACK,48,0
*** Trama sin '*CRC' reconocible. ***

=== Registro 199 (200/4081) ===

<-- Respuesta cruda: $CFG,ACK,LOGREAD,199,2026-07-24 01:59:07,HEARTBEAT_RECEIVED,0,0
*** Trama sin '*CRC' reconocible. ***

=== Registro 200 (201/4081) ===

<-- Respuesta cruda: $CFG,ACK,LOGREAD,200,2026-07-24 02:00:00,CID_RECEIVED,0,0
*** Trama sin '*CRC' reconocible. ***

=== Registro 201 (202/4081) ===

<-- Respuesta cruda: $CFG,ACK,LOGREAD,201,2026-07-24 02:00:00,SEND_OK,0,0
*** Trama sin '*CRC' reconocible. ***

=== Registro 202 (203/4081) ===

<-- Respuesta cruda: $CFG,ACK,LOGREAD,202,2026-07-24 02:00:01,SERVER_ACK,48,0
*** Trama sin '*CRC' reconocible. ***

=== Registro 203 (204/4081) ===

<-- Respuesta cruda: $CFG,ACK,LOGREAD,203,2026-07-24 02:00:01,SERVER_ACK,0,0
*** Trama sin '*CRC' reconocible. ***

=== Registro 204 (205/4081) ===

<-- Respuesta cruda: $CFG,BAD_CRC,LOGREAD,204,2026-00-150 97:255:255,UNKNOWN,4294967295,4294967295
*** Trama sin '*CRC' reconocible. ***

=== Registro 205 (206/4081) ===

<-- Respuesta cruda: $CFG,ACK,LOGREAD,205,2026-07-24 02:01:01,SERVER_ACK,48,0
*** Trama sin '*CRC' reconocible. ***

=== Registro 206 (207/4081) ===

<-- Respuesta cruda: $CFG,ACK,LOGREAD,206,2026-07-24 02:01:04,HEARTBEAT_RECEIVED,0,0
*** Trama sin '*CRC' reconocible. ***

=== Registro 207 (208/4081) ===

<-- Respuesta cruda: $CFG,ACK,LOGREAD,207,2026-07-24 02:02:01,SEND_OK,0,0
*** Trama sin '*CRC' reconocible. ***

=== Registro 208 (209/4081) ===

<-- Respuesta cruda: $CFG,ACK,LOGREAD,208,2026-07-24 02:02:01,SERVER_ACK,48,0
*** Trama sin '*CRC' reconocible. ***

=== Registro 209 (210/4081) ===

<-- Respuesta cruda: $CFG,ACK,LOGREAD,209,2026-07-24 02:02:07,HEARTBEAT_RECEIVED,0,0
*** Trama sin '*CRC' reconocible. ***

=== Registro 210 (211/4081) ===

<-- Respuesta cruda: $CFG,BAD_CRC,LOGREAD,210,2026-07-24 02:03:01,SEND_OK,0,0
*** Trama sin '*CRC' reconocible. ***

=== Registro 211 (212/4081) ===

<-- Respuesta cruda: $CFG,BAD_CRC,LOGREAD,211,0000-00-15 139:03:02,SERVER_ACK,48,0
*** Trama sin '*CRC' reconocible. ***

=== Registro 212 (213/4081) ===

<-- Respuesta cruda: $CFG,ACK,LOGREAD,212,2026-07-24 02:03:10,HEARTBEAT_RECEIVED,0,0
*** Trama sin '*CRC' reconocible. ***

=== Registro 213 (214/4081) ===

<-- Respuesta cruda: $CFG,ACK,LOGREAD,213,2026-07-24 02:04:02,SEND_OK,0,0
*** Trama sin '*CRC' reconocible. ***

=== Registro 214 (215/4081) ===

<-- Respuesta cruda: $CFG,ACK,LOGREAD,214,2026-07-24 02:04:02,SERVER_ACK,48,0
*** Trama sin '*CRC' reconocible. ***

=== Registro 215 (216/4081) ===

<-- Respuesta cruda: $CFG,ACK,LOGREAD,215,2026-07-24 02:04:13,HEARTBEAT_RECEIVED,0,0
*** Trama sin '*CRC' reconocible. ***

=== Registro 216 (217/4081) ===

<-- Respuesta cruda: $CFG,ACK,LOGREAD,216,2026-07-24 02:05:02,SEND_OK,0,0
*** Trama sin '*CRC' reconocible. ***

=== Registro 217 (218/4081) ===

<-- Respuesta cruda: $CFG,BAD_CRC,LOGREAD,217,2026-07-24 02:05:02,SERVER_ACK,1142292528,0
*** Trama sin '*CRC' reconocible. ***

=== Registro 218 (219/4081) ===

<-- Respuesta cruda: $CFG,BAD_CRC,LOGREAD,218,0000-00-201 17:05:16,HEARTBEAT_RECEIVED,0,0
*** Trama sin '*CRC' reconocible. ***

=== Registro 219 (220/4081) ===

<-- Respuesta cruda: $CFG,ACK,LOGREAD,219,2026-07-24 02:06:02,SEND_OK,0,0
*** Trama sin '*CRC' reconocible. ***

=== Registro 220 (221/4081) ===

<-- Respuesta cruda: $CFG,ACK,LOGREAD,220,2026-07-24 02:06:02,SERVER_ACK,48,0
*** Trama sin '*CRC' reconocible. ***

=== Registro 221 (222/4081) ===

<-- Respuesta cruda: $CFG,ACK,LOGREAD,221,2026-07-24 02:06:19,HEARTBEAT_RECEIVED,0,0
*** Trama sin '*CRC' reconocible. ***

=== Registro 222 (223/4081) ===

<-- Respuesta cruda: $CFG,ACK,LOGREAD,222,2026-07-24 02:07:02,SEND_OK,0,0
*** Trama sin '*CRC' reconocible. ***

=== Registro 223 (224/4081) ===

<-- Respuesta cruda: $CFG,ACK,LOGREAD,223,2026-07-24 02:07:02,SERVER_ACK,48,0
*** Trama sin '*CRC' reconocible. ***

=== Registro 224 (225/4081) ===

<-- Respuesta cruda: $CFG,BAD_CRC,LOGREAD,224,2026-07-24 02:07:07,SIM_PIN_REQUIRED,906168834,0
*** Trama sin '*CRC' reconocible. ***

=== Registro 225 (226/4081) ===

<-- Respuesta cruda: $CFG,BAD_CRC,LOGREAD,225,0000-00-248 217:08:02,SEND_OK,0,0
*** Trama sin '*CRC' reconocible. ***

=== Registro 226 (227/4081) ===

<-- Respuesta cruda: $CFG,ACK,LOGREAD,226,2026-07-24 02:08:03,SERVER_ACK,48,0
*** Trama sin '*CRC' reconocible. ***

=== Registro 227 (228/4081) ===

<-- Respuesta cruda: $CFG,ACK,LOGREAD,227,2026-07-24 02:08:25,HEARTBEAT_RECEIVED,0,0
*** Trama sin '*CRC' reconocible. ***

=== Registro 228 (229/4081) ===

<-- Respuesta cruda: $CFG,ACK,LOGREAD,228,2026-07-24 02:09:03,SEND_OK,0,0
*** Trama sin '*CRC' reconocible. ***

=== Registro 229 (230/4081) ===

<-- Respuesta cruda: $CFG,ACK,LOGREAD,229,2026-07-24 02:09:03,SERVER_ACK,48,0
*** Trama sin '*CRC' reconocible. ***

=== Registro 230 (231/4081) ===

<-- Respuesta cruda: $CFG,ACK,LOGREAD,230,2026-07-24 02:09:28,HEARTBEAT_RECEIVED,0,0
*** Trama sin '*CRC' reconocible. ***

=== Registro 231 (232/4081) ===

<-- Respuesta cruda: $CFG,BAD_CRC,LOGREAD,231,0234-00-143 10:255:255,UNKNOWN,4294967295,4294967295
*** Trama sin '*CRC' reconocible. ***

=== Registro 232 (233/4081) ===

<-- Respuesta cruda: $CFG,ACK,LOGREAD,232,2026-07-24 02:10:03,SERVER_ACK,48,0
*** Trama sin '*CRC' reconocible. ***

=== Registro 233 (234/4081) ===

<-- Respuesta cruda: $CFG,ACK,LOGREAD,233,2026-07-24 02:10:31,HEARTBEAT_RECEIVED,0,0
*** Trama sin '*CRC' reconocible. ***

=== Registro 234 (235/4081) ===

<-- Respuesta cruda: $CFG,ACK,LOGREAD,234,2026-07-24 02:11:03,SEND_OK,0,0
*** Trama sin '*CRC' reconocible. ***

=== Registro 235 (236/4081) ===

<-- Respuesta cruda: $CFG,ACK,LOGREAD,235,2026-07-24 02:11:03,SERVER_ACK,48,0
*** Trama sin '*CRC' reconocible. ***

=== Registro 236 (237/4081) ===

<-- Respuesta cruda: $CFG,ACK,LOGREAD,236,2026-07-24 02:11:34,HEARTBEAT_RECEIVED,0,0
*** Trama sin '*CRC' reconocible. ***

=== Registro 237 (238/4081) ===

<-- Respuesta cruda: $CFG,BAD_CRC,LOGREAD,237,2026-07-24 02:12:02,SEND_OK,0,0
*** Trama sin '*CRC' reconocible. ***

=== Registro 238 (239/4081) ===

<-- Respuesta cruda: $CFG,BAD_CRC,LOGREAD,238,0000-00-113 77:12:03,SERVER_ACK,48,0
*** Trama sin '*CRC' reconocible. ***

=== Registro 239 (240/4081) ===

<-- Respuesta cruda: $CFG,ACK,LOGREAD,239,2026-07-24 02:12:36,HEARTBEAT_RECEIVED,0,0
*** Trama sin '*CRC' reconocible. ***

=== Registro 240 (241/4081) ===

<-- Respuesta cruda: $CFG,ACK,LOGREAD,240,2026-07-24 02:13:03,SEND_OK,0,0
*** Trama sin '*CRC' reconocible. ***

=== Registro 241 (242/4081) ===

<-- Respuesta cruda: $CFG,ACK,LOGREAD,241,2026-07-24 02:13:05,SERVER_ACK,48,0
*** Trama sin '*CRC' reconocible. ***

=== Registro 242 (243/4081) ===

<-- Respuesta cruda: $CFG,ACK,LOGREAD,242,2026-07-24 02:13:39,HEARTBEAT_RECEIVED,0,0
*** Trama sin '*CRC' reconocible. ***

=== Registro 243 (244/4081) ===

<-- Respuesta cruda: $CFG,ACK,LOGREAD,243,2026-07-24 02:14:03,SEND_OK,0,0
*** Trama sin '*CRC' reconocible. ***

=== Registro 244 (245/4081) ===

<-- Respuesta cruda: $CFG,BAD_CRC,LOGREAD,244,2026-07-24 02:14:03,SERVER_ACK,1144000560,0
*** Trama sin '*CRC' reconocible. ***

=== Registro 245 (246/4081) ===

<-- Respuesta cruda: $CFG,BAD_CRC,LOGREAD,245,0000-00-92 117:14:42,HEARTBEAT_RECEIVED,0,0
*** Trama sin '*CRC' reconocible. ***

=== Registro 246 (247/4081) ===

<-- Respuesta cruda: $CFG,ACK,LOGREAD,246,2026-07-24 02:15:03,SEND_OK,0,0
*** Trama sin '*CRC' reconocible. ***

=== Registro 247 (248/4081) ===

<-- Respuesta cruda: $CFG,ACK,LOGREAD,247,2026-07-24 02:15:03,SERVER_ACK,48,0
*** Trama sin '*CRC' reconocible. ***

=== Registro 248 (249/4081) ===

<-- Respuesta cruda: $CFG,ACK,LOGREAD,248,2026-07-24 02:15:45,HEARTBEAT_RECEIVED,0,0
*** Trama sin '*CRC' reconocible. ***

=== Registro 249 (250/4081) ===

<-- Respuesta cruda: $CFG,ACK,LOGREAD,249,2026-07-24 02:16:03,SEND_OK,0,0
*** Trama sin '*CRC' reconocible. ***

=== Registro 250 (251/4081) ===

<-- Respuesta cruda: $CFG,ACK,LOGREAD,250,2026-07-24 02:16:04,SERVER_ACK,48,0
*** Trama sin '*CRC' reconocible. ***

=== Registro 251 (252/4081) ===

<-- Respuesta cruda: $CFG,BAD_CRC,LOGREAD,251,2026-07-24 02:255:255,UNKNOWN,4294967295,4294967295
*** Trama sin '*CRC' reconocible. ***

=== Registro 252 (253/4081) ===

<-- Respuesta cruda: $CFG,ACK,LOGREAD,252,2026-07-24 02:17:04,SEND_OK,0,0
*** Trama sin '*CRC' reconocible. ***

=== Registro 253 (254/4081) ===

<-- Respuesta cruda: $CFG,ACK,LOGREAD,253,2026-07-24 02:17:04,SERVER_ACK,48,0
*** Trama sin '*CRC' reconocible. ***

=== Registro 254 (255/4081) ===

<-- Respuesta cruda: $CFG,ACK,LOGREAD,254,2026-07-24 02:17:51,HEARTBEAT_RECEIVED,0,0
*** Trama sin '*CRC' reconocible. ***

=== Registro 255 (256/4081) ===

<-- Respuesta cruda: $CFG,ACK,LOGREAD,255,2026-07-24 02:18:04,SEND_OK,0,0
*** Trama sin '*CRC' reconocible. ***

=== Registro 256 (257/4081) ===

<-- Respuesta cruda: $CFG,ACK,LOGREAD,256,2026-07-24 02:18:04,SERVER_ACK,48,0
*** Trama sin '*CRC' reconocible. ***

=== Registro 257 (258/4081) ===

<-- Respuesta cruda: $CFG,ACK,LOGREAD,257,2026-07-24 02:18:54,HEARTBEAT_RECEIVED,0,0
*** Trama sin '*CRC' reconocible. ***

=== Registro 258 (259/4081) ===

<-- Respuesta cruda: $CFG,BAD_CRC,LOGREAD,258,0000-00-246 212:19:04,SEND_OK,0,0
*** Trama sin '*CRC' reconocible. ***

=== Registro 259 (260/4081) ===

<-- Respuesta cruda: $CFG,ACK,LOGREAD,259,2026-07-24 02:19:04,SERVER_ACK,48,0
*** Trama sin '*CRC' reconocible. ***

=== Registro 260 (261/4081) ===

<-- Respuesta cruda: $CFG,ACK,LOGREAD,260,2026-07-24 02:19:57,HEARTBEAT_RECEIVED,0,0
*** Trama sin '*CRC' reconocible. ***

=== Registro 261 (262/4081) ===

<-- Respuesta cruda: $CFG,ACK,LOGREAD,261,2026-07-24 02:20:04,SEND_OK,0,0
*** Trama sin '*CRC' reconocible. ***

=== Registro 262 (263/4081) ===

<-- Respuesta cruda: $CFG,ACK,LOGREAD,262,2026-07-24 02:20:05,SERVER_ACK,48,0
*** Trama sin '*CRC' reconocible. ***

=== Registro 263 (264/4081) ===

<-- Respuesta cruda: $CFG,ACK,LOGREAD,263,2026-07-24 02:21:00,HEARTBEAT_RECEIVED,0,0
*** Trama sin '*CRC' reconocible. ***

=== Registro 264 (265/4081) ===

<-- Respuesta cruda: $CFG,BAD_CRC,LOGREAD,264,2026-07-24 02:21:04,SEND_OK,0,0
*** Trama sin '*CRC' reconocible. ***

=== Registro 265 (266/4081) ===

<-- Respuesta cruda: $CFG,BAD_CRC,LOGREAD,265,0000-00-164 115:21:05,SERVER_ACK,48,0
*** Trama sin '*CRC' reconocible. ***

=== Registro 266 (267/4081) ===

<-- Respuesta cruda: $CFG,ACK,LOGREAD,266,2026-07-24 02:22:03,HEARTBEAT_RECEIVED,0,0
*** Trama sin '*CRC' reconocible. ***

=== Registro 267 (268/4081) ===

<-- Respuesta cruda: $CFG,ACK,LOGREAD,267,2026-07-24 02:22:05,SEND_OK,0,0
*** Trama sin '*CRC' reconocible. ***

=== Registro 268 (269/4081) ===

<-- Respuesta cruda: $CFG,ACK,LOGREAD,268,2026-07-24 02:22:05,SERVER_ACK,48,0
*** Trama sin '*CRC' reconocible. ***

=== Registro 269 (270/4081) ===

<-- Respuesta cruda: $CFG,ACK,LOGREAD,269,2026-07-24 02:23:05,SEND_OK,0,0
*** Trama sin '*CRC' reconocible. ***

=== Registro 270 (271/4081) ===

<-- Respuesta cruda: $CFG,ACK,LOGREAD,270,2026-07-24 02:23:05,SERVER_ACK,48,0
*** Trama sin '*CRC' reconocible. ***

=== Registro 271 (272/4081) ===

<-- Respuesta cruda: $CFG,BAD_CRC,LOGREAD,271,2026-07-24 02:23:06,HEARTBEAT_RECEIVED,906304002,0
*** Trama sin '*CRC' reconocible. ***

=== Registro 272 (273/4081) ===

<-- Respuesta cruda: $CFG,BAD_CRC,LOGREAD,272,0000-00-92 31:24:05,SEND_OK,0,0
*** Trama sin '*CRC' reconocible. ***

=== Registro 273 (274/4081) ===

<-- Respuesta cruda: $CFG,ACK,LOGREAD,273,2026-07-24 02:24:05,SERVER_ACK,48,0
*** Trama sin '*CRC' reconocible. ***

=== Registro 274 (275/4081) ===

<-- Respuesta cruda: $CFG,ACK,LOGREAD,274,2026-07-24 02:24:09,HEARTBEAT_RECEIVED,0,0
*** Trama sin '*CRC' reconocible. ***

=== Registro 275 (276/4081) ===

<-- Respuesta cruda: $CFG,ACK,LOGREAD,275,2026-07-24 02:25:05,SEND_OK,0,0
*** Trama sin '*CRC' reconocible. ***

=== Registro 276 (277/4081) ===

<-- Respuesta cruda: $CFG,ACK,LOGREAD,276,2026-07-24 02:25:06,SERVER_ACK,48,0
*** Trama sin '*CRC' reconocible. ***

=== Registro 277 (278/4081) ===

<-- Respuesta cruda: $CFG,ACK,LOGREAD,277,2026-07-24 02:25:12,HEARTBEAT_RECEIVED,0,0
*** Trama sin '*CRC' reconocible. ***

=== Registro 278 (279/4081) ===

<-- Respuesta cruda: $CFG,BAD_CRC,LOGREAD,278,2026-07-24 108:255:255,UNKNOWN,4294967295,4294967295
*** Trama sin '*CRC' reconocible. ***

=== Registro 279 (280/4081) ===

<-- Respuesta cruda: $CFG,ACK,LOGREAD,279,2026-07-24 02:26:06,SERVER_ACK,48,0
*** Trama sin '*CRC' reconocible. ***

=== Registro 280 (281/4081) ===

<-- Respuesta cruda: $CFG,ACK,LOGREAD,280,2026-07-24 02:26:15,HEARTBEAT_RECEIVED,0,0
*** Trama sin '*CRC' reconocible. ***

=== Registro 281 (282/4081) ===

<-- Respuesta cruda: $CFG,ACK,LOGREAD,281,2026-07-24 02:27:06,SEND_OK,0,0
*** Trama sin '*CRC' reconocible. ***

=== Registro 282 (283/4081) ===

<-- Respuesta cruda: $CFG,ACK,LOGREAD,282,2026-07-24 02:27:06,SERVER_ACK,48,0
*** Trama sin '*CRC' reconocible. ***

=== Registro 283 (284/4081) ===

<-- Respuesta cruda: $CFG,ACK,LOGREAD,283,2026-07-24 02:27:18,HEARTBEAT_RECEIVED,0,0
*** Trama sin '*CRC' reconocible. ***

=== Registro 284 (285/4081) ===

<-- Respuesta cruda: $CFG,BAD_CRC,LOGREAD,284,2026-07-24 02:28:06,SEND_OK,0,0
*** Trama sin '*CRC' reconocible. ***

=== Registro 285 (286/4081) ===

<-- Respuesta cruda: $CFG,BAD_CRC,LOGREAD,285,0000-00-102 43:28:06,SERVER_ACK,48,0
*** Trama sin '*CRC' reconocible. ***

=== Registro 286 (287/4081) ===

<-- Respuesta cruda: $CFG,ACK,LOGREAD,286,2026-07-24 02:28:21,HEARTBEAT_RECEIVED,0,0
*** Trama sin '*CRC' reconocible. ***

=== Registro 287 (288/4081) ===

<-- Respuesta cruda: $CFG,ACK,LOGREAD,287,2026-07-24 02:29:06,SEND_OK,0,0
*** Trama sin '*CRC' reconocible. ***

=== Registro 288 (289/4081) ===

<-- Respuesta cruda: $CFG,ACK,LOGREAD,288,2026-07-24 02:29:06,SERVER_ACK,48,0
*** Trama sin '*CRC' reconocible. ***

=== Registro 289 (290/4081) ===

<-- Respuesta cruda: $CFG,ACK,LOGREAD,289,2026-07-24 02:29:24,HEARTBEAT_RECEIVED,0,0
*** Trama sin '*CRC' reconocible. ***

=== Registro 290 (291/4081) ===

<-- Respuesta cruda: $CFG,ACK,LOGREAD,290,2026-07-24 02:30:06,SEND_OK,0,0
*** Trama sin '*CRC' reconocible. ***

=== Registro 291 (292/4081) ===

<-- Respuesta cruda: $CFG,BAD_CRC,LOGREAD,291,2026-07-24 02:30:07,SERVER_ACK,48,0
*** Trama sin '*CRC' reconocible. ***

=== Registro 292 (293/4081) ===

<-- Respuesta cruda: $CFG,BAD_CRC,LOGREAD,292,0000-00-216 161:30:27,HEARTBEAT_RECEIVED,0,0
*** Trama sin '*CRC' reconocible. ***

=== Registro 293 (294/4081) ===

<-- Respuesta cruda: $CFG,ACK,LOGREAD,293,2026-07-24 02:31:07,SEND_OK,0,0
*** Trama sin '*CRC' reconocible. ***

=== Registro 294 (295/4081) ===

<-- Respuesta cruda: $CFG,ACK,LOGREAD,294,2026-07-24 02:31:07,SERVER_ACK,48,0
*** Trama sin '*CRC' reconocible. ***

=== Registro 295 (296/4081) ===

<-- Respuesta cruda: $CFG,ACK,LOGREAD,295,2026-07-24 02:31:30,HEARTBEAT_RECEIVED,0,0
*** Trama sin '*CRC' reconocible. ***

=== Registro 296 (297/4081) ===

<-- Respuesta cruda: $CFG,ACK,LOGREAD,296,2026-07-24 02:32:07,SEND_OK,0,0
*** Trama sin '*CRC' reconocible. ***

=== Registro 297 (298/4081) ===

<-- Respuesta cruda: $CFG,ACK,LOGREAD,297,2026-07-24 02:32:07,SERVER_ACK,48,0
*** Trama sin '*CRC' reconocible. ***

=== Registro 298 (299/4081) ===

<-- Respuesta cruda: $CFG,BAD_CRC,LOGREAD,298,2026-07-24 02:32:33,HEARTBEAT_RECEIVED,906437378,0
*** Trama sin '*CRC' reconocible. ***

=== Registro 299 (300/4081) ===

<-- Respuesta cruda: $CFG,BAD_CRC,LOGREAD,299,0000-00-194 254:33:07,SEND_OK,0,0
*** Trama sin '*CRC' reconocible. ***

=== Registro 300 (301/4081) ===

<-- Respuesta cruda: $CFG,ACK,LOGREAD,300,2026-07-24 02:33:07,SERVER_ACK,48,0
*** Trama sin '*CRC' reconocible. ***

=== Registro 301 (302/4081) ===

<-- Respuesta cruda: $CFG,ACK,LOGREAD,301,2026-07-24 02:33:36,HEARTBEAT_RECEIVED,0,0
*** Trama sin '*CRC' reconocible. ***

=== Registro 302 (303/4081) ===

<-- Respuesta cruda: $CFG,ACK,LOGREAD,302,2026-07-24 02:34:07,SEND_OK,0,0
*** Trama sin '*CRC' reconocible. ***

=== Registro 303 (304/4081) ===

<-- Respuesta cruda: $CFG,ACK,LOGREAD,303,2026-07-24 02:34:07,SERVER_ACK,48,0
*** Trama sin '*CRC' reconocible. ***

=== Registro 304 (305/4081) ===

<-- Respuesta cruda: $CFG,ACK,LOGREAD,304,2026-07-24 02:34:39,HEARTBEAT_RECEIVED,0,0
*** Trama sin '*CRC' reconocible. ***

=== Registro 305 (306/4081) ===

<-- Respuesta cruda: $CFG,BAD_CRC,LOGREAD,305,2026-07-207 126:255:255,UNKNOWN,4294967295,4294967295
*** Trama sin '*CRC' reconocible. ***

=== Registro 306 (307/4081) ===

<-- Respuesta cruda: $CFG,ACK,LOGREAD,306,2026-07-24 02:35:08,SERVER_ACK,48,0
*** Trama sin '*CRC' reconocible. ***

=== Registro 307 (308/4081) ===

<-- Respuesta cruda: $CFG,ACK,LOGREAD,307,2026-07-24 02:35:42,HEARTBEAT_RECEIVED,0,0
*** Trama sin '*CRC' reconocible. ***

=== Registro 308 (309/4081) ===

<-- Respuesta cruda: $CFG,ACK,LOGREAD,308,2026-07-24 02:36:08,SEND_OK,0,0
*** Trama sin '*CRC' reconocible. ***

=== Registro 309 (310/4081) ===

<-- Respuesta cruda: $CFG,ACK,LOGREAD,309,2026-07-24 02:36:08,SERVER_ACK,48,0
*** Trama sin '*CRC' reconocible. ***

=== Registro 310 (311/4081) ===

<-- Respuesta cruda: $CFG,ACK,LOGREAD,310,2026-07-24 02:36:45,HEARTBEAT_RECEIVED,0,0
*** Trama sin '*CRC' reconocible. ***

=== Registro 311 (312/4081) ===

<-- Respuesta cruda: $CFG,BAD_CRC,LOGREAD,311,2026-07-24 02:37:08,SEND_OK,0,0
*** Trama sin '*CRC' reconocible. ***

=== Registro 312 (313/4081) ===

<-- Respuesta cruda: $CFG,BAD_CRC,LOGREAD,312,0000-00-49 57:37:08,SERVER_ACK,48,0
*** Trama sin '*CRC' reconocible. ***

=== Registro 313 (314/4081) ===

<-- Respuesta cruda: $CFG,ACK,LOGREAD,313,2026-07-24 02:37:48,HEARTBEAT_RECEIVED,0,0
*** Trama sin '*CRC' reconocible. ***

=== Registro 314 (315/4081) ===

<-- Respuesta cruda: $CFG,ACK,LOGREAD,314,2026-07-24 02:38:08,SEND_OK,0,0
*** Trama sin '*CRC' reconocible. ***

=== Registro 315 (316/4081) ===

<-- Respuesta cruda: $CFG,ACK,LOGREAD,315,2026-07-24 02:38:08,SERVER_ACK,48,0
*** Trama sin '*CRC' reconocible. ***

=== Registro 316 (317/4081) ===

<-- Respuesta cruda: $CFG,ACK,LOGREAD,316,2026-07-24 02:38:51,HEARTBEAT_RECEIVED,0,0
*** Trama sin '*CRC' reconocible. ***

=== Registro 317 (318/4081) ===

<-- Respuesta cruda: $CFG,ACK,LOGREAD,317,2026-07-24 02:39:08,SEND_OK,0,0
*** Trama sin '*CRC' reconocible. ***

=== Registro 318 (319/4081) ===

<-- Respuesta cruda: $CFG,BAD_CRC,LOGREAD,318,2026-07-24 02:39:09,SERVER_ACK,1140850736,0
*** Trama sin '*CRC' reconocible. ***

=== Registro 319 (320/4081) ===

<-- Respuesta cruda: $CFG,BAD_CRC,LOGREAD,319,0000-00-169 206:39:54,HEARTBEAT_RECEIVED,0,0
*** Trama sin '*CRC' reconocible. ***

=== Registro 320 (321/4081) ===

<-- Respuesta cruda: $CFG,ACK,LOGREAD,320,2026-07-24 02:40:08,SEND_OK,0,0
*** Trama sin '*CRC' reconocible. ***

=== Registro 321 (322/4081) ===

<-- Respuesta cruda: $CFG,ACK,LOGREAD,321,2026-07-24 02:40:09,SERVER_ACK,48,0
*** Trama sin '*CRC' reconocible. ***

=== Registro 322 (323/4081) ===

<-- Respuesta cruda: $CFG,ACK,LOGREAD,322,2026-07-24 02:40:57,HEARTBEAT_RECEIVED,0,0
*** Trama sin '*CRC' reconocible. ***

=== Registro 323 (324/4081) ===

<-- Respuesta cruda: $CFG,ACK,LOGREAD,323,2026-07-24 02:41:09,SEND_OK,0,0
*** Trama sin '*CRC' reconocible. ***

=== Registro 324 (325/4081) ===

<-- Respuesta cruda: $CFG,ACK,LOGREAD,324,2026-07-24 02:41:09,SERVER_ACK,48,0
*** Trama sin '*CRC' reconocible. ***

=== Registro 325 (326/4081) ===

<-- Respuesta cruda: $CFG,BAD_CRC,LOGREAD,325,2026-07-24 02:42:00,SIM_PIN_REQUIRED,906570754,0
*** Trama sin '*CRC' reconocible. ***

=== Registro 326 (327/4081) ===

<-- Respuesta cruda: $CFG,BAD_CRC,LOGREAD,326,0000-00-91 190:42:09,SEND_OK,0,0
*** Trama sin '*CRC' reconocible. ***

=== Registro 327 (328/4081) ===

<-- Respuesta cruda: $CFG,ACK,LOGREAD,327,2026-07-24 02:42:09,SERVER_ACK,48,0
*** Trama sin '*CRC' reconocible. ***

=== Registro 328 (329/4081) ===

<-- Respuesta cruda: $CFG,ACK,LOGREAD,328,2026-07-24 02:43:03,HEARTBEAT_RECEIVED,0,0
*** Trama sin '*CRC' reconocible. ***

=== Registro 329 (330/4081) ===

<-- Respuesta cruda: $CFG,ACK,LOGREAD,329,2026-07-24 02:43:09,SEND_OK,0,0
*** Trama sin '*CRC' reconocible. ***

=== Registro 330 (331/4081) ===

<-- Respuesta cruda: $CFG,ACK,LOGREAD,330,2026-07-24 02:43:09,SERVER_ACK,48,0
*** Trama sin '*CRC' reconocible. ***

=== Registro 331 (332/4081) ===

<-- Respuesta cruda: $CFG,ACK,LOGREAD,331,2026-07-24 02:44:06,HEARTBEAT_RECEIVED,0,0
*** Trama sin '*CRC' reconocible. ***

=== Registro 332 (333/4081) ===

<-- Respuesta cruda: $CFG,BAD_CRC,LOGREAD,332,2026-00-22 89:255:255,UNKNOWN,4294967295,4294967295
*** Trama sin '*CRC' reconocible. ***

=== Registro 333 (334/4081) ===

<-- Respuesta cruda: $CFG,ACK,LOGREAD,333,2026-07-24 02:44:10,SERVER_ACK,48,0
*** Trama sin '*CRC' reconocible. ***

=== Registro 334 (335/4081) ===

<-- Respuesta cruda: $CFG,ACK,LOGREAD,334,2026-07-24 02:45:09,HEARTBEAT_RECEIVED,0,0
*** Trama sin '*CRC' reconocible. ***

=== Registro 335 (336/4081) ===

<-- Respuesta cruda: $CFG,ACK,LOGREAD,335,2026-07-24 02:45:10,SEND_OK,0,0
*** Trama sin '*CRC' reconocible. ***

=== Registro 336 (337/4081) ===

<-- Respuesta cruda: $CFG,ACK,LOGREAD,336,2026-07-24 02:45:10,SERVER_ACK,48,0
*** Trama sin '*CRC' reconocible. ***

=== Registro 337 (338/4081) ===

<-- Respuesta cruda: $CFG,ACK,LOGREAD,337,2026-07-24 02:46:10,SEND_OK,0,0
*** Trama sin '*CRC' reconocible. ***

=== Registro 338 (339/4081) ===

<-- Respuesta cruda: $CFG,BAD_CRC,LOGREAD,338,2026-07-24 02:46:10,SERVER_ACK,48,0
*** Trama sin '*CRC' reconocible. ***

=== Registro 339 (340/4081) ===

<-- Respuesta cruda: $CFG,BAD_CRC,LOGREAD,339,0000-00-53 17:46:12,HEARTBEAT_RECEIVED,0,0
*** Trama sin '*CRC' reconocible. ***

=== Registro 340 (341/4081) ===

<-- Respuesta cruda: $CFG,ACK,LOGREAD,340,2026-07-24 02:47:10,SEND_OK,0,0
*** Trama sin '*CRC' reconocible. ***

=== Registro 341 (342/4081) ===

<-- Respuesta cruda: $CFG,ACK,LOGREAD,341,2026-07-24 02:47:10,SERVER_ACK,48,0
*** Trama sin '*CRC' reconocible. ***

=== Registro 342 (343/4081) ===

<-- Respuesta cruda: $CFG,ACK,LOGREAD,342,2026-07-24 02:47:15,HEARTBEAT_RECEIVED,0,0
*** Trama sin '*CRC' reconocible. ***

=== Registro 343 (344/4081) ===

<-- Respuesta cruda: $CFG,ACK,LOGREAD,343,2026-07-24 02:48:10,SEND_OK,0,0
*** Trama sin '*CRC' reconocible. ***

=== Registro 344 (345/4081) ===

<-- Respuesta cruda: $CFG,ACK,LOGREAD,344,2026-07-24 02:48:10,SERVER_ACK,48,0
*** Trama sin '*CRC' reconocible. ***

=== Registro 345 (346/4081) ===

<-- Respuesta cruda: $CFG,BAD_CRC,LOGREAD,345,2026-07-24 02:48:18,HEARTBEAT_RECEIVED,906690560,0
*** Trama sin '*CRC' reconocible. ***

=== Registro 346 (347/4081) ===

<-- Respuesta cruda: $CFG,BAD_CRC,LOGREAD,346,0000-00-91 58:49:10,SEND_OK,0,0
*** Trama sin '*CRC' reconocible. ***

=== Registro 347 (348/4081) ===

<-- Respuesta cruda: $CFG,ACK,LOGREAD,347,2026-07-24 02:49:11,SERVER_ACK,48,0
*** Trama sin '*CRC' reconocible. ***

=== Registro 348 (349/4081) ===

<-- Respuesta cruda: $CFG,ACK,LOGREAD,348,2026-07-24 02:49:21,HEARTBEAT_RECEIVED,0,0
*** Trama sin '*CRC' reconocible. ***

=== Registro 349 (350/4081) ===

<-- Respuesta cruda: $CFG,ACK,LOGREAD,349,2026-07-24 02:50:11,SEND_OK,0,0
*** Trama sin '*CRC' reconocible. ***

=== Registro 350 (351/4081) ===

<-- Respuesta cruda: $CFG,ACK,LOGREAD,350,2026-07-24 02:50:11,SERVER_ACK,48,0
*** Trama sin '*CRC' reconocible. ***

=== Registro 351 (352/4081) ===

<-- Respuesta cruda: $CFG,ACK,LOGREAD,351,2026-07-24 02:50:24,HEARTBEAT_RECEIVED,0,0
*** Trama sin '*CRC' reconocible. ***

=== Registro 352 (353/4081) ===

<-- Respuesta cruda: $CFG,BAD_CRC,LOGREAD,352,2026-07-24 02:51:07,SIM_PIN_REQUIRED,1175205122,12288
*** Trama sin '*CRC' reconocible. ***

=== Registro 353 (354/4081) ===

<-- Respuesta cruda: $CFG,BAD_CRC,LOGREAD,353,0000-00-133 129:51:11,SERVER_ACK,48,0
*** Trama sin '*CRC' reconocible. ***

=== Registro 354 (355/4081) ===

<-- Respuesta cruda: $CFG,ACK,LOGREAD,354,2026-07-24 02:51:27,HEARTBEAT_RECEIVED,0,0
*** Trama sin '*CRC' reconocible. ***

=== Registro 355 (356/4081) ===

<-- Respuesta cruda: $CFG,ACK,LOGREAD,355,2026-07-24 02:52:11,SEND_OK,0,0
*** Trama sin '*CRC' reconocible. ***

=== Registro 356 (357/4081) ===

<-- Respuesta cruda: $CFG,ACK,LOGREAD,356,2026-07-24 02:52:11,SERVER_ACK,48,0
*** Trama sin '*CRC' reconocible. ***

=== Registro 357 (358/4081) ===

<-- Respuesta cruda: $CFG,ACK,LOGREAD,357,2026-07-24 02:52:30,HEARTBEAT_RECEIVED,0,0
*** Trama sin '*CRC' reconocible. ***

=== Registro 358 (359/4081) ===

<-- Respuesta cruda: $CFG,ACK,LOGREAD,358,2026-07-24 02:53:11,SEND_OK,0,0
*** Trama sin '*CRC' reconocible. ***

=== Registro 359 (360/4081) ===

<-- Respuesta cruda: $CFG,BAD_CRC,LOGREAD,359,0234-00-111 135:255:255,UNKNOWN,4294967295,4294967295
*** Trama sin '*CRC' reconocible. ***

=== Registro 360 (361/4081) ===

<-- Respuesta cruda: $CFG,ACK,LOGREAD,360,2026-07-24 02:53:33,HEARTBEAT_RECEIVED,0,0
*** Trama sin '*CRC' reconocible. ***

=== Registro 361 (362/4081) ===

<-- Respuesta cruda: $CFG,ACK,LOGREAD,361,2026-07-24 02:54:11,SEND_OK,0,0
*** Trama sin '*CRC' reconocible. ***

=== Registro 362 (363/4081) ===

<-- Respuesta cruda: $CFG,ACK,LOGREAD,362,2026-07-24 02:54:12,SERVER_ACK,48,0
*** Trama sin '*CRC' reconocible. ***

=== Registro 363 (364/4081) ===

<-- Respuesta cruda: $CFG,ACK,LOGREAD,363,2026-07-24 02:54:36,HEARTBEAT_RECEIVED,0,0
*** Trama sin '*CRC' reconocible. ***

=== Registro 364 (365/4081) ===

<-- Respuesta cruda: $CFG,ACK,LOGREAD,364,2026-07-24 02:55:12,SEND_OK,0,0
*** Trama sin '*CRC' reconocible. ***

=== Registro 365 (366/4081) ===

<-- Respuesta cruda: $CFG,BAD_CRC,LOGREAD,365,2026-07-24 02:55:12,SERVER_ACK,48,0
*** Trama sin '*CRC' reconocible. ***

=== Registro 366 (367/4081) ===

<-- Respuesta cruda: $CFG,BAD_CRC,LOGREAD,366,0000-00-119 53:55:39,HEARTBEAT_RECEIVED,0,0
*** Trama sin '*CRC' reconocible. ***

=== Registro 367 (368/4081) ===

<-- Respuesta cruda: $CFG,ACK,LOGREAD,367,2026-07-24 02:56:12,SEND_OK,0,0
*** Trama sin '*CRC' reconocible. ***

=== Registro 368 (369/4081) ===

<-- Respuesta cruda: $CFG,ACK,LOGREAD,368,2026-07-24 02:56:12,SERVER_ACK,48,0
*** Trama sin '*CRC' reconocible. ***

=== Registro 369 (370/4081) ===

<-- Respuesta cruda: $CFG,ACK,LOGREAD,369,2026-07-24 02:56:42,HEARTBEAT_RECEIVED,0,0
*** Trama sin '*CRC' reconocible. ***

=== Registro 370 (371/4081) ===

<-- Respuesta cruda: $CFG,ACK,LOGREAD,370,2026-07-24 02:57:03,CID_RECEIVED,0,0
*** Trama sin '*CRC' reconocible. ***

=== Registro 371 (372/4081) ===

<-- Respuesta cruda: $CFG,ACK,LOGREAD,371,2026-07-24 02:57:04,SEND_OK,0,0
*** Trama sin '*CRC' reconocible. ***

=== Registro 372 (373/4081) ===

<-- Respuesta cruda: $CFG,BAD_CRC,LOGREAD,372,2026-07-24 02:57:04,SERVER_ACK,1174813232,12288
*** Trama sin '*CRC' reconocible. ***

=== Registro 373 (374/4081) ===

<-- Respuesta cruda: $CFG,BAD_CRC,LOGREAD,373,0000-00-91 144:57:04,SERVER_ACK,0,0
*** Trama sin '*CRC' reconocible. ***

=== Registro 374 (375/4081) ===

<-- Respuesta cruda: $CFG,ACK,LOGREAD,374,2026-07-24 02:57:05,CID_RECEIVED,0,0
*** Trama sin '*CRC' reconocible. ***

=== Registro 375 (376/4081) ===

<-- Respuesta cruda: $CFG,ACK,LOGREAD,375,2026-07-24 02:57:05,SEND_OK,0,0
*** Trama sin '*CRC' reconocible. ***

=== Registro 376 (377/4081) ===

<-- Respuesta cruda: $CFG,ACK,LOGREAD,376,2026-07-24 02:57:05,SERVER_ACK,48,0
*** Trama sin '*CRC' reconocible. ***

=== Registro 377 (378/4081) ===

<-- Respuesta cruda: $CFG,ACK,LOGREAD,377,2026-07-24 02:57:05,SERVER_ACK,0,0
*** Trama sin '*CRC' reconocible. ***

=== Registro 378 (379/4081) ===

<-- Respuesta cruda: $CFG,ACK,LOGREAD,378,2026-07-24 02:58:06,SEND_OK,0,0
*** Trama sin '*CRC' reconocible. ***

=== Registro 379 (380/4081) ===

<-- Respuesta cruda: $CFG,BAD_CRC,LOGREAD,379,2026-07-24 02:255:255,UNKNOWN,4294967295,4294967295
*** Trama sin '*CRC' reconocible. ***

=== Registro 380 (381/4081) ===

<-- Respuesta cruda: $CFG,ACK,LOGREAD,380,2026-07-24 02:58:08,HEARTBEAT_RECEIVED,0,0
*** Trama sin '*CRC' reconocible. ***

=== Registro 381 (382/4081) ===

<-- Respuesta cruda: $CFG,ACK,LOGREAD,381,2026-07-24 02:59:06,SEND_OK,0,0
*** Trama sin '*CRC' reconocible. ***

=== Registro 382 (383/4081) ===

<-- Respuesta cruda: $CFG,ACK,LOGREAD,382,2026-07-24 02:59:06,SERVER_ACK,48,0
*** Trama sin '*CRC' reconocible. ***

=== Registro 383 (384/4081) ===

<-- Respuesta cruda: $CFG,ACK,LOGREAD,383,2026-07-24 02:59:11,HEARTBEAT_RECEIVED,0,0
*** Trama sin '*CRC' reconocible. ***

=== Registro 384 (385/4081) ===

<-- Respuesta cruda: $CFG,ACK,LOGREAD,384,2026-07-24 03:00:06,SEND_OK,0,0
*** Trama sin '*CRC' reconocible. ***

=== Registro 385 (386/4081) ===

<-- Respuesta cruda: $CFG,ACK,LOGREAD,385,2026-07-24 03:00:06,SERVER_ACK,48,0
*** Trama sin '*CRC' reconocible. ***

=== Registro 386 (387/4081) ===

<-- Respuesta cruda: $CFG,BAD_CRC,LOGREAD,386,0000-00-184 250:00:14,HEARTBEAT_RECEIVED,0,0
*** Trama sin '*CRC' reconocible. ***

=== Registro 387 (388/4081) ===

<-- Respuesta cruda: $CFG,ACK,LOGREAD,387,2026-07-24 03:01:06,SEND_OK,0,0
*** Trama sin '*CRC' reconocible. ***

=== Registro 388 (389/4081) ===

<-- Respuesta cruda: $CFG,ACK,LOGREAD,388,2026-07-24 03:01:07,SERVER_ACK,48,0
*** Trama sin '*CRC' reconocible. ***

=== Registro 389 (390/4081) ===

<-- Respuesta cruda: $CFG,ACK,LOGREAD,389,2026-07-24 03:01:17,HEARTBEAT_RECEIVED,0,0
*** Trama sin '*CRC' reconocible. ***

=== Registro 390 (391/4081) ===

<-- Respuesta cruda: $CFG,ACK,LOGREAD,390,2026-07-24 03:02:07,SEND_OK,0,0
*** Trama sin '*CRC' reconocible. ***

=== Registro 391 (392/4081) ===

<-- Respuesta cruda: $CFG,ACK,LOGREAD,391,2026-07-24 03:02:07,SERVER_ACK,48,0
*** Trama sin '*CRC' reconocible. ***

=== Registro 392 (393/4081) ===

<-- Respuesta cruda: $CFG,BAD_CRC,LOGREAD,392,2026-07-24 03:02:20,HEARTBEAT_RECEIVED,0,0
*** Trama sin '*CRC' reconocible. ***

=== Registro 393 (394/4081) ===

<-- Respuesta cruda: $CFG,BAD_CRC,LOGREAD,393,0000-00-63 222:03:07,SEND_OK,0,0
*** Trama sin '*CRC' reconocible. ***

=== Registro 394 (395/4081) ===

<-- Respuesta cruda: $CFG,ACK,LOGREAD,394,2026-07-24 03:03:07,SERVER_ACK,48,0
*** Trama sin '*CRC' reconocible. ***

=== Registro 395 (396/4081) ===

<-- Respuesta cruda: $CFG,ACK,LOGREAD,395,2026-07-24 03:03:24,HEARTBEAT_RECEIVED,0,0
*** Trama sin '*CRC' reconocible. ***

=== Registro 396 (397/4081) ===

<-- Respuesta cruda: $CFG,ACK,LOGREAD,396,2026-07-24 03:04:07,SEND_OK,0,0
*** Trama sin '*CRC' reconocible. ***

=== Registro 397 (398/4081) ===

<-- Respuesta cruda: $CFG,ACK,LOGREAD,397,2026-07-24 03:04:07,SERVER_ACK,48,0
*** Trama sin '*CRC' reconocible. ***

=== Registro 398 (399/4081) ===

<-- Respuesta cruda: $CFG,ACK,LOGREAD,398,2026-07-24 03:04:27,HEARTBEAT_RECEIVED,0,0
*** Trama sin '*CRC' reconocible. ***

=== Registro 399 (400/4081) ===

<-- Respuesta cruda: $CFG,BAD_CRC,LOGREAD,399,2026-07-24 03:05:07,SEND_OK,1174931203,12288
*** Trama sin '*CRC' reconocible. ***

=== Registro 400 (401/4081) ===

<-- Respuesta cruda: $CFG,BAD_CRC,LOGREAD,400,0000-00-187 202:05:07,SERVER_ACK,48,0
*** Trama sin '*CRC' reconocible. ***

=== Registro 401 (402/4081) ===

<-- Respuesta cruda: $CFG,ACK,LOGREAD,401,2026-07-24 03:05:30,HEARTBEAT_RECEIVED,0,0
*** Trama sin '*CRC' reconocible. ***

=== Registro 402 (403/4081) ===

<-- Respuesta cruda: $CFG,ACK,LOGREAD,402,2026-07-24 03:06:07,SEND_OK,0,0
*** Trama sin '*CRC' reconocible. ***

=== Registro 403 (404/4081) ===

<-- Respuesta cruda: $CFG,ACK,LOGREAD,403,2026-07-24 03:06:08,SERVER_ACK,48,0
*** Trama sin '*CRC' reconocible. ***

=== Registro 404 (405/4081) ===

<-- Respuesta cruda: $CFG,ACK,LOGREAD,404,2026-07-24 03:06:33,HEARTBEAT_RECEIVED,0,0
*** Trama sin '*CRC' reconocible. ***

=== Registro 405 (406/4081) ===

<-- Respuesta cruda: $CFG,ACK,LOGREAD,405,2026-07-24 03:07:08,SEND_OK,0,0
*** Trama sin '*CRC' reconocible. ***

=== Registro 406 (407/4081) ===

<-- Respuesta cruda: $CFG,BAD_CRC,LOGREAD,406,2026-07-24 218:255:255,UNKNOWN,4294967295,4294967295
*** Trama sin '*CRC' reconocible. ***

=== Registro 407 (408/4081) ===

<-- Respuesta cruda: $CFG,ACK,LOGREAD,407,2026-07-24 03:07:36,HEARTBEAT_RECEIVED,0,0
*** Trama sin '*CRC' reconocible. ***

=== Registro 408 (409/4081) ===

<-- Respuesta cruda: $CFG,ACK,LOGREAD,408,2026-07-24 03:08:08,SEND_OK,0,0
*** Trama sin '*CRC' reconocible. ***

=== Registro 409 (410/4081) ===

<-- Respuesta cruda: $CFG,ACK,LOGREAD,409,2026-07-24 03:08:08,SERVER_ACK,48,0
*** Trama sin '*CRC' reconocible. ***

=== Registro 410 (411/4081) ===

<-- Respuesta cruda: $CFG,ACK,LOGREAD,410,2026-07-24 03:08:39,HEARTBEAT_RECEIVED,0,0
*** Trama sin '*CRC' reconocible. ***

=== Registro 411 (412/4081) ===

<-- Respuesta cruda: $CFG,ACK,LOGREAD,411,2026-07-24 03:09:08,SEND_OK,0,0
*** Trama sin '*CRC' reconocible. ***

=== Registro 412 (413/4081) ===

<-- Respuesta cruda: $CFG,BAD_CRC,LOGREAD,412,2026-07-24 03:09:08,SERVER_ACK,48,0
*** Trama sin '*CRC' reconocible. ***

=== Registro 413 (414/4081) ===

<-- Respuesta cruda: $CFG,BAD_CRC,LOGREAD,413,0000-00-88 25:09:42,HEARTBEAT_RECEIVED,0,0
*** Trama sin '*CRC' reconocible. ***

=== Registro 414 (415/4081) ===

<-- Respuesta cruda: $CFG,ACK,LOGREAD,414,2026-07-24 03:10:08,SEND_OK,0,0
*** Trama sin '*CRC' reconocible. ***

=== Registro 415 (416/4081) ===

<-- Respuesta cruda: $CFG,ACK,LOGREAD,415,2026-07-24 03:10:09,SERVER_ACK,48,0
*** Trama sin '*CRC' reconocible. ***

=== Registro 416 (417/4081) ===

<-- Respuesta cruda: $CFG,ACK,LOGREAD,416,2026-07-24 03:10:45,HEARTBEAT_RECEIVED,0,0
*** Trama sin '*CRC' reconocible. ***

=== Registro 417 (418/4081) ===

<-- Respuesta cruda: $CFG,ACK,LOGREAD,417,2026-07-24 03:11:08,SEND_OK,0,0
*** Trama sin '*CRC' reconocible. ***

=== Registro 418 (419/4081) ===

<-- Respuesta cruda: $CFG,ACK,LOGREAD,418,2026-07-24 03:11:09,SERVER_ACK,48,0
*** Trama sin '*CRC' reconocible. ***

=== Registro 419 (420/4081) ===

<-- Respuesta cruda: $CFG,BAD_CRC,LOGREAD,419,2026-07-24 03:11:48,HEARTBEAT_RECEIVED,0,0
*** Trama sin '*CRC' reconocible. ***

=== Registro 420 (421/4081) ===

<-- Respuesta cruda: $CFG,BAD_CRC,LOGREAD,420,0000-00-59 75:12:08,SEND_OK,0,0
*** Trama sin '*CRC' reconocible. ***

=== Registro 421 (422/4081) ===

<-- Respuesta cruda: $CFG,ACK,LOGREAD,421,2026-07-24 03:12:08,SERVER_ACK,48,0
*** Trama sin '*CRC' reconocible. ***

=== Registro 422 (423/4081) ===

<-- Respuesta cruda: $CFG,ACK,LOGREAD,422,2026-07-24 03:12:50,HEARTBEAT_RECEIVED,0,0
*** Trama sin '*CRC' reconocible. ***

=== Registro 423 (424/4081) ===

<-- Respuesta cruda: $CFG,ACK,LOGREAD,423,2026-07-24 03:13:08,SEND_OK,0,0
*** Trama sin '*CRC' reconocible. ***

=== Registro 424 (425/4081) ===

<-- Respuesta cruda: $CFG,ACK,LOGREAD,424,2026-07-24 03:13:08,SERVER_ACK,48,0
*** Trama sin '*CRC' reconocible. ***

=== Registro 425 (426/4081) ===

<-- Respuesta cruda: $CFG,ACK,LOGREAD,425,2026-07-24 03:13:53,HEARTBEAT_RECEIVED,0,0
*** Trama sin '*CRC' reconocible. ***

=== Registro 426 (427/4081) ===

<-- Respuesta cruda: $CFG,BAD_CRC,LOGREAD,426,2026-07-24 03:14:08,SEND_OK,1174999043,12288
*** Trama sin '*CRC' reconocible. ***

=== Registro 427 (428/4081) ===

<-- Respuesta cruda: $CFG,BAD_CRC,LOGREAD,427,0000-00-233 45:14:09,SERVER_ACK,48,0
*** Trama sin '*CRC' reconocible. ***

=== Registro 428 (429/4081) ===

<-- Respuesta cruda: $CFG,ACK,LOGREAD,428,2026-07-24 03:14:56,HEARTBEAT_RECEIVED,0,0
*** Trama sin '*CRC' reconocible. ***

=== Registro 429 (430/4081) ===

<-- Respuesta cruda: $CFG,ACK,LOGREAD,429,2026-07-24 03:15:09,SEND_OK,0,0
*** Trama sin '*CRC' reconocible. ***

=== Registro 430 (431/4081) ===

<-- Respuesta cruda: $CFG,ACK,LOGREAD,430,2026-07-24 03:15:09,SERVER_ACK,48,0
*** Trama sin '*CRC' reconocible. ***

=== Registro 431 (432/4081) ===

<-- Respuesta cruda: $CFG,ACK,LOGREAD,431,2026-07-24 03:15:59,HEARTBEAT_RECEIVED,0,0
*** Trama sin '*CRC' reconocible. ***

=== Registro 432 (433/4081) ===

<-- Respuesta cruda: $CFG,ACK,LOGREAD,432,2026-07-24 03:16:09,SEND_OK,0,0
*** Trama sin '*CRC' reconocible. ***

=== Registro 433 (434/4081) ===

<-- Respuesta cruda: $CFG,BAD_CRC,LOGREAD,433,2026-07-03 43:255:255,UNKNOWN,4294967295,4294967295
*** Trama sin '*CRC' reconocible. ***

=== Registro 434 (435/4081) ===

<-- Respuesta cruda: $CFG,ACK,LOGREAD,434,2026-07-24 03:17:02,HEARTBEAT_RECEIVED,0,0
*** Trama sin '*CRC' reconocible. ***

=== Registro 435 (436/4081) ===

<-- Respuesta cruda: $CFG,ACK,LOGREAD,435,2026-07-24 03:17:09,SEND_OK,0,0
*** Trama sin '*CRC' reconocible. ***

=== Registro 436 (437/4081) ===

<-- Respuesta cruda: $CFG,ACK,LOGREAD,436,2026-07-24 03:17:09,SERVER_ACK,48,0
*** Trama sin '*CRC' reconocible. ***

=== Registro 437 (438/4081) ===

<-- Respuesta cruda: $CFG,ACK,LOGREAD,437,2026-07-24 03:18:05,HEARTBEAT_RECEIVED,0,0
*** Trama sin '*CRC' reconocible. ***

=== Registro 438 (439/4081) ===

<-- Respuesta cruda: $CFG,ACK,LOGREAD,438,2026-07-24 03:18:09,SEND_OK,0,0
*** Trama sin '*CRC' reconocible. ***

=== Registro 439 (440/4081) ===

<-- Respuesta cruda: $CFG,BAD_CRC,LOGREAD,439,2026-07-24 03:18:09,SERVER_ACK,48,0
*** Trama sin '*CRC' reconocible. ***

=== Registro 440 (441/4081) ===

<-- Respuesta cruda: $CFG,BAD_CRC,LOGREAD,440,0000-00-239 194:19:08,HEARTBEAT_RECEIVED,0,0
*** Trama sin '*CRC' reconocible. ***

=== Registro 441 (442/4081) ===

<-- Respuesta cruda: $CFG,ACK,LOGREAD,441,2026-07-24 03:19:09,SEND_OK,0,0
*** Trama sin '*CRC' reconocible. ***

=== Registro 442 (443/4081) ===

<-- Respuesta cruda: $CFG,ACK,LOGREAD,442,2026-07-24 03:19:10,SERVER_ACK,48,0
*** Trama sin '*CRC' reconocible. ***

=== Registro 443 (444/4081) ===

<-- Respuesta cruda: $CFG,ACK,LOGREAD,443,2026-07-24 03:20:10,SEND_OK,0,0
*** Trama sin '*CRC' reconocible. ***

=== Registro 444 (445/4081) ===

<-- Respuesta cruda: $CFG,ACK,LOGREAD,444,2026-07-24 03:20:10,SERVER_ACK,48,0
*** Trama sin '*CRC' reconocible. ***

=== Registro 445 (446/4081) ===

<-- Respuesta cruda: $CFG,ACK,LOGREAD,445,2026-07-24 03:20:11,HEARTBEAT_RECEIVED,0,0
*** Trama sin '*CRC' reconocible. ***

=== Registro 446 (447/4081) ===

<-- Respuesta cruda: $CFG,BAD_CRC,LOGREAD,446,2026-07-24 03:21:10,SEND_OK,1174405120,12288
*** Trama sin '*CRC' reconocible. ***

=== Registro 447 (448/4081) ===

<-- Respuesta cruda: $CFG,BAD_CRC,LOGREAD,447,0000-00-17 133:21:10,SERVER_ACK,48,0
*** Trama sin '*CRC' reconocible. ***

=== Registro 448 (449/4081) ===

<-- Respuesta cruda: $CFG,ACK,LOGREAD,448,2026-07-24 03:21:14,HEARTBEAT_RECEIVED,0,0
*** Trama sin '*CRC' reconocible. ***

=== Registro 449 (450/4081) ===

<-- Respuesta cruda: $CFG,ACK,LOGREAD,449,2026-07-24 03:22:10,SEND_OK,0,0
*** Trama sin '*CRC' reconocible. ***

=== Registro 450 (451/4081) ===

<-- Respuesta cruda: $CFG,ACK,LOGREAD,450,2026-07-24 03:22:10,SERVER_ACK,48,0
*** Trama sin '*CRC' reconocible. ***

=== Registro 451 (452/4081) ===

<-- Respuesta cruda: $CFG,ACK,LOGREAD,451,2026-07-24 03:22:17,HEARTBEAT_RECEIVED,0,0
*** Trama sin '*CRC' reconocible. ***

=== Registro 452 (453/4081) ===

<-- Respuesta cruda: $CFG,ACK,LOGREAD,452,2026-07-24 03:23:10,SEND_OK,0,0
*** Trama sin '*CRC' reconocible. ***

=== Registro 453 (454/4081) ===

<-- Respuesta cruda: $CFG,BAD_CRC,LOGREAD,453,2026-07-24 03:23:11,SIM_PIN_REQUIRED,1142561027,0
*** Trama sin '*CRC' reconocible. ***

=== Registro 454 (455/4081) ===

<-- Respuesta cruda: $CFG,BAD_CRC,LOGREAD,454,0000-00-165 128:23:20,HEARTBEAT_RECEIVED,0,0
*** Trama sin '*CRC' reconocible. ***

=== Registro 455 (456/4081) ===

<-- Respuesta cruda: $CFG,ACK,LOGREAD,455,2026-07-24 03:24:10,SEND_OK,0,0
*** Trama sin '*CRC' reconocible. ***

=== Registro 456 (457/4081) ===

<-- Respuesta cruda: $CFG,ACK,LOGREAD,456,2026-07-24 03:24:11,SERVER_ACK,48,0
*** Trama sin '*CRC' reconocible. ***

=== Registro 457 (458/4081) ===

<-- Respuesta cruda: $CFG,ACK,LOGREAD,457,2026-07-24 03:24:23,HEARTBEAT_RECEIVED,0,0
*** Trama sin '*CRC' reconocible. ***

=== Registro 458 (459/4081) ===

<-- Respuesta cruda: $CFG,ACK,LOGREAD,458,2026-07-24 03:25:11,SEND_OK,0,0
*** Trama sin '*CRC' reconocible. ***

=== Registro 459 (460/4081) ===

<-- Respuesta cruda: $CFG,ACK,LOGREAD,459,2026-07-24 03:25:11,SERVER_ACK,48,0
*** Trama sin '*CRC' reconocible. ***

=== Registro 460 (461/4081) ===

<-- Respuesta cruda: $CFG,BAD_CRC,LOGREAD,460,2026-00-53 123:255:255,UNKNOWN,4294967295,4294967295
*** Trama sin '*CRC' reconocible. ***

=== Registro 461 (462/4081) ===

<-- Respuesta cruda: $CFG,ACK,LOGREAD,461,2026-07-24 03:26:11,SEND_OK,0,0
*** Trama sin '*CRC' reconocible. ***

=== Registro 462 (463/4081) ===

<-- Respuesta cruda: $CFG,ACK,LOGREAD,462,2026-07-24 03:26:11,SERVER_ACK,48,0
*** Trama sin '*CRC' reconocible. ***

=== Registro 463 (464/4081) ===

<-- Respuesta cruda: $CFG,ACK,LOGREAD,463,2026-07-24 03:26:29,HEARTBEAT_RECEIVED,0,0
*** Trama sin '*CRC' reconocible. ***

=== Registro 464 (465/4081) ===

<-- Respuesta cruda: $CFG,ACK,LOGREAD,464,2026-07-24 03:27:11,SEND_OK,0,0
*** Trama sin '*CRC' reconocible. ***

=== Registro 465 (466/4081) ===

<-- Respuesta cruda: $CFG,ACK,LOGREAD,465,2026-07-24 03:27:11,SERVER_ACK,48,0
*** Trama sin '*CRC' reconocible. ***

=== Registro 466 (467/4081) ===

<-- Respuesta cruda: $CFG,BAD_CRC,LOGREAD,466,2026-07-24 03:27:32,HEARTBEAT_RECEIVED,0,0
*** Trama sin '*CRC' reconocible. ***

=== Registro 467 (468/4081) ===

<-- Respuesta cruda: $CFG,BAD_CRC,LOGREAD,467,0000-00-44 45:28:11,SEND_OK,0,0
*** Trama sin '*CRC' reconocible. ***

=== Registro 468 (469/4081) ===

<-- Respuesta cruda: $CFG,ACK,LOGREAD,468,2026-07-24 03:28:12,SERVER_ACK,48,0
*** Trama sin '*CRC' reconocible. ***

=== Registro 469 (470/4081) ===

<-- Respuesta cruda: $CFG,ACK,LOGREAD,469,2026-07-24 03:28:35,HEARTBEAT_RECEIVED,0,0
*** Trama sin '*CRC' reconocible. ***

=== Registro 470 (471/4081) ===

<-- Respuesta cruda: $CFG,ACK,LOGREAD,470,2026-07-24 03:29:12,SEND_OK,0,0
*** Trama sin '*CRC' reconocible. ***

=== Registro 471 (472/4081) ===

<-- Respuesta cruda: $CFG,ACK,LOGREAD,471,2026-07-24 03:29:12,SERVER_ACK,48,0
*** Trama sin '*CRC' reconocible. ***

=== Registro 472 (473/4081) ===

<-- Respuesta cruda: $CFG,ACK,LOGREAD,472,2026-07-24 03:29:38,HEARTBEAT_RECEIVED,0,0
*** Trama sin '*CRC' reconocible. ***

=== Registro 473 (474/4081) ===

<-- Respuesta cruda: $CFG,BAD_CRC,LOGREAD,473,2026-07-24 03:30:12,SEND_OK,1175191552,12288
*** Trama sin '*CRC' reconocible. ***

=== Registro 474 (475/4081) ===

<-- Respuesta cruda: $CFG,BAD_CRC,LOGREAD,474,0000-00-23 253:30:12,SERVER_ACK,48,0
*** Trama sin '*CRC' reconocible. ***

=== Registro 475 (476/4081) ===

<-- Respuesta cruda: $CFG,ACK,LOGREAD,475,2026-07-24 03:30:41,HEARTBEAT_RECEIVED,0,0
*** Trama sin '*CRC' reconocible. ***

=== Registro 476 (477/4081) ===

<-- Respuesta cruda: $CFG,ACK,LOGREAD,476,2026-07-24 03:31:12,SEND_OK,0,0
*** Trama sin '*CRC' reconocible. ***

=== Registro 477 (478/4081) ===

<-- Respuesta cruda: $CFG,ACK,LOGREAD,477,2026-07-24 03:31:12,SERVER_ACK,48,0
*** Trama sin '*CRC' reconocible. ***

=== Registro 478 (479/4081) ===

<-- Respuesta cruda: $CFG,ACK,LOGREAD,478,2026-07-24 03:31:44,HEARTBEAT_RECEIVED,0,0
*** Trama sin '*CRC' reconocible. ***

=== Registro 479 (480/4081) ===

<-- Respuesta cruda: $CFG,ACK,LOGREAD,479,2026-07-24 03:32:12,SEND_OK,0,0
*** Trama sin '*CRC' reconocible. ***

=== Registro 480 (481/4081) ===

<-- Respuesta cruda: $CFG,BAD_CRC,LOGREAD,480,2026-07-24 03:32:07,SIM_PIN_REQUIRED,1144332803,0
*** Trama sin '*CRC' reconocible. ***

=== Registro 481 (482/4081) ===

<-- Respuesta cruda: $CFG,BAD_CRC,LOGREAD,481,0000-00-43 230:32:47,HEARTBEAT_RECEIVED,0,0
*** Trama sin '*CRC' reconocible. ***

=== Registro 482 (483/4081) ===

<-- Respuesta cruda: $CFG,ACK,LOGREAD,482,2026-07-24 03:33:12,SEND_OK,0,0
*** Trama sin '*CRC' reconocible. ***

=== Registro 483 (484/4081) ===

<-- Respuesta cruda: $CFG,ACK,LOGREAD,483,2026-07-24 03:33:13,SERVER_ACK,48,0
*** Trama sin '*CRC' reconocible. ***

=== Registro 484 (485/4081) ===

<-- Respuesta cruda: $CFG,ACK,LOGREAD,484,2026-07-24 03:33:50,HEARTBEAT_RECEIVED,0,0
*** Trama sin '*CRC' reconocible. ***

=== Registro 485 (486/4081) ===

<-- Respuesta cruda: $CFG,ACK,LOGREAD,485,2026-07-24 03:34:13,SEND_OK,0,0
*** Trama sin '*CRC' reconocible. ***

=== Registro 486 (487/4081) ===

<-- Respuesta cruda: $CFG,ACK,LOGREAD,486,2026-07-24 03:34:13,SERVER_ACK,48,0
*** Trama sin '*CRC' reconocible. ***

=== Registro 487 (488/4081) ===

<-- Respuesta cruda: $CFG,BAD_CRC,LOGREAD,487,0234-00-111 190:255:255,UNKNOWN,4294967295,4294967295
*** Trama sin '*CRC' reconocible. ***

=== Registro 488 (489/4081) ===

<-- Respuesta cruda: $CFG,ACK,LOGREAD,488,2026-07-24 03:35:13,SEND_OK,0,0
*** Trama sin '*CRC' reconocible. ***

=== Registro 489 (490/4081) ===

<-- Respuesta cruda: $CFG,ACK,LOGREAD,489,2026-07-24 03:35:13,SERVER_ACK,48,0
*** Trama sin '*CRC' reconocible. ***

=== Registro 490 (491/4081) ===

<-- Respuesta cruda: $CFG,ACK,LOGREAD,490,2026-07-24 03:35:56,HEARTBEAT_RECEIVED,0,0
*** Trama sin '*CRC' reconocible. ***

=== Registro 491 (492/4081) ===

<-- Respuesta cruda: $CFG,ACK,LOGREAD,491,2026-07-24 03:36:13,SEND_OK,0,0
*** Trama sin '*CRC' reconocible. ***

=== Registro 492 (493/4081) ===

<-- Respuesta cruda: $CFG,ACK,LOGREAD,492,2026-07-24 03:36:13,SERVER_ACK,48,0
*** Trama sin '*CRC' reconocible. ***

=== Registro 493 (494/4081) ===

<-- Respuesta cruda: $CFG,BAD_CRC,LOGREAD,493,2026-07-24 03:36:59,HEARTBEAT_RECEIVED,0,0
*** Trama sin '*CRC' reconocible. ***

=== Registro 494 (495/4081) ===

<-- Respuesta cruda: $CFG,BAD_CRC,LOGREAD,494,0000-00-178 204:37:13,SEND_OK,0,0
*** Trama sin '*CRC' reconocible. ***

=== Registro 495 (496/4081) ===

<-- Respuesta cruda: $CFG,ACK,LOGREAD,495,2026-07-24 03:37:14,SERVER_ACK,48,0
*** Trama sin '*CRC' reconocible. ***

=== Registro 496 (497/4081) ===

<-- Respuesta cruda: $CFG,ACK,LOGREAD,496,2026-07-24 03:38:02,HEARTBEAT_RECEIVED,0,0
*** Trama sin '*CRC' reconocible. ***

=== Registro 497 (498/4081) ===

<-- Respuesta cruda: $CFG,ACK,LOGREAD,497,2026-07-24 03:38:13,SEND_OK,0,0
*** Trama sin '*CRC' reconocible. ***

=== Registro 498 (499/4081) ===

<-- Respuesta cruda: $CFG,ACK,LOGREAD,498,2026-07-24 03:38:14,SERVER_ACK,48,0
*** Trama sin '*CRC' reconocible. ***

=== Registro 499 (500/4081) ===

<-- Respuesta cruda: $CFG,ACK,LOGREAD,499,2026-07-24 03:39:05,HEARTBEAT_RECEIVED,0,0
*** Trama sin '*CRC' reconocible. ***

=== Registro 500 (501/4081) ===

<-- Respuesta cruda: $CFG,BAD_CRC,LOGREAD,500,2026-07-24 03:39:14,SEND_OK,1175333120,12288
*** Trama sin '*CRC' reconocible. ***

=== Registro 501 (502/4081) ===

<-- Respuesta cruda: $CFG,BAD_CRC,LOGREAD,501,0000-00-121 69:39:14,SERVER_ACK,48,0
*** Trama sin '*CRC' reconocible. ***

=== Registro 502 (503/4081) ===

<-- Respuesta cruda: $CFG,ACK,LOGREAD,502,2026-07-24 03:40:08,HEARTBEAT_RECEIVED,0,0
*** Trama sin '*CRC' reconocible. ***

=== Registro 503 (504/4081) ===

<-- Respuesta cruda: $CFG,ACK,LOGREAD,503,2026-07-24 03:40:14,SEND_OK,0,0
*** Trama sin '*CRC' reconocible. ***

=== Registro 504 (505/4081) ===

<-- Respuesta cruda: $CFG,ACK,LOGREAD,504,2026-07-24 03:40:14,SERVER_ACK,48,0
*** Trama sin '*CRC' reconocible. ***

=== Registro 505 (506/4081) ===

<-- Respuesta cruda: $CFG,ACK,LOGREAD,505,2026-07-24 03:41:11,HEARTBEAT_RECEIVED,0,0
*** Trama sin '*CRC' reconocible. ***

=== Registro 506 (507/4081) ===

<-- Respuesta cruda: $CFG,ACK,LOGREAD,506,2026-07-24 03:41:14,SEND_OK,0,0
*** Trama sin '*CRC' reconocible. ***

=== Registro 507 (508/4081) ===

<-- Respuesta cruda: $CFG,BAD_CRC,LOGREAD,507,2026-07-24 03:255:255,UNKNOWN,4294967295,4294967295
*** Trama sin '*CRC' reconocible. ***

=== Registro 508 (509/4081) ===

<-- Respuesta cruda: $CFG,ACK,LOGREAD,508,2026-07-24 03:42:14,HEARTBEAT_RECEIVED,0,0
*** Trama sin '*CRC' reconocible. ***

=== Registro 509 (510/4081) ===

<-- Respuesta cruda: $CFG,ACK,LOGREAD,509,2026-07-24 03:42:14,SEND_OK,0,0
*** Trama sin '*CRC' reconocible. ***

=== Registro 510 (511/4081) ===

<-- Respuesta cruda: $CFG,ACK,LOGREAD,510,2026-07-24 03:42:15,SERVER_ACK,48,0
*** Trama sin '*CRC' reconocible. ***

=== Registro 511 (512/4081) ===

<-- Respuesta cruda: $CFG,ACK,LOGREAD,511,2026-07-24 03:43:15,SEND_OK,0,0
*** Trama sin '*CRC' reconocible. ***

=== Registro 512 (513/4081) ===

<-- Respuesta cruda: $CFG,ACK,LOGREAD,512,2026-07-24 03:43:15,SERVER_ACK,48,0
*** Trama sin '*CRC' reconocible. ***

=== Registro 513 (514/4081) ===

<-- Respuesta cruda: $CFG,ACK,LOGREAD,513,2026-07-24 03:43:17,HEARTBEAT_RECEIVED,0,0
*** Trama sin '*CRC' reconocible. ***

=== Registro 514 (515/4081) ===

<-- Respuesta cruda: $CFG,BAD_CRC,LOGREAD,514,0000-00-38 12:44:15,SEND_OK,0,0
*** Trama sin '*CRC' reconocible. ***

=== Registro 515 (516/4081) ===

<-- Respuesta cruda: $CFG,ACK,LOGREAD,515,2026-07-24 03:44:15,SERVER_ACK,48,0
*** Trama sin '*CRC' reconocible. ***

=== Registro 516 (517/4081) ===

<-- Respuesta cruda: $CFG,ACK,LOGREAD,516,2026-07-24 03:44:20,HEARTBEAT_RECEIVED,0,0
*** Trama sin '*CRC' reconocible. ***

=== Registro 517 (518/4081) ===

<-- Respuesta cruda: $CFG,ACK,LOGREAD,517,2026-07-24 03:45:15,SEND_OK,0,0
*** Trama sin '*CRC' reconocible. ***

=== Registro 518 (519/4081) ===

<-- Respuesta cruda: $CFG,ACK,LOGREAD,518,2026-07-24 03:45:15,SERVER_ACK,48,0
*** Trama sin '*CRC' reconocible. ***

=== Registro 519 (520/4081) ===

<-- Respuesta cruda: $CFG,ACK,LOGREAD,519,2026-07-24 03:45:23,HEARTBEAT_RECEIVED,0,0
*** Trama sin '*CRC' reconocible. ***

=== Registro 520 (521/4081) ===

<-- Respuesta cruda: $CFG,BAD_CRC,LOGREAD,520,2026-07-24 03:46:15,SEND_OK,0,12288
*** Trama sin '*CRC' reconocible. ***

=== Registro 521 (522/4081) ===

<-- Respuesta cruda: $CFG,BAD_CRC,LOGREAD,521,0000-00-179 108:46:15,SERVER_ACK,48,0
*** Trama sin '*CRC' reconocible. ***

=== Registro 522 (523/4081) ===

<-- Respuesta cruda: $CFG,ACK,LOGREAD,522,2026-07-24 03:46:26,HEARTBEAT_RECEIVED,0,0
*** Trama sin '*CRC' reconocible. ***

=== Registro 523 (524/4081) ===

<-- Respuesta cruda: $CFG,ACK,LOGREAD,523,2026-07-24 03:47:15,SEND_OK,0,0
*** Trama sin '*CRC' reconocible. ***

=== Registro 524 (525/4081) ===

<-- Respuesta cruda: $CFG,ACK,LOGREAD,524,2026-07-24 03:47:16,SERVER_ACK,48,0
*** Trama sin '*CRC' reconocible. ***

=== Registro 525 (526/4081) ===

<-- Respuesta cruda: $CFG,ACK,LOGREAD,525,2026-07-24 03:47:29,HEARTBEAT_RECEIVED,0,0
*** Trama sin '*CRC' reconocible. ***

=== Registro 526 (527/4081) ===

<-- Respuesta cruda: $CFG,ACK,LOGREAD,526,2026-07-24 03:48:16,SEND_OK,0,0
*** Trama sin '*CRC' reconocible. ***

=== Registro 527 (528/4081) ===

<-- Respuesta cruda: $CFG,BAD_CRC,LOGREAD,527,2026-07-24 03:48:16,SERVER_ACK,1143353859,0
*** Trama sin '*CRC' reconocible. ***

=== Registro 528 (529/4081) ===

<-- Respuesta cruda: $CFG,BAD_CRC,LOGREAD,528,0000-00-188 252:48:32,HEARTBEAT_RECEIVED,0,0
*** Trama sin '*CRC' reconocible. ***

=== Registro 529 (530/4081) ===

<-- Respuesta cruda: $CFG,ACK,LOGREAD,529,2026-07-24 03:49:16,SEND_OK,0,0
*** Trama sin '*CRC' reconocible. ***

=== Registro 530 (531/4081) ===

<-- Respuesta cruda: $CFG,ACK,LOGREAD,530,2026-07-24 03:49:16,SERVER_ACK,48,0
*** Trama sin '*CRC' reconocible. ***

=== Registro 531 (532/4081) ===

<-- Respuesta cruda: $CFG,ACK,LOGREAD,531,2026-07-24 03:49:35,HEARTBEAT_RECEIVED,0,0
*** Trama sin '*CRC' reconocible. ***

=== Registro 532 (533/4081) ===

<-- Respuesta cruda: $CFG,ACK,LOGREAD,532,2026-07-24 03:50:16,SEND_OK,0,0
*** Trama sin '*CRC' reconocible. ***

=== Registro 533 (534/4081) ===

<-- Respuesta cruda: $CFG,ACK,LOGREAD,533,2026-07-24 03:50:16,SERVER_ACK,48,0
*** Trama sin '*CRC' reconocible. ***

=== Registro 534 (535/4081) ===

<-- Respuesta cruda: $CFG,BAD_CRC,LOGREAD,534,2026-07-24 245:255:255,UNKNOWN,4294967295,4294967295
*** Trama sin '*CRC' reconocible. ***

=== Registro 535 (536/4081) ===

<-- Respuesta cruda: $CFG,ACK,LOGREAD,535,2026-07-24 03:51:16,SEND_OK,0,0
*** Trama sin '*CRC' reconocible. ***

=== Registro 536 (537/4081) ===

<-- Respuesta cruda: $CFG,ACK,LOGREAD,536,2026-07-24 03:51:17,SERVER_ACK,48,0
*** Trama sin '*CRC' reconocible. ***

=== Registro 537 (538/4081) ===

<-- Respuesta cruda: $CFG,ACK,LOGREAD,537,2026-07-24 03:51:41,HEARTBEAT_RECEIVED,0,0
*** Trama sin '*CRC' reconocible. ***

=== Registro 538 (539/4081) ===

<-- Respuesta cruda: $CFG,ACK,LOGREAD,538,2026-07-24 03:52:16,SEND_OK,0,0
*** Trama sin '*CRC' reconocible. ***

=== Registro 539 (540/4081) ===

<-- Respuesta cruda: $CFG,ACK,LOGREAD,539,2026-07-24 03:52:17,SERVER_ACK,48,0
*** Trama sin '*CRC' reconocible. ***

=== Registro 540 (541/4081) ===

<-- Respuesta cruda: $CFG,BAD_CRC,LOGREAD,540,2026-07-24 03:52:44,HEARTBEAT_RECEIVED,0,0
*** Trama sin '*CRC' reconocible. ***

=== Registro 541 (542/4081) ===

<-- Respuesta cruda: $CFG,BAD_CRC,LOGREAD,541,0000-00-236 37:53:17,SEND_OK,0,0
*** Trama sin '*CRC' reconocible. ***

=== Registro 542 (543/4081) ===

<-- Respuesta cruda: $CFG,ACK,LOGREAD,542,2026-07-24 03:53:17,SERVER_ACK,48,0
*** Trama sin '*CRC' reconocible. ***

=== Registro 543 (544/4081) ===

<-- Respuesta cruda: $CFG,ACK,LOGREAD,543,2026-07-24 03:53:47,HEARTBEAT_RECEIVED,0,0
*** Trama sin '*CRC' reconocible. ***

=== Registro 544 (545/4081) ===

<-- Respuesta cruda: $CFG,ACK,LOGREAD,544,2026-07-24 03:54:17,SEND_OK,0,0
*** Trama sin '*CRC' reconocible. ***

=== Registro 545 (546/4081) ===

<-- Respuesta cruda: $CFG,ACK,LOGREAD,545,2026-07-24 03:54:17,SERVER_ACK,48,0
*** Trama sin '*CRC' reconocible. ***

=== Registro 546 (547/4081) ===

<-- Respuesta cruda: $CFG,ACK,LOGREAD,546,2026-07-24 03:54:50,HEARTBEAT_RECEIVED,0,0
*** Trama sin '*CRC' reconocible. ***

=== Registro 547 (548/4081) ===

<-- Respuesta cruda: $CFG,BAD_CRC,LOGREAD,547,2026-07-24 03:55:17,SEND_OK,0,0
*** Trama sin '*CRC' reconocible. ***

=== Registro 548 (549/4081) ===

<-- Respuesta cruda: $CFG,BAD_CRC,LOGREAD,548,0000-00-251 62:55:17,SERVER_ACK,48,0
*** Trama sin '*CRC' reconocible. ***

=== Registro 549 (550/4081) ===

<-- Respuesta cruda: $CFG,ACK,LOGREAD,549,2026-07-24 03:55:53,HEARTBEAT_RECEIVED,0,0
*** Trama sin '*CRC' reconocible. ***

=== Registro 550 (551/4081) ===

<-- Respuesta cruda: $CFG,ACK,LOGREAD,550,2026-07-24 03:56:17,SEND_OK,0,0
*** Trama sin '*CRC' reconocible. ***

=== Registro 551 (552/4081) ===

<-- Respuesta cruda: $CFG,ACK,LOGREAD,551,2026-07-24 03:56:18,SERVER_ACK,48,0
*** Trama sin '*CRC' reconocible. ***

=== Registro 552 (553/4081) ===

<-- Respuesta cruda: $CFG,ACK,LOGREAD,552,2026-07-24 03:56:56,HEARTBEAT_RECEIVED,0,0
*** Trama sin '*CRC' reconocible. ***

=== Registro 553 (554/4081) ===

<-- Respuesta cruda: $CFG,ACK,LOGREAD,553,2026-07-24 03:56:57,CID_RECEIVED,0,0
*** Trama sin '*CRC' reconocible. ***

=== Registro 554 (555/4081) ===

<-- Respuesta cruda: $CFG,BAD_CRC,LOGREAD,554,2026-07-24 03:56:57,SEND_OK,909850883,0
*** Trama sin '*CRC' reconocible. ***

=== Registro 555 (556/4081) ===

<-- Respuesta cruda: $CFG,BAD_CRC,LOGREAD,555,0000-00-61 157:56:57,SERVER_ACK,48,0
*** Trama sin '*CRC' reconocible. ***

=== Registro 556 (557/4081) ===

<-- Respuesta cruda: $CFG,ACK,LOGREAD,556,2026-07-24 03:56:57,SERVER_ACK,0,0
*** Trama sin '*CRC' reconocible. ***

=== Registro 557 (558/4081) ===

<-- Respuesta cruda: $CFG,ACK,LOGREAD,557,2026-07-24 03:56:58,CID_RECEIVED,0,0
*** Trama sin '*CRC' reconocible. ***

=== Registro 558 (559/4081) ===

<-- Respuesta cruda: $CFG,ACK,LOGREAD,558,2026-07-24 03:56:59,SEND_OK,0,0
*** Trama sin '*CRC' reconocible. ***

=== Registro 559 (560/4081) ===

<-- Respuesta cruda: $CFG,ACK,LOGREAD,559,2026-07-24 03:56:59,SERVER_ACK,48,0
*** Trama sin '*CRC' reconocible. ***

=== Registro 560 (561/4081) ===

<-- Respuesta cruda: $CFG,ACK,LOGREAD,560,2026-07-24 03:56:59,SERVER_ACK,0,0
*** Trama sin '*CRC' reconocible. ***

=== Registro 561 (562/4081) ===

<-- Respuesta cruda: $CFG,BAD_CRC,LOGREAD,561,2026-07-43 51:255:255,UNKNOWN,4294967295,4294967295
*** Trama sin '*CRC' reconocible. ***

=== Registro 562 (563/4081) ===

<-- Respuesta cruda: $CFG,ACK,LOGREAD,562,2026-07-24 03:57:59,SERVER_ACK,48,0
*** Trama sin '*CRC' reconocible. ***

=== Registro 563 (564/4081) ===

<-- Respuesta cruda: $CFG,ACK,LOGREAD,563,2026-07-24 03:58:02,HEARTBEAT_RECEIVED,0,0
*** Trama sin '*CRC' reconocible. ***

=== Registro 564 (565/4081) ===

<-- Respuesta cruda: $CFG,ACK,LOGREAD,564,2026-07-24 03:58:59,SEND_OK,0,0
*** Trama sin '*CRC' reconocible. ***

=== Registro 565 (566/4081) ===

<-- Respuesta cruda: $CFG,ACK,LOGREAD,565,2026-07-24 03:59:00,SERVER_ACK,48,0
*** Trama sin '*CRC' reconocible. ***

=== Registro 566 (567/4081) ===

<-- Respuesta cruda: $CFG,ACK,LOGREAD,566,2026-07-24 03:59:05,HEARTBEAT_RECEIVED,0,0
*** Trama sin '*CRC' reconocible. ***

=== Registro 567 (568/4081) ===

<-- Respuesta cruda: $CFG,BAD_CRC,LOGREAD,567,2026-07-24 04:00:00,SEND_OK,0,0
*** Trama sin '*CRC' reconocible. ***

=== Registro 568 (569/4081) ===

<-- Respuesta cruda: $CFG,BAD_CRC,LOGREAD,568,0000-00-213 116:00:00,SERVER_ACK,48,0
*** Trama sin '*CRC' reconocible. ***

=== Registro 569 (570/4081) ===

<-- Respuesta cruda: $CFG,ACK,LOGREAD,569,2026-07-24 04:00:08,HEARTBEAT_RECEIVED,0,0
*** Trama sin '*CRC' reconocible. ***

=== Registro 570 (571/4081) ===

<-- Respuesta cruda: $CFG,ACK,LOGREAD,570,2026-07-24 04:01:00,SEND_OK,0,0
*** Trama sin '*CRC' reconocible. ***

=== Registro 571 (572/4081) ===

<-- Respuesta cruda: $CFG,ACK,LOGREAD,571,2026-07-24 04:01:02,SERVER_ACK,48,0
*** Trama sin '*CRC' reconocible. ***

=== Registro 572 (573/4081) ===

<-- Respuesta cruda: $CFG,ACK,LOGREAD,572,2026-07-24 04:01:11,HEARTBEAT_RECEIVED,0,0
*** Trama sin '*CRC' reconocible. ***

=== Registro 573 (574/4081) ===

<-- Respuesta cruda: $CFG,ACK,LOGREAD,573,2026-07-24 04:02:00,SEND_OK,0,0
*** Trama sin '*CRC' reconocible. ***

=== Registro 574 (575/4081) ===

<-- Respuesta cruda: $CFG,BAD_CRC,LOGREAD,574,2026-07-24 04:02:01,SERVER_ACK,1140850736,0
*** Trama sin '*CRC' reconocible. ***

=== Registro 575 (576/4081) ===

<-- Respuesta cruda: $CFG,BAD_CRC,LOGREAD,575,0000-00-142 59:02:14,HEARTBEAT_RECEIVED,0,0
*** Trama sin '*CRC' reconocible. ***

=== Registro 576 (577/4081) ===

<-- Respuesta cruda: $CFG,ACK,LOGREAD,576,2026-07-24 04:03:00,SEND_OK,0,0
*** Trama sin '*CRC' reconocible. ***

=== Registro 577 (578/4081) ===

<-- Respuesta cruda: $CFG,ACK,LOGREAD,577,2026-07-24 04:03:01,SERVER_ACK,48,0
*** Trama sin '*CRC' reconocible. ***

=== Registro 578 (579/4081) ===

<-- Respuesta cruda: $CFG,ACK,LOGREAD,578,2026-07-24 04:03:17,HEARTBEAT_RECEIVED,0,0
*** Trama sin '*CRC' reconocible. ***

=== Registro 579 (580/4081) ===

<-- Respuesta cruda: $CFG,ACK,LOGREAD,579,2026-07-24 04:04:00,SEND_OK,0,0
*** Trama sin '*CRC' reconocible. ***

=== Registro 580 (581/4081) ===

<-- Respuesta cruda: $CFG,ACK,LOGREAD,580,2026-07-24 04:04:01,SERVER_ACK,48,0
*** Trama sin '*CRC' reconocible. ***

=== Registro 581 (582/4081) ===

<-- Respuesta cruda: $CFG,BAD_CRC,LOGREAD,581,2026-07-24 04:04:20,SIM_PIN_REQUIRED,906036996,0
*** Trama sin '*CRC' reconocible. ***

=== Registro 582 (583/4081) ===

<-- Respuesta cruda: $CFG,BAD_CRC,LOGREAD,582,0000-00-41 227:05:01,SEND_OK,0,0
*** Trama sin '*CRC' reconocible. ***

=== Registro 583 (584/4081) ===

<-- Respuesta cruda: $CFG,ACK,LOGREAD,583,2026-07-24 04:05:01,SERVER_ACK,48,0
*** Trama sin '*CRC' reconocible. ***

=== Registro 584 (585/4081) ===

<-- Respuesta cruda: $CFG,ACK,LOGREAD,584,2026-07-24 04:05:23,HEARTBEAT_RECEIVED,0,0
*** Trama sin '*CRC' reconocible. ***

=== Registro 585 (586/4081) ===

<-- Respuesta cruda: $CFG,ACK,LOGREAD,585,2026-07-24 04:06:01,SEND_OK,0,0
*** Trama sin '*CRC' reconocible. ***

=== Registro 586 (587/4081) ===

<-- Respuesta cruda: $CFG,ACK,LOGREAD,586,2026-07-24 04:06:01,SERVER_ACK,48,0
*** Trama sin '*CRC' reconocible. ***

=== Registro 587 (588/4081) ===

<-- Respuesta cruda: $CFG,ACK,LOGREAD,587,2026-07-24 04:06:26,HEARTBEAT_RECEIVED,0,0
*** Trama sin '*CRC' reconocible. ***

=== Registro 588 (589/4081) ===

<-- Respuesta cruda: $CFG,BAD_CRC,LOGREAD,588,2026-00-191 243:255:255,UNKNOWN,4294967295,4294967295
*** Trama sin '*CRC' reconocible. ***

=== Registro 589 (590/4081) ===

<-- Respuesta cruda: $CFG,ACK,LOGREAD,589,2026-07-24 04:07:01,SERVER_ACK,48,0
*** Trama sin '*CRC' reconocible. ***

=== Registro 590 (591/4081) ===

<-- Respuesta cruda: $CFG,ACK,LOGREAD,590,2026-07-24 04:07:29,HEARTBEAT_RECEIVED,0,0
*** Trama sin '*CRC' reconocible. ***

=== Registro 591 (592/4081) ===

<-- Respuesta cruda: $CFG,ACK,LOGREAD,591,2026-07-24 04:08:01,SEND_OK,0,0
*** Trama sin '*CRC' reconocible. ***

=== Registro 592 (593/4081) ===

<-- Respuesta cruda: $CFG,ACK,LOGREAD,592,2026-07-24 04:08:02,SERVER_ACK,48,0
*** Trama sin '*CRC' reconocible. ***

=== Registro 593 (594/4081) ===

<-- Respuesta cruda: $CFG,ACK,LOGREAD,593,2026-07-24 04:08:32,HEARTBEAT_RECEIVED,0,0
*** Trama sin '*CRC' reconocible. ***

=== Registro 594 (595/4081) ===

<-- Respuesta cruda: $CFG,BAD_CRC,LOGREAD,594,2026-07-24 04:09:01,SEND_OK,0,0
*** Trama sin '*CRC' reconocible. ***

=== Registro 595 (596/4081) ===

<-- Respuesta cruda: $CFG,BAD_CRC,LOGREAD,595,0000-00-242 20:09:02,SERVER_ACK,48,0
*** Trama sin '*CRC' reconocible. ***

=== Registro 596 (597/4081) ===

<-- Respuesta cruda: $CFG,ACK,LOGREAD,596,2026-07-24 04:09:35,HEARTBEAT_RECEIVED,0,0
*** Trama sin '*CRC' reconocible. ***

=== Registro 597 (598/4081) ===

<-- Respuesta cruda: $CFG,ACK,LOGREAD,597,2026-07-24 04:10:02,SEND_OK,0,0
*** Trama sin '*CRC' reconocible. ***

=== Registro 598 (599/4081) ===

<-- Respuesta cruda: $CFG,ACK,LOGREAD,598,2026-07-24 04:10:02,SERVER_ACK,48,0
*** Trama sin '*CRC' reconocible. ***

=== Registro 599 (600/4081) ===

<-- Respuesta cruda: $CFG,ACK,LOGREAD,599,2026-07-24 04:10:38,HEARTBEAT_RECEIVED,0,0
*** Trama sin '*CRC' reconocible. ***

=== Registro 600 (601/4081) ===

<-- Respuesta cruda: $CFG,ACK,LOGREAD,600,2026-07-24 04:11:02,SEND_OK,0,0
*** Trama sin '*CRC' reconocible. ***

=== Registro 601 (602/4081) ===

<-- Respuesta cruda: $CFG,BAD_CRC,LOGREAD,601,2026-07-24 04:11:02,SERVER_ACK,1143930928,0
*** Trama sin '*CRC' reconocible. ***

=== Registro 602 (603/4081) ===

<-- Respuesta cruda: $CFG,BAD_CRC,LOGREAD,602,0000-00-96 06:11:41,HEARTBEAT_RECEIVED,0,0
*** Trama sin '*CRC' reconocible. ***

=== Registro 603 (604/4081) ===

<-- Respuesta cruda: $CFG,ACK,LOGREAD,603,2026-07-24 04:12:01,SEND_OK,0,0
*** Trama sin '*CRC' reconocible. ***

=== Registro 604 (605/4081) ===

<-- Respuesta cruda: $CFG,ACK,LOGREAD,604,2026-07-24 04:12:02,SERVER_ACK,48,0
*** Trama sin '*CRC' reconocible. ***

=== Registro 605 (606/4081) ===

<-- Respuesta cruda: $CFG,ACK,LOGREAD,605,2026-07-24 04:12:44,HEARTBEAT_RECEIVED,0,0
*** Trama sin '*CRC' reconocible. ***

=== Registro 606 (607/4081) ===

<-- Respuesta cruda: $CFG,ACK,LOGREAD,606,2026-07-24 04:13:02,SEND_OK,0,0
*** Trama sin '*CRC' reconocible. ***

=== Registro 607 (608/4081) ===

<-- Respuesta cruda: $CFG,ACK,LOGREAD,607,2026-07-24 04:13:02,SERVER_ACK,48,0
*** Trama sin '*CRC' reconocible. ***

=== Registro 608 (609/4081) ===

<-- Respuesta cruda: $CFG,BAD_CRC,LOGREAD,608,2026-07-24 04:13:07,SIM_PIN_REQUIRED,906104836,0
*** Trama sin '*CRC' reconocible. ***

=== Registro 609 (610/4081) ===

<-- Respuesta cruda: $CFG,BAD_CRC,LOGREAD,609,0000-00-200 164:14:02,SEND_OK,0,0
*** Trama sin '*CRC' reconocible. ***

=== Registro 610 (611/4081) ===

<-- Respuesta cruda: $CFG,ACK,LOGREAD,610,2026-07-24 04:14:02,SERVER_ACK,48,0
*** Trama sin '*CRC' reconocible. ***

=== Registro 611 (612/4081) ===

<-- Respuesta cruda: $CFG,ACK,LOGREAD,611,2026-07-24 04:14:50,HEARTBEAT_RECEIVED,0,0
*** Trama sin '*CRC' reconocible. ***

=== Registro 612 (613/4081) ===

<-- Respuesta cruda: $CFG,ACK,LOGREAD,612,2026-07-24 04:15:02,SEND_OK,0,0
*** Trama sin '*CRC' reconocible. ***

=== Registro 613 (614/4081) ===

<-- Respuesta cruda: $CFG,ACK,LOGREAD,613,2026-07-24 04:15:02,SERVER_ACK,48,0
*** Trama sin '*CRC' reconocible. ***

=== Registro 614 (615/4081) ===

<-- Respuesta cruda: $CFG,ACK,LOGREAD,614,2026-07-24 04:15:53,HEARTBEAT_RECEIVED,0,0
*** Trama sin '*CRC' reconocible. ***

=== Registro 615 (616/4081) ===

<-- Respuesta cruda: $CFG,BAD_CRC,LOGREAD,615,0234-00-107 122:255:255,UNKNOWN,4294967295,4294967295
*** Trama sin '*CRC' reconocible. ***

=== Registro 616 (617/4081) ===

<-- Respuesta cruda: $CFG,ACK,LOGREAD,616,2026-07-24 04:16:03,SERVER_ACK,48,0
*** Trama sin '*CRC' reconocible. ***

=== Registro 617 (618/4081) ===

<-- Respuesta cruda: $CFG,ACK,LOGREAD,617,2026-07-24 04:16:56,HEARTBEAT_RECEIVED,0,0
*** Trama sin '*CRC' reconocible. ***

=== Registro 618 (619/4081) ===

<-- Respuesta cruda: $CFG,ACK,LOGREAD,618,2026-07-24 04:17:02,SEND_OK,0,0
*** Trama sin '*CRC' reconocible. ***

=== Registro 619 (620/4081) ===

<-- Respuesta cruda: $CFG,ACK,LOGREAD,619,2026-07-24 04:17:03,SERVER_ACK,48,0
*** Trama sin '*CRC' reconocible. ***

=== Registro 620 (621/4081) ===

<-- Respuesta cruda: $CFG,ACK,LOGREAD,620,2026-07-24 04:17:59,HEARTBEAT_RECEIVED,0,0
*** Trama sin '*CRC' reconocible. ***

=== Registro 621 (622/4081) ===

<-- Respuesta cruda: $CFG,BAD_CRC,LOGREAD,621,2026-07-24 04:18:03,SEND_OK,0,0
*** Trama sin '*CRC' reconocible. ***

=== Registro 622 (623/4081) ===

<-- Respuesta cruda: $CFG,BAD_CRC,LOGREAD,622,0000-00-170 129:18:03,SERVER_ACK,48,0
*** Trama sin '*CRC' reconocible. ***

=== Registro 623 (624/4081) ===

<-- Respuesta cruda: $CFG,ACK,LOGREAD,623,2026-07-24 04:19:02,HEARTBEAT_RECEIVED,0,0
*** Trama sin '*CRC' reconocible. ***

=== Registro 624 (625/4081) ===

<-- Respuesta cruda: $CFG,ACK,LOGREAD,624,2026-07-24 04:19:03,SEND_OK,0,0
*** Trama sin '*CRC' reconocible. ***

=== Registro 625 (626/4081) ===

<-- Respuesta cruda: $CFG,ACK,LOGREAD,625,2026-07-24 04:19:03,SERVER_ACK,48,0
*** Trama sin '*CRC' reconocible. ***

=== Registro 626 (627/4081) ===

<-- Respuesta cruda: $CFG,ACK,LOGREAD,626,2026-07-24 04:20:03,SEND_OK,0,0
*** Trama sin '*CRC' reconocible. ***

=== Registro 627 (628/4081) ===

<-- Respuesta cruda: $CFG,ACK,LOGREAD,627,2026-07-24 04:20:03,SERVER_ACK,48,0
*** Trama sin '*CRC' reconocible. ***

=== Registro 628 (629/4081) ===

<-- Respuesta cruda: $CFG,BAD_CRC,LOGREAD,628,2026-07-24 04:20:05,HEARTBEAT_RECEIVED,906237696,0
*** Trama sin '*CRC' reconocible. ***

=== Registro 629 (630/4081) ===

<-- Respuesta cruda: $CFG,BAD_CRC,LOGREAD,629,0000-00-119 93:21:03,SEND_OK,0,0
*** Trama sin '*CRC' reconocible. ***

=== Registro 630 (631/4081) ===

<-- Respuesta cruda: $CFG,ACK,LOGREAD,630,2026-07-24 04:21:04,SERVER_ACK,48,0
*** Trama sin '*CRC' reconocible. ***

=== Registro 631 (632/4081) ===

<-- Respuesta cruda: $CFG,ACK,LOGREAD,631,2026-07-24 04:21:08,HEARTBEAT_RECEIVED,0,0
*** Trama sin '*CRC' reconocible. ***

=== Registro 632 (633/4081) ===

<-- Respuesta cruda: $CFG,ACK,LOGREAD,632,2026-07-24 04:22:03,SEND_OK,0,0
*** Trama sin '*CRC' reconocible. ***

=== Registro 633 (634/4081) ===

<-- Respuesta cruda: $CFG,ACK,LOGREAD,633,2026-07-24 04:22:04,SERVER_ACK,48,0
*** Trama sin '*CRC' reconocible. ***

=== Registro 634 (635/4081) ===

<-- Respuesta cruda: $CFG,ACK,LOGREAD,634,2026-07-24 04:22:11,HEARTBEAT_RECEIVED,0,0
*** Trama sin '*CRC' reconocible. ***

=== Registro 635 (636/4081) ===

<-- Respuesta cruda: $CFG,BAD_CRC,LOGREAD,635,2026-07-24 04:255:255,UNKNOWN,4294967295,4294967295
*** Trama sin '*CRC' reconocible. ***

=== Registro 636 (637/4081) ===

<-- Respuesta cruda: $CFG,ACK,LOGREAD,636,2026-07-24 04:23:04,SERVER_ACK,48,0
*** Trama sin '*CRC' reconocible. ***

=== Registro 637 (638/4081) ===

<-- Respuesta cruda: $CFG,ACK,LOGREAD,637,2026-07-24 04:23:14,HEARTBEAT_RECEIVED,0,0
*** Trama sin '*CRC' reconocible. ***

=== Registro 638 (639/4081) ===

<-- Respuesta cruda: $CFG,ACK,LOGREAD,638,2026-07-24 04:24:04,SEND_OK,0,0
*** Trama sin '*CRC' reconocible. ***

=== Registro 639 (640/4081) ===

<-- Respuesta cruda: $CFG,ACK,LOGREAD,639,2026-07-24 04:24:04,SERVER_ACK,48,0
*** Trama sin '*CRC' reconocible. ***

=== Registro 640 (641/4081) ===

<-- Respuesta cruda: $CFG,ACK,LOGREAD,640,2026-07-24 04:24:17,HEARTBEAT_RECEIVED,0,0
*** Trama sin '*CRC' reconocible. ***

=== Registro 641 (642/4081) ===

<-- Respuesta cruda: $CFG,ACK,LOGREAD,641,2026-07-24 04:25:04,SEND_OK,0,0
*** Trama sin '*CRC' reconocible. ***

=== Registro 642 (643/4081) ===

<-- Respuesta cruda: $CFG,BAD_CRC,LOGREAD,642,0000-00-31 10:25:04,SERVER_ACK,48,0
*** Trama sin '*CRC' reconocible. ***

=== Registro 643 (644/4081) ===

<-- Respuesta cruda: $CFG,ACK,LOGREAD,643,2026-07-24 04:25:20,HEARTBEAT_RECEIVED,0,0
*** Trama sin '*CRC' reconocible. ***

=== Registro 644 (645/4081) ===

<-- Respuesta cruda: $CFG,ACK,LOGREAD,644,2026-07-24 04:26:04,SEND_OK,0,0
*** Trama sin '*CRC' reconocible. ***

=== Registro 645 (646/4081) ===

<-- Respuesta cruda: $CFG,ACK,LOGREAD,645,2026-07-24 04:26:05,SERVER_ACK,48,0
*** Trama sin '*CRC' reconocible. ***

=== Registro 646 (647/4081) ===

<-- Respuesta cruda: $CFG,ACK,LOGREAD,646,2026-07-24 04:26:23,HEARTBEAT_RECEIVED,0,0
*** Trama sin '*CRC' reconocible. ***

=== Registro 647 (648/4081) ===

<-- Respuesta cruda: $CFG,ACK,LOGREAD,647,2026-07-24 04:27:05,SEND_OK,0,0
*** Trama sin '*CRC' reconocible. ***

=== Registro 648 (649/4081) ===

<-- Respuesta cruda: $CFG,BAD_CRC,LOGREAD,648,2026-07-24 04:27:05,SERVER_ACK,48,0
*** Trama sin '*CRC' reconocible. ***

=== Registro 649 (650/4081) ===

<-- Respuesta cruda: $CFG,BAD_CRC,LOGREAD,649,0000-00-03 186:27:26,HEARTBEAT_RECEIVED,0,0
*** Trama sin '*CRC' reconocible. ***

=== Registro 650 (651/4081) ===

<-- Respuesta cruda: $CFG,ACK,LOGREAD,650,2026-07-24 04:28:05,SEND_OK,0,0
*** Trama sin '*CRC' reconocible. ***

=== Registro 651 (652/4081) ===

<-- Respuesta cruda: $CFG,ACK,LOGREAD,651,2026-07-24 04:28:05,SERVER_ACK,48,0
*** Trama sin '*CRC' reconocible. ***

=== Registro 652 (653/4081) ===

<-- Respuesta cruda: $CFG,ACK,LOGREAD,652,2026-07-24 04:28:29,HEARTBEAT_RECEIVED,0,0
*** Trama sin '*CRC' reconocible. ***

=== Registro 653 (654/4081) ===

<-- Respuesta cruda: $CFG,ACK,LOGREAD,653,2026-07-24 04:29:05,SEND_OK,0,0
*** Trama sin '*CRC' reconocible. ***

=== Registro 654 (655/4081) ===

<-- Respuesta cruda: $CFG,ACK,LOGREAD,654,2026-07-24 04:29:05,SERVER_ACK,48,0
*** Trama sin '*CRC' reconocible. ***

=== Registro 655 (656/4081) ===

<-- Respuesta cruda: $CFG,BAD_CRC,LOGREAD,655,2026-07-24 04:29:32,HEARTBEAT_RECEIVED,906371076,0
*** Trama sin '*CRC' reconocible. ***

=== Registro 656 (657/4081) ===

<-- Respuesta cruda: $CFG,BAD_CRC,LOGREAD,656,0000-00-127 172:30:05,SEND_OK,0,0
*** Trama sin '*CRC' reconocible. ***

=== Registro 657 (658/4081) ===

<-- Respuesta cruda: $CFG,ACK,LOGREAD,657,2026-07-24 04:30:06,SERVER_ACK,48,0
*** Trama sin '*CRC' reconocible. ***

=== Registro 658 (659/4081) ===

<-- Respuesta cruda: $CFG,ACK,LOGREAD,658,2026-07-24 04:30:35,HEARTBEAT_RECEIVED,0,0
*** Trama sin '*CRC' reconocible. ***

=== Registro 659 (660/4081) ===

<-- Respuesta cruda: $CFG,ACK,LOGREAD,659,2026-07-24 04:31:05,SEND_OK,0,0
*** Trama sin '*CRC' reconocible. ***

=== Registro 660 (661/4081) ===

<-- Respuesta cruda: $CFG,ACK,LOGREAD,660,2026-07-24 04:31:06,SERVER_ACK,48,0
*** Trama sin '*CRC' reconocible. ***

=== Registro 661 (662/4081) ===

<-- Respuesta cruda: $CFG,ACK,LOGREAD,661,2026-07-24 04:31:38,HEARTBEAT_RECEIVED,0,0
*** Trama sin '*CRC' reconocible. ***

=== Registro 662 (663/4081) ===

<-- Respuesta cruda: $CFG,BAD_CRC,LOGREAD,662,2026-07-24 170:255:255,UNKNOWN,4294967295,4294967295
*** Trama sin '*CRC' reconocible. ***

=== Registro 663 (664/4081) ===

<-- Respuesta cruda: $CFG,ACK,LOGREAD,663,2026-07-24 04:32:06,SERVER_ACK,48,0
*** Trama sin '*CRC' reconocible. ***

=== Registro 664 (665/4081) ===

<-- Respuesta cruda: $CFG,ACK,LOGREAD,664,2026-07-24 04:32:41,HEARTBEAT_RECEIVED,0,0
*** Trama sin '*CRC' reconocible. ***

=== Registro 665 (666/4081) ===

<-- Respuesta cruda: $CFG,ACK,LOGREAD,665,2026-07-24 04:33:06,SEND_OK,0,0
*** Trama sin '*CRC' reconocible. ***

=== Registro 666 (667/4081) ===

<-- Respuesta cruda: $CFG,ACK,LOGREAD,666,2026-07-24 04:33:06,SERVER_ACK,48,0
*** Trama sin '*CRC' reconocible. ***

=== Registro 667 (668/4081) ===

<-- Respuesta cruda: $CFG,ACK,LOGREAD,667,2026-07-24 04:33:44,HEARTBEAT_RECEIVED,0,0
*** Trama sin '*CRC' reconocible. ***

=== Registro 668 (669/4081) ===

<-- Respuesta cruda: $CFG,BAD_CRC,LOGREAD,668,2026-07-24 04:34:06,SEND_OK,0,0
*** Trama sin '*CRC' reconocible. ***

=== Registro 669 (670/4081) ===

<-- Respuesta cruda: $CFG,BAD_CRC,LOGREAD,669,0000-00-191 224:34:06,SERVER_ACK,48,0
*** Trama sin '*CRC' reconocible. ***

=== Registro 670 (671/4081) ===

<-- Respuesta cruda: $CFG,ACK,LOGREAD,670,2026-07-24 04:34:47,HEARTBEAT_RECEIVED,0,0
*** Trama sin '*CRC' reconocible. ***

=== Registro 671 (672/4081) ===

<-- Respuesta cruda: $CFG,ACK,LOGREAD,671,2026-07-24 04:35:06,SEND_OK,0,0
*** Trama sin '*CRC' reconocible. ***

=== Registro 672 (673/4081) ===

<-- Respuesta cruda: $CFG,ACK,LOGREAD,672,2026-07-24 04:35:07,SERVER_ACK,48,0
*** Trama sin '*CRC' reconocible. ***

=== Registro 673 (674/4081) ===

<-- Respuesta cruda: $CFG,ACK,LOGREAD,673,2026-07-24 04:35:50,HEARTBEAT_RECEIVED,0,0
*** Trama sin '*CRC' reconocible. ***

=== Registro 674 (675/4081) ===

<-- Respuesta cruda: $CFG,ACK,LOGREAD,674,2026-07-24 04:36:06,SEND_OK,0,0
*** Trama sin '*CRC' reconocible. ***

=== Registro 675 (676/4081) ===

<-- Respuesta cruda: $CFG,BAD_CRC,LOGREAD,675,2026-07-24 04:36:07,SERVER_ACK,48,0
*** Trama sin '*CRC' reconocible. ***

=== Registro 676 (677/4081) ===

<-- Respuesta cruda: $CFG,BAD_CRC,LOGREAD,676,0000-00-141 114:36:53,HEARTBEAT_RECEIVED,0,0
*** Trama sin '*CRC' reconocible. ***

=== Registro 677 (678/4081) ===

<-- Respuesta cruda: $CFG,ACK,LOGREAD,677,2026-07-24 04:37:07,SEND_OK,0,0
*** Trama sin '*CRC' reconocible. ***

=== Registro 678 (679/4081) ===

<-- Respuesta cruda: $CFG,ACK,LOGREAD,678,2026-07-24 04:37:07,SERVER_ACK,48,0
*** Trama sin '*CRC' reconocible. ***

=== Registro 679 (680/4081) ===

<-- Respuesta cruda: $CFG,ACK,LOGREAD,679,2026-07-24 04:37:56,HEARTBEAT_RECEIVED,0,0
*** Trama sin '*CRC' reconocible. ***

=== Registro 680 (681/4081) ===

<-- Respuesta cruda: $CFG,ACK,LOGREAD,680,2026-07-24 04:38:07,SEND_OK,0,0
*** Trama sin '*CRC' reconocible. ***

=== Registro 681 (682/4081) ===

<-- Respuesta cruda: $CFG,ACK,LOGREAD,681,2026-07-24 04:38:07,SERVER_ACK,48,0
*** Trama sin '*CRC' reconocible. ***

=== Registro 682 (683/4081) ===

<-- Respuesta cruda: $CFG,BAD_CRC,LOGREAD,682,2026-07-24 04:38:59,HEARTBEAT_RECEIVED,906504452,0
*** Trama sin '*CRC' reconocible. ***

=== Registro 683 (684/4081) ===

<-- Respuesta cruda: $CFG,BAD_CRC,LOGREAD,683,0000-00-216 231:39:07,SEND_OK,0,0
*** Trama sin '*CRC' reconocible. ***

=== Registro 684 (685/4081) ===

<-- Respuesta cruda: $CFG,ACK,LOGREAD,684,2026-07-24 04:39:07,SERVER_ACK,48,0
*** Trama sin '*CRC' reconocible. ***

=== Registro 685 (686/4081) ===

<-- Respuesta cruda: $CFG,ACK,LOGREAD,685,2026-07-24 04:40:02,HEARTBEAT_RECEIVED,0,0
*** Trama sin '*CRC' reconocible. ***

=== Registro 686 (687/4081) ===

<-- Respuesta cruda: $CFG,ACK,LOGREAD,686,2026-07-24 04:40:07,SEND_OK,0,0
*** Trama sin '*CRC' reconocible. ***

=== Registro 687 (688/4081) ===

<-- Respuesta cruda: $CFG,ACK,LOGREAD,687,2026-07-24 04:40:08,SERVER_ACK,48,0
*** Trama sin '*CRC' reconocible. ***

=== Registro 688 (689/4081) ===

<-- Respuesta cruda: $CFG,ACK,LOGREAD,688,2026-07-24 04:41:05,HEARTBEAT_RECEIVED,0,0
*** Trama sin '*CRC' reconocible. ***

=== Registro 689 (690/4081) ===

<-- Respuesta cruda: $CFG,BAD_CRC,LOGREAD,689,2026-07-111 120:255:255,UNKNOWN,4294967295,4294967295
*** Trama sin '*CRC' reconocible. ***

=== Registro 690 (691/4081) ===

<-- Respuesta cruda: $CFG,ACK,LOGREAD,690,2026-07-24 04:41:08,SERVER_ACK,48,0
*** Trama sin '*CRC' reconocible. ***

=== Registro 691 (692/4081) ===

<-- Respuesta cruda: $CFG,ACK,LOGREAD,691,2026-07-24 04:42:08,SEND_OK,0,0
*** Trama sin '*CRC' reconocible. ***

=== Registro 692 (693/4081) ===

<-- Respuesta cruda: $CFG,ACK,LOGREAD,692,2026-07-24 04:42:08,HEARTBEAT_RECEIVED,0,0
*** Trama sin '*CRC' reconocible. ***

=== Registro 693 (694/4081) ===

<-- Respuesta cruda: $CFG,ACK,LOGREAD,693,2026-07-24 04:42:08,SERVER_ACK,48,0
*** Trama sin '*CRC' reconocible. ***

=== Registro 694 (695/4081) ===

<-- Respuesta cruda: $CFG,ACK,LOGREAD,694,2026-07-24 04:43:08,SEND_OK,0,0
*** Trama sin '*CRC' reconocible. ***

=== Registro 695 (696/4081) ===

<-- Respuesta cruda: $CFG,BAD_CRC,LOGREAD,695,2026-07-24 04:43:08,SERVER_ACK,48,0
*** Trama sin '*CRC' reconocible. ***

=== Registro 696 (697/4081) ===

<-- Respuesta cruda: $CFG,BAD_CRC,LOGREAD,696,0000-00-253 196:43:11,HEARTBEAT_RECEIVED,0,0
*** Trama sin '*CRC' reconocible. ***

=== Registro 697 (698/4081) ===

<-- Respuesta cruda: $CFG,ACK,LOGREAD,697,2026-07-24 04:44:08,SEND_OK,0,0
*** Trama sin '*CRC' reconocible. ***

=== Registro 698 (699/4081) ===

<-- Respuesta cruda: $CFG,ACK,LOGREAD,698,2026-07-24 04:44:09,SERVER_ACK,48,0
*** Trama sin '*CRC' reconocible. ***

=== Registro 699 (700/4081) ===

<-- Respuesta cruda: $CFG,ACK,LOGREAD,699,2026-07-24 04:44:14,HEARTBEAT_RECEIVED,0,0
*** Trama sin '*CRC' reconocible. ***

=== Registro 700 (701/4081) ===

<-- Respuesta cruda: $CFG,ACK,LOGREAD,700,2026-07-24 04:45:08,SEND_OK,0,0
*** Trama sin '*CRC' reconocible. ***

=== Registro 701 (702/4081) ===

<-- Respuesta cruda: $CFG,ACK,LOGREAD,701,2026-07-24 04:45:09,SERVER_ACK,48,0
*** Trama sin '*CRC' reconocible. ***

=== Registro 702 (703/4081) ===

<-- Respuesta cruda: $CFG,BAD_CRC,LOGREAD,702,2026-07-24 04:45:17,HEARTBEAT_RECEIVED,905969664,0
*** Trama sin '*CRC' reconocible. ***

=== Registro 703 (704/4081) ===

<-- Respuesta cruda: $CFG,BAD_CRC,LOGREAD,703,0000-00-28 16:46:09,SEND_OK,0,0
*** Trama sin '*CRC' reconocible. ***

=== Registro 704 (705/4081) ===

<-- Respuesta cruda: $CFG,ACK,LOGREAD,704,2026-07-24 04:46:09,SERVER_ACK,48,0
*** Trama sin '*CRC' reconocible. ***

=== Registro 705 (706/4081) ===

<-- Respuesta cruda: $CFG,ACK,LOGREAD,705,2026-07-24 04:46:20,HEARTBEAT_RECEIVED,0,0
*** Trama sin '*CRC' reconocible. ***

=== Registro 706 (707/4081) ===

<-- Respuesta cruda: $CFG,ACK,LOGREAD,706,2026-07-24 04:47:09,SEND_OK,0,0
*** Trama sin '*CRC' reconocible. ***

=== Registro 707 (708/4081) ===

<-- Respuesta cruda: $CFG,ACK,LOGREAD,707,2026-07-24 04:47:09,SERVER_ACK,48,0
*** Trama sin '*CRC' reconocible. ***

=== Registro 708 (709/4081) ===

<-- Respuesta cruda: $CFG,ACK,LOGREAD,708,2026-07-24 04:47:23,HEARTBEAT_RECEIVED,0,0
*** Trama sin '*CRC' reconocible. ***

=== Registro 709 (710/4081) ===

<-- Respuesta cruda: $CFG,BAD_CRC,LOGREAD,709,2026-07-24 04:48:09,SIM_PIN_REQUIRED,1175073284,12288
*** Trama sin '*CRC' reconocible. ***

=== Registro 710 (711/4081) ===

<-- Respuesta cruda: $CFG,BAD_CRC,LOGREAD,710,0000-00-81 247:48:10,SERVER_ACK,48,0
*** Trama sin '*CRC' reconocible. ***

=== Registro 711 (712/4081) ===

<-- Respuesta cruda: $CFG,ACK,LOGREAD,711,2026-07-24 04:48:26,HEARTBEAT_RECEIVED,0,0
*** Trama sin '*CRC' reconocible. ***

=== Registro 712 (713/4081) ===

<-- Respuesta cruda: $CFG,ACK,LOGREAD,712,2026-07-24 04:49:09,SEND_OK,0,0
*** Trama sin '*CRC' reconocible. ***

=== Registro 713 (714/4081) ===

<-- Respuesta cruda: $CFG,ACK,LOGREAD,713,2026-07-24 04:49:10,SERVER_ACK,48,0
*** Trama sin '*CRC' reconocible. ***

=== Registro 714 (715/4081) ===

<-- Respuesta cruda: $CFG,ACK,LOGREAD,714,2026-07-24 04:49:29,HEARTBEAT_RECEIVED,0,0
*** Trama sin '*CRC' reconocible. ***

=== Registro 715 (716/4081) ===

<-- Respuesta cruda: $CFG,ACK,LOGREAD,715,2026-07-24 04:50:09,SEND_OK,0,0
*** Trama sin '*CRC' reconocible. ***

=== Registro 716 (717/4081) ===

<-- Respuesta cruda: $CFG,BAD_CRC,LOGREAD,716,2026-00-38 36:255:255,UNKNOWN,4294967295,4294967295
*** Trama sin '*CRC' reconocible. ***

=== Registro 717 (718/4081) ===

<-- Respuesta cruda: $CFG,ACK,LOGREAD,717,2026-07-24 04:50:32,HEARTBEAT_RECEIVED,0,0
*** Trama sin '*CRC' reconocible. ***

=== Registro 718 (719/4081) ===

<-- Respuesta cruda: $CFG,ACK,LOGREAD,718,2026-07-24 04:51:10,SEND_OK,0,0
*** Trama sin '*CRC' reconocible. ***

=== Registro 719 (720/4081) ===

<-- Respuesta cruda: $CFG,ACK,LOGREAD,719,2026-07-24 04:51:10,SERVER_ACK,48,0
*** Trama sin '*CRC' reconocible. ***

=== Registro 720 (721/4081) ===

<-- Respuesta cruda: $CFG,ACK,LOGREAD,720,2026-07-24 04:51:35,HEARTBEAT_RECEIVED,0,0
*** Trama sin '*CRC' reconocible. ***

=== Registro 721 (722/4081) ===

<-- Respuesta cruda: $CFG,ACK,LOGREAD,721,2026-07-24 04:52:10,SEND_OK,0,0
*** Trama sin '*CRC' reconocible. ***

=== Registro 722 (723/4081) ===

<-- Respuesta cruda: $CFG,BAD_CRC,LOGREAD,722,2026-07-24 04:52:11,SERVER_ACK,48,0
*** Trama sin '*CRC' reconocible. ***

=== Registro 723 (724/4081) ===

<-- Respuesta cruda: $CFG,BAD_CRC,LOGREAD,723,0000-00-93 57:52:38,HEARTBEAT_RECEIVED,0,0
*** Trama sin '*CRC' reconocible. ***

=== Registro 724 (725/4081) ===

<-- Respuesta cruda: $CFG,ACK,LOGREAD,724,2026-07-24 04:53:10,SEND_OK,0,0
*** Trama sin '*CRC' reconocible. ***

=== Registro 725 (726/4081) ===

<-- Respuesta cruda: $CFG,ACK,LOGREAD,725,2026-07-24 04:53:10,SERVER_ACK,48,0
*** Trama sin '*CRC' reconocible. ***

=== Registro 726 (727/4081) ===

<-- Respuesta cruda: $CFG,ACK,LOGREAD,726,2026-07-24 04:53:41,HEARTBEAT_RECEIVED,0,0
*** Trama sin '*CRC' reconocible. ***

=== Registro 727 (728/4081) ===

<-- Respuesta cruda: $CFG,ACK,LOGREAD,727,2026-07-24 04:54:10,SEND_OK,0,0
*** Trama sin '*CRC' reconocible. ***

=== Registro 728 (729/4081) ===

<-- Respuesta cruda: $CFG,ACK,LOGREAD,728,2026-07-24 04:54:11,SERVER_ACK,48,0
*** Trama sin '*CRC' reconocible. ***

=== Registro 729 (730/4081) ===

<-- Respuesta cruda: $CFG,BAD_CRC,LOGREAD,729,2026-07-24 04:54:44,HEARTBEAT_RECEIVED,1127874560,0
*** Trama sin '*CRC' reconocible. ***

=== Registro 730 (731/4081) ===

<-- Respuesta cruda: $CFG,BAD_CRC,LOGREAD,730,0000-00-248 145:55:11,SEND_OK,0,0
*** Trama sin '*CRC' reconocible. ***

=== Registro 731 (732/4081) ===

<-- Respuesta cruda: $CFG,ACK,LOGREAD,731,2026-07-24 04:55:11,SERVER_ACK,48,0
*** Trama sin '*CRC' reconocible. ***

=== Registro 732 (733/4081) ===

<-- Respuesta cruda: $CFG,ACK,LOGREAD,732,2026-07-24 04:55:47,HEARTBEAT_RECEIVED,0,0
*** Trama sin '*CRC' reconocible. ***

=== Registro 733 (734/4081) ===

<-- Respuesta cruda: $CFG,ACK,LOGREAD,733,2026-07-24 04:56:11,SEND_OK,0,0
*** Trama sin '*CRC' reconocible. ***

=== Registro 734 (735/4081) ===

<-- Respuesta cruda: $CFG,ACK,LOGREAD,734,2026-07-24 04:56:11,SERVER_ACK,48,0
*** Trama sin '*CRC' reconocible. ***

=== Registro 735 (736/4081) ===

<-- Respuesta cruda: $CFG,ACK,LOGREAD,735,2026-07-24 04:56:50,HEARTBEAT_RECEIVED,0,0
*** Trama sin '*CRC' reconocible. ***

=== Registro 736 (737/4081) ===

<-- Respuesta cruda: $CFG,BAD_CRC,LOGREAD,736,2026-07-24 04:56:07,SIM_PIN_REQUIRED,1174419716,0
*** Trama sin '*CRC' reconocible. ***

=== Registro 737 (738/4081) ===

<-- Respuesta cruda: $CFG,BAD_CRC,LOGREAD,737,0000-00-135 173:56:58,SEND_OK,0,0
*** Trama sin '*CRC' reconocible. ***

=== Registro 738 (739/4081) ===

<-- Respuesta cruda: $CFG,ACK,LOGREAD,738,2026-07-24 04:56:58,SERVER_ACK,48,0
*** Trama sin '*CRC' reconocible. ***

=== Registro 739 (740/4081) ===

<-- Respuesta cruda: $CFG,ACK,LOGREAD,739,2026-07-24 04:56:58,SERVER_ACK,0,0
*** Trama sin '*CRC' reconocible. ***

=== Registro 740 (741/4081) ===

<-- Respuesta cruda: $CFG,ACK,LOGREAD,740,2026-07-24 04:56:59,CID_RECEIVED,0,0
*** Trama sin '*CRC' reconocible. ***

=== Registro 741 (742/4081) ===

<-- Respuesta cruda: $CFG,ACK,LOGREAD,741,2026-07-24 04:57:00,SEND_OK,0,0
*** Trama sin '*CRC' reconocible. ***

=== Registro 742 (743/4081) ===

<-- Respuesta cruda: $CFG,ACK,LOGREAD,742,2026-07-24 04:57:00,SERVER_ACK,48,0
*** Trama sin '*CRC' reconocible. ***

=== Registro 743 (744/4081) ===

<-- Respuesta cruda: $CFG,BAD_CRC,LOGREAD,743,0234-00-19 132:255:255,UNKNOWN,4294967295,4294967295
*** Trama sin '*CRC' reconocible. ***

=== Registro 744 (745/4081) ===

<-- Respuesta cruda: $CFG,ACK,LOGREAD,744,2026-07-24 04:58:00,SEND_OK,0,0
*** Trama sin '*CRC' reconocible. ***

=== Registro 745 (746/4081) ===

<-- Respuesta cruda: $CFG,ACK,LOGREAD,745,2026-07-24 04:58:01,SERVER_ACK,48,0
*** Trama sin '*CRC' reconocible. ***

=== Registro 746 (747/4081) ===

<-- Respuesta cruda: $CFG,ACK,LOGREAD,746,2026-07-24 04:58:03,HEARTBEAT_RECEIVED,0,0
*** Trama sin '*CRC' reconocible. ***

=== Registro 747 (748/4081) ===

<-- Respuesta cruda: $CFG,ACK,LOGREAD,747,2026-07-24 04:59:00,SEND_OK,0,0
*** Trama sin '*CRC' reconocible. ***

=== Registro 748 (749/4081) ===

<-- Respuesta cruda: $CFG,ACK,LOGREAD,748,2026-07-24 04:59:01,SERVER_ACK,48,0
*** Trama sin '*CRC' reconocible. ***

=== Registro 749 (750/4081) ===

<-- Respuesta cruda: $CFG,BAD_CRC,LOGREAD,749,2026-07-24 04:59:06,HEARTBEAT_RECEIVED,0,0
*** Trama sin '*CRC' reconocible. ***

=== Registro 750 (751/4081) ===

<-- Respuesta cruda: $CFG,BAD_CRC,LOGREAD,750,0000-00-235 168:00:01,SEND_OK,0,0
*** Trama sin '*CRC' reconocible. ***

=== Registro 751 (752/4081) ===

<-- Respuesta cruda: $CFG,ACK,LOGREAD,751,2026-07-24 05:00:01,SERVER_ACK,48,0
*** Trama sin '*CRC' reconocible. ***

=== Registro 752 (753/4081) ===

<-- Respuesta cruda: $CFG,ACK,LOGREAD,752,2026-07-24 05:00:09,HEARTBEAT_RECEIVED,0,0
*** Trama sin '*CRC' reconocible. ***

=== Registro 753 (754/4081) ===

<-- Respuesta cruda: $CFG,ACK,LOGREAD,753,2026-07-24 05:01:01,SEND_OK,0,0
*** Trama sin '*CRC' reconocible. ***

=== Registro 754 (755/4081) ===

<-- Respuesta cruda: $CFG,ACK,LOGREAD,754,2026-07-24 05:01:01,SERVER_ACK,48,0
*** Trama sin '*CRC' reconocible. ***

=== Registro 755 (756/4081) ===

<-- Respuesta cruda: $CFG,ACK,LOGREAD,755,2026-07-24 05:01:12,HEARTBEAT_RECEIVED,0,0
*** Trama sin '*CRC' reconocible. ***

=== Registro 756 (757/4081) ===

<-- Respuesta cruda: $CFG,BAD_CRC,LOGREAD,756,2026-07-24 05:02:01,SEND_OK,1174537216,12288
*** Trama sin '*CRC' reconocible. ***

=== Registro 757 (758/4081) ===

<-- Respuesta cruda: $CFG,BAD_CRC,LOGREAD,757,0000-00-114 66:02:02,SERVER_ACK,48,0
*** Trama sin '*CRC' reconocible. ***

=== Registro 758 (759/4081) ===

<-- Respuesta cruda: $CFG,ACK,LOGREAD,758,2026-07-24 05:02:15,HEARTBEAT_RECEIVED,0,0
*** Trama sin '*CRC' reconocible. ***

=== Registro 759 (760/4081) ===

<-- Respuesta cruda: $CFG,ACK,LOGREAD,759,2026-07-24 05:03:01,SEND_OK,0,0
*** Trama sin '*CRC' reconocible. ***

=== Registro 760 (761/4081) ===

<-- Respuesta cruda: $CFG,ACK,LOGREAD,760,2026-07-24 05:03:02,SERVER_ACK,48,0
*** Trama sin '*CRC' reconocible. ***

=== Registro 761 (762/4081) ===

<-- Respuesta cruda: $CFG,ACK,LOGREAD,761,2026-07-24 05:03:18,HEARTBEAT_RECEIVED,0,0
*** Trama sin '*CRC' reconocible. ***

=== Registro 762 (763/4081) ===

<-- Respuesta cruda: $CFG,ACK,LOGREAD,762,2026-07-24 05:04:01,SEND_OK,0,0
*** Trama sin '*CRC' reconocible. ***

=== Registro 763 (764/4081) ===

<-- Respuesta cruda: $CFG,BAD_CRC,LOGREAD,763,2026-07-24 05:255:255,UNKNOWN,4294967295,4294967295
*** Trama sin '*CRC' reconocible. ***

=== Registro 764 (765/4081) ===

<-- Respuesta cruda: $CFG,ACK,LOGREAD,764,2026-07-24 05:04:21,HEARTBEAT_RECEIVED,0,0
*** Trama sin '*CRC' reconocible. ***

=== Registro 765 (766/4081) ===

<-- Respuesta cruda: $CFG,ACK,LOGREAD,765,2026-07-24 05:05:02,SEND_OK,0,0
*** Trama sin '*CRC' reconocible. ***

=== Registro 766 (767/4081) ===

<-- Respuesta cruda: $CFG,ACK,LOGREAD,766,2026-07-24 05:05:02,SERVER_ACK,48,0
*** Trama sin '*CRC' reconocible. ***

=== Registro 767 (768/4081) ===

<-- Respuesta cruda: $CFG,ACK,LOGREAD,767,2026-07-24 05:05:24,HEARTBEAT_RECEIVED,0,0
*** Trama sin '*CRC' reconocible. ***

=== Registro 768 (769/4081) ===

<-- Respuesta cruda: $CFG,ACK,LOGREAD,768,2026-07-24 05:06:02,SEND_OK,0,0
*** Trama sin '*CRC' reconocible. ***

=== Registro 769 (770/4081) ===

<-- Respuesta cruda: $CFG,ACK,LOGREAD,769,2026-07-24 05:06:02,SERVER_ACK,48,0
*** Trama sin '*CRC' reconocible. ***

=== Registro 770 (771/4081) ===

<-- Respuesta cruda: $CFG,BAD_CRC,LOGREAD,770,0000-00-216 30:06:27,HEARTBEAT_RECEIVED,0,0
*** Trama sin '*CRC' reconocible. ***

=== Registro 771 (772/4081) ===

<-- Respuesta cruda: $CFG,ACK,LOGREAD,771,2026-07-24 05:07:02,SEND_OK,0,0
*** Trama sin '*CRC' reconocible. ***

=== Registro 772 (773/4081) ===

<-- Respuesta cruda: $CFG,ACK,LOGREAD,772,2026-07-24 05:07:03,SERVER_ACK,48,0
*** Trama sin '*CRC' reconocible. ***

=== Registro 773 (774/4081) ===

<-- Respuesta cruda: $CFG,ACK,LOGREAD,773,2026-07-24 05:07:30,HEARTBEAT_RECEIVED,0,0
*** Trama sin '*CRC' reconocible. ***

=== Registro 774 (775/4081) ===

<-- Respuesta cruda: $CFG,ACK,LOGREAD,774,2026-07-24 05:08:02,SEND_OK,0,0
*** Trama sin '*CRC' reconocible. ***

=== Registro 775 (776/4081) ===

<-- Respuesta cruda: $CFG,ACK,LOGREAD,775,2026-07-24 05:08:03,SERVER_ACK,48,0
*** Trama sin '*CRC' reconocible. ***

=== Registro 776 (777/4081) ===

<-- Respuesta cruda: $CFG,BAD_CRC,LOGREAD,776,2026-07-24 05:08:33,HEARTBEAT_RECEIVED,0,0
*** Trama sin '*CRC' reconocible. ***

=== Registro 777 (778/4081) ===

<-- Respuesta cruda: $CFG,BAD_CRC,LOGREAD,777,0000-00-133 16:09:02,SEND_OK,0,0
*** Trama sin '*CRC' reconocible. ***

=== Registro 778 (779/4081) ===

<-- Respuesta cruda: $CFG,ACK,LOGREAD,778,2026-07-24 05:09:03,SERVER_ACK,48,0
*** Trama sin '*CRC' reconocible. ***

=== Registro 779 (780/4081) ===

<-- Respuesta cruda: $CFG,ACK,LOGREAD,779,2026-07-24 05:09:36,HEARTBEAT_RECEIVED,0,0
*** Trama sin '*CRC' reconocible. ***

=== Registro 780 (781/4081) ===

<-- Respuesta cruda: $CFG,ACK,LOGREAD,780,2026-07-24 05:10:03,SEND_OK,0,0
*** Trama sin '*CRC' reconocible. ***

=== Registro 781 (782/4081) ===

<-- Respuesta cruda: $CFG,ACK,LOGREAD,781,2026-07-24 05:10:03,SERVER_ACK,48,0
*** Trama sin '*CRC' reconocible. ***

=== Registro 782 (783/4081) ===

<-- Respuesta cruda: $CFG,ACK,LOGREAD,782,2026-07-24 05:10:39,HEARTBEAT_RECEIVED,0,0
*** Trama sin '*CRC' reconocible. ***

=== Registro 783 (784/4081) ===

<-- Respuesta cruda: $CFG,BAD_CRC,LOGREAD,783,2026-07-24 05:11:03,SEND_OK,1174605061,12288
*** Trama sin '*CRC' reconocible. ***

=== Registro 784 (785/4081) ===

<-- Respuesta cruda: $CFG,BAD_CRC,LOGREAD,784,0000-00-230 130:11:04,SERVER_ACK,48,0
*** Trama sin '*CRC' reconocible. ***

=== Registro 785 (786/4081) ===

<-- Respuesta cruda: $CFG,ACK,LOGREAD,785,2026-07-24 05:11:42,HEARTBEAT_RECEIVED,0,0
*** Trama sin '*CRC' reconocible. ***

=== Registro 786 (787/4081) ===

<-- Respuesta cruda: $CFG,ACK,LOGREAD,786,2026-07-24 05:12:02,SEND_OK,0,0
*** Trama sin '*CRC' reconocible. ***

=== Registro 787 (788/4081) ===

<-- Respuesta cruda: $CFG,ACK,LOGREAD,787,2026-07-24 05:12:03,SERVER_ACK,48,0
*** Trama sin '*CRC' reconocible. ***

=== Registro 788 (789/4081) ===

<-- Respuesta cruda: $CFG,ACK,LOGREAD,788,2026-07-24 05:12:45,HEARTBEAT_RECEIVED,0,0
*** Trama sin '*CRC' reconocible. ***

=== Registro 789 (790/4081) ===

<-- Respuesta cruda: $CFG,ACK,LOGREAD,789,2026-07-24 05:13:03,SEND_OK,0,0
*** Trama sin '*CRC' reconocible. ***

=== Registro 790 (791/4081) ===

<-- Respuesta cruda: $CFG,BAD_CRC,LOGREAD,790,2026-07-24 132:255:255,UNKNOWN,4294967295,4294967295
*** Trama sin '*CRC' reconocible. ***

=== Registro 791 (792/4081) ===

<-- Respuesta cruda: $CFG,ACK,LOGREAD,791,2026-07-24 05:13:48,HEARTBEAT_RECEIVED,0,0
*** Trama sin '*CRC' reconocible. ***

=== Registro 792 (793/4081) ===

<-- Respuesta cruda: $CFG,ACK,LOGREAD,792,2026-07-24 05:14:03,SEND_OK,0,0
*** Trama sin '*CRC' reconocible. ***

=== Registro 793 (794/4081) ===

<-- Respuesta cruda: $CFG,ACK,LOGREAD,793,2026-07-24 05:14:03,SERVER_ACK,48,0
*** Trama sin '*CRC' reconocible. ***

=== Registro 794 (795/4081) ===

<-- Respuesta cruda: $CFG,ACK,LOGREAD,794,2026-07-24 05:14:51,HEARTBEAT_RECEIVED,0,0
*** Trama sin '*CRC' reconocible. ***

=== Registro 795 (796/4081) ===

<-- Respuesta cruda: $CFG,ACK,LOGREAD,795,2026-07-24 05:15:03,SEND_OK,0,0
*** Trama sin '*CRC' reconocible. ***

=== Registro 796 (797/4081) ===

<-- Respuesta cruda: $CFG,BAD_CRC,LOGREAD,796,2026-07-24 05:15:03,SERVER_ACK,48,0
*** Trama sin '*CRC' reconocible. ***

=== Registro 797 (798/4081) ===

<-- Respuesta cruda: $CFG,BAD_CRC,LOGREAD,797,0000-00-249 70:15:54,HEARTBEAT_RECEIVED,0,0
*** Trama sin '*CRC' reconocible. ***

=== Registro 798 (799/4081) ===

<-- Respuesta cruda: $CFG,ACK,LOGREAD,798,2026-07-24 05:16:03,SEND_OK,0,0
*** Trama sin '*CRC' reconocible. ***

=== Registro 799 (800/4081) ===

<-- Respuesta cruda: $CFG,ACK,LOGREAD,799,2026-07-24 05:16:04,SERVER_ACK,48,0
*** Trama sin '*CRC' reconocible. ***

=== Registro 800 (801/4081) ===

<-- Respuesta cruda: $CFG,ACK,LOGREAD,800,2026-07-24 05:16:57,HEARTBEAT_RECEIVED,0,0
*** Trama sin '*CRC' reconocible. ***

=== Registro 801 (802/4081) ===

<-- Respuesta cruda: $CFG,ACK,LOGREAD,801,2026-07-24 05:17:03,SEND_OK,0,0
*** Trama sin '*CRC' reconocible. ***

=== Registro 802 (803/4081) ===

<-- Respuesta cruda: $CFG,ACK,LOGREAD,802,2026-07-24 05:17:04,SERVER_ACK,48,0
*** Trama sin '*CRC' reconocible. ***

=== Registro 803 (804/4081) ===

<-- Respuesta cruda: $CFG,BAD_CRC,LOGREAD,803,2026-07-24 05:18:00,HEARTBEAT_RECEIVED,0,12288
*** Trama sin '*CRC' reconocible. ***

=== Registro 804 (805/4081) ===

<-- Respuesta cruda: $CFG,BAD_CRC,LOGREAD,804,0000-00-159 92:18:04,SEND_OK,0,0
*** Trama sin '*CRC' reconocible. ***

=== Registro 805 (806/4081) ===

<-- Respuesta cruda: $CFG,ACK,LOGREAD,805,2026-07-24 05:18:04,SERVER_ACK,48,0
*** Trama sin '*CRC' reconocible. ***

=== Registro 806 (807/4081) ===

<-- Respuesta cruda: $CFG,ACK,LOGREAD,806,2026-07-24 05:19:03,HEARTBEAT_RECEIVED,0,0
*** Trama sin '*CRC' reconocible. ***

=== Registro 807 (808/4081) ===

<-- Respuesta cruda: $CFG,ACK,LOGREAD,807,2026-07-24 05:19:04,SEND_OK,0,0
*** Trama sin '*CRC' reconocible. ***

=== Registro 808 (809/4081) ===

<-- Respuesta cruda: $CFG,ACK,LOGREAD,808,2026-07-24 05:19:04,SERVER_ACK,48,0
*** Trama sin '*CRC' reconocible. ***

=== Registro 809 (810/4081) ===

<-- Respuesta cruda: $CFG,ACK,LOGREAD,809,2026-07-24 05:20:04,SEND_OK,0,0
*** Trama sin '*CRC' reconocible. ***

=== Registro 810 (811/4081) ===

<-- Respuesta cruda: $CFG,BAD_CRC,LOGREAD,810,2026-07-24 05:20:05,SERVER_ACK,1141642757,0
*** Trama sin '*CRC' reconocible. ***

=== Registro 811 (812/4081) ===

<-- Respuesta cruda: $CFG,BAD_CRC,LOGREAD,811,0000-00-228 184:20:06,HEARTBEAT_RECEIVED,0,0
*** Trama sin '*CRC' reconocible. ***

=== Registro 812 (813/4081) ===

<-- Respuesta cruda: $CFG,ACK,LOGREAD,812,2026-07-24 05:21:04,SEND_OK,0,0
*** Trama sin '*CRC' reconocible. ***

=== Registro 813 (814/4081) ===

<-- Respuesta cruda: $CFG,ACK,LOGREAD,813,2026-07-24 05:21:05,SERVER_ACK,48,0
*** Trama sin '*CRC' reconocible. ***

=== Registro 814 (815/4081) ===

<-- Respuesta cruda: $CFG,ACK,LOGREAD,814,2026-07-24 05:21:09,HEARTBEAT_RECEIVED,0,0
*** Trama sin '*CRC' reconocible. ***

=== Registro 815 (816/4081) ===

<-- Respuesta cruda: $CFG,ACK,LOGREAD,815,2026-07-24 05:22:04,SEND_OK,0,0
*** Trama sin '*CRC' reconocible. ***

=== Registro 816 (817/4081) ===

<-- Respuesta cruda: $CFG,ACK,LOGREAD,816,2026-07-24 05:22:05,SERVER_ACK,48,0
*** Trama sin '*CRC' reconocible. ***

=== Registro 817 (818/4081) ===

<-- Respuesta cruda: $CFG,BAD_CRC,LOGREAD,817,2026-07-53 174:255:255,UNKNOWN,4294967295,4294967295
*** Trama sin '*CRC' reconocible. ***

=== Registro 818 (819/4081) ===

<-- Respuesta cruda: $CFG,ACK,LOGREAD,818,2026-07-24 05:23:05,SEND_OK,0,0
*** Trama sin '*CRC' reconocible. ***

=== Registro 819 (820/4081) ===

<-- Respuesta cruda: $CFG,ACK,LOGREAD,819,2026-07-24 05:23:05,SERVER_ACK,48,0
*** Trama sin '*CRC' reconocible. ***

=== Registro 820 (821/4081) ===

<-- Respuesta cruda: $CFG,ACK,LOGREAD,820,2026-07-24 05:23:15,HEARTBEAT_RECEIVED,0,0
*** Trama sin '*CRC' reconocible. ***

=== Registro 821 (822/4081) ===

<-- Respuesta cruda: $CFG,ACK,LOGREAD,821,2026-07-24 05:24:05,SEND_OK,0,0
*** Trama sin '*CRC' reconocible. ***

=== Registro 822 (823/4081) ===

<-- Respuesta cruda: $CFG,ACK,LOGREAD,822,2026-07-24 05:24:05,SERVER_ACK,48,0
*** Trama sin '*CRC' reconocible. ***

=== Registro 823 (824/4081) ===

<-- Respuesta cruda: $CFG,BAD_CRC,LOGREAD,823,2026-07-24 05:24:18,HEARTBEAT_RECEIVED,0,0
*** Trama sin '*CRC' reconocible. ***

=== Registro 824 (825/4081) ===

<-- Respuesta cruda: $CFG,BAD_CRC,LOGREAD,824,0000-00-219 174:25:05,SEND_OK,0,0
*** Trama sin '*CRC' reconocible. ***

=== Registro 825 (826/4081) ===

<-- Respuesta cruda: $CFG,ACK,LOGREAD,825,2026-07-24 05:25:06,SERVER_ACK,48,0
*** Trama sin '*CRC' reconocible. ***

=== Registro 826 (827/4081) ===

<-- Respuesta cruda: $CFG,ACK,LOGREAD,826,2026-07-24 05:25:21,HEARTBEAT_RECEIVED,0,0
*** Trama sin '*CRC' reconocible. ***

=== Registro 827 (828/4081) ===

<-- Respuesta cruda: $CFG,ACK,LOGREAD,827,2026-07-24 05:26:05,SEND_OK,0,0
*** Trama sin '*CRC' reconocible. ***

=== Registro 828 (829/4081) ===

<-- Respuesta cruda: $CFG,ACK,LOGREAD,828,2026-07-24 05:26:06,SERVER_ACK,48,0
*** Trama sin '*CRC' reconocible. ***

=== Registro 829 (830/4081) ===

<-- Respuesta cruda: $CFG,ACK,LOGREAD,829,2026-07-24 05:26:24,HEARTBEAT_RECEIVED,0,0
*** Trama sin '*CRC' reconocible. ***

=== Registro 830 (831/4081) ===

<-- Respuesta cruda: $CFG,BAD_CRC,LOGREAD,830,2026-07-24 05:27:06,SEND_OK,1174405120,12288
*** Trama sin '*CRC' reconocible. ***

=== Registro 831 (832/4081) ===

<-- Respuesta cruda: $CFG,BAD_CRC,LOGREAD,831,0000-00-184 60:27:06,SERVER_ACK,48,0
*** Trama sin '*CRC' reconocible. ***

=== Registro 832 (833/4081) ===

<-- Respuesta cruda: $CFG,ACK,LOGREAD,832,2026-07-24 05:27:27,HEARTBEAT_RECEIVED,0,0
*** Trama sin '*CRC' reconocible. ***

=== Registro 833 (834/4081) ===

<-- Respuesta cruda: $CFG,ACK,LOGREAD,833,2026-07-24 05:28:06,SEND_OK,0,0
*** Trama sin '*CRC' reconocible. ***

=== Registro 834 (835/4081) ===

<-- Respuesta cruda: $CFG,ACK,LOGREAD,834,2026-07-24 05:28:06,SERVER_ACK,48,0
*** Trama sin '*CRC' reconocible. ***

=== Registro 835 (836/4081) ===

<-- Respuesta cruda: $CFG,ACK,LOGREAD,835,2026-07-24 05:28:30,HEARTBEAT_RECEIVED,0,0
*** Trama sin '*CRC' reconocible. ***

=== Registro 836 (837/4081) ===

<-- Respuesta cruda: $CFG,ACK,LOGREAD,836,2026-07-24 05:29:06,SEND_OK,0,0
*** Trama sin '*CRC' reconocible. ***

=== Registro 837 (838/4081) ===

<-- Respuesta cruda: $CFG,BAD_CRC,LOGREAD,837,2026-07-24 05:29:06,SIM_PIN_REQUIRED,1143414533,0
*** Trama sin '*CRC' reconocible. ***

=== Registro 838 (839/4081) ===

<-- Respuesta cruda: $CFG,BAD_CRC,LOGREAD,838,0000-00-55 208:29:33,HEARTBEAT_RECEIVED,0,0
*** Trama sin '*CRC' reconocible. ***

=== Registro 839 (840/4081) ===

<-- Respuesta cruda: $CFG,ACK,LOGREAD,839,2026-07-24 05:30:06,SEND_OK,0,0
*** Trama sin '*CRC' reconocible. ***

=== Registro 840 (841/4081) ===

<-- Respuesta cruda: $CFG,ACK,LOGREAD,840,2026-07-24 05:30:07,SERVER_ACK,48,0
*** Trama sin '*CRC' reconocible. ***

=== Registro 841 (842/4081) ===

<-- Respuesta cruda: $CFG,ACK,LOGREAD,841,2026-07-24 05:30:36,HEARTBEAT_RECEIVED,0,0
*** Trama sin '*CRC' reconocible. ***

=== Registro 842 (843/4081) ===

<-- Respuesta cruda: $CFG,ACK,LOGREAD,842,2026-07-24 05:31:06,SEND_OK,0,0
*** Trama sin '*CRC' reconocible. ***

=== Registro 843 (844/4081) ===

<-- Respuesta cruda: $CFG,ACK,LOGREAD,843,2026-07-24 05:31:07,SERVER_ACK,48,0
*** Trama sin '*CRC' reconocible. ***

=== Registro 844 (845/4081) ===

<-- Respuesta cruda: $CFG,BAD_CRC,LOGREAD,844,2026-00-108 155:255:255,UNKNOWN,4294967295,4294967295
*** Trama sin '*CRC' reconocible. ***

=== Registro 845 (846/4081) ===

<-- Respuesta cruda: $CFG,ACK,LOGREAD,845,2026-07-24 05:32:07,SEND_OK,0,0
*** Trama sin '*CRC' reconocible. ***

=== Registro 846 (847/4081) ===

<-- Respuesta cruda: $CFG,ACK,LOGREAD,846,2026-07-24 05:32:07,SERVER_ACK,48,0
*** Trama sin '*CRC' reconocible. ***

=== Registro 847 (848/4081) ===

<-- Respuesta cruda: $CFG,ACK,LOGREAD,847,2026-07-24 05:32:42,HEARTBEAT_RECEIVED,0,0
*** Trama sin '*CRC' reconocible. ***

=== Registro 848 (849/4081) ===

<-- Respuesta cruda: $CFG,ACK,LOGREAD,848,2026-07-24 05:33:07,SEND_OK,0,0
*** Trama sin '*CRC' reconocible. ***

=== Registro 849 (850/4081) ===

<-- Respuesta cruda: $CFG,ACK,LOGREAD,849,2026-07-24 05:33:07,SERVER_ACK,48,0
*** Trama sin '*CRC' reconocible. ***

=== Registro 850 (851/4081) ===

<-- Respuesta cruda: $CFG,BAD_CRC,LOGREAD,850,2026-07-24 05:33:45,HEARTBEAT_RECEIVED,0,0
*** Trama sin '*CRC' reconocible. ***

=== Registro 851 (852/4081) ===

<-- Respuesta cruda: $CFG,BAD_CRC,LOGREAD,851,0000-00-129 60:34:07,SEND_OK,0,0
*** Trama sin '*CRC' reconocible. ***

=== Registro 852 (853/4081) ===

<-- Respuesta cruda: $CFG,ACK,LOGREAD,852,2026-07-24 05:34:07,SERVER_ACK,48,0
*** Trama sin '*CRC' reconocible. ***

=== Registro 853 (854/4081) ===

<-- Respuesta cruda: $CFG,ACK,LOGREAD,853,2026-07-24 05:34:48,HEARTBEAT_RECEIVED,0,0
*** Trama sin '*CRC' reconocible. ***

=== Registro 854 (855/4081) ===

<-- Respuesta cruda: $CFG,ACK,LOGREAD,854,2026-07-24 05:35:07,SEND_OK,0,0
*** Trama sin '*CRC' reconocible. ***

=== Registro 855 (856/4081) ===

<-- Respuesta cruda: $CFG,ACK,LOGREAD,855,2026-07-24 05:35:08,SERVER_ACK,48,0
*** Trama sin '*CRC' reconocible. ***

=== Registro 856 (857/4081) ===

<-- Respuesta cruda: $CFG,ACK,LOGREAD,856,2026-07-24 05:35:51,HEARTBEAT_RECEIVED,0,0
*** Trama sin '*CRC' reconocible. ***

=== Registro 857 (858/4081) ===

<-- Respuesta cruda: $CFG,BAD_CRC,LOGREAD,857,2026-07-24 05:36:07,SEND_OK,1174929408,12288
*** Trama sin '*CRC' reconocible. ***

=== Registro 858 (859/4081) ===

<-- Respuesta cruda: $CFG,BAD_CRC,LOGREAD,858,0000-00-05 40:36:10,SERVER_ACK,48,0
*** Trama sin '*CRC' reconocible. ***

=== Registro 859 (860/4081) ===

<-- Respuesta cruda: $CFG,ACK,LOGREAD,859,2026-07-24 05:36:54,HEARTBEAT_RECEIVED,0,0
*** Trama sin '*CRC' reconocible. ***

=== Registro 860 (861/4081) ===

<-- Respuesta cruda: $CFG,ACK,LOGREAD,860,2026-07-24 05:37:08,SEND_OK,0,0
*** Trama sin '*CRC' reconocible. ***

=== Registro 861 (862/4081) ===

<-- Respuesta cruda: $CFG,ACK,LOGREAD,861,2026-07-24 05:37:08,SERVER_ACK,48,0
*** Trama sin '*CRC' reconocible. ***

=== Registro 862 (863/4081) ===

<-- Respuesta cruda: $CFG,ACK,LOGREAD,862,2026-07-24 05:37:57,HEARTBEAT_RECEIVED,0,0
*** Trama sin '*CRC' reconocible. ***

=== Registro 863 (864/4081) ===

<-- Respuesta cruda: $CFG,ACK,LOGREAD,863,2026-07-24 05:38:08,SEND_OK,0,0
*** Trama sin '*CRC' reconocible. ***

=== Registro 864 (865/4081) ===

<-- Respuesta cruda: $CFG,BAD_CRC,LOGREAD,864,2026-07-24 05:38:07,SIM_PIN_REQUIRED,1141254405,0
*** Trama sin '*CRC' reconocible. ***

=== Registro 865 (866/4081) ===

<-- Respuesta cruda: $CFG,BAD_CRC,LOGREAD,865,0000-00-202 240:39:00,HEARTBEAT_RECEIVED,0,0
*** Trama sin '*CRC' reconocible. ***

=== Registro 866 (867/4081) ===

<-- Respuesta cruda: $CFG,ACK,LOGREAD,866,2026-07-24 05:39:08,SEND_OK,0,0
*** Trama sin '*CRC' reconocible. ***

=== Registro 867 (868/4081) ===

<-- Respuesta cruda: $CFG,ACK,LOGREAD,867,2026-07-24 05:39:08,SERVER_ACK,48,0
*** Trama sin '*CRC' reconocible. ***

=== Registro 868 (869/4081) ===

<-- Respuesta cruda: $CFG,ACK,LOGREAD,868,2026-07-24 05:40:03,HEARTBEAT_RECEIVED,0,0
*** Trama sin '*CRC' reconocible. ***

=== Registro 869 (870/4081) ===

<-- Respuesta cruda: $CFG,ACK,LOGREAD,869,2026-07-24 05:40:08,SEND_OK,0,0
*** Trama sin '*CRC' reconocible. ***

=== Registro 870 (871/4081) ===

<-- Respuesta cruda: $CFG,ACK,LOGREAD,870,2026-07-24 05:40:09,SERVER_ACK,48,0
*** Trama sin '*CRC' reconocible. ***

=== Registro 871 (872/4081) ===

<-- Respuesta cruda: $CFG,BAD_CRC,LOGREAD,871,0234-00-24 124:255:255,UNKNOWN,4294967295,4294967295
*** Trama sin '*CRC' reconocible. ***

=== Registro 872 (873/4081) ===

<-- Respuesta cruda: $CFG,ACK,LOGREAD,872,2026-07-24 05:41:09,SEND_OK,0,0
*** Trama sin '*CRC' reconocible. ***

=== Registro 873 (874/4081) ===

<-- Respuesta cruda: $CFG,ACK,LOGREAD,873,2026-07-24 05:41:09,SERVER_ACK,48,0
*** Trama sin '*CRC' reconocible. ***

=== Registro 874 (875/4081) ===

<-- Respuesta cruda: $CFG,ACK,LOGREAD,874,2026-07-24 05:42:09,SEND_OK,0,0
*** Trama sin '*CRC' reconocible. ***

=== Registro 875 (876/4081) ===

<-- Respuesta cruda: $CFG,ACK,LOGREAD,875,2026-07-24 05:42:09,HEARTBEAT_RECEIVED,0,0
*** Trama sin '*CRC' reconocible. ***

=== Registro 876 (877/4081) ===

<-- Respuesta cruda: $CFG,ACK,LOGREAD,876,2026-07-24 05:42:09,SERVER_ACK,48,0
*** Trama sin '*CRC' reconocible. ***

=== Registro 877 (878/4081) ===

<-- Respuesta cruda: $CFG,BAD_CRC,LOGREAD,877,2026-07-24 05:43:09,SEND_OK,0,0
*** Trama sin '*CRC' reconocible. ***

=== Registro 878 (879/4081) ===

<-- Respuesta cruda: $CFG,BAD_CRC,LOGREAD,878,0000-00-129 150:43:09,SERVER_ACK,48,0
*** Trama sin '*CRC' reconocible. ***

=== Registro 879 (880/4081) ===

<-- Respuesta cruda: $CFG,ACK,LOGREAD,879,2026-07-24 05:43:12,HEARTBEAT_RECEIVED,0,0
*** Trama sin '*CRC' reconocible. ***

=== Registro 880 (881/4081) ===

<-- Respuesta cruda: $CFG,ACK,LOGREAD,880,2026-07-24 05:44:09,SEND_OK,0,0
*** Trama sin '*CRC' reconocible. ***

=== Registro 881 (882/4081) ===

<-- Respuesta cruda: $CFG,ACK,LOGREAD,881,2026-07-24 05:44:10,SERVER_ACK,48,0
*** Trama sin '*CRC' reconocible. ***

=== Registro 882 (883/4081) ===

<-- Respuesta cruda: $CFG,ACK,LOGREAD,882,2026-07-24 05:44:15,HEARTBEAT_RECEIVED,0,0
*** Trama sin '*CRC' reconocible. ***

=== Registro 883 (884/4081) ===

<-- Respuesta cruda: $CFG,ACK,LOGREAD,883,2026-07-24 05:45:09,SEND_OK,0,0
*** Trama sin '*CRC' reconocible. ***

=== Registro 884 (885/4081) ===

<-- Respuesta cruda: $CFG,BAD_CRC,LOGREAD,884,2026-07-24 05:45:10,SERVER_ACK,1142435632,0
*** Trama sin '*CRC' reconocible. ***

=== Registro 885 (886/4081) ===

<-- Respuesta cruda: $CFG,BAD_CRC,LOGREAD,885,0000-00-179 253:45:18,HEARTBEAT_RECEIVED,0,0
*** Trama sin '*CRC' reconocible. ***

=== Registro 886 (887/4081) ===

<-- Respuesta cruda: $CFG,ACK,LOGREAD,886,2026-07-24 05:46:10,SEND_OK,0,0
*** Trama sin '*CRC' reconocible. ***

=== Registro 887 (888/4081) ===

<-- Respuesta cruda: $CFG,ACK,LOGREAD,887,2026-07-24 05:46:10,SERVER_ACK,48,0
*** Trama sin '*CRC' reconocible. ***

=== Registro 888 (889/4081) ===

<-- Respuesta cruda: $CFG,ACK,LOGREAD,888,2026-07-24 05:46:21,HEARTBEAT_RECEIVED,0,0
*** Trama sin '*CRC' reconocible. ***

=== Registro 889 (890/4081) ===

<-- Respuesta cruda: $CFG,ACK,LOGREAD,889,2026-07-24 05:47:10,SEND_OK,0,0
*** Trama sin '*CRC' reconocible. ***

=== Registro 890 (891/4081) ===

<-- Respuesta cruda: $CFG,ACK,LOGREAD,890,2026-07-24 05:47:10,SERVER_ACK,48,0
*** Trama sin '*CRC' reconocible. ***

=== Registro 891 (892/4081) ===

<-- Respuesta cruda: $CFG,BAD_CRC,LOGREAD,891,2026-07-24 05:255:255,UNKNOWN,4294967295,4294967295
*** Trama sin '*CRC' reconocible. ***

=== Registro 892 (893/4081) ===

<-- Respuesta cruda: $CFG,ACK,LOGREAD,892,2026-07-24 05:48:10,SEND_OK,0,0
*** Trama sin '*CRC' reconocible. ***

=== Registro 893 (894/4081) ===

<-- Respuesta cruda: $CFG,ACK,LOGREAD,893,2026-07-24 05:48:10,SERVER_ACK,48,0
*** Trama sin '*CRC' reconocible. ***

=== Registro 894 (895/4081) ===

<-- Respuesta cruda: $CFG,ACK,LOGREAD,894,2026-07-24 05:48:27,HEARTBEAT_RECEIVED,0,0
*** Trama sin '*CRC' reconocible. ***

=== Registro 895 (896/4081) ===

<-- Respuesta cruda: $CFG,ACK,LOGREAD,895,2026-07-24 05:49:10,SEND_OK,0,0
*** Trama sin '*CRC' reconocible. ***

=== Registro 896 (897/4081) ===

<-- Respuesta cruda: $CFG,ACK,LOGREAD,896,2026-07-24 05:49:11,SERVER_ACK,48,0
*** Trama sin '*CRC' reconocible. ***

=== Registro 897 (898/4081) ===

<-- Respuesta cruda: $CFG,ACK,LOGREAD,897,2026-07-24 05:49:30,HEARTBEAT_RECEIVED,0,0
*** Trama sin '*CRC' reconocible. ***

=== Registro 898 (899/4081) ===

<-- Respuesta cruda: $CFG,BAD_CRC,LOGREAD,898,0000-00-24 248:50:10,SEND_OK,0,0
*** Trama sin '*CRC' reconocible. ***

=== Registro 899 (900/4081) ===

<-- Respuesta cruda: $CFG,ACK,LOGREAD,899,2026-07-24 05:50:11,SERVER_ACK,48,0
*** Trama sin '*CRC' reconocible. ***

=== Registro 900 (901/4081) ===

<-- Respuesta cruda: $CFG,ACK,LOGREAD,900,2026-07-24 05:50:33,HEARTBEAT_RECEIVED,0,0
*** Trama sin '*CRC' reconocible. ***

=== Registro 901 (902/4081) ===

<-- Respuesta cruda: $CFG,ACK,LOGREAD,901,2026-07-24 05:51:11,SEND_OK,0,0
*** Trama sin '*CRC' reconocible. ***

=== Registro 902 (903/4081) ===

<-- Respuesta cruda: $CFG,ACK,LOGREAD,902,2026-07-24 05:51:11,SERVER_ACK,48,0
*** Trama sin '*CRC' reconocible. ***

=== Registro 903 (904/4081) ===

<-- Respuesta cruda: $CFG,ACK,LOGREAD,903,2026-07-24 05:51:36,HEARTBEAT_RECEIVED,0,0
*** Trama sin '*CRC' reconocible. ***

=== Registro 904 (905/4081) ===

<-- Respuesta cruda: $CFG,BAD_CRC,LOGREAD,904,2026-07-24 05:52:11,SEND_OK,0,12288
*** Trama sin '*CRC' reconocible. ***

=== Registro 905 (906/4081) ===

<-- Respuesta cruda: $CFG,BAD_CRC,LOGREAD,905,0000-00-18 78:52:11,SERVER_ACK,48,0
*** Trama sin '*CRC' reconocible. ***

=== Registro 906 (907/4081) ===

<-- Respuesta cruda: $CFG,ACK,LOGREAD,906,2026-07-24 05:52:39,HEARTBEAT_RECEIVED,0,0
*** Trama sin '*CRC' reconocible. ***

=== Registro 907 (908/4081) ===

<-- Respuesta cruda: $CFG,ACK,LOGREAD,907,2026-07-24 05:53:11,SEND_OK,0,0
*** Trama sin '*CRC' reconocible. ***

=== Registro 908 (909/4081) ===

<-- Respuesta cruda: $CFG,ACK,LOGREAD,908,2026-07-24 05:53:11,SERVER_ACK,48,0
*** Trama sin '*CRC' reconocible. ***

=== Registro 909 (910/4081) ===

<-- Respuesta cruda: $CFG,ACK,LOGREAD,909,2026-07-24 05:53:42,HEARTBEAT_RECEIVED,0,0
*** Trama sin '*CRC' reconocible. ***

=== Registro 910 (911/4081) ===

<-- Respuesta cruda: $CFG,ACK,LOGREAD,910,2026-07-24 05:54:11,SEND_OK,0,0
*** Trama sin '*CRC' reconocible. ***

=== Registro 911 (912/4081) ===

<-- Respuesta cruda: $CFG,BAD_CRC,LOGREAD,911,2026-07-24 05:54:12,SERVER_ACK,1144207365,0
*** Trama sin '*CRC' reconocible. ***

=== Registro 912 (913/4081) ===

<-- Respuesta cruda: $CFG,BAD_CRC,LOGREAD,912,0000-00-166 178:54:45,HEARTBEAT_RECEIVED,0,0
*** Trama sin '*CRC' reconocible. ***

=== Registro 913 (914/4081) ===

<-- Respuesta cruda: $CFG,ACK,LOGREAD,913,2026-07-24 05:55:12,SEND_OK,0,0
*** Trama sin '*CRC' reconocible. ***

=== Registro 914 (915/4081) ===

<-- Respuesta cruda: $CFG,ACK,LOGREAD,914,2026-07-24 05:55:12,SERVER_ACK,48,0
*** Trama sin '*CRC' reconocible. ***

=== Registro 915 (916/4081) ===

<-- Respuesta cruda: $CFG,ACK,LOGREAD,915,2026-07-24 05:55:48,HEARTBEAT_RECEIVED,0,0
*** Trama sin '*CRC' reconocible. ***

=== Registro 916 (917/4081) ===

<-- Respuesta cruda: $CFG,ACK,LOGREAD,916,2026-07-24 05:56:12,SEND_OK,0,0
*** Trama sin '*CRC' reconocible. ***

=== Registro 917 (918/4081) ===

<-- Respuesta cruda: $CFG,ACK,LOGREAD,917,2026-07-24 05:56:12,SERVER_ACK,48,0
*** Trama sin '*CRC' reconocible. ***

=== Registro 918 (919/4081) ===

<-- Respuesta cruda: $CFG,BAD_CRC,LOGREAD,918,2026-07-24 239:255:255,UNKNOWN,4294967295,4294967295
*** Trama sin '*CRC' reconocible. ***

=== Registro 919 (920/4081) ===

<-- Respuesta cruda: $CFG,ACK,LOGREAD,919,2026-07-24 05:56:59,CID_RECEIVED,0,0
*** Trama sin '*CRC' reconocible. ***

=== Registro 920 (921/4081) ===

<-- Respuesta cruda: $CFG,ACK,LOGREAD,920,2026-07-24 05:56:59,SEND_OK,0,0
*** Trama sin '*CRC' reconocible. ***

=== Registro 921 (922/4081) ===

<-- Respuesta cruda: $CFG,ACK,LOGREAD,921,2026-07-24 05:56:59,SERVER_ACK,48,0
*** Trama sin '*CRC' reconocible. ***

=== Registro 922 (923/4081) ===

<-- Respuesta cruda: $CFG,ACK,LOGREAD,922,2026-07-24 05:56:59,SERVER_ACK,0,0
*** Trama sin '*CRC' reconocible. ***

=== Registro 923 (924/4081) ===

<-- Respuesta cruda: $CFG,ACK,LOGREAD,923,2026-07-24 05:57:00,CID_RECEIVED,0,0
*** Trama sin '*CRC' reconocible. ***

=== Registro 924 (925/4081) ===

<-- Respuesta cruda: $CFG,BAD_CRC,LOGREAD,924,2026-07-24 05:57:01,SEND_OK,0,0
*** Trama sin '*CRC' reconocible. ***

=== Registro 925 (926/4081) ===

<-- Respuesta cruda: $CFG,BAD_CRC,LOGREAD,925,0000-00-97 08:57:01,SERVER_ACK,48,0
*** Trama sin '*CRC' reconocible. ***

=== Registro 926 (927/4081) ===

<-- Respuesta cruda: $CFG,ACK,LOGREAD,926,2026-07-24 05:57:01,SERVER_ACK,0,0
*** Trama sin '*CRC' reconocible. ***

=== Registro 927 (928/4081) ===

<-- Respuesta cruda: $CFG,ACK,LOGREAD,927,2026-07-24 05:58:01,SEND_OK,0,0
*** Trama sin '*CRC' reconocible. ***

=== Registro 928 (929/4081) ===

<-- Respuesta cruda: $CFG,ACK,LOGREAD,928,2026-07-24 05:58:01,SERVER_ACK,48,0
*** Trama sin '*CRC' reconocible. ***

=== Registro 929 (930/4081) ===

<-- Respuesta cruda: $CFG,ACK,LOGREAD,929,2026-07-24 05:58:04,HEARTBEAT_RECEIVED,0,0
*** Trama sin '*CRC' reconocible. ***

=== Registro 930 (931/4081) ===

<-- Respuesta cruda: $CFG,ACK,LOGREAD,930,2026-07-24 05:59:01,SEND_OK,0,0
*** Trama sin '*CRC' reconocible. ***

=== Registro 931 (932/4081) ===

<-- Respuesta cruda: $CFG,BAD_CRC,LOGREAD,931,2026-07-24 05:59:02,SERVER_ACK,48,0
*** Trama sin '*CRC' reconocible. ***

=== Registro 932 (933/4081) ===

<-- Respuesta cruda: $CFG,BAD_CRC,LOGREAD,932,0000-00-19 144:59:07,HEARTBEAT_RECEIVED,0,0
*** Trama sin '*CRC' reconocible. ***

=== Registro 933 (934/4081) ===

<-- Respuesta cruda: $CFG,ACK,LOGREAD,933,2026-07-24 06:00:02,SEND_OK,0,0
*** Trama sin '*CRC' reconocible. ***

=== Registro 934 (935/4081) ===

<-- Respuesta cruda: $CFG,ACK,LOGREAD,934,2026-07-24 06:00:02,SERVER_ACK,48,0
*** Trama sin '*CRC' reconocible. ***

=== Registro 935 (936/4081) ===

<-- Respuesta cruda: $CFG,ACK,LOGREAD,935,2026-07-24 06:00:10,HEARTBEAT_RECEIVED,0,0
*** Trama sin '*CRC' reconocible. ***

=== Registro 936 (937/4081) ===

<-- Respuesta cruda: $CFG,ACK,LOGREAD,936,2026-07-24 06:01:02,SEND_OK,0,0
*** Trama sin '*CRC' reconocible. ***

=== Registro 937 (938/4081) ===

<-- Respuesta cruda: $CFG,ACK,LOGREAD,937,2026-07-24 06:01:02,SERVER_ACK,48,0
*** Trama sin '*CRC' reconocible. ***

=== Registro 938 (939/4081) ===

<-- Respuesta cruda: $CFG,BAD_CRC,LOGREAD,938,2026-07-24 06:01:13,HEARTBEAT_RECEIVED,906101766,0
*** Trama sin '*CRC' reconocible. ***

=== Registro 939 (940/4081) ===

<-- Respuesta cruda: $CFG,BAD_CRC,LOGREAD,939,0000-00-138 20:02:02,SEND_OK,0,0
*** Trama sin '*CRC' reconocible. ***

=== Registro 940 (941/4081) ===

<-- Respuesta cruda: $CFG,ACK,LOGREAD,940,2026-07-24 06:02:02,SERVER_ACK,48,0
*** Trama sin '*CRC' reconocible. ***

=== Registro 941 (942/4081) ===

<-- Respuesta cruda: $CFG,ACK,LOGREAD,941,2026-07-24 06:02:16,HEARTBEAT_RECEIVED,0,0
*** Trama sin '*CRC' reconocible. ***

=== Registro 942 (943/4081) ===

<-- Respuesta cruda: $CFG,ACK,LOGREAD,942,2026-07-24 06:03:02,SEND_OK,0,0
*** Trama sin '*CRC' reconocible. ***

=== Registro 943 (944/4081) ===

<-- Respuesta cruda: $CFG,ACK,LOGREAD,943,2026-07-24 06:03:02,SERVER_ACK,48,0
*** Trama sin '*CRC' reconocible. ***

=== Registro 944 (945/4081) ===

<-- Respuesta cruda: $CFG,ACK,LOGREAD,944,2026-07-24 06:03:19,HEARTBEAT_RECEIVED,0,0
*** Trama sin '*CRC' reconocible. ***

=== Registro 945 (946/4081) ===

<-- Respuesta cruda: $CFG,BAD_CRC,LOGREAD,945,2026-07-41 202:255:255,UNKNOWN,4294967295,4294967295
*** Trama sin '*CRC' reconocible. ***

=== Registro 946 (947/4081) ===

<-- Respuesta cruda: $CFG,ACK,LOGREAD,946,2026-07-24 06:04:03,SERVER_ACK,48,0
*** Trama sin '*CRC' reconocible. ***

=== Registro 947 (948/4081) ===

<-- Respuesta cruda: $CFG,ACK,LOGREAD,947,2026-07-24 06:04:22,HEARTBEAT_RECEIVED,0,0
*** Trama sin '*CRC' reconocible. ***

=== Registro 948 (949/4081) ===

<-- Respuesta cruda: $CFG,ACK,LOGREAD,948,2026-07-24 06:05:03,SEND_OK,0,0
*** Trama sin '*CRC' reconocible. ***

=== Registro 949 (950/4081) ===

<-- Respuesta cruda: $CFG,ACK,LOGREAD,949,2026-07-24 06:05:03,SERVER_ACK,48,0
*** Trama sin '*CRC' reconocible. ***

=== Registro 950 (951/4081) ===

<-- Respuesta cruda: $CFG,ACK,LOGREAD,950,2026-07-24 06:05:25,HEARTBEAT_RECEIVED,0,0
*** Trama sin '*CRC' reconocible. ***

=== Registro 951 (952/4081) ===

<-- Respuesta cruda: $CFG,BAD_CRC,LOGREAD,951,2026-07-24 06:06:03,SEND_OK,0,0
*** Trama sin '*CRC' reconocible. ***

=== Registro 952 (953/4081) ===

<-- Respuesta cruda: $CFG,BAD_CRC,LOGREAD,952,0000-00-95 106:06:03,SERVER_ACK,48,0
*** Trama sin '*CRC' reconocible. ***

=== Registro 953 (954/4081) ===

<-- Respuesta cruda: $CFG,ACK,LOGREAD,953,2026-07-24 06:06:28,HEARTBEAT_RECEIVED,0,0
*** Trama sin '*CRC' reconocible. ***

=== Registro 954 (955/4081) ===

<-- Respuesta cruda: $CFG,ACK,LOGREAD,954,2026-07-24 06:07:03,SEND_OK,0,0
*** Trama sin '*CRC' reconocible. ***

=== Registro 955 (956/4081) ===

<-- Respuesta cruda: $CFG,ACK,LOGREAD,955,2026-07-24 06:07:03,SERVER_ACK,48,0
*** Trama sin '*CRC' reconocible. ***

=== Registro 956 (957/4081) ===

<-- Respuesta cruda: $CFG,ACK,LOGREAD,956,2026-07-24 06:07:31,HEARTBEAT_RECEIVED,0,0
*** Trama sin '*CRC' reconocible. ***

=== Registro 957 (958/4081) ===

<-- Respuesta cruda: $CFG,ACK,LOGREAD,957,2026-07-24 06:08:03,SEND_OK,0,0
*** Trama sin '*CRC' reconocible. ***

=== Registro 958 (959/4081) ===

<-- Respuesta cruda: $CFG,BAD_CRC,LOGREAD,958,2026-07-24 06:08:04,SERVER_ACK,1140850736,0
*** Trama sin '*CRC' reconocible. ***

=== Registro 959 (960/4081) ===

<-- Respuesta cruda: $CFG,BAD_CRC,LOGREAD,959,0000-00-80 173:08:34,HEARTBEAT_RECEIVED,0,0
*** Trama sin '*CRC' reconocible. ***

=== Registro 960 (961/4081) ===

<-- Respuesta cruda: $CFG,ACK,LOGREAD,960,2026-07-24 06:09:03,SEND_OK,0,0
*** Trama sin '*CRC' reconocible. ***

=== Registro 961 (962/4081) ===

<-- Respuesta cruda: $CFG,ACK,LOGREAD,961,2026-07-24 06:09:04,SERVER_ACK,48,0
*** Trama sin '*CRC' reconocible. ***

=== Registro 962 (963/4081) ===

<-- Respuesta cruda: $CFG,ACK,LOGREAD,962,2026-07-24 06:09:37,HEARTBEAT_RECEIVED,0,0
*** Trama sin '*CRC' reconocible. ***

=== Registro 963 (964/4081) ===

<-- Respuesta cruda: $CFG,ACK,LOGREAD,963,2026-07-24 06:10:04,SEND_OK,0,0
*** Trama sin '*CRC' reconocible. ***

=== Registro 964 (965/4081) ===

<-- Respuesta cruda: $CFG,ACK,LOGREAD,964,2026-07-24 06:10:04,SERVER_ACK,48,0
*** Trama sin '*CRC' reconocible. ***

=== Registro 965 (966/4081) ===

<-- Respuesta cruda: $CFG,BAD_CRC,LOGREAD,965,2026-07-24 06:10:40,SIM_PIN_REQUIRED,906235142,0
*** Trama sin '*CRC' reconocible. ***

=== Registro 966 (967/4081) ===

<-- Respuesta cruda: $CFG,BAD_CRC,LOGREAD,966,0000-00-163 253:11:04,SEND_OK,0,0
*** Trama sin '*CRC' reconocible. ***

=== Registro 967 (968/4081) ===

<-- Respuesta cruda: $CFG,ACK,LOGREAD,967,2026-07-24 06:11:04,SERVER_ACK,48,0
*** Trama sin '*CRC' reconocible. ***

=== Registro 968 (969/4081) ===

<-- Respuesta cruda: $CFG,ACK,LOGREAD,968,2026-07-24 06:11:43,HEARTBEAT_RECEIVED,0,0
*** Trama sin '*CRC' reconocible. ***

=== Registro 969 (970/4081) ===

<-- Respuesta cruda: $CFG,ACK,LOGREAD,969,2026-07-24 06:12:03,SEND_OK,0,0
*** Trama sin '*CRC' reconocible. ***

=== Registro 970 (971/4081) ===

<-- Respuesta cruda: $CFG,ACK,LOGREAD,970,2026-07-24 06:12:04,SERVER_ACK,48,0
*** Trama sin '*CRC' reconocible. ***

=== Registro 971 (972/4081) ===

<-- Respuesta cruda: $CFG,ACK,LOGREAD,971,2026-07-24 06:12:46,HEARTBEAT_RECEIVED,0,0
*** Trama sin '*CRC' reconocible. ***

=== Registro 972 (973/4081) ===

<-- Respuesta cruda: $CFG,BAD_CRC,LOGREAD,972,2026-00-73 251:255:255,UNKNOWN,4294967295,4294967295
*** Trama sin '*CRC' reconocible. ***

=== Registro 973 (974/4081) ===

<-- Respuesta cruda: $CFG,ACK,LOGREAD,973,2026-07-24 06:13:04,SERVER_ACK,48,0
*** Trama sin '*CRC' reconocible. ***

=== Registro 974 (975/4081) ===

<-- Respuesta cruda: $CFG,ACK,LOGREAD,974,2026-07-24 06:13:49,HEARTBEAT_RECEIVED,0,0
*** Trama sin '*CRC' reconocible. ***

=== Registro 975 (976/4081) ===

<-- Respuesta cruda: $CFG,ACK,LOGREAD,975,2026-07-24 06:14:04,SEND_OK,0,0
*** Trama sin '*CRC' reconocible. ***

=== Registro 976 (977/4081) ===

<-- Respuesta cruda: $CFG,ACK,LOGREAD,976,2026-07-24 06:14:04,SERVER_ACK,48,0
*** Trama sin '*CRC' reconocible. ***

=== Registro 977 (978/4081) ===

<-- Respuesta cruda: $CFG,ACK,LOGREAD,977,2026-07-24 06:14:52,HEARTBEAT_RECEIVED,0,0
*** Trama sin '*CRC' reconocible. ***

=== Registro 978 (979/4081) ===

<-- Respuesta cruda: $CFG,BAD_CRC,LOGREAD,978,2026-07-24 06:15:04,SEND_OK,0,0
*** Trama sin '*CRC' reconocible. ***

=== Registro 979 (980/4081) ===

<-- Respuesta cruda: $CFG,BAD_CRC,LOGREAD,979,0000-00-155 157:15:04,SERVER_ACK,48,0
*** Trama sin '*CRC' reconocible. ***

=== Registro 980 (981/4081) ===

<-- Respuesta cruda: $CFG,ACK,LOGREAD,980,2026-07-24 06:15:55,HEARTBEAT_RECEIVED,0,0
*** Trama sin '*CRC' reconocible. ***

=== Registro 981 (982/4081) ===

<-- Respuesta cruda: $CFG,ACK,LOGREAD,981,2026-07-24 06:16:04,SEND_OK,0,0
*** Trama sin '*CRC' reconocible. ***

=== Registro 982 (983/4081) ===

<-- Respuesta cruda: $CFG,ACK,LOGREAD,982,2026-07-24 06:16:05,SERVER_ACK,48,0
*** Trama sin '*CRC' reconocible. ***

=== Registro 983 (984/4081) ===

<-- Respuesta cruda: $CFG,ACK,LOGREAD,983,2026-07-24 06:16:57,HEARTBEAT_RECEIVED,0,0
*** Trama sin '*CRC' reconocible. ***

=== Registro 984 (985/4081) ===

<-- Respuesta cruda: $CFG,ACK,LOGREAD,984,2026-07-24 06:17:04,SEND_OK,0,0
*** Trama sin '*CRC' reconocible. ***

=== Registro 985 (986/4081) ===

<-- Respuesta cruda: $CFG,BAD_CRC,LOGREAD,985,2026-07-24 06:17:05,SERVER_ACK,906297392,0
*** Trama sin '*CRC' reconocible. ***

=== Registro 986 (987/4081) ===

<-- Respuesta cruda: $CFG,BAD_CRC,LOGREAD,986,0000-00-103 10:18:01,HEARTBEAT_RECEIVED,0,0
*** Trama sin '*CRC' reconocible. ***

=== Registro 987 (988/4081) ===

<-- Respuesta cruda: $CFG,ACK,LOGREAD,987,2026-07-24 06:18:05,SEND_OK,0,0
*** Trama sin '*CRC' reconocible. ***

=== Registro 988 (989/4081) ===

<-- Respuesta cruda: $CFG,ACK,LOGREAD,988,2026-07-24 06:18:05,SERVER_ACK,48,0
*** Trama sin '*CRC' reconocible. ***

=== Registro 989 (990/4081) ===

<-- Respuesta cruda: $CFG,ACK,LOGREAD,989,2026-07-24 06:19:04,HEARTBEAT_RECEIVED,0,0
*** Trama sin '*CRC' reconocible. ***

=== Registro 990 (991/4081) ===

<-- Respuesta cruda: $CFG,ACK,LOGREAD,990,2026-07-24 06:19:05,SEND_OK,0,0
*** Trama sin '*CRC' reconocible. ***

=== Registro 991 (992/4081) ===

<-- Respuesta cruda: $CFG,ACK,LOGREAD,991,2026-07-24 06:19:05,SERVER_ACK,48,0
*** Trama sin '*CRC' reconocible. ***

=== Registro 992 (993/4081) ===

<-- Respuesta cruda: $CFG,BAD_CRC,LOGREAD,992,2026-07-24 06:20:07,SIM_PIN_REQUIRED,1174803974,12288
*** Trama sin '*CRC' reconocible. ***

=== Registro 993 (994/4081) ===

<-- Respuesta cruda: $CFG,BAD_CRC,LOGREAD,993,0000-00-42 237:20:06,SERVER_ACK,48,0
*** Trama sin '*CRC' reconocible. ***

=== Registro 994 (995/4081) ===

<-- Respuesta cruda: $CFG,ACK,LOGREAD,994,2026-07-24 06:20:07,HEARTBEAT_RECEIVED,0,0
*** Trama sin '*CRC' reconocible. ***

=== Registro 995 (996/4081) ===

<-- Respuesta cruda: $CFG,ACK,LOGREAD,995,2026-07-24 06:21:05,SEND_OK,0,0
*** Trama sin '*CRC' reconocible. ***

=== Registro 996 (997/4081) ===

<-- Respuesta cruda: $CFG,ACK,LOGREAD,996,2026-07-24 06:21:06,SERVER_ACK,48,0
*** Trama sin '*CRC' reconocible. ***

=== Registro 997 (998/4081) ===

<-- Respuesta cruda: $CFG,ACK,LOGREAD,997,2026-07-24 06:21:10,HEARTBEAT_RECEIVED,0,0
*** Trama sin '*CRC' reconocible. ***

=== Registro 998 (999/4081) ===

<-- Respuesta cruda: $CFG,ACK,LOGREAD,998,2026-07-24 06:22:05,SEND_OK,0,0
*** Trama sin '*CRC' reconocible. ***

=== Registro 999 (1000/4081) ===

<-- Respuesta cruda: $CFG,BAD_CRC,LOGREAD,999,0234-00-188 253:255:255,UNKNOWN,4294967295,4294967295
*** Trama sin '*CRC' reconocible. ***

=== Registro 1000 (1001/4081) ===

<-- Respuesta cruda: $CFG,ACK,LOGREAD,1000,2026-07-24 06:22:13,HEARTBEAT_RECEIVED,0,0
*** Trama sin '*CRC' reconocible. ***

=== Registro 1001 (1002/4081) ===

<-- Respuesta cruda: $CFG,ACK,LOGREAD,1001,2026-07-24 06:23:06,SEND_OK,0,0
*** Trama sin '*CRC' reconocible. ***

=== Registro 1002 (1003/4081) ===

<-- Respuesta cruda: $CFG,ACK,LOGREAD,1002,2026-07-24 06:23:06,SERVER_ACK,48,0
*** Trama sin '*CRC' reconocible. ***

=== Registro 1003 (1004/4081) ===

<-- Respuesta cruda: $CFG,ACK,LOGREAD,1003,2026-07-24 06:23:16,HEARTBEAT_RECEIVED,0,0
*** Trama sin '*CRC' reconocible. ***

=== Registro 1004 (1005/4081) ===

<-- Respuesta cruda: $CFG,ACK,LOGREAD,1004,2026-07-24 06:24:06,SEND_OK,0,0
*** Trama sin '*CRC' reconocible. ***

=== Registro 1005 (1006/4081) ===

<-- Respuesta cruda: $CFG,BAD_CRC,LOGREAD,1005,2026-07-24 06:24:06,SERVER_ACK,48,159252480
*** Trama sin '*CRC' reconocible. ***

=== Registro 1006 (1007/4081) ===

<-- Respuesta cruda: $CFG,BAD_CRC,LOGREAD,1006,0000-00-14 189:24:19,HEARTBEAT_RECEIVED,0,0
*** Trama sin '*CRC' reconocible. ***

=== Registro 1007 (1008/4081) ===

<-- Respuesta cruda: $CFG,ACK,LOGREAD,1007,2026-07-24 06:25:06,SEND_OK,0,0
*** Trama sin '*CRC' reconocible. ***

=== Registro 1008 (1009/4081) ===

<-- Respuesta cruda: $CFG,ACK,LOGREAD,1008,2026-07-24 06:25:07,SERVER_ACK,48,0
*** Trama sin '*CRC' reconocible. ***

=== Registro 1009 (1010/4081) ===

<-- Respuesta cruda: $CFG,ACK,LOGREAD,1009,2026-07-24 06:25:22,HEARTBEAT_RECEIVED,0,0
*** Trama sin '*CRC' reconocible. ***

=== Registro 1010 (1011/4081) ===

<-- Respuesta cruda: $CFG,ACK,LOGREAD,1010,2026-07-24 06:26:06,SEND_OK,0,0
*** Trama sin '*CRC' reconocible. ***

=== Registro 1011 (1012/4081) ===

<-- Respuesta cruda: $CFG,ACK,LOGREAD,1011,2026-07-24 06:26:07,SERVER_ACK,48,0
*** Trama sin '*CRC' reconocible. ***

=== Registro 1012 (1013/4081) ===

<-- Respuesta cruda: $CFG,BAD_CRC,LOGREAD,1012,2026-07-24 06:26:25,HEARTBEAT_RECEIVED,1127488512,0
*** Trama sin '*CRC' reconocible. ***

=== Registro 1013 (1014/4081) ===

<-- Respuesta cruda: $CFG,BAD_CRC,LOGREAD,1013,0000-00-48 43:27:07,SEND_OK,0,0
*** Trama sin '*CRC' reconocible. ***

=== Registro 1014 (1015/4081) ===

<-- Respuesta cruda: $CFG,ACK,LOGREAD,1014,2026-07-24 06:27:07,SERVER_ACK,48,0
*** Trama sin '*CRC' reconocible. ***

=== Registro 1015 (1016/4081) ===

<-- Respuesta cruda: $CFG,ACK,LOGREAD,1015,2026-07-24 06:27:28,HEARTBEAT_RECEIVED,0,0
*** Trama sin '*CRC' reconocible. ***

=== Registro 1016 (1017/4081) ===

<-- Respuesta cruda: $CFG,ACK,LOGREAD,1016,2026-07-24 06:28:07,SEND_OK,0,0
*** Trama sin '*CRC' reconocible. ***

=== Registro 1017 (1018/4081) ===

<-- Respuesta cruda: $CFG,ACK,LOGREAD,1017,2026-07-24 06:28:08,SERVER_ACK,48,0
*** Trama sin '*CRC' reconocible. ***

=== Registro 1018 (1019/4081) ===

<-- Respuesta cruda: $CFG,ACK,LOGREAD,1018,2026-07-24 06:28:31,HEARTBEAT_RECEIVED,0,0
*** Trama sin '*CRC' reconocible. ***

=== Registro 1019 (1020/4081) ===

<-- Respuesta cruda: $CFG,BAD_CRC,LOGREAD,1019,2026-07-24 06:00:00,UNKNOWN,908405592,0
*** Trama sin '*CRC' reconocible. ***

=== Registro 1020 (1021/4081) ===

<-- Respuesta cruda: $CFG,BAD_CRC,LOGREAD,1020,0000-00-92 43:234:07,SIM_PIN_REQUIRED,1176906505,12288
*** Trama sin '*CRC' reconocible. ***

=== Registro 1021 (1022/4081) ===

<-- Respuesta cruda: $CFG,BAD_CRC,LOGREAD,1021,0000-00-251 202:234:07,SIM_PIN_REQUIRED,1144466185,0
*** Trama sin '*CRC' reconocible. ***

=== Registro 1022 (1023/4081) ===

<-- Respuesta cruda: $CFG,BAD_CRC,LOGREAD,1022,0000-00-217 223:234:07,SIM_PIN_REQUIRED,908471305,0
*** Trama sin '*CRC' reconocible. ***

=== Registro 1023 (1024/4081) ===

<-- Respuesta cruda: $CFG,BAD_CRC,LOGREAD,1023,0000-00-237 91:234:07,SIM_PIN_REQUIRED,1176906761,12288
*** Trama sin '*CRC' reconocible. ***

=== Registro 1024 (1025/4081) ===

<-- Respuesta cruda: $CFG,BAD_CRC,LOGREAD,1024,0000-00-176 194:234:07,SIM_PIN_REQUIRED,1144663049,0
*** Trama sin '*CRC' reconocible. ***

=== Registro 1025 (1026/4081) ===

<-- Respuesta cruda: $CFG,BAD_CRC,LOGREAD,1025,0000-00-18 252:234:07,SIM_PIN_REQUIRED,908471561,0
*** Trama sin '*CRC' reconocible. ***

=== Registro 1026 (1027/4081) ===

<-- Respuesta cruda: $CFG,BAD_CRC,LOGREAD,1026,0048-00-00 00:00:00,UNKNOWN,1176907039,12288
*** Trama sin '*CRC' reconocible. ***

=== Registro 1027 (1028/4081) ===

<-- Respuesta cruda: $CFG,BAD_CRC,LOGREAD,1027,0000-00-197 193:234:07,SIM_PIN_REQUIRED,1140928009,0
*** Trama sin '*CRC' reconocible. ***

=== Registro 1028 (1029/4081) ===

<-- Respuesta cruda: $CFG,BAD_CRC,LOGREAD,1028,0000-00-203 223:234:07,SIM_PIN_REQUIRED,908471817,0
*** Trama sin '*CRC' reconocible. ***

=== Registro 1029 (1030/4081) ===

<-- Respuesta cruda: $CFG,BAD_CRC,LOGREAD,1029,0000-00-07 93:234:07,SIM_PIN_REQUIRED,1176907273,12288
*** Trama sin '*CRC' reconocible. ***

=== Registro 1030 (1031/4081) ===

<-- Respuesta cruda: $CFG,BAD_CRC,LOGREAD,1030,0000-00-90 196:234:07,SIM_PIN_REQUIRED,1141124873,0
*** Trama sin '*CRC' reconocible. ***

=== Registro 1031 (1032/4081) ===

<-- Respuesta cruda: $CFG,BAD_CRC,LOGREAD,1031,0000-00-176 85:234:07,SIM_PIN_REQUIRED,908472073,0
*** Trama sin '*CRC' reconocible. ***

=== Registro 1032 (1033/4081) ===

<-- Respuesta cruda: $CFG,BAD_CRC,LOGREAD,1032,0000-00-114 94:234:07,SIM_PIN_REQUIRED,1176973065,238160128
*** Trama sin '*CRC' reconocible. ***

=== Registro 1033 (1034/4081) ===

<-- Respuesta cruda: $CFG,BAD_CRC,LOGREAD,1033,0000-00-00 00:00:00,UNKNOWN,1141387381,0
*** Trama sin '*CRC' reconocible. ***

=== Registro 1034 (1035/4081) ===

<-- Respuesta cruda: $CFG,BAD_CRC,LOGREAD,1034,0000-00-202 130:234:07,SIM_PIN_REQUIRED,908472329,0
*** Trama sin '*CRC' reconocible. ***

=== Registro 1035 (1036/4081) ===

<-- Respuesta cruda: $CFG,BAD_CRC,LOGREAD,1035,0000-00-193 122:234:07,SIM_PIN_REQUIRED,1176973321,12288
*** Trama sin '*CRC' reconocible. ***

=== Registro 1036 (1037/4081) ===

<-- Respuesta cruda: $CFG,BAD_CRC,LOGREAD,1036,0000-00-213 59:234:07,SIM_PIN_REQUIRED,1141584137,0
*** Trama sin '*CRC' reconocible. ***

=== Registro 1037 (1038/4081) ===

<-- Respuesta cruda: $CFG,BAD_CRC,LOGREAD,1037,0000-00-69 249:234:07,SIM_PIN_REQUIRED,908538121,0
*** Trama sin '*CRC' reconocible. ***

=== Registro 1038 (1039/4081) ===

<-- Respuesta cruda: $CFG,BAD_CRC,LOGREAD,1038,0000-00-253 161:234:07,SIM_PIN_REQUIRED,1176973577,12288
*** Trama sin '*CRC' reconocible. ***

=== Registro 1039 (1040/4081) ===

<-- Respuesta cruda: $CFG,BAD_CRC,LOGREAD,1039,0000-00-160 56:234:07,SIM_PIN_REQUIRED,1141974313,0
*** Trama sin '*CRC' reconocible. ***

=== Registro 1040 (1041/4081) ===

<-- Respuesta cruda: $CFG,BAD_CRC,LOGREAD,1040,0000-00-147 85:234:07,SIM_PIN_REQUIRED,908538377,0
*** Trama sin '*CRC' reconocible. ***

=== Registro 1041 (1042/4081) ===

<-- Respuesta cruda: $CFG,BAD_CRC,LOGREAD,1041,0000-00-98 164:234:07,SIM_PIN_REQUIRED,1176973833,12288
*** Trama sin '*CRC' reconocible. ***

=== Registro 1042 (1043/4081) ===

<-- Respuesta cruda: $CFG,BAD_CRC,LOGREAD,1042,0000-00-63 61:234:07,SIM_PIN_REQUIRED,1141977865,0
*** Trama sin '*CRC' reconocible. ***

=== Registro 1043 (1044/4081) ===

<-- Respuesta cruda: $CFG,BAD_CRC,LOGREAD,1043,0000-00-175 168:234:07,SIM_PIN_REQUIRED,908538633,0
*** Trama sin '*CRC' reconocible. ***

=== Registro 1044 (1045/4081) ===

<-- Respuesta cruda: $CFG,BAD_CRC,LOGREAD,1044,0000-00-23 167:234:07,SIM_PIN_REQUIRED,1176974089,12288
*** Trama sin '*CRC' reconocible. ***

=== Registro 1045 (1046/4081) ===

<-- Respuesta cruda: $CFG,BAD_CRC,LOGREAD,1045,0000-00-74 62:234:07,SIM_PIN_REQUIRED,1142174729,0
*** Trama sin '*CRC' reconocible. ***

=== Registro 1046 (1047/4081) ===

<-- Respuesta cruda: $CFG,BAD_CRC,LOGREAD,1046,0000-00-234 00:00:00,UNKNOWN,908538914,0
*** Trama sin '*CRC' reconocible. ***

=== Registro 1047 (1048/4081) ===

<-- Respuesta cruda: $CFG,BAD_CRC,LOGREAD,1047,0000-00-92 175:234:07,SIM_PIN_REQUIRED,1177039881,12288
*** Trama sin '*CRC' reconocible. ***

=== Registro 1048 (1049/4081) ===

<-- Respuesta cruda: $CFG,BAD_CRC,LOGREAD,1048,0000-00-50 189:234:07,SIM_PIN_REQUIRED,1142371593,0
*** Trama sin '*CRC' reconocible. ***

=== Registro 1049 (1050/4081) ===

<-- Respuesta cruda: $CFG,BAD_CRC,LOGREAD,1049,0000-00-101 82:234:07,SIM_PIN_REQUIRED,908604681,0
*** Trama sin '*CRC' reconocible. ***

=== Registro 1050 (1051/4081) ===

<-- Respuesta cruda: $CFG,BAD_CRC,LOGREAD,1050,0000-00-26 39:234:07,SIM_PIN_REQUIRED,1177040137,12288
*** Trama sin '*CRC' reconocible. ***

=== Registro 1051 (1052/4081) ===

<-- Respuesta cruda: $CFG,BAD_CRC,LOGREAD,1051,0000-00-71 190:234:07,SIM_PIN_REQUIRED,1142568457,0
*** Trama sin '*CRC' reconocible. ***

=== Registro 1052 (1053/4081) ===

<-- Respuesta cruda: $CFG,BAD_CRC,LOGREAD,1052,0000-00-122 124:234:07,SIM_PIN_REQUIRED,908604937,0
*** Trama sin '*CRC' reconocible. ***

=== Registro 1053 (1054/4081) ===

<-- Respuesta cruda: $CFG,BAD_CRC,LOGREAD,1053,0048-00-00 00:00:00,UNKNOWN,1177040555,12288
*** Trama sin '*CRC' reconocible. ***

=== Registro 1054 (1055/4081) ===

<-- Respuesta cruda: $CFG,BAD_CRC,LOGREAD,1054,0000-00-216 187:234:07,SIM_PIN_REQUIRED,1142765321,0
*** Trama sin '*CRC' reconocible. ***

=== Registro 1055 (1056/4081) ===

<-- Respuesta cruda: $CFG,BAD_CRC,LOGREAD,1055,0000-00-178 86:234:07,SIM_PIN_REQUIRED,908605193,0
*** Trama sin '*CRC' reconocible. ***

=== Registro 1056 (1057/4081) ===

<-- Respuesta cruda: $CFG,BAD_CRC,LOGREAD,1056,0000-00-240 33:234:07,SIM_PIN_REQUIRED,1177040649,12288
*** Trama sin '*CRC' reconocible. ***

=== Registro 1057 (1058/4081) ===

<-- Respuesta cruda: $CFG,BAD_CRC,LOGREAD,1057,0000-00-173 184:234:07,SIM_PIN_REQUIRED,1142962185,0
*** Trama sin '*CRC' reconocible. ***

=== Registro 1058 (1059/4081) ===

<-- Respuesta cruda: $CFG,BAD_CRC,LOGREAD,1058,0000-00-150 145:234:07,SIM_PIN_REQUIRED,908605449,0
*** Trama sin '*CRC' reconocible. ***

=== Registro 1059 (1060/4081) ===

<-- Respuesta cruda: $CFG,BAD_CRC,LOGREAD,1059,0000-00-19 50:234:07,SIM_PIN_REQUIRED,1177040905,691734808
*** Trama sin '*CRC' reconocible. ***

=== Registro 1060 (1061/4081) ===

<-- Respuesta cruda: $CFG,BAD_CRC,LOGREAD,1060,0000-00-00 00:00:00,UNKNOWN,1143159278,0
*** Trama sin '*CRC' reconocible. ***

=== Registro 1061 (1062/4081) ===

<-- Respuesta cruda: $CFG,BAD_CRC,LOGREAD,1061,0000-00-25 234:234:07,SIM_PIN_REQUIRED,908605705,0
*** Trama sin '*CRC' reconocible. ***

=== Registro 1062 (1063/4081) ===

<-- Respuesta cruda: $CFG,BAD_CRC,LOGREAD,1062,0000-00-102 49:234:07,SIM_PIN_REQUIRED,1177106697,12288
*** Trama sin '*CRC' reconocible. ***

=== Registro 1063 (1064/4081) ===

<-- Respuesta cruda: $CFG,BAD_CRC,LOGREAD,1063,0000-00-114 112:234:07,SIM_PIN_REQUIRED,1143355913,0
*** Trama sin '*CRC' reconocible. ***

=== Registro 1064 (1065/4081) ===

<-- Respuesta cruda: $CFG,BAD_CRC,LOGREAD,1064,0000-00-136 102:234:07,SIM_PIN_REQUIRED,908671497,0
*** Trama sin '*CRC' reconocible. ***

=== Registro 1065 (1066/4081) ===

<-- Respuesta cruda: $CFG,BAD_CRC,LOGREAD,1065,0000-00-176 236:234:07,SIM_PIN_REQUIRED,1177106953,12288
*** Trama sin '*CRC' reconocible. ***

=== Registro 1066 (1067/4081) ===

<-- Respuesta cruda: $CFG,BAD_CRC,LOGREAD,1066,0000-00-237 117:234:07,SIM_PIN_REQUIRED,1143746148,0
*** Trama sin '*CRC' reconocible. ***

=== Registro 1067 (1068/4081) ===

<-- Respuesta cruda: $CFG,BAD_CRC,LOGREAD,1067,0000-00-99 159:234:07,SIM_PIN_REQUIRED,908671753,0
*** Trama sin '*CRC' reconocible. ***

=== Registro 1068 (1069/4081) ===

<-- Respuesta cruda: $CFG,BAD_CRC,LOGREAD,1068,0000-00-197 239:234:07,SIM_PIN_REQUIRED,1177107209,12288
*** Trama sin '*CRC' reconocible. ***

=== Registro 1069 (1070/4081) ===

<-- Respuesta cruda: $CFG,BAD_CRC,LOGREAD,1069,0000-00-152 118:234:07,SIM_PIN_REQUIRED,908656650,0
*** Trama sin '*CRC' reconocible. ***

=== Registro 1070 (1071/4081) ===

<-- Respuesta cruda: $CFG,BAD_CRC,LOGREAD,1070,0000-00-167 103:234:07,SIM_PIN_REQUIRED,1177092106,12288
*** Trama sin '*CRC' reconocible. ***

=== Registro 1071 (1072/4081) ===

<-- Respuesta cruda: $CFG,BAD_CRC,LOGREAD,1071,0000-00-250 254:234:07,SIM_PIN_REQUIRED,1143734282,0
*** Trama sin '*CRC' reconocible. ***

=== Registro 1072 (1073/4081) ===

<-- Respuesta cruda: $CFG,BAD_CRC,LOGREAD,1072,0000-00-162 239:234:07,SIM_PIN_REQUIRED,908656906,0
*** Trama sin '*CRC' reconocible. ***

=== Registro 1073 (1074/4081) ===

<-- Respuesta cruda: $CFG,BAD_CRC,LOGREAD,1073,0000-00-00 00:00:00,UNKNOWN,1177158019,12288
*** Trama sin '*CRC' reconocible. ***

=== Registro 1074 (1075/4081) ===

<-- Respuesta cruda: $CFG,BAD_CRC,LOGREAD,1074,0000-00-117 133:234:07,SIM_PIN_REQUIRED,1143931146,0
*** Trama sin '*CRC' reconocible. ***

=== Registro 1075 (1076/4081) ===

<-- Respuesta cruda: $CFG,BAD_CRC,LOGREAD,1075,0000-00-45 148:234:07,SIM_PIN_REQUIRED,908657162,0
*** Trama sin '*CRC' reconocible. ***

=== Registro 1076 (1077/4081) ===

<-- Respuesta cruda: $CFG,BAD_CRC,LOGREAD,1076,0000-00-77 97:234:07,SIM_PIN_REQUIRED,1177158154,12288
*** Trama sin '*CRC' reconocible. ***

=== Registro 1077 (1078/4081) ===

<-- Respuesta cruda: $CFG,BAD_CRC,LOGREAD,1077,0000-00-234 128:234:07,SIM_PIN_REQUIRED,1144128010,0
*** Trama sin '*CRC' reconocible. ***

=== Registro 1078 (1079/4081) ===

<-- Respuesta cruda: $CFG,BAD_CRC,LOGREAD,1078,0000-00-15 239:234:07,SIM_PIN_REQUIRED,908722954,0
*** Trama sin '*CRC' reconocible. ***

=== Registro 1079 (1080/4081) ===

<-- Respuesta cruda: $CFG,BAD_CRC,LOGREAD,1079,0000-00-194 26:234:07,SIM_PIN_REQUIRED,1177158410,12288
*** Trama sin '*CRC' reconocible. ***

=== Registro 1080 (1081/4081) ===

<-- Respuesta cruda: $CFG,BAD_CRC,LOGREAD,1080,0000-00-00 00:00:00,UNKNOWN,1144325021,0
*** Trama sin '*CRC' reconocible. ***

=== Registro 1081 (1082/4081) ===

<-- Respuesta cruda: $CFG,BAD_CRC,LOGREAD,1081,0000-00-199 197:234:07,SIM_PIN_REQUIRED,908723210,0
*** Trama sin '*CRC' reconocible. ***

=== Registro 1082 (1083/4081) ===

<-- Respuesta cruda: $CFG,BAD_CRC,LOGREAD,1082,0000-00-137 18:234:07,SIM_PIN_REQUIRED,1177158666,12288
*** Trama sin '*CRC' reconocible. ***

=== Registro 1083 (1084/4081) ===

<-- Respuesta cruda: $CFG,BAD_CRC,LOGREAD,1083,0000-00-212 139:234:07,SIM_PIN_REQUIRED,1144521738,0
*** Trama sin '*CRC' reconocible. ***

=== Registro 1084 (1085/4081) ===

<-- Respuesta cruda: $CFG,BAD_CRC,LOGREAD,1084,0000-00-12 230:234:07,SIM_PIN_REQUIRED,908723466,0
*** Trama sin '*CRC' reconocible. ***

=== Registro 1085 (1086/4081) ===

<-- Respuesta cruda: $CFG,BAD_CRC,LOGREAD,1085,0000-00-252 17:234:07,SIM_PIN_REQUIRED,1177158922,12288
*** Trama sin '*CRC' reconocible. ***

=== Registro 1086 (1087/4081) ===

<-- Respuesta cruda: $CFG,BAD_CRC,LOGREAD,1086,0000-00-161 136:234:07,SIM_PIN_REQUIRED,121308426,721947160
*** Trama sin '*CRC' reconocible. ***

=== Registro 1087 (1088/4081) ===

<-- Respuesta cruda: $CFG,BAD_CRC,LOGREAD,1087,0000-00-00 00:00:00,UNKNOWN,908723932,0
*** Trama sin '*CRC' reconocible. ***

=== Registro 1088 (1089/4081) ===

<-- Respuesta cruda: $CFG,BAD_CRC,LOGREAD,1088,0000-00-99 20:234:07,SIM_PIN_REQUIRED,1177224714,12288
*** Trama sin '*CRC' reconocible. ***

=== Registro 1089 (1090/4081) ===

<-- Respuesta cruda: $CFG,BAD_CRC,LOGREAD,1089,0000-00-119 85:234:07,SIM_PIN_REQUIRED,1140983562,0
*** Trama sin '*CRC' reconocible. ***

=== Registro 1090 (1091/4081) ===

<-- Respuesta cruda: $CFG,BAD_CRC,LOGREAD,1090,0000-00-233 30:234:07,SIM_PIN_REQUIRED,908789514,0
*** Trama sin '*CRC' reconocible. ***

=== Registro 1091 (1092/4081) ===

<-- Respuesta cruda: $CFG,BAD_CRC,LOGREAD,1091,0000-00-95 207:234:07,SIM_PIN_REQUIRED,1177224970,12288
*** Trama sin '*CRC' reconocible. ***

=== Registro 1092 (1093/4081) ===

<-- Respuesta cruda: $CFG,BAD_CRC,LOGREAD,1092,0000-00-02 86:234:07,SIM_PIN_REQUIRED,1141180426,0
*** Trama sin '*CRC' reconocible. ***

=== Registro 1093 (1094/4081) ===

<-- Respuesta cruda: $CFG,BAD_CRC,LOGREAD,1093,0000-00-183 36:234:07,UNKNOWN,1174681818,12288
*** Trama sin '*CRC' reconocible. ***

=== Registro 1094 (1095/4081) ===

<-- Respuesta cruda: $CFG,BAD_CRC,LOGREAD,1094,0000-00-175 51:234:07,SIM_PIN_REQUIRED,1177225226,12288
*** Trama sin '*CRC' reconocible. ***

=== Registro 1095 (1096/4081) ===

<-- Respuesta cruda: $CFG,BAD_CRC,LOGREAD,1095,0000-00-225 69:234:07,SIM_PIN_REQUIRED,1141377290,0
*** Trama sin '*CRC' reconocible. ***

=== Registro 1096 (1097/4081) ===

<-- Respuesta cruda: $CFG,BAD_CRC,LOGREAD,1096,0000-00-66 12:234:07,SIM_PIN_REQUIRED,908790026,0
*** Trama sin '*CRC' reconocible. ***

=== Registro 1097 (1098/4081) ===

<-- Respuesta cruda: $CFG,BAD_CRC,LOGREAD,1097,0000-00-201 223:234:07,SIM_PIN_REQUIRED,1177225482,12288
*** Trama sin '*CRC' reconocible. ***

=== Registro 1098 (1099/4081) ===

<-- Respuesta cruda: $CFG,BAD_CRC,LOGREAD,1098,0000-00-148 70:234:07,SIM_PIN_REQUIRED,1141574154,0
*** Trama sin '*CRC' reconocible. ***

=== Registro 1099 (1100/4081) ===

<-- Respuesta cruda: $CFG,BAD_CRC,LOGREAD,1099,0000-00-39 113:234:07,SIM_PIN_REQUIRED,908790282,0
*** Trama sin '*CRC' reconocible. ***

=== Registro 1100 (1101/4081) ===

<-- Respuesta cruda: $CFG,BAD_CRC,LOGREAD,1100,0000-00-00 00:00:00,UNKNOWN,1177225800,12288
*** Trama sin '*CRC' reconocible. ***

=== Registro 1101 (1102/4081) ===

<-- Respuesta cruda: $CFG,BAD_CRC,LOGREAD,1101,0000-00-11 67:234:07,SIM_PIN_REQUIRED,1141771018,0
*** Trama sin '*CRC' reconocible. ***

=== Registro 1102 (1103/4081) ===

<-- Respuesta cruda: $CFG,BAD_CRC,LOGREAD,1102,0000-00-92 251:234:07,SIM_PIN_REQUIRED,908790538,0
*** Trama sin '*CRC' reconocible. ***

=== Registro 1103 (1104/4081) ===

<-- Respuesta cruda: $CFG,BAD_CRC,LOGREAD,1103,0000-00-35 217:234:07,SIM_PIN_REQUIRED,1177291530,12288
*** Trama sin '*CRC' reconocible. ***

=== Registro 1104 (1105/4081) ===

<-- Respuesta cruda: $CFG,BAD_CRC,LOGREAD,1104,0000-00-195 105:234:07,SIM_PIN_REQUIRED,1141902346,0
*** Trama sin '*CRC' reconocible. ***

=== Registro 1105 (1106/4081) ===

<-- Respuesta cruda: $CFG,BAD_CRC,LOGREAD,1105,0000-00-80 245:234:07,SIM_PIN_REQUIRED,908790794,0
*** Trama sin '*CRC' reconocible. ***

=== Registro 1106 (1107/4081) ===

<-- Respuesta cruda: $CFG,BAD_CRC,LOGREAD,1106,0000-00-104 209:234:07,SIM_PIN_REQUIRED,1177226250,486551552
*** Trama sin '*CRC' reconocible. ***

=== Registro 1107 (1108/4081) ===

<-- Respuesta cruda: $CFG,BAD_CRC,LOGREAD,1107,0048-00-00 00:00:00,UNKNOWN,1142099264,0
*** Trama sin '*CRC' reconocible. ***

=== Registro 1108 (1109/4081) ===

<-- Respuesta cruda: $CFG,BAD_CRC,LOGREAD,1108,0000-00-223 142:234:07,SIM_PIN_REQUIRED,908791050,0
*** Trama sin '*CRC' reconocible. ***

=== Registro 1109 (1110/4081) ===

<-- Respuesta cruda: $CFG,BAD_CRC,LOGREAD,1109,0000-00-29 210:234:07,SIM_PIN_REQUIRED,1177226506,12288
*** Trama sin '*CRC' reconocible. ***

=== Registro 1110 (1111/4081) ===

<-- Respuesta cruda: $CFG,BAD_CRC,LOGREAD,1110,0000-00-64 75:234:07,SIM_PIN_REQUIRED,1142296074,0
*** Trama sin '*CRC' reconocible. ***

=== Registro 1111 (1112/4081) ===

<-- Respuesta cruda: $CFG,BAD_CRC,LOGREAD,1111,0000-00-78 02:234:07,SIM_PIN_REQUIRED,1125977610,0
*** Trama sin '*CRC' reconocible. ***

=== Registro 1112 (1113/4081) ===

<-- Respuesta cruda: $CFG,BAD_CRC,LOGREAD,1112,0000-00-192 196:234:07,SIM_PIN_REQUIRED,907873802,0
*** Trama sin '*CRC' reconocible. ***

=== Registro 1113 (1114/4081) ===

<-- Respuesta cruda: $CFG,BAD_CRC,LOGREAD,1113,0000-00-49 217:234:07,SIM_PIN_REQUIRED,117902858,554633752
*** Trama sin '*CRC' reconocible. ***

=== Registro 1114 (1115/4081) ===

<-- Respuesta cruda: $CFG,BAD_CRC,LOGREAD,1114,0048-00-00 00:00:00,UNKNOWN,1176309327,0
*** Trama sin '*CRC' reconocible. ***

=== Registro 1115 (1116/4081) ===

<-- Respuesta cruda: $CFG,BAD_CRC,LOGREAD,1115,0000-00-176 06:234:07,SIM_PIN_REQUIRED,1126174218,0
*** Trama sin '*CRC' reconocible. ***

=== Registro 1116 (1117/4081) ===

<-- Respuesta cruda: $CFG,BAD_CRC,LOGREAD,1116,0000-00-07 16:234:07,SIM_PIN_REQUIRED,908070410,0
*** Trama sin '*CRC' reconocible. ***

=== Registro 1117 (1118/4081) ===

<-- Respuesta cruda: $CFG,BAD_CRC,LOGREAD,1117,0000-00-246 13:234:07,SIM_PIN_REQUIRED,1176571402,12288
*** Trama sin '*CRC' reconocible. ***

=== Registro 1118 (1119/4081) ===

<-- Respuesta cruda: $CFG,BAD_CRC,LOGREAD,1118,0000-00-226 76:234:07,SIM_PIN_REQUIRED,1176571402,0
*** Trama sin '*CRC' reconocible. ***

=== Registro 1119 (1120/4081) ===

<-- Respuesta cruda: $CFG,BAD_CRC,LOGREAD,1119,0000-00-62 10:234:07,SIM_PIN_REQUIRED,908136202,0
*** Trama sin '*CRC' reconocible. ***

=== Registro 1120 (1121/4081) ===

<-- Respuesta cruda: $CFG,BAD_CRC,LOGREAD,1120,0000-00-202 214:234:00,UNKNOWN,906888208,0
*** Trama sin '*CRC' reconocible. ***

=== Registro 1121 (1122/4081) ===

<-- Respuesta cruda: $CFG,BAD_CRC,LOGREAD,1121,0000-00-32 162:234:07,SIM_PIN_REQUIRED,1143213834,0
*** Trama sin '*CRC' reconocible. ***

=== Registro 1122 (1123/4081) ===

<-- Respuesta cruda: $CFG,BAD_CRC,LOGREAD,1122,0000-00-207 94:234:07,SIM_PIN_REQUIRED,908136458,0
*** Trama sin '*CRC' reconocible. ***

=== Registro 1123 (1124/4081) ===

<-- Respuesta cruda: $CFG,BAD_CRC,LOGREAD,1123,0000-00-121 242:234:07,SIM_PIN_REQUIRED,1176571914,12288
*** Trama sin '*CRC' reconocible. ***

=== Registro 1124 (1125/4081) ===

<-- Respuesta cruda: $CFG,BAD_CRC,LOGREAD,1124,0000-00-36 107:234:07,SIM_PIN_REQUIRED,1143410698,0
*** Trama sin '*CRC' reconocible. ***

=== Registro 1125 (1126/4081) ===

<-- Respuesta cruda: $CFG,BAD_CRC,LOGREAD,1125,0000-00-134 02:234:07,SIM_PIN_REQUIRED,908136714,0
*** Trama sin '*CRC' reconocible. ***

=== Registro 1126 (1127/4081) ===

<-- Respuesta cruda: $CFG,BAD_CRC,LOGREAD,1126,0000-00-12 241:234:07,SIM_PIN_REQUIRED,1176637706,12288
*** Trama sin '*CRC' reconocible. ***

=== Registro 1127 (1128/4081) ===

<-- Respuesta cruda: $CFG,BAD_CRC,LOGREAD,1127,0000-00-00 00:00:00,UNKNOWN,1143607675,0
*** Trama sin '*CRC' reconocible. ***

=== Registro 1128 (1129/4081) ===

<-- Respuesta cruda: $CFG,BAD_CRC,LOGREAD,1128,0000-00-115 42:234:07,SIM_PIN_REQUIRED,908136970,0
*** Trama sin '*CRC' reconocible. ***

=== Registro 1129 (1130/4081) ===

<-- Respuesta cruda: $CFG,BAD_CRC,LOGREAD,1129,0000-00-147 244:234:07,SIM_PIN_REQUIRED,1176637962,12288
*** Trama sin '*CRC' reconocible. ***

=== Registro 1130 (1131/4081) ===

<-- Respuesta cruda: $CFG,BAD_CRC,LOGREAD,1130,0000-00-52 21:234:07,SIM_PIN_REQUIRED,1143804426,0
*** Trama sin '*CRC' reconocible. ***

=== Registro 1131 (1132/4081) ===

<-- Respuesta cruda: $CFG,BAD_CRC,LOGREAD,1131,0000-00-81 06:234:07,SIM_PIN_REQUIRED,908202762,0
*** Trama sin '*CRC' reconocible. ***

=== Registro 1132 (1133/4081) ===

<-- Respuesta cruda: $CFG,BAD_CRC,LOGREAD,1132,0000-00-28 143:234:07,SIM_PIN_REQUIRED,1176638218,12288
*** Trama sin '*CRC' reconocible. ***

=== Registro 1133 (1134/4081) ===

<-- Respuesta cruda: $CFG,BAD_CRC,LOGREAD,1133,0000-00-65 22:234:07,SIM_PIN_REQUIRED,1144001290,571867136
*** Trama sin '*CRC' reconocible. ***

=== Registro 1134 (1135/4081) ===

<-- Respuesta cruda: $CFG,BAD_CRC,LOGREAD,1134,0000-00-00 00:00:00,UNKNOWN,908203137,0
*** Trama sin '*CRC' reconocible. ***

=== Registro 1135 (1136/4081) ===

<-- Respuesta cruda: $CFG,BAD_CRC,LOGREAD,1135,0000-00-87 135:234:07,SIM_PIN_REQUIRED,1176638474,12288
*** Trama sin '*CRC' reconocible. ***

=== Registro 1136 (1137/4081) ===

<-- Respuesta cruda: $CFG,BAD_CRC,LOGREAD,1136,0000-00-10 30:234:07,SIM_PIN_REQUIRED,1144198154,0
*** Trama sin '*CRC' reconocible. ***

=== Registro 1137 (1138/4081) ===

<-- Respuesta cruda: $CFG,BAD_CRC,LOGREAD,1137,0000-00-40 11:234:07,SIM_PIN_REQUIRED,908203274,0
*** Trama sin '*CRC' reconocible. ***

=== Registro 1138 (1139/4081) ===

<-- Respuesta cruda: $CFG,BAD_CRC,LOGREAD,1138,0000-00-34 132:234:07,SIM_PIN_REQUIRED,1176638730,12288
*** Trama sin '*CRC' reconocible. ***

=== Registro 1139 (1140/4081) ===

<-- Respuesta cruda: $CFG,BAD_CRC,LOGREAD,1139,0000-00-127 29:234:07,SIM_PIN_REQUIRED,1144395018,0
*** Trama sin '*CRC' reconocible. ***

=== Registro 1140 (1141/4081) ===

<-- Respuesta cruda: $CFG,BAD_CRC,LOGREAD,1140,0000-00-83 129:234:07,SIM_PIN_REQUIRED,906561802,0
*** Trama sin '*CRC' reconocible. ***

=== Registro 1141 (1142/4081) ===

<-- Respuesta cruda: $CFG,BAD_CRC,LOGREAD,1141,0000-00-148 158:234:07,SIM_PIN_REQUIRED,1176704522,12288
*** Trama sin '*CRC' reconocible. ***

=== Registro 1142 (1143/4081) ===

<-- Respuesta cruda: $CFG,BAD_CRC,LOGREAD,1142,0000-00-169 192:234:07,SIM_PIN_REQUIRED,1144591882,0
*** Trama sin '*CRC' reconocible. ***

=== Registro 1143 (1144/4081) ===

<-- Respuesta cruda: $CFG,BAD_CRC,LOGREAD,1143,0000-00-255 15:234:07,SIM_PIN_REQUIRED,908203786,0
*** Trama sin '*CRC' reconocible. ***

=== Registro 1144 (1145/4081) ===

<-- Respuesta cruda: $CFG,BAD_CRC,LOGREAD,1144,0000-00-200 130:234:07,SIM_PIN_REQUIRED,1176704778,12288
*** Trama sin '*CRC' reconocible. ***

=== Registro 1145 (1146/4081) ===

<-- Respuesta cruda: $CFG,BAD_CRC,LOGREAD,1145,0000-00-220 195:234:07,SIM_PIN_REQUIRED,1140856842,0
*** Trama sin '*CRC' reconocible. ***

=== Registro 1146 (1147/4081) ===

<-- Respuesta cruda: $CFG,BAD_CRC,LOGREAD,1146,0000-00-233 154:234:07,SIM_PIN_REQUIRED,908269578,0
*** Trama sin '*CRC' reconocible. ***

=== Registro 1147 (1148/4081) ===

<-- Respuesta cruda: $CFG,BAD_CRC,LOGREAD,1147,0000-00-98 73:00:00,UNKNOWN,1176705238,12288
*** Trama sin '*CRC' reconocible. ***

=== Registro 1148 (1149/4081) ===

<-- Respuesta cruda: $CFG,BAD_CRC,LOGREAD,1148,0000-00-63 208:234:07,SIM_PIN_REQUIRED,1141053706,0
*** Trama sin '*CRC' reconocible. ***

=== Registro 1149 (1150/4081) ===

<-- Respuesta cruda: $CFG,BAD_CRC,LOGREAD,1149,0000-00-102 225:234:07,SIM_PIN_REQUIRED,908269834,0
*** Trama sin '*CRC' reconocible. ***

=== Registro 1150 (1151/4081) ===

<-- Respuesta cruda: $CFG,BAD_CRC,LOGREAD,1150,0000-00-23 74:234:07,SIM_PIN_REQUIRED,1176705290,12288
*** Trama sin '*CRC' reconocible. ***

=== Registro 1151 (1152/4081) ===

<-- Respuesta cruda: $CFG,BAD_CRC,LOGREAD,1151,0000-00-74 211:234:07,SIM_PIN_REQUIRED,1141250570,0
*** Trama sin '*CRC' reconocible. ***

=== Registro 1152 (1153/4081) ===

<-- Respuesta cruda: $CFG,BAD_CRC,LOGREAD,1152,0000-00-247 109:234:07,SIM_PIN_REQUIRED,908270090,0
*** Trama sin '*CRC' reconocible. ***

=== Registro 1153 (1154/4081) ===

<-- Respuesta cruda: $CFG,BAD_CRC,LOGREAD,1153,0000-00-136 79:234:07,SIM_PIN_REQUIRED,1176705546,12288
*** Trama sin '*CRC' reconocible. ***

=== Registro 1154 (1155/4081) ===

<-- Respuesta cruda: $CFG,BAD_CRC,LOGREAD,1154,0000-00-00 00:00:00,UNKNOWN,1141447455,0
*** Trama sin '*CRC' reconocible. ***

=== Registro 1155 (1156/4081) ===

<-- Respuesta cruda: $CFG,BAD_CRC,LOGREAD,1155,0000-00-177 229:234:07,SIM_PIN_REQUIRED,908270346,0
*** Trama sin '*CRC' reconocible. ***

=== Registro 1156 (1157/4081) ===

<-- Respuesta cruda: $CFG,BAD_CRC,LOGREAD,1156,0000-00-253 76:234:07,SIM_PIN_REQUIRED,1176771338,12288
*** Trama sin '*CRC' reconocible. ***

=== Registro 1157 (1158/4081) ===

<-- Respuesta cruda: $CFG,BAD_CRC,LOGREAD,1157,0000-00-29 252:234:07,SIM_PIN_REQUIRED,1141644298,0
*** Trama sin '*CRC' reconocible. ***

=== Registro 1158 (1159/4081) ===

<-- Respuesta cruda: $CFG,BAD_CRC,LOGREAD,1158,0000-00-244 100:234:07,SIM_PIN_REQUIRED,908336138,0
*** Trama sin '*CRC' reconocible. ***

=== Registro 1159 (1160/4081) ===

<-- Respuesta cruda: $CFG,BAD_CRC,LOGREAD,1159,0000-00-11 109:234:07,SIM_PIN_REQUIRED,1176771594,12288
*** Trama sin '*CRC' reconocible. ***

=== Registro 1160 (1161/4081) ===

<-- Respuesta cruda: $CFG,BAD_CRC,LOGREAD,1160,0000-00-86 244:234:07,SIM_PIN_REQUIRED,1141841162,606013952
*** Trama sin '*CRC' reconocible. ***

=== Registro 1161 (1162/4081) ===

<-- Respuesta cruda: $CFG,BAD_CRC,LOGREAD,1161,0000-00-00 00:00:00,UNKNOWN,908336488,0
*** Trama sin '*CRC' reconocible. ***

=== Registro 1162 (1163/4081) ===

<-- Respuesta cruda: $CFG,BAD_CRC,LOGREAD,1162,0000-00-126 110:234:07,SIM_PIN_REQUIRED,1176771850,12288
*** Trama sin '*CRC' reconocible. ***

=== Registro 1163 (1164/4081) ===

<-- Respuesta cruda: $CFG,BAD_CRC,LOGREAD,1163,0000-00-35 247:234:07,SIM_PIN_REQUIRED,1142038026,0
*** Trama sin '*CRC' reconocible. ***

=== Registro 1164 (1165/4081) ===

<-- Respuesta cruda: $CFG,BAD_CRC,LOGREAD,1164,0000-00-89 100:234:07,SIM_PIN_REQUIRED,908336650,0
*** Trama sin '*CRC' reconocible. ***

=== Registro 1165 (1166/4081) ===

<-- Respuesta cruda: $CFG,BAD_CRC,LOGREAD,1165,0000-00-225 107:234:07,SIM_PIN_REQUIRED,1176772106,12288
*** Trama sin '*CRC' reconocible. ***

=== Registro 1166 (1167/4081) ===

<-- Respuesta cruda: $CFG,BAD_CRC,LOGREAD,1166,0000-00-188 242:234:07,SIM_PIN_REQUIRED,1142234890,0
*** Trama sin '*CRC' reconocible. ***

=== Registro 1167 (1168/4081) ===

<-- Respuesta cruda: $CFG,BAD_CRC,LOGREAD,1167,0000-00-145 78:234:07,SIM_PIN_REQUIRED,1143804665,0
*** Trama sin '*CRC' reconocible. ***

=== Registro 1168 (1169/4081) ===

<-- Respuesta cruda: $CFG,BAD_CRC,LOGREAD,1168,0000-00-197 77:234:07,SIM_PIN_REQUIRED,1176837898,12288
*** Trama sin '*CRC' reconocible. ***

=== Registro 1169 (1170/4081) ===

<-- Respuesta cruda: $CFG,BAD_CRC,LOGREAD,1169,0000-00-128 41:234:07,SIM_PIN_REQUIRED,1142431754,0
*** Trama sin '*CRC' reconocible. ***

=== Registro 1170 (1171/4081) ===

<-- Respuesta cruda: $CFG,BAD_CRC,LOGREAD,1170,0000-00-02 47:234:07,SIM_PIN_REQUIRED,908337162,0
*** Trama sin '*CRC' reconocible. ***

=== Registro 1171 (1172/4081) ===

<-- Respuesta cruda: $CFG,BAD_CRC,LOGREAD,1171,0000-00-135 34:234:07,SIM_PIN_REQUIRED,1176838154,12288
*** Trama sin '*CRC' reconocible. ***

=== Registro 1172 (1173/4081) ===

<-- Respuesta cruda: $CFG,BAD_CRC,LOGREAD,1172,0000-00-147 99:234:07,SIM_PIN_REQUIRED,1142628618,0
*** Trama sin '*CRC' reconocible. ***

=== Registro 1173 (1174/4081) ===

<-- Respuesta cruda: $CFG,BAD_CRC,LOGREAD,1173,0000-00-141 84:234:07,SIM_PIN_REQUIRED,908402954,0
*** Trama sin '*CRC' reconocible. ***

=== Registro 1174 (1175/4081) ===

<-- Respuesta cruda: $CFG,BAD_CRC,LOGREAD,1174,0000-00-187 00:00:00,UNKNOWN,1176838502,12288
*** Trama sin '*CRC' reconocible. ***

=== Registro 1175 (1176/4081) ===

<-- Respuesta cruda: $CFG,BAD_CRC,LOGREAD,1175,0000-00-230 96:234:07,SIM_PIN_REQUIRED,1142825482,0
*** Trama sin '*CRC' reconocible. ***

=== Registro 1176 (1177/4081) ===

<-- Respuesta cruda: $CFG,BAD_CRC,LOGREAD,1176,0000-00-28 216:234:07,SIM_PIN_REQUIRED,908403210,0
*** Trama sin '*CRC' reconocible. ***

=== Registro 1177 (1178/4081) ===

<-- Respuesta cruda: $CFG,BAD_CRC,LOGREAD,1177,0000-00-36 252:234:07,SIM_PIN_REQUIRED,1176838666,12288
*** Trama sin '*CRC' reconocible. ***

=== Registro 1178 (1179/4081) ===

<-- Respuesta cruda: $CFG,BAD_CRC,LOGREAD,1178,0000-00-121 101:234:07,SIM_PIN_REQUIRED,1143022346,0
*** Trama sin '*CRC' reconocible. ***

=== Registro 1179 (1180/4081) ===

<-- Respuesta cruda: $CFG,BAD_CRC,LOGREAD,1179,0000-00-29 175:234:07,SIM_PIN_REQUIRED,908403466,0
*** Trama sin '*CRC' reconocible. ***

=== Registro 1180 (1181/4081) ===

<-- Respuesta cruda: $CFG,BAD_CRC,LOGREAD,1180,0000-00-81 255:234:07,SIM_PIN_REQUIRED,1176838922,12288
*** Trama sin '*CRC' reconocible. ***

=== Registro 1181 (1182/4081) ===

<-- Respuesta cruda: $CFG,BAD_CRC,LOGREAD,1181,0000-00-00 00:00:00,UNKNOWN,1143219337,0
*** Trama sin '*CRC' reconocible. ***

=== Registro 1182 (1183/4081) ===

<-- Respuesta cruda: $CFG,BAD_CRC,LOGREAD,1182,0000-00-88 46:234:07,SIM_PIN_REQUIRED,908403722,0
*** Trama sin '*CRC' reconocible. ***

=== Registro 1183 (1184/4081) ===

<-- Respuesta cruda: $CFG,BAD_CRC,LOGREAD,1183,0000-00-26 247:234:07,SIM_PIN_REQUIRED,1176904714,12288
*** Trama sin '*CRC' reconocible. ***

=== Registro 1184 (1185/4081) ===

<-- Respuesta cruda: $CFG,BAD_CRC,LOGREAD,1184,0000-00-189 22:234:07,SIM_PIN_REQUIRED,908403978,0
*** Trama sin '*CRC' reconocible. ***

=== Registro 1185 (1186/4081) ===

<-- Respuesta cruda: $CFG,BAD_CRC,LOGREAD,1185,0000-00-111 244:234:07,SIM_PIN_REQUIRED,1176904970,12288
*** Trama sin '*CRC' reconocible. ***

=== Registro 1186 (1187/4081) ===

<-- Respuesta cruda: $CFG,BAD_CRC,LOGREAD,1186,0000-00-200 21:234:07,SIM_PIN_REQUIRED,1143416074,0
*** Trama sin '*CRC' reconocible. ***

=== Registro 1187 (1188/4081) ===

<-- Respuesta cruda: $CFG,BAD_CRC,LOGREAD,1187,0000-00-215 85:234:07,SIM_PIN_REQUIRED,908469770,640158232
*** Trama sin '*CRC' reconocible. ***

=== Registro 1188 (1189/4081) ===

<-- Respuesta cruda: $CFG,BAD_CRC,LOGREAD,1188,0048-00-00 00:00:00,UNKNOWN,1176905216,12288
*** Trama sin '*CRC' reconocible. ***

=== Registro 1189 (1190/4081) ===

<-- Respuesta cruda: $CFG,BAD_CRC,LOGREAD,1189,0000-00-87 16:234:07,SIM_PIN_REQUIRED,1143612938,0
*** Trama sin '*CRC' reconocible. ***

=== Registro 1190 (1191/4081) ===

<-- Respuesta cruda: $CFG,BAD_CRC,LOGREAD,1190,0000-00-200 123:234:07,SIM_PIN_REQUIRED,908470026,0
*** Trama sin '*CRC' reconocible. ***

=== Registro 1191 (1192/4081) ===

<-- Respuesta cruda: $CFG,BAD_CRC,LOGREAD,1191,0000-00-127 138:234:07,SIM_PIN_REQUIRED,1176905482,12288
*** Trama sin '*CRC' reconocible. ***

=== Registro 1192 (1193/4081) ===

<-- Respuesta cruda: $CFG,BAD_CRC,LOGREAD,1192,0000-00-34 19:234:07,SIM_PIN_REQUIRED,1143809802,0
*** Trama sin '*CRC' reconocible. ***

=== Registro 1193 (1194/4081) ===

<-- Respuesta cruda: $CFG,BAD_CRC,LOGREAD,1193,0000-00-00 81:234:07,SIM_PIN_REQUIRED,908470282,0
*** Trama sin '*CRC' reconocible. ***

=== Registro 1194 (1195/4081) ===

<-- Respuesta cruda: $CFG,BAD_CRC,LOGREAD,1194,0000-00-156 153:234:07,SIM_PIN_REQUIRED,1141710046,0
*** Trama sin '*CRC' reconocible. ***

=== Registro 1195 (1196/4081) ===

<-- Respuesta cruda: $CFG,BAD_CRC,LOGREAD,1195,0000-00-41 247:234:07,SIM_PIN_REQUIRED,1144006666,0
*** Trama sin '*CRC' reconocible. ***

=== Registro 1196 (1197/4081) ===

<-- Respuesta cruda: $CFG,BAD_CRC,LOGREAD,1196,0000-00-94 60:234:07,SIM_PIN_REQUIRED,908470538,0
*** Trama sin '*CRC' reconocible. ***

=== Registro 1197 (1198/4081) ===

<-- Respuesta cruda: $CFG,BAD_CRC,LOGREAD,1197,0000-00-233 154:234:07,SIM_PIN_REQUIRED,1176971530,12288
*** Trama sin '*CRC' reconocible. ***

=== Registro 1198 (1199/4081) ===

<-- Respuesta cruda: $CFG,BAD_CRC,LOGREAD,1198,0000-00-253 219:234:07,SIM_PIN_REQUIRED,1144203530,0
*** Trama sin '*CRC' reconocible. ***

=== Registro 1199 (1200/4081) ===

<-- Respuesta cruda: $CFG,BAD_CRC,LOGREAD,1199,0000-00-209 71:234:07,SIM_PIN_REQUIRED,908536330,0
*** Trama sin '*CRC' reconocible. ***

=== Registro 1200 (1201/4081) ===

<-- Respuesta cruda: $CFG,BAD_CRC,LOGREAD,1200,0000-00-63 71:234:07,SIM_PIN_REQUIRED,1176971786,12288
*** Trama sin '*CRC' reconocible. ***

=== Registro 1201 (1202/4081) ===

<-- Respuesta cruda: $CFG,BAD_CRC,LOGREAD,1201,0000-00-00 00:00:00,UNKNOWN,1144400589,0
*** Trama sin '*CRC' reconocible. ***

=== Registro 1202 (1203/4081) ===

<-- Respuesta cruda: $CFG,BAD_CRC,LOGREAD,1202,0000-00-64 203:234:07,SIM_PIN_REQUIRED,908536586,0
*** Trama sin '*CRC' reconocible. ***

=== Registro 1203 (1204/4081) ===

<-- Respuesta cruda: $CFG,BAD_CRC,LOGREAD,1203,0000-00-74 68:234:07,SIM_PIN_REQUIRED,1176972042,12288
*** Trama sin '*CRC' reconocible. ***

=== Registro 1204 (1205/4081) ===

<-- Respuesta cruda: $CFG,BAD_CRC,LOGREAD,1204,0000-00-23 221:234:07,SIM_PIN_REQUIRED,1144597258,0
*** Trama sin '*CRC' reconocible. ***

=== Registro 1205 (1206/4081) ===

<-- Respuesta cruda: $CFG,BAD_CRC,LOGREAD,1205,0000-00-06 67:234:07,SIM_PIN_REQUIRED,908536842,0
*** Trama sin '*CRC' reconocible. ***

=== Registro 1206 (1207/4081) ===

<-- Respuesta cruda: $CFG,BAD_CRC,LOGREAD,1206,0000-00-01 76:234:07,SIM_PIN_REQUIRED,1176972298,12288
*** Trama sin '*CRC' reconocible. ***

=== Registro 1207 (1208/4081) ===

<-- Respuesta cruda: $CFG,BAD_CRC,LOGREAD,1207,0000-00-92 213:234:07,SIM_PIN_REQUIRED,1140862218,0
*** Trama sin '*CRC' reconocible. ***

=== Registro 1208 (1209/4081) ===

<-- Respuesta cruda: $CFG,BAD_CRC,LOGREAD,1208,0000-00-00 00:00:00,UNKNOWN,908537282,0
*** Trama sin '*CRC' reconocible. ***

=== Registro 1209 (1210/4081) ===

<-- Respuesta cruda: $CFG,BAD_CRC,LOGREAD,1209,0000-00-116 79:234:07,SIM_PIN_REQUIRED,1177038090,12288
*** Trama sin '*CRC' reconocible. ***

=== Registro 1210 (1211/4081) ===

<-- Respuesta cruda: $CFG,BAD_CRC,LOGREAD,1210,0000-00-26 93:234:07,SIM_PIN_REQUIRED,1141059082,0
*** Trama sin '*CRC' reconocible. ***

=== Registro 1211 (1212/4081) ===

<-- Respuesta cruda: $CFG,BAD_CRC,LOGREAD,1211,0000-00-221 176:234:07,SIM_PIN_REQUIRED,908537354,0
*** Trama sin '*CRC' reconocible. ***

=== Registro 1212 (1213/4081) ===

<-- Respuesta cruda: $CFG,BAD_CRC,LOGREAD,1212,0000-00-235 74:234:07,SIM_PIN_REQUIRED,1177038346,12288
*** Trama sin '*CRC' reconocible. ***

=== Registro 1213 (1214/4081) ===

<-- Respuesta cruda: $CFG,BAD_CRC,LOGREAD,1213,0000-00-133 88:234:07,SIM_PIN_REQUIRED,1141255946,0
*** Trama sin '*CRC' reconocible. ***

=== Registro 1214 (1215/4081) ===

<-- Respuesta cruda: $CFG,BAD_CRC,LOGREAD,1214,0000-00-166 58:234:07,SIM_PIN_REQUIRED,120073994,674302488
*** Trama sin '*CRC' reconocible. ***

=== Registro 1215 (1216/4081) ===

<-- Respuesta cruda: $CFG,BAD_CRC,LOGREAD,1215,0048-00-00 00:00:00,UNKNOWN,1177038716,12288
*** Trama sin '*CRC' reconocible. ***

=== Registro 1216 (1217/4081) ===

<-- Respuesta cruda: $CFG,BAD_CRC,LOGREAD,1216,0000-00-240 91:234:07,SIM_PIN_REQUIRED,1141452810,0
*** Trama sin '*CRC' reconocible. ***

=== Registro 1217 (1218/4081) ===

<-- Respuesta cruda: $CFG,BAD_CRC,LOGREAD,1217,0000-00-38 149:234:07,SIM_PIN_REQUIRED,908603402,0
*** Trama sin '*CRC' reconocible. ***

=== Registro 1218 (1219/4081) ===

<-- Respuesta cruda: $CFG,BAD_CRC,LOGREAD,1218,0000-00-30 230:234:07,SIM_PIN_REQUIRED,1177038858,12288
*** Trama sin '*CRC' reconocible. ***

=== Registro 1219 (1220/4081) ===

<-- Respuesta cruda: $CFG,BAD_CRC,LOGREAD,1219,0000-00-67 127:234:07,SIM_PIN_REQUIRED,1141649674,0
*** Trama sin '*CRC' reconocible. ***

=== Registro 1220 (1221/4081) ===

<-- Respuesta cruda: $CFG,BAD_CRC,LOGREAD,1220,0000-00-93 31:234:07,SIM_PIN_REQUIRED,908603658,0
*** Trama sin '*CRC' reconocible. ***

=== Registro 1221 (1222/4081) ===

<-- Respuesta cruda: $CFG,BAD_CRC,LOGREAD,1221,0000-00-107 229:234:07,UNKNOWN,1175004322,12288
*** Trama sin '*CRC' reconocible. ***

=== Registro 1222 (1223/4081) ===

<-- Respuesta cruda: $CFG,BAD_CRC,LOGREAD,1222,0000-00-96 124:234:07,SIM_PIN_REQUIRED,1141846538,0
*** Trama sin '*CRC' reconocible. ***

=== Registro 1223 (1224/4081) ===

<-- Respuesta cruda: $CFG,BAD_CRC,LOGREAD,1223,0000-00-56 98:234:07,SIM_PIN_REQUIRED,908603914,0
*** Trama sin '*CRC' reconocible. ***

=== Registro 1224 (1225/4081) ===

<-- Respuesta cruda: $CFG,BAD_CRC,LOGREAD,1224,0000-00-244 224:234:07,SIM_PIN_REQUIRED,1177104906,12288
*** Trama sin '*CRC' reconocible. ***

=== Registro 1225 (1226/4081) ===

<-- Respuesta cruda: $CFG,BAD_CRC,LOGREAD,1225,0000-00-224 161:234:07,SIM_PIN_REQUIRED,1142043402,0
*** Trama sin '*CRC' reconocible. ***

=== Registro 1226 (1227/4081) ===

<-- Respuesta cruda: $CFG,BAD_CRC,LOGREAD,1226,0000-00-240 31:234:07,SIM_PIN_REQUIRED,908604170,0
*** Trama sin '*CRC' reconocible. ***

=== Registro 1227 (1228/4081) ===

<-- Respuesta cruda: $CFG,BAD_CRC,LOGREAD,1227,0000-00-129 227:234:07,SIM_PIN_REQUIRED,1177105162,12288
*** Trama sin '*CRC' reconocible. ***

=== Registro 1228 (1229/4081) ===

<-- Respuesta cruda: $CFG,BAD_CRC,LOGREAD,1228,0000-00-00 00:00:00,UNKNOWN,1142240363,0
*** Trama sin '*CRC' reconocible. ***

=== Registro 1229 (1230/4081) ===

<-- Respuesta cruda: $CFG,BAD_CRC,LOGREAD,1229,0000-00-06 62:234:07,SIM_PIN_REQUIRED,908669962,0
*** Trama sin '*CRC' reconocible. ***

=== Registro 1230 (1231/4081) ===

<-- Respuesta cruda: $CFG,BAD_CRC,LOGREAD,1230,0000-00-131 51:234:07,SIM_PIN_REQUIRED,1177105418,12288
*** Trama sin '*CRC' reconocible. ***

=== Registro 1231 (1232/4081) ===

<-- Respuesta cruda: $CFG,BAD_CRC,LOGREAD,1231,0000-00-222 170:234:07,SIM_PIN_REQUIRED,1142437130,0
*** Trama sin '*CRC' reconocible. ***

=== Registro 1232 (1233/4081) ===

<-- Respuesta cruda: $CFG,BAD_CRC,LOGREAD,1232,0000-00-243 22:234:07,SIM_PIN_REQUIRED,908670218,0
*** Trama sin '*CRC' reconocible. ***

=== Registro 1233 (1234/4081) ===

<-- Respuesta cruda: $CFG,BAD_CRC,LOGREAD,1233,0000-00-246 48:234:07,SIM_PIN_REQUIRED,1177105674,12288
*** Trama sin '*CRC' reconocible. ***

=== Registro 1234 (1235/4081) ===

<-- Respuesta cruda: $CFG,BAD_CRC,LOGREAD,1234,0000-00-171 169:234:07,SIM_PIN_REQUIRED,1142633994,704643072
*** Trama sin '*CRC' reconocible. ***

=== Registro 1235 (1236/4081) ===

<-- Respuesta cruda: $CFG,BAD_CRC,LOGREAD,1235,0000-00-00 00:00:00,UNKNOWN,908670557,0
*** Trama sin '*CRC' reconocible. ***

=== Registro 1236 (1237/4081) ===

<-- Respuesta cruda: $CFG,BAD_CRC,LOGREAD,1236,0000-00-105 53:234:07,SIM_PIN_REQUIRED,1177105930,12288
*** Trama sin '*CRC' reconocible. ***

=== Registro 1237 (1238/4081) ===

<-- Respuesta cruda: $CFG,BAD_CRC,LOGREAD,1237,0000-00-52 172:234:07,SIM_PIN_REQUIRED,1142830858,0
*** Trama sin '*CRC' reconocible. ***

=== Registro 1238 (1239/4081) ===

<-- Respuesta cruda: $CFG,BAD_CRC,LOGREAD,1238,0000-00-237 225:234:07,SIM_PIN_REQUIRED,908670730,0
*** Trama sin '*CRC' reconocible. ***

=== Registro 1239 (1240/4081) ===

<-- Respuesta cruda: $CFG,BAD_CRC,LOGREAD,1239,0000-00-28 54:234:07,SIM_PIN_REQUIRED,1177171722,12288
*** Trama sin '*CRC' reconocible. ***

=== Registro 1240 (1241/4081) ===

<-- Respuesta cruda: $CFG,BAD_CRC,LOGREAD,1240,0000-00-187 215:234:07,SIM_PIN_REQUIRED,1143027722,0
*** Trama sin '*CRC' reconocible. ***

=== Registro 1241 (1242/4081) ===

<-- Respuesta cruda: $CFG,BAD_CRC,LOGREAD,1241,0000-00-122 134:234:07,SIM_PIN_REQUIRED,117913610,708446744
*** Trama sin '*CRC' reconocible. ***

=== Registro 1242 (1243/4081) ===

<-- Respuesta cruda: $CFG,BAD_CRC,LOGREAD,1242,0048-00-00 00:00:00,UNKNOWN,1177172162,12288
*** Trama sin '*CRC' reconocible. ***

=== Registro 1243 (1244/4081) ===

<-- Respuesta cruda: $CFG,BAD_CRC,LOGREAD,1243,0000-00-88 196:234:07,SIM_PIN_REQUIRED,1143224586,0
*** Trama sin '*CRC' reconocible. ***

=== Registro 1244 (1245/4081) ===

<-- Respuesta cruda: $CFG,BAD_CRC,LOGREAD,1244,0000-00-01 12:234:07,SIM_PIN_REQUIRED,908736778,0
*** Trama sin '*CRC' reconocible. ***

=== Registro 1245 (1246/4081) ===

<-- Respuesta cruda: $CFG,BAD_CRC,LOGREAD,1245,0000-00-112 94:234:07,SIM_PIN_REQUIRED,1177172234,12288
*** Trama sin '*CRC' reconocible. ***

=== Registro 1246 (1247/4081) ===

<-- Respuesta cruda: $CFG,BAD_CRC,LOGREAD,1246,0000-00-45 199:234:07,SIM_PIN_REQUIRED,1143421450,0
*** Trama sin '*CRC' reconocible. ***

=== Registro 1247 (1248/4081) ===

<-- Respuesta cruda: $CFG,BAD_CRC,LOGREAD,1247,0000-00-100 113:234:07,SIM_PIN_REQUIRED,908737034,0
*** Trama sin '*CRC' reconocible. ***

=== Registro 1248 (1249/4081) ===

<-- Respuesta cruda: $CFG,BAD_CRC,LOGREAD,1248,0000-00-239 91:234:00,UNKNOWN,1144465266,0
*** Trama sin '*CRC' reconocible. ***

=== Registro 1249 (1250/4081) ===

<-- Respuesta cruda: $CFG,BAD_CRC,LOGREAD,1249,0000-00-148 77:234:07,SIM_PIN_REQUIRED,908737290,0
*** Trama sin '*CRC' reconocible. ***

=== Registro 1250 (1251/4081) ===

<-- Respuesta cruda: $CFG,BAD_CRC,LOGREAD,1250,0000-00-154 88:234:07,SIM_PIN_REQUIRED,1143683850,0
*** Trama sin '*CRC' reconocible. ***

=== Registro 1251 (1252/4081) ===

<-- Respuesta cruda: $CFG,BAD_CRC,LOGREAD,1251,0000-00-216 129:234:07,SIM_PIN_REQUIRED,1177238282,12288
*** Trama sin '*CRC' reconocible. ***

=== Registro 1252 (1253/4081) ===

<-- Respuesta cruda: $CFG,BAD_CRC,LOGREAD,1252,0000-00-142 25:234:07,SIM_PIN_REQUIRED,908722187,0
*** Trama sin '*CRC' reconocible. ***

=== Registro 1253 (1254/4081) ===

<-- Respuesta cruda: $CFG,BAD_CRC,LOGREAD,1253,0000-00-62 90:234:07,SIM_PIN_REQUIRED,1177223179,12288
*** Trama sin '*CRC' reconocible. ***

=== Registro 1254 (1255/4081) ===

<-- Respuesta cruda: $CFG,BAD_CRC,LOGREAD,1254,0000-00-42 27:234:07,SIM_PIN_REQUIRED,1143799819,0
*** Trama sin '*CRC' reconocible. ***

=== Registro 1255 (1256/4081) ===

<-- Respuesta cruda: $CFG,BAD_CRC,LOGREAD,1255,0000-00-00 00:00:00,UNKNOWN,908788103,0
*** Trama sin '*CRC' reconocible. ***

=== Registro 1256 (1257/4081) ===

<-- Respuesta cruda: $CFG,BAD_CRC,LOGREAD,1256,0000-00-02 129:234:07,SIM_PIN_REQUIRED,1177223435,12288
*** Trama sin '*CRC' reconocible. ***

=== Registro 1257 (1258/4081) ===

<-- Respuesta cruda: $CFG,BAD_CRC,LOGREAD,1257,0000-00-95 24:234:07,SIM_PIN_REQUIRED,1144062219,0
*** Trama sin '*CRC' reconocible. ***

=== Registro 1258 (1259/4081) ===

<-- Respuesta cruda: $CFG,BAD_CRC,LOGREAD,1258,0000-00-09 215:234:07,SIM_PIN_REQUIRED,908788235,0
*** Trama sin '*CRC' reconocible. ***

=== Registro 1259 (1260/4081) ===

<-- Respuesta cruda: $CFG,BAD_CRC,LOGREAD,1259,0000-00-157 132:234:07,SIM_PIN_REQUIRED,1177223691,12288
*** Trama sin '*CRC' reconocible. ***

=== Registro 1260 (1261/4081) ===

<-- Respuesta cruda: $CFG,BAD_CRC,LOGREAD,1260,0000-00-192 29:234:07,SIM_PIN_REQUIRED,1144259083,0
*** Trama sin '*CRC' reconocible. ***

=== Registro 1261 (1262/4081) ===

<-- Respuesta cruda: $CFG,BAD_CRC,LOGREAD,1261,0000-00-152 91:234:07,SIM_PIN_REQUIRED,908788491,755302400
*** Trama sin '*CRC' reconocible. ***

=== Registro 1262 (1263/4081) ===

<-- Respuesta cruda: $CFG,BAD_CRC,LOGREAD,1262,0048-00-00 00:00:00,UNKNOWN,1177289700,12288
*** Trama sin '*CRC' reconocible. ***

=== Registro 1263 (1264/4081) ===

<-- Respuesta cruda: $CFG,BAD_CRC,LOGREAD,1263,0000-00-08 55:234:07,SIM_PIN_REQUIRED,1144455947,0
*** Trama sin '*CRC' reconocible. ***

=== Registro 1264 (1265/4081) ===

<-- Respuesta cruda: $CFG,BAD_CRC,LOGREAD,1264,0000-00-23 32:234:07,SIM_PIN_REQUIRED,908788747,0
*** Trama sin '*CRC' reconocible. ***

=== Registro 1265 (1266/4081) ===

<-- Respuesta cruda: $CFG,BAD_CRC,LOGREAD,1265,0000-00-163 143:234:07,SIM_PIN_REQUIRED,1177289739,12288
*** Trama sin '*CRC' reconocible. ***

=== Registro 1266 (1267/4081) ===

<-- Respuesta cruda: $CFG,BAD_CRC,LOGREAD,1266,0000-00-67 63:234:07,SIM_PIN_REQUIRED,1144652811,0
*** Trama sin '*CRC' reconocible. ***

=== Registro 1267 (1268/4081) ===

<-- Respuesta cruda: $CFG,BAD_CRC,LOGREAD,1267,0000-00-220 03:234:07,SIM_PIN_REQUIRED,908789003,0
*** Trama sin '*CRC' reconocible. ***

=== Registro 1268 (1269/4081) ===

<-- Respuesta cruda: $CFG,BAD_CRC,LOGREAD,1268,0000-00-214 140:234:07,SIM_PIN_REQUIRED,908078603,0
*** Trama sin '*CRC' reconocible. ***

=== Registro 1269 (1270/4081) ===

<-- Respuesta cruda: $CFG,BAD_CRC,LOGREAD,1269,0000-00-194 40:234:07,SIM_PIN_REQUIRED,1140917771,0
*** Trama sin '*CRC' reconocible. ***

=== Registro 1270 (1271/4081) ===

<-- Respuesta cruda: $CFG,BAD_CRC,LOGREAD,1270,0000-00-05 32:234:07,SIM_PIN_REQUIRED,908854795,0
*** Trama sin '*CRC' reconocible. ***

=== Registro 1271 (1272/4081) ===

<-- Respuesta cruda: $CFG,BAD_CRC,LOGREAD,1271,0000-00-244 160:234:07,SIM_PIN_REQUIRED,1177355787,12288
*** Trama sin '*CRC' reconocible. ***

=== Registro 1272 (1273/4081) ===

<-- Respuesta cruda: $CFG,BAD_CRC,LOGREAD,1272,0000-00-224 225:234:07,SIM_PIN_REQUIRED,1141114635,0
*** Trama sin '*CRC' reconocible. ***

=== Registro 1273 (1274/4081) ===

<-- Respuesta cruda: $CFG,BAD_CRC,LOGREAD,1273,0000-00-126 170:234:07,SIM_PIN_REQUIRED,908855051,0
*** Trama sin '*CRC' reconocible. ***

=== Registro 1274 (1275/4081) ===

<-- Respuesta cruda: $CFG,BAD_CRC,LOGREAD,1274,0000-00-129 163:234:07,SIM_PIN_REQUIRED,1141311499,0
*** Trama sin '*CRC' reconocible. ***

=== Registro 1275 (1276/4081) ===

<-- Respuesta cruda: $CFG,BAD_CRC,LOGREAD,1275,0000-00-103 193:00:00,UNKNOWN,908855480,0
*** Trama sin '*CRC' reconocible. ***

=== Registro 1276 (1277/4081) ===

<-- Respuesta cruda: $CFG,BAD_CRC,LOGREAD,1276,0000-00-98 176:234:07,SIM_PIN_REQUIRED,1141508363,0
*** Trama sin '*CRC' reconocible. ***

=== Registro 1277 (1278/4081) ===

<-- Respuesta cruda: $CFG,BAD_CRC,LOGREAD,1277,0000-00-146 233:234:07,SIM_PIN_REQUIRED,908855563,0
*** Trama sin '*CRC' reconocible. ***

=== Registro 1278 (1279/4081) ===

<-- Respuesta cruda: $CFG,BAD_CRC,LOGREAD,1278,0000-00-23 179:234:07,SIM_PIN_REQUIRED,1177422091,12288
*** Trama sin '*CRC' reconocible. ***

=== Registro 1279 (1280/4081) ===

<-- Respuesta cruda: $CFG,BAD_CRC,LOGREAD,1279,0000-00-249 138:234:07,SIM_PIN_REQUIRED,1141705227,0
*** Trama sin '*CRC' reconocible. ***

=== Registro 1280 (1281/4081) ===

<-- Respuesta cruda: $CFG,BAD_CRC,LOGREAD,1280,0000-00-176 197:234:07,SIM_PIN_REQUIRED,908921355,0
*** Trama sin '*CRC' reconocible. ***

=== Registro 1281 (1282/4081) ===

<-- Respuesta cruda: $CFG,BAD_CRC,LOGREAD,1281,0000-00-193 110:234:07,SIM_PIN_REQUIRED,1141902091,0
*** Trama sin '*CRC' reconocible. ***

=== Registro 1282 (1283/4081) ===

<-- Respuesta cruda: $CFG,BAD_CRC,LOGREAD,1282,0000-00-00 00:00:00,UNKNOWN,908921790,0
*** Trama sin '*CRC' reconocible. ***

=== Registro 1283 (1284/4081) ===

<-- Respuesta cruda: $CFG,BAD_CRC,LOGREAD,1283,0000-00-180 109:234:07,SIM_PIN_REQUIRED,1177422603,12288
*** Trama sin '*CRC' reconocible. ***

=== Registro 1284 (1285/4081) ===

<-- Respuesta cruda: $CFG,BAD_CRC,LOGREAD,1284,0000-00-19 140:234:07,SIM_PIN_REQUIRED,1142033419,0
*** Trama sin '*CRC' reconocible. ***

=== Registro 1285 (1286/4081) ===

<-- Respuesta cruda: $CFG,BAD_CRC,LOGREAD,1285,0000-00-128 16:234:07,SIM_PIN_REQUIRED,908856331,0
*** Trama sin '*CRC' reconocible. ***

=== Registro 1286 (1287/4081) ===

<-- Respuesta cruda: $CFG,BAD_CRC,LOGREAD,1286,0000-00-182 189:234:07,SIM_PIN_REQUIRED,1177357323,12288
*** Trama sin '*CRC' reconocible. ***

=== Registro 1287 (1288/4081) ===

<-- Respuesta cruda: $CFG,BAD_CRC,LOGREAD,1287,0000-00-162 252:234:07,SIM_PIN_REQUIRED,1142230283,0
*** Trama sin '*CRC' reconocible. ***

=== Registro 1288 (1289/4081) ===

<-- Respuesta cruda: $CFG,BAD_CRC,LOGREAD,1288,0000-00-72 58:234:07,SIM_PIN_REQUIRED,908856587,672008960
*** Trama sin '*CRC' reconocible. ***

=== Registro 1289 (1290/4081) ===

<-- Respuesta cruda: $CFG,BAD_CRC,LOGREAD,1289,0000-00-00 00:00:00,UNKNOWN,1177357802,12288
*** Trama sin '*CRC' reconocible. ***

=== Registro 1290 (1291/4081) ===

<-- Respuesta cruda: $CFG,BAD_CRC,LOGREAD,1290,0000-00-215 255:234:07,SIM_PIN_REQUIRED,1142427147,0
*** Trama sin '*CRC' reconocible. ***

=== Registro 1291 (1292/4081) ===

<-- Respuesta cruda: $CFG,BAD_CRC,LOGREAD,1291,0000-00-87 20:234:07,SIM_PIN_REQUIRED,1126043147,0
*** Trama sin '*CRC' reconocible. ***

=== Registro 1292 (1293/4081) ===

<-- Respuesta cruda: $CFG,BAD_CRC,LOGREAD,1292,0000-00-89 249:234:07,SIM_PIN_REQUIRED,907939339,0
*** Trama sin '*CRC' reconocible. ***

=== Registro 1293 (1294/4081) ===

<-- Respuesta cruda: $CFG,BAD_CRC,LOGREAD,1293,0000-00-168 228:234:07,SIM_PIN_REQUIRED,1126239755,0
*** Trama sin '*CRC' reconocible. ***

=== Registro 1294 (1295/4081) ===

<-- Respuesta cruda: $CFG,BAD_CRC,LOGREAD,1294,0000-00-45 141:234:07,SIM_PIN_REQUIRED,1193807371,0
*** Trama sin '*CRC' reconocible. ***

=== Registro 1295 (1296/4081) ===

<-- Respuesta cruda: $CFG,BAD_CRC,LOGREAD,1295,0000-00-223 90:234:07,SIM_PIN_REQUIRED,908212181,0
*** Trama sin '*CRC' reconocible. ***

=== Registro 1296 (1297/4081) ===

<-- Respuesta cruda: $CFG,BAD_CRC,LOGREAD,1296,0000-00-252 167:234:07,SIM_PIN_REQUIRED,1194462731,0
*** Trama sin '*CRC' reconocible. ***

=== Registro 1297 (1298/4081) ===

<-- Respuesta cruda: $CFG,BAD_CRC,LOGREAD,1297,0000-00-223 13:234:07,SIM_PIN_REQUIRED,909315595,0
*** Trama sin '*CRC' reconocible. ***

=== Registro 1298 (1299/4081) ===

<-- Respuesta cruda: $CFG,BAD_CRC,LOGREAD,1298,0000-00-82 101:234:07,SIM_PIN_REQUIRED,1177816587,12288
*** Trama sin '*CRC' reconocible. ***

=== Registro 1299 (1300/4081) ===

<-- Respuesta cruda: $CFG,BAD_CRC,LOGREAD,1299,0000-00-178 213:234:07,SIM_PIN_REQUIRED,1177816587,0
*** Trama sin '*CRC' reconocible. ***

=== Registro 1300 (1301/4081) ===

<-- Respuesta cruda: $CFG,BAD_CRC,LOGREAD,1300,0000-00-110 147:234:07,SIM_PIN_REQUIRED,909381131,0
*** Trama sin '*CRC' reconocible. ***

=== Registro 1301 (1302/4081) ===

<-- Respuesta cruda: $CFG,BAD_CRC,LOGREAD,1301,0000-00-239 76:234:07,SIM_PIN_REQUIRED,1177816587,12288
*** Trama sin '*CRC' reconocible. ***

=== Registro 1302 (1303/4081) ===

<-- Respuesta cruda: $CFG,BAD_CRC,LOGREAD,1302,0000-00-178 00:00:00,UNKNOWN,1177882295,0
*** Trama sin '*CRC' reconocible. ***

=== Registro 1303 (1304/4081) ===

<-- Respuesta cruda: $CFG,BAD_CRC,LOGREAD,1303,0000-00-39 75:234:07,SIM_PIN_REQUIRED,1143279371,0
*** Trama sin '*CRC' reconocible. ***

=== Registro 1304 (1305/4081) ===

<-- Respuesta cruda: $CFG,BAD_CRC,LOGREAD,1304,0000-00-229 195:234:07,SIM_PIN_REQUIRED,909446923,0
*** Trama sin '*CRC' reconocible. ***

=== Registro 1305 (1306/4081) ===

<-- Respuesta cruda: $CFG,BAD_CRC,LOGREAD,1305,0000-00-211 151:234:07,SIM_PIN_REQUIRED,1143476235,0
*** Trama sin '*CRC' reconocible. ***

=== Registro 1306 (1307/4081) ===

<-- Respuesta cruda: $CFG,BAD_CRC,LOGREAD,1306,0000-00-214 204:234:07,SIM_PIN_REQUIRED,909447179,0
*** Trama sin '*CRC' reconocible. ***

=== Registro 1307 (1308/4081) ===

<-- Respuesta cruda: $CFG,BAD_CRC,LOGREAD,1307,0000-00-96 179:234:07,SIM_PIN_REQUIRED,1177948171,12288
*** Trama sin '*CRC' reconocible. ***

=== Registro 1308 (1309/4081) ===

<-- Respuesta cruda: $CFG,BAD_CRC,LOGREAD,1308,0000-00-199 82:234:07,SIM_PIN_REQUIRED,1143673099,0
*** Trama sin '*CRC' reconocible. ***

=== Registro 1309 (1310/4081) ===

<-- Respuesta cruda: $CFG,BAD_CRC,LOGREAD,1309,0000-00-00 00:00:00,UNKNOWN,909447527,0
*** Trama sin '*CRC' reconocible. ***

=== Registro 1310 (1311/4081) ===

<-- Respuesta cruda: $CFG,BAD_CRC,LOGREAD,1310,0000-00-21 176:234:07,SIM_PIN_REQUIRED,1143869963,0
*** Trama sin '*CRC' reconocible. ***

=== Registro 1311 (1312/4081) ===

<-- Respuesta cruda: $CFG,BAD_CRC,LOGREAD,1311,0000-00-200 59:234:07,SIM_PIN_REQUIRED,909447691,0
*** Trama sin '*CRC' reconocible. ***

=== Registro 1312 (1313/4081) ===

<-- Respuesta cruda: $CFG,BAD_CRC,LOGREAD,1312,0000-00-138 181:234:07,SIM_PIN_REQUIRED,1144066827,0
*** Trama sin '*CRC' reconocible. ***

=== Registro 1313 (1314/4081) ===

<-- Respuesta cruda: $CFG,BAD_CRC,LOGREAD,1313,0000-00-179 230:234:07,SIM_PIN_REQUIRED,909513483,0
*** Trama sin '*CRC' reconocible. ***

=== Registro 1314 (1315/4081) ===

<-- Respuesta cruda: $CFG,BAD_CRC,LOGREAD,1314,0000-00-05 206:234:07,SIM_PIN_REQUIRED,1178014475,12288
*** Trama sin '*CRC' reconocible. ***

=== Registro 1315 (1316/4081) ===

<-- Respuesta cruda: $CFG,BAD_CRC,LOGREAD,1315,0000-00-17 143:234:07,SIM_PIN_REQUIRED,1144263691,907479832
*** Trama sin '*CRC' reconocible. ***

=== Registro 1316 (1317/4081) ===

<-- Respuesta cruda: $CFG,BAD_CRC,LOGREAD,1316,0000-00-00 00:00:00,UNKNOWN,909513923,0
*** Trama sin '*CRC' reconocible. ***

=== Registro 1317 (1318/4081) ===

<-- Respuesta cruda: $CFG,BAD_CRC,LOGREAD,1317,0000-00-78 198:234:07,SIM_PIN_REQUIRED,1177949195,12288
*** Trama sin '*CRC' reconocible. ***

=== Registro 1318 (1319/4081) ===

<-- Respuesta cruda: $CFG,BAD_CRC,LOGREAD,1318,0000-00-19 95:234:07,SIM_PIN_REQUIRED,909513995,0
*** Trama sin '*CRC' reconocible. ***

=== Registro 1319 (1320/4081) ===

<-- Respuesta cruda: $CFG,BAD_CRC,LOGREAD,1319,0000-00-59 197:234:07,SIM_PIN_REQUIRED,1144460555,0
*** Trama sin '*CRC' reconocible. ***

=== Registro 1320 (1321/4081) ===

<-- Respuesta cruda: $CFG,BAD_CRC,LOGREAD,1320,0000-00-121 28:234:07,SIM_PIN_REQUIRED,909514251,0
*** Trama sin '*CRC' reconocible. ***

=== Registro 1321 (1322/4081) ===

<-- Respuesta cruda: $CFG,BAD_CRC,LOGREAD,1321,0000-00-164 192:234:07,SIM_PIN_REQUIRED,1144657419,0
*** Trama sin '*CRC' reconocible. ***

=== Registro 1322 (1323/4081) ===

<-- Respuesta cruda: $CFG,BAD_CRC,LOGREAD,1322,0000-00-102 50:234:07,SIM_PIN_REQUIRED,906036235,0
*** Trama sin '*CRC' reconocible. ***

=== Registro 1323 (1324/4081) ===

<-- Respuesta cruda: $CFG,BAD_CRC,LOGREAD,1323,0000-00-65 232:234:07,SIM_PIN_REQUIRED,1178081035,12288
*** Trama sin '*CRC' reconocible. ***

=== Registro 1324 (1325/4081) ===

<-- Respuesta cruda: $CFG,BAD_CRC,LOGREAD,1324,0000-00-246 09:234:07,SIM_PIN_REQUIRED,1140922379,0
*** Trama sin '*CRC' reconocible. ***

=== Registro 1325 (1326/4081) ===

<-- Respuesta cruda: $CFG,BAD_CRC,LOGREAD,1325,0000-00-195 07:234:07,SIM_PIN_REQUIRED,909580299,0
*** Trama sin '*CRC' reconocible. ***

=== Registro 1326 (1327/4081) ===

<-- Respuesta cruda: $CFG,BAD_CRC,LOGREAD,1326,0000-00-123 08:234:07,SIM_PIN_REQUIRED,1178081291,12288
*** Trama sin '*CRC' reconocible. ***

=== Registro 1327 (1328/4081) ===

<-- Respuesta cruda: $CFG,BAD_CRC,LOGREAD,1327,0000-00-21 26:234:07,SIM_PIN_REQUIRED,1141119243,0
*** Trama sin '*CRC' reconocible. ***

=== Registro 1328 (1329/4081) ===

<-- Respuesta cruda: $CFG,BAD_CRC,LOGREAD,1328,0000-00-184 141:234:07,SIM_PIN_REQUIRED,909580555,0
*** Trama sin '*CRC' reconocible. ***

=== Registro 1329 (1330/4081) ===

<-- Respuesta cruda: $CFG,BAD_CRC,LOGREAD,1329,0000-00-00 00:00:00,UNKNOWN,1141316238,0
*** Trama sin '*CRC' reconocible. ***

=== Registro 1330 (1331/4081) ===

<-- Respuesta cruda: $CFG,BAD_CRC,LOGREAD,1330,0000-00-221 240:234:07,SIM_PIN_REQUIRED,909580811,0
*** Trama sin '*CRC' reconocible. ***

=== Registro 1331 (1332/4081) ===

<-- Respuesta cruda: $CFG,BAD_CRC,LOGREAD,1331,0000-00-145 14:234:07,SIM_PIN_REQUIRED,1141512971,0
*** Trama sin '*CRC' reconocible. ***

=== Registro 1332 (1333/4081) ===

<-- Respuesta cruda: $CFG,BAD_CRC,LOGREAD,1332,0000-00-40 216:234:07,SIM_PIN_REQUIRED,909581067,0
*** Trama sin '*CRC' reconocible. ***

=== Registro 1333 (1334/4081) ===

<-- Respuesta cruda: $CFG,BAD_CRC,LOGREAD,1333,0000-00-228 13:234:07,SIM_PIN_REQUIRED,1178147595,12288
*** Trama sin '*CRC' reconocible. ***

=== Registro 1334 (1335/4081) ===

<-- Respuesta cruda: $CFG,BAD_CRC,LOGREAD,1334,0000-00-195 199:234:07,SIM_PIN_REQUIRED,1141709835,0
*** Trama sin '*CRC' reconocible. ***

=== Registro 1335 (1336/4081) ===

<-- Respuesta cruda: $CFG,BAD_CRC,LOGREAD,1335,0000-00-222 249:234:07,SIM_PIN_REQUIRED,909646859,0
*** Trama sin '*CRC' reconocible. ***

=== Registro 1336 (1337/4081) ===

<-- Respuesta cruda: $CFG,BAD_CRC,LOGREAD,1336,0048-00-00 00:00:00,UNKNOWN,1178148041,12288
*** Trama sin '*CRC' reconocible. ***

=== Registro 1337 (1338/4081) ===

<-- Respuesta cruda: $CFG,BAD_CRC,LOGREAD,1337,0000-00-136 207:234:07,SIM_PIN_REQUIRED,1141906699,0
*** Trama sin '*CRC' reconocible. ***

=== Registro 1338 (1339/4081) ===

<-- Respuesta cruda: $CFG,BAD_CRC,LOGREAD,1338,0000-00-22 132:234:07,SIM_PIN_REQUIRED,909647115,0
*** Trama sin '*CRC' reconocible. ***

=== Registro 1339 (1340/4081) ===

<-- Respuesta cruda: $CFG,BAD_CRC,LOGREAD,1339,0000-00-233 141:234:07,SIM_PIN_REQUIRED,1178148107,12288
*** Trama sin '*CRC' reconocible. ***

=== Registro 1340 (1341/4081) ===

<-- Respuesta cruda: $CFG,BAD_CRC,LOGREAD,1340,0000-00-253 204:234:07,SIM_PIN_REQUIRED,1142103563,0
*** Trama sin '*CRC' reconocible. ***

=== Registro 1341 (1342/4081) ===

<-- Respuesta cruda: $CFG,BAD_CRC,LOGREAD,1341,0000-00-115 249:234:07,SIM_PIN_REQUIRED,909647371,0
*** Trama sin '*CRC' reconocible. ***

=== Registro 1342 (1343/4081) ===

<-- Respuesta cruda: $CFG,BAD_CRC,LOGREAD,1342,0000-00-118 136:234:07,SIM_PIN_REQUIRED,121183755,471927576
*** Trama sin '*CRC' reconocible. ***

=== Registro 1343 (1344/4081) ===

<-- Respuesta cruda: $CFG,BAD_CRC,LOGREAD,1343,0000-00-00 00:00:00,UNKNOWN,1142300472,0
*** Trama sin '*CRC' reconocible. ***

=== Registro 1344 (1345/4081) ===

<-- Respuesta cruda: $CFG,BAD_CRC,LOGREAD,1344,0000-00-08 115:234:07,SIM_PIN_REQUIRED,909647627,0
*** Trama sin '*CRC' reconocible. ***

=== Registro 1345 (1346/4081) ===

<-- Respuesta cruda: $CFG,BAD_CRC,LOGREAD,1345,0000-00-03 139:234:07,SIM_PIN_REQUIRED,1178148619,12288
*** Trama sin '*CRC' reconocible. ***

=== Registro 1346 (1347/4081) ===

<-- Respuesta cruda: $CFG,BAD_CRC,LOGREAD,1346,0000-00-23 202:234:07,SIM_PIN_REQUIRED,1142497291,0
*** Trama sin '*CRC' reconocible. ***

=== Registro 1347 (1348/4081) ===

<-- Respuesta cruda: $CFG,BAD_CRC,LOGREAD,1347,0000-00-40 178:234:07,SIM_PIN_REQUIRED,909647883,0
*** Trama sin '*CRC' reconocible. ***

=== Registro 1348 (1349/4081) ===

<-- Respuesta cruda: $CFG,BAD_CRC,LOGREAD,1348,0000-00-16 193:234:07,SIM_PIN_REQUIRED,1178148875,12288
*** Trama sin '*CRC' reconocible. ***

=== Registro 1349 (1350/4081) ===

<-- Respuesta cruda: $CFG,BAD_CRC,LOGREAD,1349,0000-00-04 128:234:07,UNKNOWN,906169746,0
*** Trama sin '*CRC' reconocible. ***

=== Registro 1350 (1351/4081) ===

<-- Respuesta cruda: $CFG,BAD_CRC,LOGREAD,1350,0000-00-47 80:234:07,SIM_PIN_REQUIRED,909713675,0
*** Trama sin '*CRC' reconocible. ***

=== Registro 1351 (1352/4081) ===

<-- Respuesta cruda: $CFG,BAD_CRC,LOGREAD,1351,0000-00-44 26:234:07,SIM_PIN_REQUIRED,1178149131,12288
*** Trama sin '*CRC' reconocible. ***

=== Registro 1352 (1353/4081) ===

<-- Respuesta cruda: $CFG,BAD_CRC,LOGREAD,1352,0000-00-113 131:234:07,SIM_PIN_REQUIRED,1142891019,0
*** Trama sin '*CRC' reconocible. ***

=== Registro 1353 (1354/4081) ===

<-- Respuesta cruda: $CFG,BAD_CRC,LOGREAD,1353,0000-00-54 69:234:07,SIM_PIN_REQUIRED,909713931,0
*** Trama sin '*CRC' reconocible. ***

=== Registro 1354 (1355/4081) ===

<-- Respuesta cruda: $CFG,BAD_CRC,LOGREAD,1354,0000-00-179 31:234:07,SIM_PIN_REQUIRED,1178149387,12288
*** Trama sin '*CRC' reconocible. ***

=== Registro 1355 (1356/4081) ===

<-- Respuesta cruda: $CFG,BAD_CRC,LOGREAD,1355,0000-00-238 134:234:07,SIM_PIN_REQUIRED,1143087883,0
*** Trama sin '*CRC' reconocible. ***

=== Registro 1356 (1357/4081) ===

<-- Respuesta cruda: $CFG,BAD_CRC,LOGREAD,1356,0000-00-00 00:00:00,UNKNOWN,909714199,0
*** Trama sin '*CRC' reconocible. ***

=== Registro 1357 (1358/4081) ===

<-- Respuesta cruda: $CFG,BAD_CRC,LOGREAD,1357,0000-00-198 28:234:07,SIM_PIN_REQUIRED,1178149643,12288
*** Trama sin '*CRC' reconocible. ***

=== Registro 1358 (1359/4081) ===

<-- Respuesta cruda: $CFG,BAD_CRC,LOGREAD,1358,0000-00-155 133:234:07,SIM_PIN_REQUIRED,1143284747,0
*** Trama sin '*CRC' reconocible. ***

=== Registro 1359 (1360/4081) ===

<-- Respuesta cruda: $CFG,BAD_CRC,LOGREAD,1359,0000-00-114 179:234:07,SIM_PIN_REQUIRED,909714443,0
*** Trama sin '*CRC' reconocible. ***

=== Registro 1360 (1361/4081) ===

<-- Respuesta cruda: $CFG,BAD_CRC,LOGREAD,1360,0000-00-141 20:234:07,SIM_PIN_REQUIRED,1178215435,12288
*** Trama sin '*CRC' reconocible. ***

=== Registro 1361 (1362/4081) ===

<-- Respuesta cruda: $CFG,BAD_CRC,LOGREAD,1361,0000-00-42 245:234:07,SIM_PIN_REQUIRED,1143481611,0
*** Trama sin '*CRC' reconocible. ***

=== Registro 1362 (1363/4081) ===

<-- Respuesta cruda: $CFG,BAD_CRC,LOGREAD,1362,0000-00-135 155:234:07,SIM_PIN_REQUIRED,909714699,0
*** Trama sin '*CRC' reconocible. ***

=== Registro 1363 (1364/4081) ===

<-- Respuesta cruda: $CFG,BAD_CRC,LOGREAD,1363,0048-00-00 00:00:00,UNKNOWN,1178281246,12288
*** Trama sin '*CRC' reconocible. ***

=== Registro 1364 (1365/4081) ===

<-- Respuesta cruda: $CFG,BAD_CRC,LOGREAD,1364,0000-00-22 46:234:07,SIM_PIN_REQUIRED,1143678475,0
*** Trama sin '*CRC' reconocible. ***

=== Registro 1365 (1366/4081) ===

<-- Respuesta cruda: $CFG,BAD_CRC,LOGREAD,1365,0000-00-226 230:234:07,SIM_PIN_REQUIRED,909780491,0
*** Trama sin '*CRC' reconocible. ***

=== Registro 1366 (1367/4081) ===

<-- Respuesta cruda: $CFG,BAD_CRC,LOGREAD,1366,0000-00-157 106:234:07,SIM_PIN_REQUIRED,1178281483,12288
*** Trama sin '*CRC' reconocible. ***

=== Registro 1367 (1368/4081) ===

<-- Respuesta cruda: $CFG,BAD_CRC,LOGREAD,1367,0000-00-137 43:234:07,SIM_PIN_REQUIRED,1143875339,0
*** Trama sin '*CRC' reconocible. ***

=== Registro 1368 (1369/4081) ===

<-- Respuesta cruda: $CFG,BAD_CRC,LOGREAD,1368,0000-00-153 108:234:07,SIM_PIN_REQUIRED,909780747,0
*** Trama sin '*CRC' reconocible. ***

=== Registro 1369 (1370/4081) ===

<-- Respuesta cruda: $CFG,BAD_CRC,LOGREAD,1369,0000-00-232 105:234:07,SIM_PIN_REQUIRED,117909515,992611096
*** Trama sin '*CRC' reconocible. ***

=== Registro 1370 (1371/4081) ===

<-- Respuesta cruda: $CFG,BAD_CRC,LOGREAD,1370,0000-00-00 00:00:00,UNKNOWN,1144072356,0
*** Trama sin '*CRC' reconocible. ***

=== Registro 1371 (1372/4081) ===

<-- Respuesta cruda: $CFG,BAD_CRC,LOGREAD,1371,0000-00-116 161:234:07,SIM_PIN_REQUIRED,909781003,0
*** Trama sin '*CRC' reconocible. ***

=== Registro 1372 (1373/4081) ===

<-- Respuesta cruda: $CFG,BAD_CRC,LOGREAD,1372,0000-00-11 122:234:07,SIM_PIN_REQUIRED,1178281995,12288
*** Trama sin '*CRC' reconocible. ***

=== Registro 1373 (1374/4081) ===

<-- Respuesta cruda: $CFG,BAD_CRC,LOGREAD,1373,0000-00-31 59:234:07,SIM_PIN_REQUIRED,1144269067,0
*** Trama sin '*CRC' reconocible. ***

=== Registro 1374 (1375/4081) ===

<-- Respuesta cruda: $CFG,BAD_CRC,LOGREAD,1374,0000-00-15 43:234:07,SIM_PIN_REQUIRED,909781259,0
*** Trama sin '*CRC' reconocible. ***

=== Registro 1375 (1376/4081) ===

<-- Respuesta cruda: $CFG,BAD_CRC,LOGREAD,1375,0000-00-126 121:234:07,SIM_PIN_REQUIRED,1144465931,0
*** Trama sin '*CRC' reconocible. ***

=== Registro 1376 (1377/4081) ===

<-- Respuesta cruda: $CFG,BAD_CRC,LOGREAD,1376,0000-00-106 86:234:00,UNKNOWN,1174606160,12288
*** Trama sin '*CRC' reconocible. ***

=== Registro 1377 (1378/4081) ===

<-- Respuesta cruda: $CFG,BAD_CRC,LOGREAD,1377,0000-00-94 232:234:07,SIM_PIN_REQUIRED,1144662795,0
*** Trama sin '*CRC' reconocible. ***

=== Registro 1378 (1379/4081) ===

<-- Respuesta cruda: $CFG,BAD_CRC,LOGREAD,1378,0000-00-159 126:234:07,SIM_PIN_REQUIRED,909847307,0
*** Trama sin '*CRC' reconocible. ***

=== Registro 1379 (1380/4081) ===

<-- Respuesta cruda: $CFG,BAD_CRC,LOGREAD,1379,0000-00-221 167:234:07,SIM_PIN_REQUIRED,1174416395,12288
*** Trama sin '*CRC' reconocible. ***

=== Registro 1380 (1381/4081) ===

<-- Respuesta cruda: $CFG,BAD_CRC,LOGREAD,1380,0000-00-248 19:234:07,SIM_PIN_REQUIRED,909847563,0
*** Trama sin '*CRC' reconocible. ***

=== Registro 1381 (1382/4081) ===

<-- Respuesta cruda: $CFG,BAD_CRC,LOGREAD,1381,0000-00-150 175:234:07,SIM_PIN_REQUIRED,1174416651,12288
*** Trama sin '*CRC' reconocible. ***

=== Registro 1382 (1383/4081) ===

<-- Respuesta cruda: $CFG,BAD_CRC,LOGREAD,1382,0000-00-141 16:234:07,SIM_PIN_REQUIRED,1140927755,0
*** Trama sin '*CRC' reconocible. ***

=== Registro 1383 (1384/4081) ===

<-- Respuesta cruda: $CFG,BAD_CRC,LOGREAD,1383,0000-00-00 00:00:00,UNKNOWN,909848042,0
*** Trama sin '*CRC' reconocible. ***

=== Registro 1384 (1385/4081) ===

<-- Respuesta cruda: $CFG,BAD_CRC,LOGREAD,1384,0000-00-227 172:234:07,SIM_PIN_REQUIRED,1141124619,0
*** Trama sin '*CRC' reconocible. ***

=== Registro 1385 (1386/4081) ===

<-- Respuesta cruda: $CFG,BAD_CRC,LOGREAD,1385,0000-00-03 220:234:07,SIM_PIN_REQUIRED,909848075,0
*** Trama sin '*CRC' reconocible. ***

=== Registro 1386 (1387/4081) ===

<-- Respuesta cruda: $CFG,BAD_CRC,LOGREAD,1386,0000-00-124 169:234:07,SIM_PIN_REQUIRED,1174417163,12288
*** Trama sin '*CRC' reconocible. ***

=== Registro 1387 (1388/4081) ===

<-- Respuesta cruda: $CFG,BAD_CRC,LOGREAD,1387,0000-00-103 22:234:07,SIM_PIN_REQUIRED,1141321483,0
*** Trama sin '*CRC' reconocible. ***

=== Registro 1388 (1389/4081) ===

<-- Respuesta cruda: $CFG,BAD_CRC,LOGREAD,1388,0000-00-140 167:234:07,SIM_PIN_REQUIRED,905981963,0
*** Trama sin '*CRC' reconocible. ***

=== Registro 1389 (1390/4081) ===

<-- Respuesta cruda: $CFG,BAD_CRC,LOGREAD,1389,0000-00-137 171:234:07,SIM_PIN_REQUIRED,1174482955,3354624
*** Trama sin '*CRC' reconocible. ***

=== Registro 1390 (1391/4081) ===

<-- Respuesta cruda: $CFG,BAD_CRC,LOGREAD,1390,0000-00-00 00:00:00,UNKNOWN,1141518510,0
*** Trama sin '*CRC' reconocible. ***

=== Registro 1391 (1392/4081) ===

<-- Respuesta cruda: $CFG,BAD_CRC,LOGREAD,1391,0000-00-191 168:234:07,SIM_PIN_REQUIRED,905982219,0
*** Trama sin '*CRC' reconocible. ***

=== Registro 1392 (1393/4081) ===

<-- Respuesta cruda: $CFG,BAD_CRC,LOGREAD,1392,0000-00-252 168:234:07,SIM_PIN_REQUIRED,1141715211,0
*** Trama sin '*CRC' reconocible. ***

=== Registro 1393 (1394/4081) ===

<-- Respuesta cruda: $CFG,BAD_CRC,LOGREAD,1393,0000-00-119 130:234:07,SIM_PIN_REQUIRED,905982475,0
*** Trama sin '*CRC' reconocible. ***

=== Registro 1394 (1395/4081) ===

<-- Respuesta cruda: $CFG,BAD_CRC,LOGREAD,1394,0000-00-99 173:234:07,SIM_PIN_REQUIRED,1174483467,12288
*** Trama sin '*CRC' reconocible. ***

=== Registro 1395 (1396/4081) ===

<-- Respuesta cruda: $CFG,BAD_CRC,LOGREAD,1395,0000-00-119 236:234:07,SIM_PIN_REQUIRED,1141912075,0
*** Trama sin '*CRC' reconocible. ***

=== Registro 1396 (1397/4081) ===

<-- Respuesta cruda: $CFG,BAD_CRC,LOGREAD,1396,0000-00-85 249:234:07,SIM_PIN_REQUIRED,1176966411,12288
*** Trama sin '*CRC' reconocible. ***

=== Registro 1397 (1398/4081) ===

<-- Respuesta cruda: $CFG,BAD_CRC,LOGREAD,1397,0000-00-183 30:234:07,SIM_PIN_REQUIRED,1175008011,12288
*** Trama sin '*CRC' reconocible. ***

=== Registro 1398 (1399/4081) ===

<-- Respuesta cruda: $CFG,BAD_CRC,LOGREAD,1398,0000-00-140 77:234:07,SIM_PIN_REQUIRED,1142108939,0
*** Trama sin '*CRC' reconocible. ***

=== Registro 1399 (1400/4081) ===

<-- Respuesta cruda: $CFG,BAD_CRC,LOGREAD,1399,0000-00-218 130:234:07,SIM_PIN_REQUIRED,905982987,0
*** Trama sin '*CRC' reconocible. ***

=== Registro 1400 (1401/4081) ===

<-- Respuesta cruda: $CFG,BAD_CRC,LOGREAD,1400,0000-00-93 166:234:07,SIM_PIN_REQUIRED,1142305803,0
*** Trama sin '*CRC' reconocible. ***

=== Registro 1401 (1402/4081) ===

<-- Respuesta cruda: $CFG,BAD_CRC,LOGREAD,1401,0000-00-159 03:234:07,SIM_PIN_REQUIRED,906048779,0
*** Trama sin '*CRC' reconocible. ***

=== Registro 1402 (1403/4081) ===

<-- Respuesta cruda: $CFG,BAD_CRC,LOGREAD,1402,0000-00-97 125:234:07,SIM_PIN_REQUIRED,1174484235,12288
*** Trama sin '*CRC' reconocible. ***

=== Registro 1403 (1404/4081) ===

<-- Respuesta cruda: $CFG,BAD_CRC,LOGREAD,1403,0000-00-60 228:00:00,UNKNOWN,1142502780,0
*** Trama sin '*CRC' reconocible. ***

=== Registro 1404 (1405/4081) ===

<-- Respuesta cruda: $CFG,BAD_CRC,LOGREAD,1404,0000-00-217 139:234:07,SIM_PIN_REQUIRED,906049035,0
*** Trama sin '*CRC' reconocible. ***

=== Registro 1405 (1406/4081) ===

<-- Respuesta cruda: $CFG,BAD_CRC,LOGREAD,1405,0000-00-254 120:234:07,SIM_PIN_REQUIRED,1174550027,12288
*** Trama sin '*CRC' reconocible. ***

=== Registro 1406 (1407/4081) ===

<-- Respuesta cruda: $CFG,BAD_CRC,LOGREAD,1406,0000-00-89 153:234:07,SIM_PIN_REQUIRED,1142699531,0
*** Trama sin '*CRC' reconocible. ***

=== Registro 1407 (1408/4081) ===

<-- Respuesta cruda: $CFG,BAD_CRC,LOGREAD,1407,0000-00-72 07:234:07,SIM_PIN_REQUIRED,906049291,0
*** Trama sin '*CRC' reconocible. ***

=== Registro 1408 (1409/4081) ===

<-- Respuesta cruda: $CFG,BAD_CRC,LOGREAD,1408,0000-00-139 123:234:07,SIM_PIN_REQUIRED,1174550283,12288
*** Trama sin '*CRC' reconocible. ***

=== Registro 1409 (1410/4081) ===

<-- Respuesta cruda: $CFG,BAD_CRC,LOGREAD,1409,0000-00-44 154:234:07,SIM_PIN_REQUIRED,1142896395,0
*** Trama sin '*CRC' reconocible. ***

=== Registro 1410 (1411/4081) ===

<-- Respuesta cruda: $CFG,BAD_CRC,LOGREAD,1410,0000-00-00 00:00:00,UNKNOWN,906049727,0
*** Trama sin '*CRC' reconocible. ***

=== Registro 1411 (1412/4081) ===

<-- Respuesta cruda: $CFG,BAD_CRC,LOGREAD,1411,0000-00-104 104:234:07,SIM_PIN_REQUIRED,1143093259,0
*** Trama sin '*CRC' reconocible. ***

=== Registro 1412 (1413/4081) ===

<-- Respuesta cruda: $CFG,BAD_CRC,LOGREAD,1412,0000-00-227 187:234:07,SIM_PIN_REQUIRED,906115339,0
*** Trama sin '*CRC' reconocible. ***

=== Registro 1413 (1414/4081) ===

<-- Respuesta cruda: $CFG,BAD_CRC,LOGREAD,1413,0000-00-231 19:234:07,SIM_PIN_REQUIRED,1143290123,0
*** Trama sin '*CRC' reconocible. ***

=== Registro 1414 (1415/4081) ===

<-- Respuesta cruda: $CFG,BAD_CRC,LOGREAD,1414,0000-00-43 145:234:07,SIM_PIN_REQUIRED,906115595,0
*** Trama sin '*CRC' reconocible. ***

=== Registro 1415 (1416/4081) ===

<-- Respuesta cruda: $CFG,BAD_CRC,LOGREAD,1415,0000-00-120 22:234:07,SIM_PIN_REQUIRED,1174616587,12288
*** Trama sin '*CRC' reconocible. ***

=== Registro 1416 (1417/4081) ===

<-- Respuesta cruda: $CFG,BAD_CRC,LOGREAD,1416,0000-00-108 87:234:07,SIM_PIN_REQUIRED,1143486987,33623040
*** Trama sin '*CRC' reconocible. ***

=== Registro 1417 (1418/4081) ===

<-- Respuesta cruda: $CFG,BAD_CRC,LOGREAD,1417,0000-00-00 00:00:00,UNKNOWN,906115995,0
*** Trama sin '*CRC' reconocible. ***

=== Registro 1418 (1419/4081) ===

<-- Respuesta cruda: $CFG,BAD_CRC,LOGREAD,1418,0000-00-13 21:234:07,SIM_PIN_REQUIRED,1174616843,12288
*** Trama sin '*CRC' reconocible. ***

=== Registro 1419 (1420/4081) ===

<-- Respuesta cruda: $CFG,BAD_CRC,LOGREAD,1419,0000-00-25 84:234:07,SIM_PIN_REQUIRED,1143683851,0
*** Trama sin '*CRC' reconocible. ***

=== Registro 1420 (1421/4081) ===

<-- Respuesta cruda: $CFG,BAD_CRC,LOGREAD,1420,0000-00-187 196:234:07,SIM_PIN_REQUIRED,906100748,0
*** Trama sin '*CRC' reconocible. ***

=== Registro 1421 (1422/4081) ===

<-- Respuesta cruda: $CFG,BAD_CRC,LOGREAD,1421,0000-00-194 152:234:07,SIM_PIN_REQUIRED,1174667276,12288
*** Trama sin '*CRC' reconocible. ***

=== Registro 1422 (1423/4081) ===

<-- Respuesta cruda: $CFG,BAD_CRC,LOGREAD,1422,0000-00-107 240:234:07,SIM_PIN_REQUIRED,1143865356,0
*** Trama sin '*CRC' reconocible. ***

=== Registro 1423 (1424/4081) ===

<-- Respuesta cruda: $CFG,BAD_CRC,LOGREAD,1423,0000-00-122 192:234:07,SIM_PIN_REQUIRED,1177099845,12288
*** Trama sin '*CRC' reconocible. ***

=== Registro 1424 (1425/4081) ===

<-- Respuesta cruda: $CFG,BAD_CRC,LOGREAD,1424,0000-00-250 83:234:07,SIM_PIN_REQUIRED,1174601996,12288
*** Trama sin '*CRC' reconocible. ***

=== Registro 1425 (1426/4081) ===

<-- Respuesta cruda: $CFG,BAD_CRC,LOGREAD,1425,0000-00-163 218:234:07,SIM_PIN_REQUIRED,1144062220,0
*** Trama sin '*CRC' reconocible. ***

=== Registro 1426 (1427/4081) ===

<-- Respuesta cruda: $CFG,BAD_CRC,LOGREAD,1426,0000-00-01 29:234:07,SIM_PIN_REQUIRED,906166796,0
*** Trama sin '*CRC' reconocible. ***

=== Registro 1427 (1428/4081) ===

<-- Respuesta cruda: $CFG,BAD_CRC,LOGREAD,1427,0000-00-97 70:234:07,SIM_PIN_REQUIRED,1174667788,12288
*** Trama sin '*CRC' reconocible. ***

=== Registro 1428 (1429/4081) ===

<-- Respuesta cruda: $CFG,BAD_CRC,LOGREAD,1428,0000-00-129 246:234:07,SIM_PIN_REQUIRED,1144259084,0
*** Trama sin '*CRC' reconocible. ***

=== Registro 1429 (1430/4081) ===

<-- Respuesta cruda: $CFG,BAD_CRC,LOGREAD,1429,0000-00-144 145:234:07,SIM_PIN_REQUIRED,906167052,0
*** Trama sin '*CRC' reconocible. ***

=== Registro 1430 (1431/4081) ===

<-- Respuesta cruda: $CFG,BAD_CRC,LOGREAD,1430,0000-00-20 00:00:00,UNKNOWN,1144455971,0
*** Trama sin '*CRC' reconocible. ***

=== Registro 1431 (1432/4081) ===

<-- Respuesta cruda: $CFG,BAD_CRC,LOGREAD,1431,0000-00-31 234:234:07,SIM_PIN_REQUIRED,906167308,0
*** Trama sin '*CRC' reconocible. ***

=== Registro 1432 (1433/4081) ===

<-- Respuesta cruda: $CFG,BAD_CRC,LOGREAD,1432,0000-00-95 77:234:07,SIM_PIN_REQUIRED,1144652812,0
*** Trama sin '*CRC' reconocible. ***

=== Registro 1433 (1434/4081) ===

<-- Respuesta cruda: $CFG,BAD_CRC,LOGREAD,1433,0000-00-212 201:234:07,SIM_PIN_REQUIRED,906167564,0
*** Trama sin '*CRC' reconocible. ***

=== Registro 1434 (1435/4081) ===

<-- Respuesta cruda: $CFG,BAD_CRC,LOGREAD,1434,0000-00-42 78:234:07,SIM_PIN_REQUIRED,1140917772,0
*** Trama sin '*CRC' reconocible. ***

=== Registro 1435 (1436/4081) ===

<-- Respuesta cruda: $CFG,BAD_CRC,LOGREAD,1435,0000-00-13 234:234:07,SIM_PIN_REQUIRED,906167820,0
*** Trama sin '*CRC' reconocible. ***

=== Registro 1436 (1437/4081) ===

<-- Respuesta cruda: $CFG,BAD_CRC,LOGREAD,1436,0000-00-181 75:234:07,SIM_PIN_REQUIRED,1174734348,12288
*** Trama sin '*CRC' reconocible. ***

=== Registro 1437 (1438/4081) ===

<-- Respuesta cruda: $CFG,BAD_CRC,LOGREAD,1437,0000-00-00 00:00:00,UNKNOWN,906233713,0
*** Trama sin '*CRC' reconocible. ***

=== Registro 1438 (1439/4081) ===

<-- Respuesta cruda: $CFG,BAD_CRC,LOGREAD,1438,0000-00-125 97:234:07,SIM_PIN_REQUIRED,1174669068,12288
*** Trama sin '*CRC' reconocible. ***

=== Registro 1439 (1440/4081) ===

<-- Respuesta cruda: $CFG,BAD_CRC,LOGREAD,1439,0000-00-32 248:234:07,SIM_PIN_REQUIRED,1141114636,0
*** Trama sin '*CRC' reconocible. ***

=== Registro 1440 (1441/4081) ===

<-- Respuesta cruda: $CFG,BAD_CRC,LOGREAD,1440,0000-00-118 96:234:07,SIM_PIN_REQUIRED,906233868,0
*** Trama sin '*CRC' reconocible. ***

=== Registro 1441 (1442/4081) ===

<-- Respuesta cruda: $CFG,BAD_CRC,LOGREAD,1441,0000-00-158 114:234:07,SIM_PIN_REQUIRED,1174669324,12288
*** Trama sin '*CRC' reconocible. ***

=== Registro 1442 (1443/4081) ===

<-- Respuesta cruda: $CFG,BAD_CRC,LOGREAD,1442,0000-00-195 235:234:07,SIM_PIN_REQUIRED,1141377036,0
*** Trama sin '*CRC' reconocible. ***

=== Registro 1443 (1444/4081) ===

<-- Respuesta cruda: $CFG,BAD_CRC,LOGREAD,1443,0000-00-92 128:234:07,SIM_PIN_REQUIRED,906234124,269159448
*** Trama sin '*CRC' reconocible. ***

=== Registro 1444 (1445/4081) ===

<-- Respuesta cruda: $CFG,BAD_CRC,LOGREAD,1444,0048-00-00 00:00:00,UNKNOWN,1174669802,12288
*** Trama sin '*CRC' reconocible. ***

=== Registro 1445 (1446/4081) ===

<-- Respuesta cruda: $CFG,BAD_CRC,LOGREAD,1445,0000-00-182 232:234:07,SIM_PIN_REQUIRED,1141573900,0
*** Trama sin '*CRC' reconocible. ***

=== Registro 1446 (1447/4081) ===

<-- Respuesta cruda: $CFG,BAD_CRC,LOGREAD,1446,0000-00-211 251:234:07,SIM_PIN_REQUIRED,906234380,0
*** Trama sin '*CRC' reconocible. ***

=== Registro 1447 (1448/4081) ===

<-- Respuesta cruda: $CFG,BAD_CRC,LOGREAD,1447,0000-00-116 116:234:07,SIM_PIN_REQUIRED,1174735372,12288
*** Trama sin '*CRC' reconocible. ***

=== Registro 1448 (1449/4081) ===

<-- Respuesta cruda: $CFG,BAD_CRC,LOGREAD,1448,0000-00-96 53:234:07,SIM_PIN_REQUIRED,1141770764,0
*** Trama sin '*CRC' reconocible. ***

=== Registro 1449 (1450/4081) ===

<-- Respuesta cruda: $CFG,BAD_CRC,LOGREAD,1449,0000-00-66 119:234:07,SIM_PIN_REQUIRED,906300172,0
*** Trama sin '*CRC' reconocible. ***

=== Registro 1450 (1451/4081) ===

<-- Respuesta cruda: $CFG,BAD_CRC,LOGREAD,1450,0000-00-72 175:234:07,SIM_PIN_REQUIRED,1177233213,12288
*** Trama sin '*CRC' reconocible. ***

=== Registro 1451 (1452/4081) ===

<-- Respuesta cruda: $CFG,BAD_CRC,LOGREAD,1451,0000-00-100 178:234:07,SIM_PIN_REQUIRED,1141967628,0
*** Trama sin '*CRC' reconocible. ***

=== Registro 1452 (1453/4081) ===

<-- Respuesta cruda: $CFG,BAD_CRC,LOGREAD,1452,0000-00-57 170:234:07,SIM_PIN_REQUIRED,906234892,0
*** Trama sin '*CRC' reconocible. ***

=== Registro 1453 (1454/4081) ===

<-- Respuesta cruda: $CFG,BAD_CRC,LOGREAD,1453,0000-00-74 127:234:07,SIM_PIN_REQUIRED,1174670348,12288
*** Trama sin '*CRC' reconocible. ***

=== Registro 1454 (1455/4081) ===

<-- Respuesta cruda: $CFG,BAD_CRC,LOGREAD,1454,0000-00-23 230:234:07,SIM_PIN_REQUIRED,1142098956,0
*** Trama sin '*CRC' reconocible. ***

=== Registro 1455 (1456/4081) ===

<-- Respuesta cruda: $CFG,BAD_CRC,LOGREAD,1455,0000-00-193 02:234:07,SIM_PIN_REQUIRED,906235148,0
*** Trama sin '*CRC' reconocible. ***

=== Registro 1456 (1457/4081) ===

<-- Respuesta cruda: $CFG,BAD_CRC,LOGREAD,1456,0000-00-63 124:234:07,SIM_PIN_REQUIRED,1174736140,12288
*** Trama sin '*CRC' reconocible. ***

=== Registro 1457 (1458/4081) ===

<-- Respuesta cruda: $CFG,BAD_CRC,LOGREAD,1457,0000-00-00 00:00:00,UNKNOWN,1142295919,0
*** Trama sin '*CRC' reconocible. ***

=== Registro 1458 (1459/4081) ===

<-- Respuesta cruda: $CFG,BAD_CRC,LOGREAD,1458,0000-00-186 136:234:07,SIM_PIN_REQUIRED,906235404,0
*** Trama sin '*CRC' reconocible. ***

=== Registro 1459 (1460/4081) ===

<-- Respuesta cruda: $CFG,BAD_CRC,LOGREAD,1459,0000-00-160 121:234:07,SIM_PIN_REQUIRED,1174801932,12288
*** Trama sin '*CRC' reconocible. ***

=== Registro 1460 (1461/4081) ===

<-- Respuesta cruda: $CFG,BAD_CRC,LOGREAD,1460,0000-00-78 64:234:07,SIM_PIN_REQUIRED,1142492684,0
*** Trama sin '*CRC' reconocible. ***

=== Registro 1461 (1462/4081) ===

<-- Respuesta cruda: $CFG,BAD_CRC,LOGREAD,1461,0000-00-22 06:234:07,SIM_PIN_REQUIRED,1126108684,0
*** Trama sin '*CRC' reconocible. ***

=== Registro 1462 (1463/4081) ===

<-- Respuesta cruda: $CFG,BAD_CRC,LOGREAD,1462,0000-00-24 235:234:07,SIM_PIN_REQUIRED,908004876,0
*** Trama sin '*CRC' reconocible. ***

=== Registro 1463 (1464/4081) ===

<-- Respuesta cruda: $CFG,BAD_CRC,LOGREAD,1463,0000-00-233 246:234:07,SIM_PIN_REQUIRED,1176440332,12288
*** Trama sin '*CRC' reconocible. ***

=== Registro 1464 (1465/4081) ===

<-- Respuesta cruda: $CFG,BAD_CRC,LOGREAD,1464,0048-00-00 00:00:00,UNKNOWN,1176440465,0
*** Trama sin '*CRC' reconocible. ***

=== Registro 1465 (1466/4081) ===

<-- Respuesta cruda: $CFG,BAD_CRC,LOGREAD,1465,0000-00-104 41:234:07,SIM_PIN_REQUIRED,1126305292,0
*** Trama sin '*CRC' reconocible. ***

=== Registro 1466 (1467/4081) ===

<-- Respuesta cruda: $CFG,BAD_CRC,LOGREAD,1466,0000-00-223 63:234:07,SIM_PIN_REQUIRED,908201484,0
*** Trama sin '*CRC' reconocible. ***

=== Registro 1467 (1468/4081) ===

<-- Respuesta cruda: $CFG,BAD_CRC,LOGREAD,1467,0000-00-46 34:234:07,SIM_PIN_REQUIRED,1176636940,12288
*** Trama sin '*CRC' reconocible. ***

=== Registro 1468 (1469/4081) ===

<-- Respuesta cruda: $CFG,BAD_CRC,LOGREAD,1468,0000-00-115 187:234:07,SIM_PIN_REQUIRED,1176636940,0
*** Trama sin '*CRC' reconocible. ***

=== Registro 1469 (1470/4081) ===

<-- Respuesta cruda: $CFG,BAD_CRC,LOGREAD,1469,0000-00-175 253:234:07,SIM_PIN_REQUIRED,908267276,0
*** Trama sin '*CRC' reconocible. ***

=== Registro 1470 (1471/4081) ===

<-- Respuesta cruda: $CFG,BAD_CRC,LOGREAD,1470,0000-00-18 249:234:07,SIM_PIN_REQUIRED,119869196,739314712
*** Trama sin '*CRC' reconocible. ***

=== Registro 1471 (1472/4081) ===

<-- Respuesta cruda: $CFG,BAD_CRC,LOGREAD,1471,0000-00-00 00:00:00,UNKNOWN,1143344980,0
*** Trama sin '*CRC' reconocible. ***

=== Registro 1472 (1473/4081) ===

<-- Respuesta cruda: $CFG,BAD_CRC,LOGREAD,1472,0000-00-23 113:234:07,SIM_PIN_REQUIRED,908267532,0
*** Trama sin '*CRC' reconocible. ***

=== Registro 1473 (1474/4081) ===

<-- Respuesta cruda: $CFG,BAD_CRC,LOGREAD,1473,0000-00-161 221:234:07,SIM_PIN_REQUIRED,1176768524,12288
*** Trama sin '*CRC' reconocible. ***

=== Registro 1474 (1475/4081) ===

<-- Respuesta cruda: $CFG,BAD_CRC,LOGREAD,1474,0000-00-65 109:234:07,SIM_PIN_REQUIRED,1143541772,0
*** Trama sin '*CRC' reconocible. ***

=== Registro 1475 (1476/4081) ===

<-- Respuesta cruda: $CFG,BAD_CRC,LOGREAD,1475,0000-00-151 222:234:07,SIM_PIN_REQUIRED,908267788,0
*** Trama sin '*CRC' reconocible. ***

=== Registro 1476 (1477/4081) ===

<-- Respuesta cruda: $CFG,BAD_CRC,LOGREAD,1476,0000-00-212 222:234:07,SIM_PIN_REQUIRED,1176768780,12288
*** Trama sin '*CRC' reconocible. ***

=== Registro 1477 (1478/4081) ===

<-- Respuesta cruda: $CFG,BAD_CRC,LOGREAD,1477,0000-00-52 110:234:07,UNKNOWN,1141453140,0
*** Trama sin '*CRC' reconocible. ***

=== Registro 1478 (1479/4081) ===

<-- Respuesta cruda: $CFG,BAD_CRC,LOGREAD,1478,0000-00-149 28:234:07,SIM_PIN_REQUIRED,908268044,0
*** Trama sin '*CRC' reconocible. ***

=== Registro 1479 (1480/4081) ===

<-- Respuesta cruda: $CFG,BAD_CRC,LOGREAD,1479,0000-00-75 219:234:07,SIM_PIN_REQUIRED,1176769036,12288
*** Trama sin '*CRC' reconocible. ***

=== Registro 1480 (1481/4081) ===

<-- Respuesta cruda: $CFG,BAD_CRC,LOGREAD,1480,0000-00-171 107:234:07,SIM_PIN_REQUIRED,1143935500,0
*** Trama sin '*CRC' reconocible. ***

=== Registro 1481 (1482/4081) ===

<-- Respuesta cruda: $CFG,BAD_CRC,LOGREAD,1481,0000-00-137 41:234:07,SIM_PIN_REQUIRED,908268300,0
*** Trama sin '*CRC' reconocible. ***

=== Registro 1482 (1483/4081) ===

<-- Respuesta cruda: $CFG,BAD_CRC,LOGREAD,1482,0000-00-62 216:234:07,SIM_PIN_REQUIRED,1176769292,12288
*** Trama sin '*CRC' reconocible. ***

=== Registro 1483 (1484/4081) ===

<-- Respuesta cruda: $CFG,BAD_CRC,LOGREAD,1483,0000-00-222 104:234:07,SIM_PIN_REQUIRED,1144132364,0
*** Trama sin '*CRC' reconocible. ***

=== Registro 1484 (1485/4081) ===

<-- Respuesta cruda: $CFG,BAD_CRC,LOGREAD,1484,0000-00-00 00:00:00,UNKNOWN,908334112,0
*** Trama sin '*CRC' reconocible. ***

=== Registro 1485 (1486/4081) ===

<-- Respuesta cruda: $CFG,BAD_CRC,LOGREAD,1485,0000-00-200 249:234:07,SIM_PIN_REQUIRED,1144329228,0
*** Trama sin '*CRC' reconocible. ***

=== Registro 1486 (1487/4081) ===

<-- Respuesta cruda: $CFG,BAD_CRC,LOGREAD,1486,0000-00-183 117:234:07,SIM_PIN_REQUIRED,908334348,0
*** Trama sin '*CRC' reconocible. ***

=== Registro 1487 (1488/4081) ===

<-- Respuesta cruda: $CFG,BAD_CRC,LOGREAD,1487,0000-00-189 250:234:07,SIM_PIN_REQUIRED,1176835340,12288
*** Trama sin '*CRC' reconocible. ***

=== Registro 1488 (1489/4081) ===

<-- Respuesta cruda: $CFG,BAD_CRC,LOGREAD,1488,0000-00-169 187:234:07,SIM_PIN_REQUIRED,1144526092,0
*** Trama sin '*CRC' reconocible. ***

=== Registro 1489 (1490/4081) ===

<-- Respuesta cruda: $CFG,BAD_CRC,LOGREAD,1489,0000-00-66 93:234:07,SIM_PIN_REQUIRED,908334604,0
*** Trama sin '*CRC' reconocible. ***

=== Registro 1490 (1491/4081) ===

<-- Respuesta cruda: $CFG,BAD_CRC,LOGREAD,1490,0000-00-34 255:234:07,SIM_PIN_REQUIRED,1144722956,620756992
*** Trama sin '*CRC' reconocible. ***

=== Registro 1491 (1492/4081) ===

<-- Respuesta cruda: $CFG,BAD_CRC,LOGREAD,1491,0000-00-00 00:00:00,UNKNOWN,908334900,0
*** Trama sin '*CRC' reconocible. ***

=== Registro 1492 (1493/4081) ===

<-- Respuesta cruda: $CFG,BAD_CRC,LOGREAD,1492,0000-00-87 252:234:07,SIM_PIN_REQUIRED,1176835852,12288
*** Trama sin '*CRC' reconocible. ***

=== Registro 1493 (1494/4081) ===

<-- Respuesta cruda: $CFG,BAD_CRC,LOGREAD,1493,0000-00-67 189:234:07,SIM_PIN_REQUIRED,1140987916,0
*** Trama sin '*CRC' reconocible. ***

=== Registro 1494 (1495/4081) ===

<-- Respuesta cruda: $CFG,BAD_CRC,LOGREAD,1494,0000-00-49 181:234:07,SIM_PIN_REQUIRED,908335116,0
*** Trama sin '*CRC' reconocible. ***

=== Registro 1495 (1496/4081) ===

<-- Respuesta cruda: $CFG,BAD_CRC,LOGREAD,1495,0000-00-180 239:234:07,SIM_PIN_REQUIRED,1176901644,12288
*** Trama sin '*CRC' reconocible. ***

=== Registro 1496 (1497/4081) ===

<-- Respuesta cruda: $CFG,BAD_CRC,LOGREAD,1496,0000-00-90 214:234:07,SIM_PIN_REQUIRED,1141184780,0
*** Trama sin '*CRC' reconocible. ***

=== Registro 1497 (1498/4081) ===

<-- Respuesta cruda: $CFG,BAD_CRC,LOGREAD,1497,0000-00-249 159:234:07,SIM_PIN_REQUIRED,117905676,622595096
*** Trama sin '*CRC' reconocible. ***

=== Registro 1498 (1499/4081) ===

<-- Respuesta cruda: $CFG,BAD_CRC,LOGREAD,1498,0000-00-00 00:00:00,UNKNOWN,1141381690,0
*** Trama sin '*CRC' reconocible. ***

=== Registro 1499 (1500/4081) ===

<-- Respuesta cruda: $CFG,BAD_CRC,LOGREAD,1499,0000-00-230 177:234:07,SIM_PIN_REQUIRED,908401164,0
*** Trama sin '*CRC' reconocible. ***

=== Registro 1500 (1501/4081) ===

<-- Respuesta cruda: $CFG,BAD_CRC,LOGREAD,1500,0000-00-23 49:234:07,SIM_PIN_REQUIRED,1141578508,0
*** Trama sin '*CRC' reconocible. ***

=== Registro 1501 (1502/4081) ===

<-- Respuesta cruda: $CFG,BAD_CRC,LOGREAD,1501,0000-00-105 202:234:07,SIM_PIN_REQUIRED,908401420,0
*** Trama sin '*CRC' reconocible. ***

=== Registro 1502 (1503/4081) ===

<-- Respuesta cruda: $CFG,BAD_CRC,LOGREAD,1502,0000-00-98 50:234:07,SIM_PIN_REQUIRED,1176902412,12288
*** Trama sin '*CRC' reconocible. ***

=== Registro 1503 (1504/4081) ===

<-- Respuesta cruda: $CFG,BAD_CRC,LOGREAD,1503,0000-00-197 211:234:07,SIM_PIN_REQUIRED,1141775372,0
*** Trama sin '*CRC' reconocible. ***

=== Registro 1504 (1505/4081) ===

<-- Respuesta cruda: $CFG,BAD_CRC,LOGREAD,1504,0000-00-44 75:234:00,UNKNOWN,1143224900,0
*** Trama sin '*CRC' reconocible. ***

=== Registro 1505 (1506/4081) ===

<-- Respuesta cruda: $CFG,BAD_CRC,LOGREAD,1505,0000-00-88 131:234:07,SIM_PIN_REQUIRED,1176902668,12288
*** Trama sin '*CRC' reconocible. ***

=== Registro 1506 (1507/4081) ===

<-- Respuesta cruda: $CFG,BAD_CRC,LOGREAD,1506,0000-00-142 219:234:07,SIM_PIN_REQUIRED,1141972236,0
*** Trama sin '*CRC' reconocible. ***

=== Registro 1507 (1508/4081) ===

<-- Respuesta cruda: $CFG,BAD_CRC,LOGREAD,1507,0000-00-87 150:234:07,SIM_PIN_REQUIRED,908467468,0
*** Trama sin '*CRC' reconocible. ***

=== Registro 1508 (1509/4081) ===

<-- Respuesta cruda: $CFG,BAD_CRC,LOGREAD,1508,0000-00-166 65:234:07,SIM_PIN_REQUIRED,1176968460,12288
*** Trama sin '*CRC' reconocible. ***

=== Registro 1509 (1510/4081) ===

<-- Respuesta cruda: $CFG,BAD_CRC,LOGREAD,1509,0000-00-178 00:234:07,SIM_PIN_REQUIRED,1142169100,0
*** Trama sin '*CRC' reconocible. ***

=== Registro 1510 (1511/4081) ===

<-- Respuesta cruda: $CFG,BAD_CRC,LOGREAD,1510,0000-00-198 26:234:07,SIM_PIN_REQUIRED,908467724,0
*** Trama sin '*CRC' reconocible. ***

=== Registro 1511 (1512/4081) ===

<-- Respuesta cruda: $CFG,BAD_CRC,LOGREAD,1511,0000-00-00 00:00:00,UNKNOWN,1176968780,12288
*** Trama sin '*CRC' reconocible. ***

=== Registro 1512 (1513/4081) ===

<-- Respuesta cruda: $CFG,BAD_CRC,LOGREAD,1512,0000-00-45 05:234:07,SIM_PIN_REQUIRED,1142365964,0
*** Trama sin '*CRC' reconocible. ***

=== Registro 1513 (1514/4081) ===

<-- Respuesta cruda: $CFG,BAD_CRC,LOGREAD,1513,0000-00-73 97:234:07,SIM_PIN_REQUIRED,908467980,0
*** Trama sin '*CRC' reconocible. ***

=== Registro 1514 (1515/4081) ===

<-- Respuesta cruda: $CFG,BAD_CRC,LOGREAD,1514,0000-00-76 71:234:07,SIM_PIN_REQUIRED,1176968972,12288
*** Trama sin '*CRC' reconocible. ***

=== Registro 1515 (1516/4081) ===

<-- Respuesta cruda: $CFG,BAD_CRC,LOGREAD,1515,0000-00-88 06:234:07,SIM_PIN_REQUIRED,1142562828,0
*** Trama sin '*CRC' reconocible. ***

=== Registro 1516 (1517/4081) ===

<-- Respuesta cruda: $CFG,BAD_CRC,LOGREAD,1516,0000-00-218 00:234:07,SIM_PIN_REQUIRED,908468236,0
*** Trama sin '*CRC' reconocible. ***

=== Registro 1517 (1518/4081) ===

<-- Respuesta cruda: $CFG,BAD_CRC,LOGREAD,1517,0000-00-95 13:234:07,SIM_PIN_REQUIRED,1176969228,673394688
*** Trama sin '*CRC' reconocible. ***

=== Registro 1518 (1519/4081) ===

<-- Respuesta cruda: $CFG,BAD_CRC,LOGREAD,1518,0048-00-00 00:00:00,UNKNOWN,1142759874,0
*** Trama sin '*CRC' reconocible. ***

=== Registro 1519 (1520/4081) ===

<-- Respuesta cruda: $CFG,BAD_CRC,LOGREAD,1519,0000-00-18 42:234:07,SIM_PIN_REQUIRED,908468492,0
*** Trama sin '*CRC' reconocible. ***

=== Registro 1520 (1521/4081) ===

<-- Respuesta cruda: $CFG,BAD_CRC,LOGREAD,1520,0000-00-42 14:234:07,SIM_PIN_REQUIRED,1142956556,0
*** Trama sin '*CRC' reconocible. ***

=== Registro 1521 (1522/4081) ===

<-- Respuesta cruda: $CFG,BAD_CRC,LOGREAD,1521,0000-00-74 251:234:07,SIM_PIN_REQUIRED,908534284,0
*** Trama sin '*CRC' reconocible. ***

=== Registro 1522 (1523/4081) ===

<-- Respuesta cruda: $CFG,BAD_CRC,LOGREAD,1522,0000-00-252 211:234:07,SIM_PIN_REQUIRED,1143153420,0
*** Trama sin '*CRC' reconocible. ***

=== Registro 1523 (1524/4081) ===

<-- Respuesta cruda: $CFG,BAD_CRC,LOGREAD,1523,0000-00-197 128:234:07,SIM_PIN_REQUIRED,908534540,0
*** Trama sin '*CRC' reconocible. ***

=== Registro 1524 (1525/4081) ===

<-- Respuesta cruda: $CFG,BAD_CRC,LOGREAD,1524,0000-00-137 208:234:07,SIM_PIN_REQUIRED,1144390668,0
*** Trama sin '*CRC' reconocible. ***

=== Registro 1525 (1526/4081) ===

<-- Respuesta cruda: $CFG,BAD_CRC,LOGREAD,1525,0000-00-211 122:234:07,SIM_PIN_REQUIRED,1143350284,0
*** Trama sin '*CRC' reconocible. ***

=== Registro 1526 (1527/4081) ===

<-- Respuesta cruda: $CFG,BAD_CRC,LOGREAD,1526,0000-00-128 01:234:07,SIM_PIN_REQUIRED,908534796,0
*** Trama sin '*CRC' reconocible. ***

=== Registro 1527 (1528/4081) ===

<-- Respuesta cruda: $CFG,BAD_CRC,LOGREAD,1527,0000-00-194 216:234:07,SIM_PIN_REQUIRED,1177035788,12288
*** Trama sin '*CRC' reconocible. ***

=== Registro 1528 (1529/4081) ===

<-- Respuesta cruda: $CFG,BAD_CRC,LOGREAD,1528,0000-00-172 202:234:07,SIM_PIN_REQUIRED,908535052,0
*** Trama sin '*CRC' reconocible. ***

=== Registro 1529 (1530/4081) ===

<-- Respuesta cruda: $CFG,BAD_CRC,LOGREAD,1529,0000-00-183 219:234:07,SIM_PIN_REQUIRED,1177101580,12288
*** Trama sin '*CRC' reconocible. ***

=== Registro 1530 (1531/4081) ===

<-- Respuesta cruda: $CFG,BAD_CRC,LOGREAD,1530,0000-00-144 17:234:07,SIM_PIN_REQUIRED,1143547148,0
*** Trama sin '*CRC' reconocible. ***

=== Registro 1531 (1532/4081) ===

<-- Respuesta cruda: $CFG,BAD_CRC,LOGREAD,1531,0000-00-198 137:00:00,UNKNOWN,908535365,0
*** Trama sin '*CRC' reconocible. ***

=== Registro 1532 (1533/4081) ===

<-- Respuesta cruda: $CFG,BAD_CRC,LOGREAD,1532,0000-00-40 222:234:07,SIM_PIN_REQUIRED,1177101836,12288
*** Trama sin '*CRC' reconocible. ***

=== Registro 1533 (1534/4081) ===

<-- Respuesta cruda: $CFG,BAD_CRC,LOGREAD,1533,0000-00-15 20:234:07,SIM_PIN_REQUIRED,1143744012,0
*** Trama sin '*CRC' reconocible. ***

=== Registro 1534 (1535/4081) ===

<-- Respuesta cruda: $CFG,BAD_CRC,LOGREAD,1534,0000-00-87 05:234:07,SIM_PIN_REQUIRED,908601100,0
*** Trama sin '*CRC' reconocible. ***

=== Registro 1535 (1536/4081) ===

<-- Respuesta cruda: $CFG,BAD_CRC,LOGREAD,1535,0000-00-110 86:234:07,SIM_PIN_REQUIRED,1177102092,12288
*** Trama sin '*CRC' reconocible. ***

=== Registro 1536 (1537/4081) ===

<-- Respuesta cruda: $CFG,BAD_CRC,LOGREAD,1536,0000-00-122 23:234:07,SIM_PIN_REQUIRED,1143940876,0
*** Trama sin '*CRC' reconocible. ***

=== Registro 1537 (1538/4081) ===

<-- Respuesta cruda: $CFG,BAD_CRC,LOGREAD,1537,0000-00-216 126:234:07,SIM_PIN_REQUIRED,908601356,0
*** Trama sin '*CRC' reconocible. ***

=== Registro 1538 (1539/4081) ===

<-- Respuesta cruda: $CFG,BAD_CRC,LOGREAD,1538,0000-00-00 00:00:00,UNKNOWN,1177102359,12288
*** Trama sin '*CRC' reconocible. ***

=== Registro 1539 (1540/4081) ===

<-- Respuesta cruda: $CFG,BAD_CRC,LOGREAD,1539,0000-00-153 04:234:07,SIM_PIN_REQUIRED,1144137740,0
*** Trama sin '*CRC' reconocible. ***

=== Registro 1540 (1541/4081) ===

<-- Respuesta cruda: $CFG,BAD_CRC,LOGREAD,1540,0000-00-134 19:234:07,SIM_PIN_REQUIRED,908601612,0
*** Trama sin '*CRC' reconocible. ***

=== Registro 1541 (1542/4081) ===

<-- Respuesta cruda: $CFG,BAD_CRC,LOGREAD,1541,0000-00-248 70:234:07,SIM_PIN_REQUIRED,1144334604,0
*** Trama sin '*CRC' reconocible. ***

=== Registro 1542 (1543/4081) ===

<-- Respuesta cruda: $CFG,BAD_CRC,LOGREAD,1542,0000-00-78 57:234:07,SIM_PIN_REQUIRED,908601868,0
*** Trama sin '*CRC' reconocible. ***

=== Registro 1543 (1544/4081) ===

<-- Respuesta cruda: $CFG,BAD_CRC,LOGREAD,1543,0000-00-103 67:234:07,SIM_PIN_REQUIRED,1177168396,12288
*** Trama sin '*CRC' reconocible. ***

=== Registro 1544 (1545/4081) ===

<-- Respuesta cruda: $CFG,BAD_CRC,LOGREAD,1544,0000-00-137 122:234:07,SIM_PIN_REQUIRED,1144531468,690818048
*** Trama sin '*CRC' reconocible. ***

=== Registro 1545 (1546/4081) ===

<-- Respuesta cruda: $CFG,BAD_CRC,LOGREAD,1545,0000-00-00 00:00:00,UNKNOWN,908667795,0
*** Trama sin '*CRC' reconocible. ***

=== Registro 1546 (1547/4081) ===

<-- Respuesta cruda: $CFG,BAD_CRC,LOGREAD,1546,0000-00-91 152:234:07,SIM_PIN_REQUIRED,1177168652,12288
*** Trama sin '*CRC' reconocible. ***

=== Registro 1547 (1548/4081) ===

<-- Respuesta cruda: $CFG,BAD_CRC,LOGREAD,1547,0000-00-252 121:234:07,SIM_PIN_REQUIRED,1144728332,0
*** Trama sin '*CRC' reconocible. ***

=== Registro 1548 (1549/4081) ===

<-- Respuesta cruda: $CFG,BAD_CRC,LOGREAD,1548,0000-00-222 108:234:07,SIM_PIN_REQUIRED,908667916,0
*** Trama sin '*CRC' reconocible. ***

=== Registro 1549 (1550/4081) ===

<-- Respuesta cruda: $CFG,BAD_CRC,LOGREAD,1549,0000-00-16 144:234:07,SIM_PIN_REQUIRED,1177168908,12288
*** Trama sin '*CRC' reconocible. ***

=== Registro 1550 (1551/4081) ===

<-- Respuesta cruda: $CFG,BAD_CRC,LOGREAD,1550,0000-00-183 113:234:07,SIM_PIN_REQUIRED,1140993292,0
*** Trama sin '*CRC' reconocible. ***

=== Registro 1551 (1552/4081) ===

<-- Respuesta cruda: $CFG,BAD_CRC,LOGREAD,1551,0000-00-96 226:234:07,SIM_PIN_REQUIRED,1142165141,0
*** Trama sin '*CRC' reconocible. ***

=== Registro 1552 (1553/4081) ===

<-- Respuesta cruda: $CFG,BAD_CRC,LOGREAD,1552,0000-00-88 109:234:07,SIM_PIN_REQUIRED,1177169164,12288
*** Trama sin '*CRC' reconocible. ***

=== Registro 1553 (1554/4081) ===

<-- Respuesta cruda: $CFG,BAD_CRC,LOGREAD,1553,0000-00-194 114:234:07,SIM_PIN_REQUIRED,1141190156,0
*** Trama sin '*CRC' reconocible. ***

=== Registro 1554 (1555/4081) ===

<-- Respuesta cruda: $CFG,BAD_CRC,LOGREAD,1554,0000-00-66 206:234:07,SIM_PIN_REQUIRED,908668428,0
*** Trama sin '*CRC' reconocible. ***

=== Registro 1555 (1556/4081) ===

<-- Respuesta cruda: $CFG,BAD_CRC,LOGREAD,1555,0000-00-250 150:234:07,SIM_PIN_REQUIRED,1177169420,12288
*** Trama sin '*CRC' reconocible. ***

=== Registro 1556 (1557/4081) ===

<-- Respuesta cruda: $CFG,BAD_CRC,LOGREAD,1556,0000-00-93 119:234:07,SIM_PIN_REQUIRED,1141387020,0
*** Trama sin '*CRC' reconocible. ***

=== Registro 1557 (1558/4081) ===

<-- Respuesta cruda: $CFG,BAD_CRC,LOGREAD,1557,0000-00-183 230:234:07,SIM_PIN_REQUIRED,908668684,0
*** Trama sin '*CRC' reconocible. ***

=== Registro 1558 (1559/4081) ===

<-- Respuesta cruda: $CFG,BAD_CRC,LOGREAD,1558,0000-00-143 00:00:00,UNKNOWN,1141584079,0
*** Trama sin '*CRC' reconocible. ***

=== Registro 1559 (1560/4081) ===

<-- Respuesta cruda: $CFG,BAD_CRC,LOGREAD,1559,0000-00-254 186:234:07,SIM_PIN_REQUIRED,908734476,0
*** Trama sin '*CRC' reconocible. ***

=== Registro 1560 (1561/4081) ===

<-- Respuesta cruda: $CFG,BAD_CRC,LOGREAD,1560,0000-00-198 201:234:07,SIM_PIN_REQUIRED,1141780748,0
*** Trama sin '*CRC' reconocible. ***

=== Registro 1561 (1562/4081) ===

<-- Respuesta cruda: $CFG,BAD_CRC,LOGREAD,1561,0000-00-133 48:234:07,SIM_PIN_REQUIRED,908734732,0
*** Trama sin '*CRC' reconocible. ***

=== Registro 1562 (1563/4081) ===

<-- Respuesta cruda: $CFG,BAD_CRC,LOGREAD,1562,0000-00-179 202:234:07,SIM_PIN_REQUIRED,1177366796,12288
*** Trama sin '*CRC' reconocible. ***

=== Registro 1563 (1564/4081) ===

<-- Respuesta cruda: $CFG,BAD_CRC,LOGREAD,1563,0000-00-83 122:234:07,SIM_PIN_REQUIRED,1141977612,0
*** Trama sin '*CRC' reconocible. ***

=== Registro 1564 (1565/4081) ===

<-- Respuesta cruda: $CFG,BAD_CRC,LOGREAD,1564,0000-00-20 235:234:07,SIM_PIN_REQUIRED,908734988,0
*** Trama sin '*CRC' reconocible. ***

=== Registro 1565 (1566/4081) ===

<-- Respuesta cruda: $CFG,BAD_CRC,LOGREAD,1565,0048-00-00 00:00:00,UNKNOWN,1177236140,12288
*** Trama sin '*CRC' reconocible. ***

=== Registro 1566 (1567/4081) ===

<-- Respuesta cruda: $CFG,BAD_CRC,LOGREAD,1566,0000-00-56 142:234:07,SIM_PIN_REQUIRED,1142174476,0
*** Trama sin '*CRC' reconocible. ***

=== Registro 1567 (1568/4081) ===

<-- Respuesta cruda: $CFG,BAD_CRC,LOGREAD,1567,0000-00-111 97:234:07,SIM_PIN_REQUIRED,908735244,0
*** Trama sin '*CRC' reconocible. ***

=== Registro 1568 (1569/4081) ===

<-- Respuesta cruda: $CFG,BAD_CRC,LOGREAD,1568,0000-00-89 204:234:07,SIM_PIN_REQUIRED,1177236236,12288
*** Trama sin '*CRC' reconocible. ***

=== Registro 1569 (1570/4081) ===

<-- Respuesta cruda: $CFG,BAD_CRC,LOGREAD,1569,0000-00-77 141:234:07,SIM_PIN_REQUIRED,1142371340,0
*** Trama sin '*CRC' reconocible. ***

=== Registro 1570 (1571/4081) ===

<-- Respuesta cruda: $CFG,BAD_CRC,LOGREAD,1570,0000-00-222 17:234:07,SIM_PIN_REQUIRED,908735500,0
*** Trama sin '*CRC' reconocible. ***

=== Registro 1571 (1572/4081) ===

<-- Respuesta cruda: $CFG,BAD_CRC,LOGREAD,1571,0000-00-18 196:234:07,SIM_PIN_REQUIRED,1177302028,725027864
*** Trama sin '*CRC' reconocible. ***

=== Registro 1572 (1573/4081) ===

<-- Respuesta cruda: $CFG,BAD_CRC,LOGREAD,1572,0000-00-00 00:00:00,UNKNOWN,1142568217,0
*** Trama sin '*CRC' reconocible. ***

=== Registro 1573 (1574/4081) ===

<-- Respuesta cruda: $CFG,BAD_CRC,LOGREAD,1573,0000-00-43 57:234:07,SIM_PIN_REQUIRED,908801292,0
*** Trama sin '*CRC' reconocible. ***

=== Registro 1574 (1575/4081) ===

<-- Respuesta cruda: $CFG,BAD_CRC,LOGREAD,1574,0000-00-46 31:234:07,SIM_PIN_REQUIRED,1177302284,12288
*** Trama sin '*CRC' reconocible. ***

=== Registro 1575 (1576/4081) ===

<-- Respuesta cruda: $CFG,BAD_CRC,LOGREAD,1575,0000-00-206 175:234:07,SIM_PIN_REQUIRED,1142765068,0
*** Trama sin '*CRC' reconocible. ***

=== Registro 1576 (1577/4081) ===

<-- Respuesta cruda: $CFG,BAD_CRC,LOGREAD,1576,0000-00-09 21:234:07,SIM_PIN_REQUIRED,908801548,0
*** Trama sin '*CRC' reconocible. ***

=== Registro 1577 (1578/4081) ===

<-- Respuesta cruda: $CFG,BAD_CRC,LOGREAD,1577,0000-00-177 26:234:07,SIM_PIN_REQUIRED,1142961932,0
*** Trama sin '*CRC' reconocible. ***

=== Registro 1578 (1579/4081) ===

<-- Respuesta cruda: $CFG,BAD_CRC,LOGREAD,1578,0000-00-187 194:234:07,SIM_PIN_REQUIRED,908137760,0
*** Trama sin '*CRC' reconocible. ***

=== Registro 1579 (1580/4081) ===

<-- Respuesta cruda: $CFG,BAD_CRC,LOGREAD,1579,0000-00-125 51:234:07,SIM_PIN_REQUIRED,1177368332,12288
*** Trama sin '*CRC' reconocible. ***

=== Registro 1580 (1581/4081) ===

<-- Respuesta cruda: $CFG,BAD_CRC,LOGREAD,1580,0000-00-109 113:234:07,SIM_PIN_REQUIRED,1143158796,0
*** Trama sin '*CRC' reconocible. ***

=== Registro 1581 (1582/4081) ===

<-- Respuesta cruda: $CFG,BAD_CRC,LOGREAD,1581,0000-00-162 169:234:07,SIM_PIN_REQUIRED,908802060,0
*** Trama sin '*CRC' reconocible. ***

=== Registro 1582 (1583/4081) ===

<-- Respuesta cruda: $CFG,BAD_CRC,LOGREAD,1582,0000-00-39 10:234:07,SIM_PIN_REQUIRED,1177303052,12288
*** Trama sin '*CRC' reconocible. ***

=== Registro 1583 (1584/4081) ===

<-- Respuesta cruda: $CFG,BAD_CRC,LOGREAD,1583,0000-00-199 186:234:07,SIM_PIN_REQUIRED,1143355660,0
*** Trama sin '*CRC' reconocible. ***

=== Registro 1584 (1585/4081) ===

<-- Respuesta cruda: $CFG,BAD_CRC,LOGREAD,1584,0000-00-217 35:234:07,SIM_PIN_REQUIRED,908867852,0
*** Trama sin '*CRC' reconocible. ***

=== Registro 1585 (1586/4081) ===

<-- Respuesta cruda: $CFG,BAD_CRC,LOGREAD,1585,0000-00-00 00:00:00,UNKNOWN,1177368863,12288
*** Trama sin '*CRC' reconocible. ***

=== Registro 1586 (1587/4081) ===

<-- Respuesta cruda: $CFG,BAD_CRC,LOGREAD,1586,0000-00-251 97:234:07,SIM_PIN_REQUIRED,1143552524,0
*** Trama sin '*CRC' reconocible. ***

=== Registro 1587 (1588/4081) ===

<-- Respuesta cruda: $CFG,BAD_CRC,LOGREAD,1587,0000-00-117 173:234:07,SIM_PIN_REQUIRED,908868108,0
*** Trama sin '*CRC' reconocible. ***

=== Registro 1588 (1589/4081) ===

<-- Respuesta cruda: $CFG,BAD_CRC,LOGREAD,1588,0000-00-112 37:234:07,SIM_PIN_REQUIRED,1177369100,12288
*** Trama sin '*CRC' reconocible. ***

=== Registro 1589 (1590/4081) ===

<-- Respuesta cruda: $CFG,BAD_CRC,LOGREAD,1589,0000-00-100 100:234:07,SIM_PIN_REQUIRED,908868364,0
*** Trama sin '*CRC' reconocible. ***

=== Registro 1590 (1591/4081) ===

<-- Respuesta cruda: $CFG,BAD_CRC,LOGREAD,1590,0000-00-05 38:234:07,SIM_PIN_REQUIRED,1143749388,0
*** Trama sin '*CRC' reconocible. ***

=== Registro 1591 (1592/4081) ===

<-- Respuesta cruda: $CFG,BAD_CRC,LOGREAD,1591,0000-00-14 39:234:07,SIM_PIN_REQUIRED,1177434892,12288
*** Trama sin '*CRC' reconocible. ***

=== Registro 1592 (1593/4081) ===

<-- Respuesta cruda: $CFG,BAD_CRC,LOGREAD,1592,0000-00-00 00:00:00,UNKNOWN,908853260,0
*** Trama sin '*CRC' reconocible. ***

=== Registro 1593 (1594/4081) ===

<-- Respuesta cruda: $CFG,BAD_CRC,LOGREAD,1593,0000-00-161 36:234:07,SIM_PIN_REQUIRED,1143930893,0
*** Trama sin '*CRC' reconocible. ***

=== Registro 1594 (1595/4081) ===

<-- Respuesta cruda: $CFG,BAD_CRC,LOGREAD,1594,0000-00-80 93:234:07,SIM_PIN_REQUIRED,908853517,0
*** Trama sin '*CRC' reconocible. ***

=== Registro 1595 (1596/4081) ===

<-- Respuesta cruda: $CFG,BAD_CRC,LOGREAD,1595,0000-00-212 39:234:07,SIM_PIN_REQUIRED,1144127757,0
*** Trama sin '*CRC' reconocible. ***

=== Registro 1596 (1597/4081) ===

<-- Respuesta cruda: $CFG,BAD_CRC,LOGREAD,1596,0000-00-152 32:234:07,SIM_PIN_REQUIRED,908919309,0
*** Trama sin '*CRC' reconocible. ***

=== Registro 1597 (1598/4081) ===

<-- Respuesta cruda: $CFG,BAD_CRC,LOGREAD,1597,0000-00-02 250:234:07,SIM_PIN_REQUIRED,1177420301,12288
*** Trama sin '*CRC' reconocible. ***

=== Registro 1598 (1599/4081) ===

<-- Respuesta cruda: $CFG,BAD_CRC,LOGREAD,1598,0000-00-165 27:234:07,SIM_PIN_REQUIRED,120914445,755305752
*** Trama sin '*CRC' reconocible. ***

=== Registro 1599 (1600/4081) ===

<-- Respuesta cruda: $CFG,BAD_CRC,LOGREAD,1599,0000-00-00 00:00:00,UNKNOWN,908919794,0
*** Trama sin '*CRC' reconocible. ***

=== Registro 1600 (1601/4081) ===

<-- Respuesta cruda: $CFG,BAD_CRC,LOGREAD,1600,0000-00-119 249:234:07,SIM_PIN_REQUIRED,1177420557,12288
*** Trama sin '*CRC' reconocible. ***

=== Registro 1601 (1602/4081) ===

<-- Respuesta cruda: $CFG,BAD_CRC,LOGREAD,1601,0000-00-208 24:234:07,SIM_PIN_REQUIRED,1144521485,0
*** Trama sin '*CRC' reconocible. ***

=== Registro 1602 (1603/4081) ===

<-- Respuesta cruda: $CFG,BAD_CRC,LOGREAD,1602,0000-00-79 36:234:07,SIM_PIN_REQUIRED,908919821,0
*** Trama sin '*CRC' reconocible. ***

=== Registro 1603 (1604/4081) ===

<-- Respuesta cruda: $CFG,BAD_CRC,LOGREAD,1603,0000-00-60 241:234:07,SIM_PIN_REQUIRED,1177420813,12288
*** Trama sin '*CRC' reconocible. ***

=== Registro 1604 (1605/4081) ===

<-- Respuesta cruda: $CFG,BAD_CRC,LOGREAD,1604,0000-00-155 16:234:07,SIM_PIN_REQUIRED,1144718349,0
*** Trama sin '*CRC' reconocible. ***

=== Registro 1605 (1606/4081) ===

<-- Respuesta cruda: $CFG,BAD_CRC,LOGREAD,1605,0000-00-254 84:234:07,UNKNOWN,908271301,0
*** Trama sin '*CRC' reconocible. ***

=== Registro 1606 (1607/4081) ===

<-- Respuesta cruda: $CFG,BAD_CRC,LOGREAD,1606,0000-00-249 141:234:07,SIM_PIN_REQUIRED,1140983309,0
*** Trama sin '*CRC' reconocible. ***

=== Registro 1607 (1608/4081) ===

<-- Respuesta cruda: $CFG,BAD_CRC,LOGREAD,1607,0000-00-148 215:234:07,SIM_PIN_REQUIRED,908920333,0
*** Trama sin '*CRC' reconocible. ***

=== Registro 1608 (1609/4081) ===

<-- Respuesta cruda: $CFG,BAD_CRC,LOGREAD,1608,0000-00-214 247:234:07,SIM_PIN_REQUIRED,1177486861,12288
*** Trama sin '*CRC' reconocible. ***

=== Registro 1609 (1610/4081) ===

<-- Respuesta cruda: $CFG,BAD_CRC,LOGREAD,1609,0000-00-56 206:234:07,SIM_PIN_REQUIRED,1141180173,0
*** Trama sin '*CRC' reconocible. ***

=== Registro 1610 (1611/4081) ===

<-- Respuesta cruda: $CFG,BAD_CRC,LOGREAD,1610,0000-00-92 253:234:07,SIM_PIN_REQUIRED,908986125,0
*** Trama sin '*CRC' reconocible. ***

=== Registro 1611 (1612/4081) ===

<-- Respuesta cruda: $CFG,BAD_CRC,LOGREAD,1611,0000-00-89 140:234:07,SIM_PIN_REQUIRED,1141377037,0
*** Trama sin '*CRC' reconocible. ***

=== Registro 1612 (1613/4081) ===

<-- Respuesta cruda: $CFG,BAD_CRC,LOGREAD,1612,0000-00-00 00:00:00,UNKNOWN,908986521,0
*** Trama sin '*CRC' reconocible. ***

=== Registro 1613 (1614/4081) ===

<-- Respuesta cruda: $CFG,BAD_CRC,LOGREAD,1613,0000-00-186 159:234:07,SIM_PIN_REQUIRED,1177487373,12288
*** Trama sin '*CRC' reconocible. ***

=== Registro 1614 (1615/4081) ===

<-- Respuesta cruda: $CFG,BAD_CRC,LOGREAD,1614,0000-00-174 222:234:07,SIM_PIN_REQUIRED,1141573901,0
*** Trama sin '*CRC' reconocible. ***

=== Registro 1615 (1616/4081) ===

<-- Respuesta cruda: $CFG,BAD_CRC,LOGREAD,1615,0000-00-176 190:234:07,SIM_PIN_REQUIRED,908986637,0
*** Trama sin '*CRC' reconocible. ***

=== Registro 1616 (1617/4081) ===

<-- Respuesta cruda: $CFG,BAD_CRC,LOGREAD,1616,0000-00-207 156:234:07,SIM_PIN_REQUIRED,1177487629,12288
*** Trama sin '*CRC' reconocible. ***

=== Registro 1617 (1618/4081) ===

<-- Respuesta cruda: $CFG,BAD_CRC,LOGREAD,1617,0000-00-219 221:234:07,SIM_PIN_REQUIRED,1141770765,0
*** Trama sin '*CRC' reconocible. ***

=== Registro 1618 (1619/4081) ===

<-- Respuesta cruda: $CFG,BAD_CRC,LOGREAD,1618,0000-00-33 50:234:07,SIM_PIN_REQUIRED,908986893,788529152
*** Trama sin '*CRC' reconocible. ***

=== Registro 1619 (1620/4081) ===

<-- Respuesta cruda: $CFG,BAD_CRC,LOGREAD,1619,0048-00-00 00:00:00,UNKNOWN,1177553619,12288
*** Trama sin '*CRC' reconocible. ***

=== Registro 1620 (1621/4081) ===

<-- Respuesta cruda: $CFG,BAD_CRC,LOGREAD,1620,0000-00-74 06:234:07,SIM_PIN_REQUIRED,1141967629,0
*** Trama sin '*CRC' reconocible. ***

=== Registro 1621 (1622/4081) ===

<-- Respuesta cruda: $CFG,BAD_CRC,LOGREAD,1621,0000-00-90 239:234:07,SIM_PIN_REQUIRED,909052685,0
*** Trama sin '*CRC' reconocible. ***

=== Registro 1622 (1623/4081) ===

<-- Respuesta cruda: $CFG,BAD_CRC,LOGREAD,1622,0000-00-108 66:234:07,SIM_PIN_REQUIRED,1177553677,12288
*** Trama sin '*CRC' reconocible. ***

=== Registro 1623 (1624/4081) ===

<-- Respuesta cruda: $CFG,BAD_CRC,LOGREAD,1623,0000-00-63 05:234:07,SIM_PIN_REQUIRED,1142164493,0
*** Trama sin '*CRC' reconocible. ***

=== Registro 1624 (1625/4081) ===

<-- Respuesta cruda: $CFG,BAD_CRC,LOGREAD,1624,0000-00-31 110:234:07,SIM_PIN_REQUIRED,908987405,0
*** Trama sin '*CRC' reconocible. ***

=== Registro 1625 (1626/4081) ===

<-- Respuesta cruda: $CFG,BAD_CRC,LOGREAD,1625,0000-00-110 146:234:07,SIM_PIN_REQUIRED,117902349,554568984
*** Trama sin '*CRC' reconocible. ***

=== Registro 1626 (1627/4081) ===

<-- Respuesta cruda: $CFG,BAD_CRC,LOGREAD,1626,0048-00-00 00:00:00,UNKNOWN,1142361478,0
*** Trama sin '*CRC' reconocible. ***

=== Registro 1627 (1628/4081) ===

<-- Respuesta cruda: $CFG,BAD_CRC,LOGREAD,1627,0000-00-144 21:234:07,SIM_PIN_REQUIRED,908987661,0
*** Trama sin '*CRC' reconocible. ***

=== Registro 1628 (1629/4081) ===

<-- Respuesta cruda: $CFG,BAD_CRC,LOGREAD,1628,0000-00-27 145:234:07,SIM_PIN_REQUIRED,1177554189,12288
*** Trama sin '*CRC' reconocible. ***

=== Registro 1629 (1630/4081) ===

<-- Respuesta cruda: $CFG,BAD_CRC,LOGREAD,1629,0000-00-01 14:234:07,SIM_PIN_REQUIRED,1142558221,0
*** Trama sin '*CRC' reconocible. ***

=== Registro 1630 (1631/4081) ===

<-- Respuesta cruda: $CFG,BAD_CRC,LOGREAD,1630,0000-00-143 59:234:07,SIM_PIN_REQUIRED,1126174221,0
*** Trama sin '*CRC' reconocible. ***

=== Registro 1631 (1632/4081) ===

<-- Respuesta cruda: $CFG,BAD_CRC,LOGREAD,1631,0000-00-15 218:234:07,SIM_PIN_REQUIRED,908070413,0
*** Trama sin '*CRC' reconocible. ***

=== Registro 1632 (1633/4081) ===

<-- Respuesta cruda: $CFG,BAD_CRC,LOGREAD,1632,0000-00-254 199:234:00,UNKNOWN,1176840124,12288
*** Trama sin '*CRC' reconocible. ***

=== Registro 1633 (1634/4081) ===

<-- Respuesta cruda: $CFG,BAD_CRC,LOGREAD,1633,0000-00-125 164:234:07,SIM_PIN_REQUIRED,1176636941,0
*** Trama sin '*CRC' reconocible. ***

=== Registro 1634 (1635/4081) ===

<-- Respuesta cruda: $CFG,BAD_CRC,LOGREAD,1634,0000-00-204 184:234:07,SIM_PIN_REQUIRED,1126305293,0
*** Trama sin '*CRC' reconocible. ***

=== Registro 1635 (1636/4081) ===

<-- Respuesta cruda: $CFG,BAD_CRC,LOGREAD,1635,0000-00-188 122:234:07,SIM_PIN_REQUIRED,908201485,0
*** Trama sin '*CRC' reconocible. ***

=== Registro 1636 (1637/4081) ===

<-- Respuesta cruda: $CFG,BAD_CRC,LOGREAD,1636,0000-00-77 103:234:07,SIM_PIN_REQUIRED,1176636941,12288
*** Trama sin '*CRC' reconocible. ***

=== Registro 1637 (1638/4081) ===

<-- Respuesta cruda: $CFG,BAD_CRC,LOGREAD,1637,0000-00-16 254:234:07,SIM_PIN_REQUIRED,1176636941,0
*** Trama sin '*CRC' reconocible. ***

=== Registro 1638 (1639/4081) ===

<-- Respuesta cruda: $CFG,BAD_CRC,LOGREAD,1638,0000-00-204 184:234:07,SIM_PIN_REQUIRED,908267277,0
*** Trama sin '*CRC' reconocible. ***

=== Registro 1639 (1640/4081) ===

<-- Respuesta cruda: $CFG,BAD_CRC,LOGREAD,1639,0000-00-00 00:00:00,UNKNOWN,1176702722,12288
*** Trama sin '*CRC' reconocible. ***

=== Registro 1640 (1641/4081) ===

<-- Respuesta cruda: $CFG,BAD_CRC,LOGREAD,1640,0000-00-44 37:234:07,SIM_PIN_REQUIRED,1143344909,0
*** Trama sin '*CRC' reconocible. ***

=== Registro 1641 (1642/4081) ===

<-- Respuesta cruda: $CFG,BAD_CRC,LOGREAD,1641,0000-00-116 52:234:07,SIM_PIN_REQUIRED,908267533,0
*** Trama sin '*CRC' reconocible. ***

=== Registro 1642 (1643/4081) ===

<-- Respuesta cruda: $CFG,BAD_CRC,LOGREAD,1642,0000-00-194 152:234:07,SIM_PIN_REQUIRED,1176702989,12288
*** Trama sin '*CRC' reconocible. ***

=== Registro 1643 (1644/4081) ===

<-- Respuesta cruda: $CFG,BAD_CRC,LOGREAD,1643,0000-00-159 01:234:07,SIM_PIN_REQUIRED,1143541773,0
*** Trama sin '*CRC' reconocible. ***

=== Registro 1644 (1645/4081) ===

<-- Respuesta cruda: $CFG,BAD_CRC,LOGREAD,1644,0000-00-244 155:234:07,SIM_PIN_REQUIRED,908267789,0
*** Trama sin '*CRC' reconocible. ***

=== Registro 1645 (1646/4081) ===

<-- Respuesta cruda: $CFG,BAD_CRC,LOGREAD,1645,0000-00-183 155:234:07,SIM_PIN_REQUIRED,1176703245,840118272
*** Trama sin '*CRC' reconocible. ***

=== Registro 1646 (1647/4081) ===

<-- Respuesta cruda: $CFG,BAD_CRC,LOGREAD,1646,0000-00-00 00:00:00,UNKNOWN,1143738641,0
*** Trama sin '*CRC' reconocible. ***

=== Registro 1647 (1648/4081) ===

<-- Respuesta cruda: $CFG,BAD_CRC,LOGREAD,1647,0000-00-143 17:234:07,SIM_PIN_REQUIRED,908268045,0
*** Trama sin '*CRC' reconocible. ***

=== Registro 1648 (1649/4081) ===

<-- Respuesta cruda: $CFG,BAD_CRC,LOGREAD,1648,0000-00-40 158:234:07,SIM_PIN_REQUIRED,1176769037,12288
*** Trama sin '*CRC' reconocible. ***

=== Registro 1649 (1650/4081) ===

<-- Respuesta cruda: $CFG,BAD_CRC,LOGREAD,1649,0000-00-200 46:234:07,SIM_PIN_REQUIRED,1143935501,0
*** Trama sin '*CRC' reconocible. ***

=== Registro 1650 (1651/4081) ===

<-- Respuesta cruda: $CFG,BAD_CRC,LOGREAD,1650,0000-00-152 88:43:37,SEND_OK,0,0
*** Trama sin '*CRC' reconocible. ***

=== Registro 1651 (1652/4081) ===

<-- Respuesta cruda: $CFG,ACK,LOGREAD,1651,2026-07-24 09:43:38,SERVER_ACK,48,0
*** Trama sin '*CRC' reconocible. ***

=== Registro 1652 (1653/4081) ===

<-- Respuesta cruda: $CFG,ACK,LOGREAD,1652,2026-07-24 09:43:55,HEARTBEAT_RECEIVED,0,0
*** Trama sin '*CRC' reconocible. ***

=== Registro 1653 (1654/4081) ===

<-- Respuesta cruda: $CFG,ACK,LOGREAD,1653,2026-07-24 09:44:38,SEND_OK,0,0
*** Trama sin '*CRC' reconocible. ***

=== Registro 1654 (1655/4081) ===

<-- Respuesta cruda: $CFG,ACK,LOGREAD,1654,2026-07-24 09:44:38,SERVER_ACK,48,0
*** Trama sin '*CRC' reconocible. ***

=== Registro 1655 (1656/4081) ===

<-- Respuesta cruda: $CFG,ACK,LOGREAD,1655,2026-07-24 09:44:58,HEARTBEAT_RECEIVED,0,0
*** Trama sin '*CRC' reconocible. ***

=== Registro 1656 (1657/4081) ===

<-- Respuesta cruda: $CFG,BAD_CRC,LOGREAD,1656,2026-07-24 09:45:38,SEND_OK,0,12288
*** Trama sin '*CRC' reconocible. ***

=== Registro 1657 (1658/4081) ===

<-- Respuesta cruda: $CFG,BAD_CRC,LOGREAD,1657,0000-00-102 31:45:38,SERVER_ACK,48,0
*** Trama sin '*CRC' reconocible. ***

=== Registro 1658 (1659/4081) ===

<-- Respuesta cruda: $CFG,ACK,LOGREAD,1658,2026-07-24 09:46:01,HEARTBEAT_RECEIVED,0,0
*** Trama sin '*CRC' reconocible. ***

=== Registro 1659 (1660/4081) ===

<-- Respuesta cruda: $CFG,ACK,LOGREAD,1659,2026-07-24 09:46:38,SEND_OK,0,0
*** Trama sin '*CRC' reconocible. ***

=== Registro 1660 (1661/4081) ===

<-- Respuesta cruda: $CFG,ACK,LOGREAD,1660,2026-07-24 09:46:38,SERVER_ACK,48,0
*** Trama sin '*CRC' reconocible. ***

=== Registro 1661 (1662/4081) ===

<-- Respuesta cruda: $CFG,ACK,LOGREAD,1661,2026-07-24 09:47:04,HEARTBEAT_RECEIVED,0,0
*** Trama sin '*CRC' reconocible. ***

=== Registro 1662 (1663/4081) ===

<-- Respuesta cruda: $CFG,ACK,LOGREAD,1662,2026-07-24 09:47:38,SEND_OK,0,0
*** Trama sin '*CRC' reconocible. ***

=== Registro 1663 (1664/4081) ===

<-- Respuesta cruda: $CFG,BAD_CRC,LOGREAD,1663,2026-07-24 09:47:39,SERVER_ACK,1141781001,0
*** Trama sin '*CRC' reconocible. ***

=== Registro 1664 (1665/4081) ===

<-- Respuesta cruda: $CFG,BAD_CRC,LOGREAD,1664,0000-00-212 117:48:08,HEARTBEAT_RECEIVED,0,0
*** Trama sin '*CRC' reconocible. ***

=== Registro 1665 (1666/4081) ===

<-- Respuesta cruda: $CFG,ACK,LOGREAD,1665,2026-07-24 09:48:38,SEND_OK,0,0
*** Trama sin '*CRC' reconocible. ***

=== Registro 1666 (1667/4081) ===

<-- Respuesta cruda: $CFG,ACK,LOGREAD,1666,2026-07-24 09:48:39,SERVER_ACK,48,0
*** Trama sin '*CRC' reconocible. ***

=== Registro 1667 (1668/4081) ===

<-- Respuesta cruda: $CFG,ACK,LOGREAD,1667,2026-07-24 09:49:11,HEARTBEAT_RECEIVED,0,0
*** Trama sin '*CRC' reconocible. ***

=== Registro 1668 (1669/4081) ===

<-- Respuesta cruda: $CFG,ACK,LOGREAD,1668,2026-07-24 09:49:39,SEND_OK,0,0
*** Trama sin '*CRC' reconocible. ***

=== Registro 1669 (1670/4081) ===

<-- Respuesta cruda: $CFG,ACK,LOGREAD,1669,2026-07-24 09:49:39,SERVER_ACK,48,0
*** Trama sin '*CRC' reconocible. ***

=== Registro 1670 (1671/4081) ===

<-- Respuesta cruda: $CFG,BAD_CRC,LOGREAD,1670,2026-07-24 41:37:17,HEARTBEAT_RECEIVED,0,0
*** Trama sin '*CRC' reconocible. ***

=== Registro 1671 (1672/4081) ===

<-- Respuesta cruda: $CFG,ACK,LOGREAD,1671,2026-07-24 09:50:39,SEND_OK,0,0
*** Trama sin '*CRC' reconocible. ***

=== Registro 1672 (1673/4081) ===

<-- Respuesta cruda: $CFG,ACK,LOGREAD,1672,2026-07-24 09:50:39,SERVER_ACK,48,0
*** Trama sin '*CRC' reconocible. ***

=== Registro 1673 (1674/4081) ===

<-- Respuesta cruda: $CFG,ACK,LOGREAD,1673,2026-07-24 09:51:17,HEARTBEAT_RECEIVED,0,0
*** Trama sin '*CRC' reconocible. ***

=== Registro 1674 (1675/4081) ===

<-- Respuesta cruda: $CFG,ACK,LOGREAD,1674,2026-07-24 09:51:39,SEND_OK,0,0
*** Trama sin '*CRC' reconocible. ***

=== Registro 1675 (1676/4081) ===

<-- Respuesta cruda: $CFG,ACK,LOGREAD,1675,2026-07-24 09:51:39,SERVER_ACK,48,0
*** Trama sin '*CRC' reconocible. ***

=== Registro 1676 (1677/4081) ===

<-- Respuesta cruda: $CFG,BAD_CRC,LOGREAD,1676,2026-07-24 09:52:20,HEARTBEAT_RECEIVED,0,0
*** Trama sin '*CRC' reconocible. ***

=== Registro 1677 (1678/4081) ===

<-- Respuesta cruda: $CFG,BAD_CRC,LOGREAD,1677,0000-00-133 34:52:39,SEND_OK,0,0
*** Trama sin '*CRC' reconocible. ***

=== Registro 1678 (1679/4081) ===

<-- Respuesta cruda: $CFG,ACK,LOGREAD,1678,2026-07-24 09:52:40,SERVER_ACK,48,0
*** Trama sin '*CRC' reconocible. ***

=== Registro 1679 (1680/4081) ===

<-- Respuesta cruda: $CFG,ACK,LOGREAD,1679,2026-07-24 09:53:23,HEARTBEAT_RECEIVED,0,0
*** Trama sin '*CRC' reconocible. ***

=== Registro 1680 (1681/4081) ===

<-- Respuesta cruda: $CFG,ACK,LOGREAD,1680,2026-07-24 09:53:40,SEND_OK,0,0
*** Trama sin '*CRC' reconocible. ***

=== Registro 1681 (1682/4081) ===

<-- Respuesta cruda: $CFG,ACK,LOGREAD,1681,2026-07-24 09:53:40,SERVER_ACK,48,0
*** Trama sin '*CRC' reconocible. ***

=== Registro 1682 (1683/4081) ===

<-- Respuesta cruda: $CFG,ACK,LOGREAD,1682,2026-07-24 09:54:26,HEARTBEAT_RECEIVED,0,0
*** Trama sin '*CRC' reconocible. ***

=== Registro 1683 (1684/4081) ===

<-- Respuesta cruda: $CFG,BAD_CRC,LOGREAD,1683,2026-07-24 09:54:40,SEND_OK,0,12288
*** Trama sin '*CRC' reconocible. ***

=== Registro 1684 (1685/4081) ===

<-- Respuesta cruda: $CFG,BAD_CRC,LOGREAD,1684,0000-00-78 171:54:40,SERVER_ACK,48,0
*** Trama sin '*CRC' reconocible. ***

=== Registro 1685 (1686/4081) ===

<-- Respuesta cruda: $CFG,ACK,LOGREAD,1685,2026-07-24 09:55:29,HEARTBEAT_RECEIVED,0,0
*** Trama sin '*CRC' reconocible. ***

=== Registro 1686 (1687/4081) ===

<-- Respuesta cruda: $CFG,ACK,LOGREAD,1686,2026-07-24 09:55:40,SEND_OK,0,0
*** Trama sin '*CRC' reconocible. ***

=== Registro 1687 (1688/4081) ===

<-- Respuesta cruda: $CFG,ACK,LOGREAD,1687,2026-07-24 09:55:40,SERVER_ACK,48,0
*** Trama sin '*CRC' reconocible. ***

=== Registro 1688 (1689/4081) ===

<-- Respuesta cruda: $CFG,ACK,LOGREAD,1688,2026-07-24 09:56:32,HEARTBEAT_RECEIVED,0,0
*** Trama sin '*CRC' reconocible. ***

=== Registro 1689 (1690/4081) ===

<-- Respuesta cruda: $CFG,ACK,LOGREAD,1689,2026-07-24 09:56:40,SEND_OK,0,0
*** Trama sin '*CRC' reconocible. ***

=== Registro 1690 (1691/4081) ===

<-- Respuesta cruda: $CFG,BAD_CRC,LOGREAD,1690,2026-07-24 09:56:40,SERVER_ACK,1143552777,0
*** Trama sin '*CRC' reconocible. ***

=== Registro 1691 (1692/4081) ===

<-- Respuesta cruda: $CFG,BAD_CRC,LOGREAD,1691,0000-00-206 238:57:35,HEARTBEAT_RECEIVED,0,0
*** Trama sin '*CRC' reconocible. ***

=== Registro 1692 (1693/4081) ===

<-- Respuesta cruda: $CFG,ACK,LOGREAD,1692,2026-07-24 09:57:40,SEND_OK,0,0
*** Trama sin '*CRC' reconocible. ***

=== Registro 1693 (1694/4081) ===

<-- Respuesta cruda: $CFG,ACK,LOGREAD,1693,2026-07-24 09:57:41,SERVER_ACK,48,0
*** Trama sin '*CRC' reconocible. ***

=== Registro 1694 (1695/4081) ===

<-- Respuesta cruda: $CFG,ACK,LOGREAD,1694,2026-07-24 09:58:38,HEARTBEAT_RECEIVED,0,0
*** Trama sin '*CRC' reconocible. ***

=== Registro 1695 (1696/4081) ===

<-- Respuesta cruda: $CFG,ACK,LOGREAD,1695,2026-07-24 09:58:41,SEND_OK,0,0
*** Trama sin '*CRC' reconocible. ***

=== Registro 1696 (1697/4081) ===

<-- Respuesta cruda: $CFG,ACK,LOGREAD,1696,2026-07-24 09:58:41,SERVER_ACK,48,0
*** Trama sin '*CRC' reconocible. ***

=== Registro 1697 (1698/4081) ===

<-- Respuesta cruda: $CFG,BAD_CRC,LOGREAD,1697,2026-07-210 100:46:44,HEARTBEAT_RECEIVED,0,0
*** Trama sin '*CRC' reconocible. ***

=== Registro 1698 (1699/4081) ===

<-- Respuesta cruda: $CFG,ACK,LOGREAD,1698,2026-07-24 09:59:41,SEND_OK,0,0
*** Trama sin '*CRC' reconocible. ***

=== Registro 1699 (1700/4081) ===

<-- Respuesta cruda: $CFG,ACK,LOGREAD,1699,2026-07-24 09:59:41,SERVER_ACK,48,0
*** Trama sin '*CRC' reconocible. ***

=== Registro 1700 (1701/4081) ===

<-- Respuesta cruda: $CFG,ACK,LOGREAD,1700,2026-07-24 10:00:41,SEND_OK,0,0
*** Trama sin '*CRC' reconocible. ***

=== Registro 1701 (1702/4081) ===

<-- Respuesta cruda: $CFG,ACK,LOGREAD,1701,2026-07-24 10:00:41,SERVER_ACK,48,0
*** Trama sin '*CRC' reconocible. ***

=== Registro 1702 (1703/4081) ===

<-- Respuesta cruda: $CFG,ACK,LOGREAD,1702,2026-07-24 10:00:44,HEARTBEAT_RECEIVED,0,0
*** Trama sin '*CRC' reconocible. ***

=== Registro 1703 (1704/4081) ===

<-- Respuesta cruda: $CFG,BAD_CRC,LOGREAD,1703,2026-07-24 10:01:41,SEND_OK,0,0
*** Trama sin '*CRC' reconocible. ***

=== Registro 1704 (1705/4081) ===

<-- Respuesta cruda: $CFG,BAD_CRC,LOGREAD,1704,0000-00-159 131:01:42,SERVER_ACK,48,0
*** Trama sin '*CRC' reconocible. ***

=== Registro 1705 (1706/4081) ===

<-- Respuesta cruda: $CFG,ACK,LOGREAD,1705,2026-07-24 10:01:47,HEARTBEAT_RECEIVED,0,0
*** Trama sin '*CRC' reconocible. ***

=== Registro 1706 (1707/4081) ===

<-- Respuesta cruda: $CFG,ACK,LOGREAD,1706,2026-07-24 10:02:41,SEND_OK,0,0
*** Trama sin '*CRC' reconocible. ***

=== Registro 1707 (1708/4081) ===

<-- Respuesta cruda: $CFG,ACK,LOGREAD,1707,2026-07-24 10:02:42,SERVER_ACK,48,0
*** Trama sin '*CRC' reconocible. ***

=== Registro 1708 (1709/4081) ===

<-- Respuesta cruda: $CFG,ACK,LOGREAD,1708,2026-07-24 10:02:50,HEARTBEAT_RECEIVED,0,0
*** Trama sin '*CRC' reconocible. ***

=== Registro 1709 (1710/4081) ===

<-- Respuesta cruda: $CFG,ACK,LOGREAD,1709,2026-07-24 10:03:42,SEND_OK,0,0
*** Trama sin '*CRC' reconocible. ***

=== Registro 1710 (1711/4081) ===

<-- Respuesta cruda: $CFG,BAD_CRC,LOGREAD,1710,2026-07-24 10:03:42,SERVER_ACK,1140850736,0
*** Trama sin '*CRC' reconocible. ***

=== Registro 1711 (1712/4081) ===

<-- Respuesta cruda: $CFG,BAD_CRC,LOGREAD,1711,0000-00-131 157:03:53,HEARTBEAT_RECEIVED,0,0
*** Trama sin '*CRC' reconocible. ***

=== Registro 1712 (1713/4081) ===

<-- Respuesta cruda: $CFG,ACK,LOGREAD,1712,2026-07-24 10:04:42,SEND_OK,0,0
*** Trama sin '*CRC' reconocible. ***

=== Registro 1713 (1714/4081) ===

<-- Respuesta cruda: $CFG,ACK,LOGREAD,1713,2026-07-24 10:04:42,SERVER_ACK,48,0
*** Trama sin '*CRC' reconocible. ***

=== Registro 1714 (1715/4081) ===

<-- Respuesta cruda: $CFG,ACK,LOGREAD,1714,2026-07-24 10:04:56,HEARTBEAT_RECEIVED,0,0
*** Trama sin '*CRC' reconocible. ***

=== Registro 1715 (1716/4081) ===

<-- Respuesta cruda: $CFG,ACK,LOGREAD,1715,2026-07-24 10:05:42,SEND_OK,0,0
*** Trama sin '*CRC' reconocible. ***

=== Registro 1716 (1717/4081) ===

<-- Respuesta cruda: $CFG,ACK,LOGREAD,1716,2026-07-24 10:05:42,SERVER_ACK,48,0
*** Trama sin '*CRC' reconocible. ***

=== Registro 1717 (1718/4081) ===

<-- Respuesta cruda: $CFG,BAD_CRC,LOGREAD,1717,2026-07-24 10:05:59,SIM_PIN_REQUIRED,908789770,0
*** Trama sin '*CRC' reconocible. ***

=== Registro 1718 (1719/4081) ===

<-- Respuesta cruda: $CFG,BAD_CRC,LOGREAD,1718,0000-00-188 220:06:42,SEND_OK,0,0
*** Trama sin '*CRC' reconocible. ***

=== Registro 1719 (1720/4081) ===

<-- Respuesta cruda: $CFG,ACK,LOGREAD,1719,2026-07-24 10:06:43,SERVER_ACK,48,0
*** Trama sin '*CRC' reconocible. ***

=== Registro 1720 (1721/4081) ===

<-- Respuesta cruda: $CFG,ACK,LOGREAD,1720,2026-07-24 10:07:02,HEARTBEAT_RECEIVED,0,0
*** Trama sin '*CRC' reconocible. ***

=== Registro 1721 (1722/4081) ===

<-- Respuesta cruda: $CFG,ACK,LOGREAD,1721,2026-07-24 10:07:43,SEND_OK,0,0
*** Trama sin '*CRC' reconocible. ***

=== Registro 1722 (1723/4081) ===

<-- Respuesta cruda: $CFG,ACK,LOGREAD,1722,2026-07-24 10:07:43,SERVER_ACK,48,0
*** Trama sin '*CRC' reconocible. ***

=== Registro 1723 (1724/4081) ===

<-- Respuesta cruda: $CFG,ACK,LOGREAD,1723,2026-07-24 10:08:05,HEARTBEAT_RECEIVED,0,0
*** Trama sin '*CRC' reconocible. ***

=== Registro 1724 (1725/4081) ===

<-- Respuesta cruda: $CFG,BAD_CRC,LOGREAD,1724,2026-00-86 218:56:04,SERVER_ACK,48,0
*** Trama sin '*CRC' reconocible. ***

=== Registro 1725 (1726/4081) ===

<-- Respuesta cruda: $CFG,ACK,LOGREAD,1725,2026-07-24 10:08:43,SERVER_ACK,48,0
*** Trama sin '*CRC' reconocible. ***

=== Registro 1726 (1727/4081) ===

<-- Respuesta cruda: $CFG,ACK,LOGREAD,1726,2026-07-24 10:09:08,HEARTBEAT_RECEIVED,0,0
*** Trama sin '*CRC' reconocible. ***

=== Registro 1727 (1728/4081) ===

<-- Respuesta cruda: $CFG,ACK,LOGREAD,1727,2026-07-24 10:09:43,SEND_OK,0,0
*** Trama sin '*CRC' reconocible. ***

=== Registro 1728 (1729/4081) ===

<-- Respuesta cruda: $CFG,ACK,LOGREAD,1728,2026-07-24 10:09:43,SERVER_ACK,48,0
*** Trama sin '*CRC' reconocible. ***

=== Registro 1729 (1730/4081) ===

<-- Respuesta cruda: $CFG,ACK,LOGREAD,1729,2026-07-24 10:10:11,HEARTBEAT_RECEIVED,0,0
*** Trama sin '*CRC' reconocible. ***

=== Registro 1730 (1731/4081) ===

<-- Respuesta cruda: $CFG,BAD_CRC,LOGREAD,1730,2026-07-24 10:10:43,SEND_OK,0,0
*** Trama sin '*CRC' reconocible. ***

=== Registro 1731 (1732/4081) ===

<-- Respuesta cruda: $CFG,BAD_CRC,LOGREAD,1731,0000-00-53 72:10:43,SERVER_ACK,48,0
*** Trama sin '*CRC' reconocible. ***

=== Registro 1732 (1733/4081) ===

<-- Respuesta cruda: $CFG,ACK,LOGREAD,1732,2026-07-24 10:11:14,HEARTBEAT_RECEIVED,0,0
*** Trama sin '*CRC' reconocible. ***

=== Registro 1733 (1734/4081) ===

<-- Respuesta cruda: $CFG,ACK,LOGREAD,1733,2026-07-24 10:11:43,SEND_OK,0,0
*** Trama sin '*CRC' reconocible. ***

=== Registro 1734 (1735/4081) ===

<-- Respuesta cruda: $CFG,ACK,LOGREAD,1734,2026-07-24 10:11:44,SERVER_ACK,48,0
*** Trama sin '*CRC' reconocible. ***

=== Registro 1735 (1736/4081) ===

<-- Respuesta cruda: $CFG,ACK,LOGREAD,1735,2026-07-24 10:12:16,HEARTBEAT_RECEIVED,0,0
*** Trama sin '*CRC' reconocible. ***

=== Registro 1736 (1737/4081) ===

<-- Respuesta cruda: $CFG,ACK,LOGREAD,1736,2026-07-24 10:12:43,SEND_OK,0,0
*** Trama sin '*CRC' reconocible. ***

=== Registro 1737 (1738/4081) ===

<-- Respuesta cruda: $CFG,BAD_CRC,LOGREAD,1737,2026-07-24 10:12:43,SERVER_ACK,1176305712,12288
*** Trama sin '*CRC' reconocible. ***

=== Registro 1738 (1739/4081) ===

<-- Respuesta cruda: $CFG,BAD_CRC,LOGREAD,1738,0000-00-108 64:13:19,HEARTBEAT_RECEIVED,0,0
*** Trama sin '*CRC' reconocible. ***

=== Registro 1739 (1740/4081) ===

<-- Respuesta cruda: $CFG,ACK,LOGREAD,1739,2026-07-24 10:13:43,SEND_OK,0,0
*** Trama sin '*CRC' reconocible. ***

=== Registro 1740 (1741/4081) ===

<-- Respuesta cruda: $CFG,ACK,LOGREAD,1740,2026-07-24 10:13:43,SERVER_ACK,48,0
*** Trama sin '*CRC' reconocible. ***

=== Registro 1741 (1742/4081) ===

<-- Respuesta cruda: $CFG,ACK,LOGREAD,1741,2026-07-24 10:14:22,HEARTBEAT_RECEIVED,0,0
*** Trama sin '*CRC' reconocible. ***

=== Registro 1742 (1743/4081) ===

<-- Respuesta cruda: $CFG,ACK,LOGREAD,1742,2026-07-24 10:14:29,CID_RECEIVED,0,0
*** Trama sin '*CRC' reconocible. ***

=== Registro 1743 (1744/4081) ===

<-- Respuesta cruda: $CFG,ACK,LOGREAD,1743,2026-07-24 10:14:29,SEND_OK,0,0
*** Trama sin '*CRC' reconocible. ***

=== Registro 1744 (1745/4081) ===

<-- Respuesta cruda: $CFG,BAD_CRC,LOGREAD,1744,2026-07-24 10:14:07,SIM_PIN_REQUIRED,1176571658,12288
*** Trama sin '*CRC' reconocible. ***

=== Registro 1745 (1746/4081) ===

<-- Respuesta cruda: $CFG,BAD_CRC,LOGREAD,1745,0000-00-151 79:14:29,SERVER_ACK,0,0
*** Trama sin '*CRC' reconocible. ***

=== Registro 1746 (1747/4081) ===

<-- Respuesta cruda: $CFG,ACK,LOGREAD,1746,2026-07-24 10:14:32,CID_RECEIVED,0,0
*** Trama sin '*CRC' reconocible. ***

=== Registro 1747 (1748/4081) ===

<-- Respuesta cruda: $CFG,ACK,LOGREAD,1747,2026-07-24 10:14:32,SEND_OK,0,0
*** Trama sin '*CRC' reconocible. ***

=== Registro 1748 (1749/4081) ===

<-- Respuesta cruda: $CFG,ACK,LOGREAD,1748,2026-07-24 10:14:33,SERVER_ACK,48,0
*** Trama sin '*CRC' reconocible. ***

=== Registro 1749 (1750/4081) ===

<-- Respuesta cruda: $CFG,ACK,LOGREAD,1749,2026-07-24 10:14:33,SERVER_ACK,0,0
*** Trama sin '*CRC' reconocible. ***

=== Registro 1750 (1751/4081) ===

<-- Respuesta cruda: $CFG,ACK,LOGREAD,1750,2026-07-24 10:15:33,SEND_OK,0,0
*** Trama sin '*CRC' reconocible. ***

=== Registro 1751 (1752/4081) ===

<-- Respuesta cruda: $CFG,BAD_CRC,LOGREAD,1751,0234-00-171 16:04:14,SEND_OK,0,0
*** Trama sin '*CRC' reconocible. ***

=== Registro 1752 (1753/4081) ===

<-- Respuesta cruda: $CFG,ACK,LOGREAD,1752,2026-07-24 10:15:36,HEARTBEAT_RECEIVED,0,0
*** Trama sin '*CRC' reconocible. ***

=== Registro 1753 (1754/4081) ===

<-- Respuesta cruda: $CFG,ACK,LOGREAD,1753,2026-07-24 10:16:33,SEND_OK,0,0
*** Trama sin '*CRC' reconocible. ***

=== Registro 1754 (1755/4081) ===

<-- Respuesta cruda: $CFG,ACK,LOGREAD,1754,2026-07-24 10:16:33,SERVER_ACK,48,0
*** Trama sin '*CRC' reconocible. ***

=== Registro 1755 (1756/4081) ===

<-- Respuesta cruda: $CFG,ACK,LOGREAD,1755,2026-07-24 10:16:39,HEARTBEAT_RECEIVED,0,0
*** Trama sin '*CRC' reconocible. ***

=== Registro 1756 (1757/4081) ===

<-- Respuesta cruda: $CFG,ACK,LOGREAD,1756,2026-07-24 10:17:33,SEND_OK,0,0
*** Trama sin '*CRC' reconocible. ***

=== Registro 1757 (1758/4081) ===

<-- Respuesta cruda: $CFG,BAD_CRC,LOGREAD,1757,2026-07-24 10:17:34,SERVER_ACK,48,0
*** Trama sin '*CRC' reconocible. ***

=== Registro 1758 (1759/4081) ===

<-- Respuesta cruda: $CFG,BAD_CRC,LOGREAD,1758,0000-00-153 123:17:42,HEARTBEAT_RECEIVED,0,0
*** Trama sin '*CRC' reconocible. ***

=== Registro 1759 (1760/4081) ===

<-- Respuesta cruda: $CFG,ACK,LOGREAD,1759,2026-07-24 10:18:33,SEND_OK,0,0
*** Trama sin '*CRC' reconocible. ***

=== Registro 1760 (1761/4081) ===

<-- Respuesta cruda: $CFG,ACK,LOGREAD,1760,2026-07-24 10:18:34,SERVER_ACK,48,0
*** Trama sin '*CRC' reconocible. ***

=== Registro 1761 (1762/4081) ===

<-- Respuesta cruda: $CFG,ACK,LOGREAD,1761,2026-07-24 10:18:45,HEARTBEAT_RECEIVED,0,0
*** Trama sin '*CRC' reconocible. ***

=== Registro 1762 (1763/4081) ===

<-- Respuesta cruda: $CFG,ACK,LOGREAD,1762,2026-07-24 10:19:34,SEND_OK,0,0
*** Trama sin '*CRC' reconocible. ***

=== Registro 1763 (1764/4081) ===

<-- Respuesta cruda: $CFG,ACK,LOGREAD,1763,2026-07-24 10:19:34,SERVER_ACK,48,0
*** Trama sin '*CRC' reconocible. ***

=== Registro 1764 (1765/4081) ===

<-- Respuesta cruda: $CFG,BAD_CRC,LOGREAD,1764,2026-07-24 10:19:48,HEARTBEAT_RECEIVED,908203520,0
*** Trama sin '*CRC' reconocible. ***

=== Registro 1765 (1766/4081) ===

<-- Respuesta cruda: $CFG,BAD_CRC,LOGREAD,1765,0000-00-189 129:20:34,SEND_OK,0,0
*** Trama sin '*CRC' reconocible. ***

=== Registro 1766 (1767/4081) ===

<-- Respuesta cruda: $CFG,ACK,LOGREAD,1766,2026-07-24 10:20:34,SERVER_ACK,48,0
*** Trama sin '*CRC' reconocible. ***

=== Registro 1767 (1768/4081) ===

<-- Respuesta cruda: $CFG,ACK,LOGREAD,1767,2026-07-24 10:20:51,HEARTBEAT_RECEIVED,0,0
*** Trama sin '*CRC' reconocible. ***

=== Registro 1768 (1769/4081) ===

<-- Respuesta cruda: $CFG,ACK,LOGREAD,1768,2026-07-24 10:21:34,SEND_OK,0,0
*** Trama sin '*CRC' reconocible. ***

=== Registro 1769 (1770/4081) ===

<-- Respuesta cruda: $CFG,ACK,LOGREAD,1769,2026-07-24 10:21:34,SERVER_ACK,48,0
*** Trama sin '*CRC' reconocible. ***

=== Registro 1770 (1771/4081) ===

<-- Respuesta cruda: $CFG,ACK,LOGREAD,1770,2026-07-24 10:21:54,HEARTBEAT_RECEIVED,0,0
*** Trama sin '*CRC' reconocible. ***

=== Registro 1771 (1772/4081) ===

<-- Respuesta cruda: $CFG,BAD_CRC,LOGREAD,1771,2026-07-24 10:09:09,SEND_OK,0,0
*** Trama sin '*CRC' reconocible. ***

=== Registro 1772 (1773/4081) ===

<-- Respuesta cruda: $CFG,ACK,LOGREAD,1772,2026-07-24 10:22:35,SERVER_ACK,48,0
*** Trama sin '*CRC' reconocible. ***

=== Registro 1773 (1774/4081) ===

<-- Respuesta cruda: $CFG,ACK,LOGREAD,1773,2026-07-24 10:22:57,HEARTBEAT_RECEIVED,0,0
*** Trama sin '*CRC' reconocible. ***

=== Registro 1774 (1775/4081) ===

<-- Respuesta cruda: $CFG,ACK,LOGREAD,1774,2026-07-24 10:23:34,SEND_OK,0,0
*** Trama sin '*CRC' reconocible. ***

=== Registro 1775 (1776/4081) ===

<-- Respuesta cruda: $CFG,ACK,LOGREAD,1775,2026-07-24 10:23:35,SERVER_ACK,48,0
*** Trama sin '*CRC' reconocible. ***

=== Registro 1776 (1777/4081) ===

<-- Respuesta cruda: $CFG,ACK,LOGREAD,1776,2026-07-24 10:24:00,HEARTBEAT_RECEIVED,0,0
*** Trama sin '*CRC' reconocible. ***

=== Registro 1777 (1778/4081) ===

<-- Respuesta cruda: $CFG,ACK,LOGREAD,1777,2026-07-24 10:24:35,SEND_OK,0,0
*** Trama sin '*CRC' reconocible. ***

=== Registro 1778 (1779/4081) ===

<-- Respuesta cruda: $CFG,BAD_CRC,LOGREAD,1778,0000-00-213 214:24:35,SERVER_ACK,48,0
*** Trama sin '*CRC' reconocible. ***

=== Registro 1779 (1780/4081) ===

<-- Respuesta cruda: $CFG,ACK,LOGREAD,1779,2026-07-24 10:25:03,HEARTBEAT_RECEIVED,0,0
*** Trama sin '*CRC' reconocible. ***

=== Registro 1780 (1781/4081) ===

<-- Respuesta cruda: $CFG,ACK,LOGREAD,1780,2026-07-24 10:25:35,SEND_OK,0,0
*** Trama sin '*CRC' reconocible. ***

=== Registro 1781 (1782/4081) ===

<-- Respuesta cruda: $CFG,ACK,LOGREAD,1781,2026-07-24 10:25:35,SERVER_ACK,48,0
*** Trama sin '*CRC' reconocible. ***

=== Registro 1782 (1783/4081) ===

<-- Respuesta cruda: $CFG,ACK,LOGREAD,1782,2026-07-24 10:26:06,HEARTBEAT_RECEIVED,0,0
*** Trama sin '*CRC' reconocible. ***

=== Registro 1783 (1784/4081) ===

<-- Respuesta cruda: $CFG,ACK,LOGREAD,1783,2026-07-24 10:26:35,SEND_OK,0,0
*** Trama sin '*CRC' reconocible. ***

=== Registro 1784 (1785/4081) ===

<-- Respuesta cruda: $CFG,BAD_CRC,LOGREAD,1784,2026-07-24 10:26:35,SERVER_ACK,48,0
*** Trama sin '*CRC' reconocible. ***

=== Registro 1785 (1786/4081) ===

<-- Respuesta cruda: $CFG,BAD_CRC,LOGREAD,1785,0000-00-123 31:27:09,HEARTBEAT_RECEIVED,0,0
*** Trama sin '*CRC' reconocible. ***

=== Registro 1786 (1787/4081) ===

<-- Respuesta cruda: $CFG,ACK,LOGREAD,1786,2026-07-24 10:27:35,SEND_OK,0,0
*** Trama sin '*CRC' reconocible. ***

=== Registro 1787 (1788/4081) ===

<-- Respuesta cruda: $CFG,ACK,LOGREAD,1787,2026-07-24 10:27:36,SERVER_ACK,48,0
*** Trama sin '*CRC' reconocible. ***

=== Registro 1788 (1789/4081) ===

<-- Respuesta cruda: $CFG,ACK,LOGREAD,1788,2026-07-24 10:28:12,HEARTBEAT_RECEIVED,0,0
*** Trama sin '*CRC' reconocible. ***

=== Registro 1789 (1790/4081) ===

<-- Respuesta cruda: $CFG,ACK,LOGREAD,1789,2026-07-24 10:28:36,SEND_OK,0,0
*** Trama sin '*CRC' reconocible. ***

=== Registro 1790 (1791/4081) ===

<-- Respuesta cruda: $CFG,ACK,LOGREAD,1790,2026-07-24 10:28:36,SERVER_ACK,48,0
*** Trama sin '*CRC' reconocible. ***

=== Registro 1791 (1792/4081) ===

<-- Respuesta cruda: $CFG,BAD_CRC,LOGREAD,1791,2026-07-24 10:29:15,HEARTBEAT_RECEIVED,908336906,0
*** Trama sin '*CRC' reconocible. ***

=== Registro 1792 (1793/4081) ===

<-- Respuesta cruda: $CFG,BAD_CRC,LOGREAD,1792,0000-00-148 104:29:36,SEND_OK,0,0
*** Trama sin '*CRC' reconocible. ***

=== Registro 1793 (1794/4081) ===

<-- Respuesta cruda: $CFG,ACK,LOGREAD,1793,2026-07-24 10:29:36,SERVER_ACK,48,0
*** Trama sin '*CRC' reconocible. ***

=== Registro 1794 (1795/4081) ===

<-- Respuesta cruda: $CFG,ACK,LOGREAD,1794,2026-07-24 10:30:18,HEARTBEAT_RECEIVED,0,0
*** Trama sin '*CRC' reconocible. ***

=== Registro 1795 (1796/4081) ===

<-- Respuesta cruda: $CFG,ACK,LOGREAD,1795,2026-07-24 10:30:36,SEND_OK,0,0
*** Trama sin '*CRC' reconocible. ***

=== Registro 1796 (1797/4081) ===

<-- Respuesta cruda: $CFG,ACK,LOGREAD,1796,2026-07-24 10:30:36,SERVER_ACK,48,0
*** Trama sin '*CRC' reconocible. ***

=== Registro 1797 (1798/4081) ===

<-- Respuesta cruda: $CFG,ACK,LOGREAD,1797,2026-07-24 10:31:21,HEARTBEAT_RECEIVED,0,0
*** Trama sin '*CRC' reconocible. ***

=== Registro 1798 (1799/4081) ===

<-- Respuesta cruda: $CFG,BAD_CRC,LOGREAD,1798,2026-07-24 249:18:45,HEARTBEAT_RECEIVED,0,0
*** Trama sin '*CRC' reconocible. ***

=== Registro 1799 (1800/4081) ===

<-- Respuesta cruda: $CFG,ACK,LOGREAD,1799,2026-07-24 10:31:37,SERVER_ACK,48,0
*** Trama sin '*CRC' reconocible. ***

=== Registro 1800 (1801/4081) ===

<-- Respuesta cruda: $CFG,ACK,LOGREAD,1800,2026-07-24 10:32:24,HEARTBEAT_RECEIVED,0,0
*** Trama sin '*CRC' reconocible. ***

=== Registro 1801 (1802/4081) ===

<-- Respuesta cruda: $CFG,ACK,LOGREAD,1801,2026-07-24 10:32:36,SEND_OK,0,0
*** Trama sin '*CRC' reconocible. ***

=== Registro 1802 (1803/4081) ===

<-- Respuesta cruda: $CFG,ACK,LOGREAD,1802,2026-07-24 10:32:37,SERVER_ACK,48,0
*** Trama sin '*CRC' reconocible. ***

=== Registro 1803 (1804/4081) ===

<-- Respuesta cruda: $CFG,ACK,LOGREAD,1803,2026-07-24 10:33:27,HEARTBEAT_RECEIVED,0,0
*** Trama sin '*CRC' reconocible. ***

=== Registro 1804 (1805/4081) ===

<-- Respuesta cruda: $CFG,BAD_CRC,LOGREAD,1804,2026-07-24 10:33:37,SEND_OK,0,0
*** Trama sin '*CRC' reconocible. ***

=== Registro 1805 (1806/4081) ===

<-- Respuesta cruda: $CFG,BAD_CRC,LOGREAD,1805,0000-00-12 102:33:37,SERVER_ACK,48,0
*** Trama sin '*CRC' reconocible. ***

=== Registro 1806 (1807/4081) ===

<-- Respuesta cruda: $CFG,ACK,LOGREAD,1806,2026-07-24 10:34:30,HEARTBEAT_RECEIVED,0,0
*** Trama sin '*CRC' reconocible. ***

=== Registro 1807 (1808/4081) ===

<-- Respuesta cruda: $CFG,ACK,LOGREAD,1807,2026-07-24 10:34:37,SEND_OK,0,0
*** Trama sin '*CRC' reconocible. ***

=== Registro 1808 (1809/4081) ===

<-- Respuesta cruda: $CFG,ACK,LOGREAD,1808,2026-07-24 10:34:37,SERVER_ACK,48,0
*** Trama sin '*CRC' reconocible. ***

=== Registro 1809 (1810/4081) ===

<-- Respuesta cruda: $CFG,ACK,LOGREAD,1809,2026-07-24 10:35:33,HEARTBEAT_RECEIVED,0,0
*** Trama sin '*CRC' reconocible. ***

=== Registro 1810 (1811/4081) ===

<-- Respuesta cruda: $CFG,ACK,LOGREAD,1810,2026-07-24 10:35:37,SEND_OK,0,0
*** Trama sin '*CRC' reconocible. ***

=== Registro 1811 (1812/4081) ===

<-- Respuesta cruda: $CFG,BAD_CRC,LOGREAD,1811,2026-07-24 10:35:37,SERVER_ACK,48,0
*** Trama sin '*CRC' reconocible. ***

=== Registro 1812 (1813/4081) ===

<-- Respuesta cruda: $CFG,BAD_CRC,LOGREAD,1812,0000-00-10 137:36:36,HEARTBEAT_RECEIVED,0,0
*** Trama sin '*CRC' reconocible. ***

=== Registro 1813 (1814/4081) ===

<-- Respuesta cruda: $CFG,ACK,LOGREAD,1813,2026-07-24 10:36:37,SEND_OK,0,0
*** Trama sin '*CRC' reconocible. ***

=== Registro 1814 (1815/4081) ===

<-- Respuesta cruda: $CFG,ACK,LOGREAD,1814,2026-07-24 10:36:38,SERVER_ACK,48,0
*** Trama sin '*CRC' reconocible. ***

=== Registro 1815 (1816/4081) ===

<-- Respuesta cruda: $CFG,ACK,LOGREAD,1815,2026-07-24 10:37:37,SEND_OK,0,0
*** Trama sin '*CRC' reconocible. ***

=== Registro 1816 (1817/4081) ===

<-- Respuesta cruda: $CFG,ACK,LOGREAD,1816,2026-07-24 10:37:38,SERVER_ACK,48,0
*** Trama sin '*CRC' reconocible. ***

=== Registro 1817 (1818/4081) ===

<-- Respuesta cruda: $CFG,ACK,LOGREAD,1817,2026-07-24 10:37:39,HEARTBEAT_RECEIVED,0,0
*** Trama sin '*CRC' reconocible. ***

=== Registro 1818 (1819/4081) ===

<-- Respuesta cruda: $CFG,BAD_CRC,LOGREAD,1818,2026-07-24 10:38:38,SEND_OK,1176905738,12288
*** Trama sin '*CRC' reconocible. ***

=== Registro 1819 (1820/4081) ===

<-- Respuesta cruda: $CFG,BAD_CRC,LOGREAD,1819,0000-00-193 00:38:38,SERVER_ACK,48,0
*** Trama sin '*CRC' reconocible. ***

=== Registro 1820 (1821/4081) ===

<-- Respuesta cruda: $CFG,ACK,LOGREAD,1820,2026-07-24 10:38:42,HEARTBEAT_RECEIVED,0,0
*** Trama sin '*CRC' reconocible. ***

=== Registro 1821 (1822/4081) ===

<-- Respuesta cruda: $CFG,ACK,LOGREAD,1821,2026-07-24 10:39:38,SEND_OK,0,0
*** Trama sin '*CRC' reconocible. ***

=== Registro 1822 (1823/4081) ===

<-- Respuesta cruda: $CFG,ACK,LOGREAD,1822,2026-07-24 10:39:38,SERVER_ACK,48,0
*** Trama sin '*CRC' reconocible. ***

=== Registro 1823 (1824/4081) ===

<-- Respuesta cruda: $CFG,ACK,LOGREAD,1823,2026-07-24 10:39:45,HEARTBEAT_RECEIVED,0,0
*** Trama sin '*CRC' reconocible. ***

=== Registro 1824 (1825/4081) ===

<-- Respuesta cruda: $CFG,ACK,LOGREAD,1824,2026-07-24 10:40:38,SEND_OK,0,0
*** Trama sin '*CRC' reconocible. ***

=== Registro 1825 (1826/4081) ===

<-- Respuesta cruda: $CFG,BAD_CRC,LOGREAD,1825,2026-07-98 222:28:13,HEARTBEAT_RECEIVED,0,0
*** Trama sin '*CRC' reconocible. ***

=== Registro 1826 (1827/4081) ===

<-- Respuesta cruda: $CFG,ACK,LOGREAD,1826,2026-07-24 10:40:48,HEARTBEAT_RECEIVED,0,0
*** Trama sin '*CRC' reconocible. ***

=== Registro 1827 (1828/4081) ===

<-- Respuesta cruda: $CFG,ACK,LOGREAD,1827,2026-07-24 10:41:38,SEND_OK,0,0
*** Trama sin '*CRC' reconocible. ***

=== Registro 1828 (1829/4081) ===

<-- Respuesta cruda: $CFG,ACK,LOGREAD,1828,2026-07-24 10:41:39,SERVER_ACK,48,0
*** Trama sin '*CRC' reconocible. ***

=== Registro 1829 (1830/4081) ===

<-- Respuesta cruda: $CFG,ACK,LOGREAD,1829,2026-07-24 10:41:51,HEARTBEAT_RECEIVED,0,0
*** Trama sin '*CRC' reconocible. ***

=== Registro 1830 (1831/4081) ===

<-- Respuesta cruda: $CFG,ACK,LOGREAD,1830,2026-07-24 10:42:39,SEND_OK,0,0
*** Trama sin '*CRC' reconocible. ***

=== Registro 1831 (1832/4081) ===

<-- Respuesta cruda: $CFG,BAD_CRC,LOGREAD,1831,2026-07-24 10:42:39,SERVER_ACK,48,0
*** Trama sin '*CRC' reconocible. ***

=== Registro 1832 (1833/4081) ===

<-- Respuesta cruda: $CFG,BAD_CRC,LOGREAD,1832,0000-00-184 205:42:54,HEARTBEAT_RECEIVED,0,0
*** Trama sin '*CRC' reconocible. ***

=== Registro 1833 (1834/4081) ===

<-- Respuesta cruda: $CFG,ACK,LOGREAD,1833,2026-07-24 10:43:39,SEND_OK,0,0
*** Trama sin '*CRC' reconocible. ***

=== Registro 1834 (1835/4081) ===

<-- Respuesta cruda: $CFG,ACK,LOGREAD,1834,2026-07-24 10:43:39,SERVER_ACK,48,0
*** Trama sin '*CRC' reconocible. ***

=== Registro 1835 (1836/4081) ===

<-- Respuesta cruda: $CFG,ACK,LOGREAD,1835,2026-07-24 10:43:57,HEARTBEAT_RECEIVED,0,0
*** Trama sin '*CRC' reconocible. ***

=== Registro 1836 (1837/4081) ===

<-- Respuesta cruda: $CFG,ACK,LOGREAD,1836,2026-07-24 10:44:39,SEND_OK,0,0
*** Trama sin '*CRC' reconocible. ***

=== Registro 1837 (1838/4081) ===

<-- Respuesta cruda: $CFG,ACK,LOGREAD,1837,2026-07-24 10:44:39,SERVER_ACK,48,0
*** Trama sin '*CRC' reconocible. ***

=== Registro 1838 (1839/4081) ===

<-- Respuesta cruda: $CFG,BAD_CRC,LOGREAD,1838,2026-07-24 10:45:00,HEARTBEAT_RECEIVED,905969664,0
*** Trama sin '*CRC' reconocible. ***

=== Registro 1839 (1840/4081) ===

<-- Respuesta cruda: $CFG,BAD_CRC,LOGREAD,1839,0000-00-173 194:45:39,SEND_OK,0,0
*** Trama sin '*CRC' reconocible. ***

=== Registro 1840 (1841/4081) ===

<-- Respuesta cruda: $CFG,ACK,LOGREAD,1840,2026-07-24 10:45:40,SERVER_ACK,48,0
*** Trama sin '*CRC' reconocible. ***

=== Registro 1841 (1842/4081) ===

<-- Respuesta cruda: $CFG,ACK,LOGREAD,1841,2026-07-24 10:46:03,HEARTBEAT_RECEIVED,0,0
*** Trama sin '*CRC' reconocible. ***

=== Registro 1842 (1843/4081) ===

<-- Respuesta cruda: $CFG,ACK,LOGREAD,1842,2026-07-24 10:46:39,SEND_OK,0,0
*** Trama sin '*CRC' reconocible. ***

=== Registro 1843 (1844/4081) ===

<-- Respuesta cruda: $CFG,ACK,LOGREAD,1843,2026-07-24 10:46:40,SERVER_ACK,48,0
*** Trama sin '*CRC' reconocible. ***

=== Registro 1844 (1845/4081) ===

<-- Respuesta cruda: $CFG,ACK,LOGREAD,1844,2026-07-24 10:47:06,HEARTBEAT_RECEIVED,0,0
*** Trama sin '*CRC' reconocible. ***

=== Registro 1845 (1846/4081) ===

<-- Respuesta cruda: $CFG,BAD_CRC,LOGREAD,1845,2026-07-24 10:47:40,SIM_PIN_REQUIRED,1177039114,12288
*** Trama sin '*CRC' reconocible. ***

=== Registro 1846 (1847/4081) ===

<-- Respuesta cruda: $CFG,BAD_CRC,LOGREAD,1846,0000-00-54 124:47:40,SERVER_ACK,48,0
*** Trama sin '*CRC' reconocible. ***

=== Registro 1847 (1848/4081) ===

<-- Respuesta cruda: $CFG,ACK,LOGREAD,1847,2026-07-24 10:48:09,HEARTBEAT_RECEIVED,0,0
*** Trama sin '*CRC' reconocible. ***

=== Registro 1848 (1849/4081) ===

<-- Respuesta cruda: $CFG,ACK,LOGREAD,1848,2026-07-24 10:48:40,SEND_OK,0,0
*** Trama sin '*CRC' reconocible. ***

=== Registro 1849 (1850/4081) ===

<-- Respuesta cruda: $CFG,ACK,LOGREAD,1849,2026-07-24 10:48:40,SERVER_ACK,48,0
*** Trama sin '*CRC' reconocible. ***

=== Registro 1850 (1851/4081) ===

<-- Respuesta cruda: $CFG,ACK,LOGREAD,1850,2026-07-24 10:49:12,HEARTBEAT_RECEIVED,0,0
*** Trama sin '*CRC' reconocible. ***

=== Registro 1851 (1852/4081) ===

<-- Respuesta cruda: $CFG,ACK,LOGREAD,1851,2026-07-24 10:49:40,SEND_OK,0,0
*** Trama sin '*CRC' reconocible. ***

=== Registro 1852 (1853/4081) ===

<-- Respuesta cruda: $CFG,BAD_CRC,LOGREAD,1852,2026-00-149 162:36:09,SERVER_ACK,48,0
*** Trama sin '*CRC' reconocible. ***

=== Registro 1853 (1854/4081) ===

<-- Respuesta cruda: $CFG,ACK,LOGREAD,1853,2026-07-24 10:50:15,HEARTBEAT_RECEIVED,0,0
*** Trama sin '*CRC' reconocible. ***

=== Registro 1854 (1855/4081) ===

<-- Respuesta cruda: $CFG,ACK,LOGREAD,1854,2026-07-24 10:50:40,SEND_OK,0,0
*** Trama sin '*CRC' reconocible. ***

=== Registro 1855 (1856/4081) ===

<-- Respuesta cruda: $CFG,ACK,LOGREAD,1855,2026-07-24 10:50:41,SERVER_ACK,48,0
*** Trama sin '*CRC' reconocible. ***

=== Registro 1856 (1857/4081) ===

<-- Respuesta cruda: $CFG,ACK,LOGREAD,1856,2026-07-24 10:51:18,HEARTBEAT_RECEIVED,0,0
*** Trama sin '*CRC' reconocible. ***

=== Registro 1857 (1858/4081) ===

<-- Respuesta cruda: $CFG,ACK,LOGREAD,1857,2026-07-24 10:51:40,SEND_OK,0,0
*** Trama sin '*CRC' reconocible. ***

=== Registro 1858 (1859/4081) ===

<-- Respuesta cruda: $CFG,BAD_CRC,LOGREAD,1858,2026-07-24 10:51:41,SERVER_ACK,48,0
*** Trama sin '*CRC' reconocible. ***

=== Registro 1859 (1860/4081) ===

<-- Respuesta cruda: $CFG,BAD_CRC,LOGREAD,1859,0000-00-150 107:52:21,HEARTBEAT_RECEIVED,0,0
*** Trama sin '*CRC' reconocible. ***

=== Registro 1860 (1861/4081) ===

<-- Respuesta cruda: $CFG,ACK,LOGREAD,1860,2026-07-24 10:52:41,SEND_OK,0,0
*** Trama sin '*CRC' reconocible. ***

=== Registro 1861 (1862/4081) ===

<-- Respuesta cruda: $CFG,ACK,LOGREAD,1861,2026-07-24 10:52:41,SERVER_ACK,48,0
*** Trama sin '*CRC' reconocible. ***

=== Registro 1862 (1863/4081) ===

<-- Respuesta cruda: $CFG,ACK,LOGREAD,1862,2026-07-24 10:53:24,HEARTBEAT_RECEIVED,0,0
*** Trama sin '*CRC' reconocible. ***

=== Registro 1863 (1864/4081) ===

<-- Respuesta cruda: $CFG,ACK,LOGREAD,1863,2026-07-24 10:53:41,SEND_OK,0,0
*** Trama sin '*CRC' reconocible. ***

=== Registro 1864 (1865/4081) ===

<-- Respuesta cruda: $CFG,ACK,LOGREAD,1864,2026-07-24 10:53:41,SERVER_ACK,48,0
*** Trama sin '*CRC' reconocible. ***

=== Registro 1865 (1866/4081) ===

<-- Respuesta cruda: $CFG,BAD_CRC,LOGREAD,1865,2026-07-24 10:54:27,HEARTBEAT_RECEIVED,908722176,0
*** Trama sin '*CRC' reconocible. ***

=== Registro 1866 (1867/4081) ===

<-- Respuesta cruda: $CFG,BAD_CRC,LOGREAD,1866,0000-00-05 93:54:41,SEND_OK,0,0
*** Trama sin '*CRC' reconocible. ***

=== Registro 1867 (1868/4081) ===

<-- Respuesta cruda: $CFG,ACK,LOGREAD,1867,2026-07-24 10:54:41,SERVER_ACK,48,0
*** Trama sin '*CRC' reconocible. ***

=== Registro 1868 (1869/4081) ===

<-- Respuesta cruda: $CFG,ACK,LOGREAD,1868,2026-07-24 10:55:30,HEARTBEAT_RECEIVED,0,0
*** Trama sin '*CRC' reconocible. ***

=== Registro 1869 (1870/4081) ===

<-- Respuesta cruda: $CFG,ACK,LOGREAD,1869,2026-07-24 10:55:41,SEND_OK,0,0
*** Trama sin '*CRC' reconocible. ***

=== Registro 1870 (1871/4081) ===

<-- Respuesta cruda: $CFG,ACK,LOGREAD,1870,2026-07-24 10:55:42,SERVER_ACK,48,0
*** Trama sin '*CRC' reconocible. ***

=== Registro 1871 (1872/4081) ===

<-- Respuesta cruda: $CFG,ACK,LOGREAD,1871,2026-07-24 10:56:33,HEARTBEAT_RECEIVED,0,0
*** Trama sin '*CRC' reconocible. ***

=== Registro 1872 (1873/4081) ===

<-- Respuesta cruda: $CFG,BAD_CRC,LOGREAD,1872,2026-07-24 10:56:07,SIM_PIN_REQUIRED,1177172490,12288
*** Trama sin '*CRC' reconocible. ***

=== Registro 1873 (1874/4081) ===

<-- Respuesta cruda: $CFG,BAD_CRC,LOGREAD,1873,0000-00-178 194:56:42,SERVER_ACK,48,0
*** Trama sin '*CRC' reconocible. ***

=== Registro 1874 (1875/4081) ===

<-- Respuesta cruda: $CFG,ACK,LOGREAD,1874,2026-07-24 10:57:36,HEARTBEAT_RECEIVED,0,0
*** Trama sin '*CRC' reconocible. ***

=== Registro 1875 (1876/4081) ===

<-- Respuesta cruda: $CFG,ACK,LOGREAD,1875,2026-07-24 10:57:42,SEND_OK,0,0
*** Trama sin '*CRC' reconocible. ***

=== Registro 1876 (1877/4081) ===

<-- Respuesta cruda: $CFG,ACK,LOGREAD,1876,2026-07-24 10:57:42,SERVER_ACK,48,0
*** Trama sin '*CRC' reconocible. ***

=== Registro 1877 (1878/4081) ===

<-- Respuesta cruda: $CFG,ACK,LOGREAD,1877,2026-07-24 10:58:39,HEARTBEAT_RECEIVED,0,0
*** Trama sin '*CRC' reconocible. ***

=== Registro 1878 (1879/4081) ===

<-- Respuesta cruda: $CFG,ACK,LOGREAD,1878,2026-07-24 10:58:42,SEND_OK,0,0
*** Trama sin '*CRC' reconocible. ***

=== Registro 1879 (1880/4081) ===

<-- Respuesta cruda: $CFG,BAD_CRC,LOGREAD,1879,0234-00-136 114:39:55,HEARTBEAT_RECEIVED,0,0
*** Trama sin '*CRC' reconocible. ***

=== Registro 1880 (1881/4081) ===

<-- Respuesta cruda: $CFG,ACK,LOGREAD,1880,2026-07-24 10:59:42,SEND_OK,0,0
*** Trama sin '*CRC' reconocible. ***

=== Registro 1881 (1882/4081) ===

<-- Respuesta cruda: $CFG,ACK,LOGREAD,1881,2026-07-24 10:59:43,HEARTBEAT_RECEIVED,0,0
*** Trama sin '*CRC' reconocible. ***

=== Registro 1882 (1883/4081) ===

<-- Respuesta cruda: $CFG,ACK,LOGREAD,1882,2026-07-24 10:59:43,SERVER_ACK,48,0
*** Trama sin '*CRC' reconocible. ***

=== Registro 1883 (1884/4081) ===

<-- Respuesta cruda: $CFG,ACK,LOGREAD,1883,2026-07-24 11:00:42,SEND_OK,0,0
*** Trama sin '*CRC' reconocible. ***

=== Registro 1884 (1885/4081) ===

<-- Respuesta cruda: $CFG,ACK,LOGREAD,1884,2026-07-24 11:00:43,SERVER_ACK,48,0
*** Trama sin '*CRC' reconocible. ***

=== Registro 1885 (1886/4081) ===

<-- Respuesta cruda: $CFG,BAD_CRC,LOGREAD,1885,2026-07-24 11:00:45,HEARTBEAT_RECEIVED,0,0
*** Trama sin '*CRC' reconocible. ***

=== Registro 1886 (1887/4081) ===

<-- Respuesta cruda: $CFG,BAD_CRC,LOGREAD,1886,0000-00-232 135:01:43,SEND_OK,0,0
*** Trama sin '*CRC' reconocible. ***

=== Registro 1887 (1888/4081) ===

<-- Respuesta cruda: $CFG,ACK,LOGREAD,1887,2026-07-24 11:01:43,SERVER_ACK,48,0
*** Trama sin '*CRC' reconocible. ***

=== Registro 1888 (1889/4081) ===

<-- Respuesta cruda: $CFG,ACK,LOGREAD,1888,2026-07-24 11:01:49,HEARTBEAT_RECEIVED,0,0
*** Trama sin '*CRC' reconocible. ***

=== Registro 1889 (1890/4081) ===

<-- Respuesta cruda: $CFG,ACK,LOGREAD,1889,2026-07-24 11:02:43,SEND_OK,0,0
*** Trama sin '*CRC' reconocible. ***

=== Registro 1890 (1891/4081) ===

<-- Respuesta cruda: $CFG,ACK,LOGREAD,1890,2026-07-24 11:02:43,SERVER_ACK,48,0
*** Trama sin '*CRC' reconocible. ***

=== Registro 1891 (1892/4081) ===

<-- Respuesta cruda: $CFG,ACK,LOGREAD,1891,2026-07-24 11:02:52,HEARTBEAT_RECEIVED,0,0
*** Trama sin '*CRC' reconocible. ***

=== Registro 1892 (1893/4081) ===

<-- Respuesta cruda: $CFG,BAD_CRC,LOGREAD,1892,2026-07-24 11:03:43,SEND_OK,1177355520,12288
*** Trama sin '*CRC' reconocible. ***

=== Registro 1893 (1894/4081) ===

<-- Respuesta cruda: $CFG,BAD_CRC,LOGREAD,1893,0000-00-127 228:03:44,SERVER_ACK,48,0
*** Trama sin '*CRC' reconocible. ***

=== Registro 1894 (1895/4081) ===

<-- Respuesta cruda: $CFG,ACK,LOGREAD,1894,2026-07-24 11:03:55,HEARTBEAT_RECEIVED,0,0
*** Trama sin '*CRC' reconocible. ***

=== Registro 1895 (1896/4081) ===

<-- Respuesta cruda: $CFG,ACK,LOGREAD,1895,2026-07-24 11:04:43,SEND_OK,0,0
*** Trama sin '*CRC' reconocible. ***

=== Registro 1896 (1897/4081) ===

<-- Respuesta cruda: $CFG,ACK,LOGREAD,1896,2026-07-24 11:04:44,SERVER_ACK,48,0
*** Trama sin '*CRC' reconocible. ***

=== Registro 1897 (1898/4081) ===

<-- Respuesta cruda: $CFG,ACK,LOGREAD,1897,2026-07-24 11:04:58,HEARTBEAT_RECEIVED,0,0
*** Trama sin '*CRC' reconocible. ***

=== Registro 1898 (1899/4081) ===

<-- Respuesta cruda: $CFG,ACK,LOGREAD,1898,2026-07-24 11:05:43,SEND_OK,0,0
*** Trama sin '*CRC' reconocible. ***

=== Registro 1899 (1900/4081) ===

<-- Respuesta cruda: $CFG,BAD_CRC,LOGREAD,1899,2026-07-24 11:46:32,SEND_OK,0,0
*** Trama sin '*CRC' reconocible. ***

=== Registro 1900 (1901/4081) ===

<-- Respuesta cruda: $CFG,ACK,LOGREAD,1900,2026-07-24 11:06:01,HEARTBEAT_RECEIVED,0,0
*** Trama sin '*CRC' reconocible. ***

=== Registro 1901 (1902/4081) ===

<-- Respuesta cruda: $CFG,ACK,LOGREAD,1901,2026-07-24 11:06:44,SEND_OK,0,0
*** Trama sin '*CRC' reconocible. ***

=== Registro 1902 (1903/4081) ===

<-- Respuesta cruda: $CFG,ACK,LOGREAD,1902,2026-07-24 11:06:45,SERVER_ACK,48,0
*** Trama sin '*CRC' reconocible. ***

=== Registro 1903 (1904/4081) ===

<-- Respuesta cruda: $CFG,ACK,LOGREAD,1903,2026-07-24 11:07:04,HEARTBEAT_RECEIVED,0,0
*** Trama sin '*CRC' reconocible. ***

=== Registro 1904 (1905/4081) ===

<-- Respuesta cruda: $CFG,ACK,LOGREAD,1904,2026-07-24 11:07:44,SEND_OK,0,0
*** Trama sin '*CRC' reconocible. ***

=== Registro 1905 (1906/4081) ===

<-- Respuesta cruda: $CFG,ACK,LOGREAD,1905,2026-07-24 11:08:07,HEARTBEAT_RECEIVED,0,0
*** Trama sin '*CRC' reconocible. ***

=== Registro 1906 (1907/4081) ===

<-- Respuesta cruda: $CFG,BAD_CRC,LOGREAD,1906,0000-00-120 184:08:44,SEND_OK,0,0
*** Trama sin '*CRC' reconocible. ***

=== Registro 1907 (1908/4081) ===

<-- Respuesta cruda: $CFG,ACK,LOGREAD,1907,2026-07-24 11:09:10,HEARTBEAT_RECEIVED,0,0
*** Trama sin '*CRC' reconocible. ***

=== Registro 1908 (1909/4081) ===

<-- Respuesta cruda: $CFG,ACK,LOGREAD,1908,2026-07-24 11:09:44,SEND_OK,0,0
*** Trama sin '*CRC' reconocible. ***

=== Registro 1909 (1910/4081) ===

<-- Respuesta cruda: $CFG,ACK,LOGREAD,1909,2026-07-24 11:09:46,SERVER_ACK,48,0
*** Trama sin '*CRC' reconocible. ***

=== Registro 1910 (1911/4081) ===

<-- Respuesta cruda: $CFG,ACK,LOGREAD,1910,2026-07-24 11:10:13,HEARTBEAT_RECEIVED,0,0
*** Trama sin '*CRC' reconocible. ***

=== Registro 1911 (1912/4081) ===

<-- Respuesta cruda: $CFG,ACK,LOGREAD,1911,2026-07-24 11:10:45,SEND_OK,0,0
*** Trama sin '*CRC' reconocible. ***

=== Registro 1912 (1913/4081) ===

<-- Respuesta cruda: $CFG,BAD_CRC,LOGREAD,1912,2026-07-24 11:11:16,HEARTBEAT_RECEIVED,0,0
*** Trama sin '*CRC' reconocible. ***

=== Registro 1913 (1914/4081) ===

<-- Respuesta cruda: $CFG,BAD_CRC,LOGREAD,1913,0000-00-195 190:11:45,SEND_OK,0,0
*** Trama sin '*CRC' reconocible. ***

=== Registro 1914 (1915/4081) ===

<-- Respuesta cruda: $CFG,ACK,LOGREAD,1914,2026-07-24 11:11:46,SERVER_ACK,48,0
*** Trama sin '*CRC' reconocible. ***

=== Registro 1915 (1916/4081) ===

<-- Respuesta cruda: $CFG,ACK,LOGREAD,1915,2026-07-24 11:12:18,HEARTBEAT_RECEIVED,0,0
*** Trama sin '*CRC' reconocible. ***

=== Registro 1916 (1917/4081) ===

<-- Respuesta cruda: $CFG,ACK,LOGREAD,1916,2026-07-24 11:12:44,SEND_OK,0,0
*** Trama sin '*CRC' reconocible. ***

=== Registro 1917 (1918/4081) ===

<-- Respuesta cruda: $CFG,ACK,LOGREAD,1917,2026-07-24 11:12:45,SERVER_ACK,48,0
*** Trama sin '*CRC' reconocible. ***

=== Registro 1918 (1919/4081) ===

<-- Respuesta cruda: $CFG,ACK,LOGREAD,1918,2026-07-24 11:13:21,HEARTBEAT_RECEIVED,0,0
*** Trama sin '*CRC' reconocible. ***

=== Registro 1919 (1920/4081) ===

<-- Respuesta cruda: $CFG,BAD_CRC,LOGREAD,1919,2026-07-24 11:13:44,SEND_OK,908594699,0
*** Trama sin '*CRC' reconocible. ***

=== Registro 1920 (1921/4081) ===

<-- Respuesta cruda: $CFG,BAD_CRC,LOGREAD,1920,0000-00-27 234:13:45,SERVER_ACK,48,0
*** Trama sin '*CRC' reconocible. ***

=== Registro 1921 (1922/4081) ===

<-- Respuesta cruda: $CFG,ACK,LOGREAD,1921,2026-07-24 11:14:24,HEARTBEAT_RECEIVED,0,0
*** Trama sin '*CRC' reconocible. ***

=== Registro 1922 (1923/4081) ===

<-- Respuesta cruda: $CFG,ACK,LOGREAD,1922,2026-07-24 11:14:30,CID_RECEIVED,0,0
*** Trama sin '*CRC' reconocible. ***

=== Registro 1923 (1924/4081) ===

<-- Respuesta cruda: $CFG,ACK,LOGREAD,1923,2026-07-24 11:14:30,SEND_OK,0,0
*** Trama sin '*CRC' reconocible. ***

=== Registro 1924 (1925/4081) ===

<-- Respuesta cruda: $CFG,ACK,LOGREAD,1924,2026-07-24 11:14:33,CID_RECEIVED,0,0
*** Trama sin '*CRC' reconocible. ***

=== Registro 1925 (1926/4081) ===

<-- Respuesta cruda: $CFG,ACK,LOGREAD,1925,2026-07-24 11:14:40,SERVER_TIMEOUT,0,0
*** Trama sin '*CRC' reconocible. ***

=== Registro 1926 (1927/4081) ===

<-- Respuesta cruda: $CFG,BAD_CRC,LOGREAD,1926,2026-07-24 213:55:34,SEND_OK,0,0
*** Trama sin '*CRC' reconocible. ***

=== Registro 1927 (1928/4081) ===

<-- Respuesta cruda: $CFG,ACK,LOGREAD,1927,2026-07-24 11:14:50,SERVER_TIMEOUT,0,0
*** Trama sin '*CRC' reconocible. ***

=== Registro 1928 (1929/4081) ===

<-- Respuesta cruda: $CFG,ACK,LOGREAD,1928,2026-07-24 11:14:51,SEND_OK,0,0
*** Trama sin '*CRC' reconocible. ***

=== Registro 1929 (1930/4081) ===

<-- Respuesta cruda: $CFG,ACK,LOGREAD,1929,2026-07-24 11:14:52,SERVER_ACK,48,0
*** Trama sin '*CRC' reconocible. ***

=== Registro 1930 (1931/4081) ===

<-- Respuesta cruda: $CFG,ACK,LOGREAD,1930,2026-07-24 11:14:52,SERVER_ACK,0,0
*** Trama sin '*CRC' reconocible. ***

=== Registro 1931 (1932/4081) ===

<-- Respuesta cruda: $CFG,ACK,LOGREAD,1931,2026-07-24 11:14:52,SEND_OK,0,0
*** Trama sin '*CRC' reconocible. ***

=== Registro 1932 (1933/4081) ===

<-- Respuesta cruda: $CFG,BAD_CRC,LOGREAD,1932,2026-07-24 11:14:52,SERVER_ACK,48,0
*** Trama sin '*CRC' reconocible. ***

=== Registro 1933 (1934/4081) ===

<-- Respuesta cruda: $CFG,BAD_CRC,LOGREAD,1933,0000-00-89 183:14:53,SERVER_ACK,0,0
*** Trama sin '*CRC' reconocible. ***

=== Registro 1934 (1935/4081) ===

<-- Respuesta cruda: $CFG,ACK,LOGREAD,1934,2026-07-24 11:15:37,HEARTBEAT_RECEIVED,0,0
*** Trama sin '*CRC' reconocible. ***

=== Registro 1935 (1936/4081) ===

<-- Respuesta cruda: $CFG,ACK,LOGREAD,1935,2026-07-24 11:15:53,SEND_OK,0,0
*** Trama sin '*CRC' reconocible. ***

=== Registro 1936 (1937/4081) ===

<-- Respuesta cruda: $CFG,ACK,LOGREAD,1936,2026-07-24 11:16:40,HEARTBEAT_RECEIVED,0,0
*** Trama sin '*CRC' reconocible. ***

=== Registro 1937 (1938/4081) ===

<-- Respuesta cruda: $CFG,ACK,LOGREAD,1937,2026-07-24 11:16:53,SEND_OK,0,0
*** Trama sin '*CRC' reconocible. ***

=== Registro 1938 (1939/4081) ===

<-- Respuesta cruda: $CFG,ACK,LOGREAD,1938,2026-07-24 11:16:54,SERVER_ACK,48,0
*** Trama sin '*CRC' reconocible. ***

=== Registro 1939 (1940/4081) ===

<-- Respuesta cruda: $CFG,BAD_CRC,LOGREAD,1939,2026-07-24 11:17:43,HEARTBEAT_RECEIVED,0,0
*** Trama sin '*CRC' reconocible. ***

=== Registro 1940 (1941/4081) ===

<-- Respuesta cruda: $CFG,BAD_CRC,LOGREAD,1940,0000-00-246 103:17:53,SEND_OK,0,0
*** Trama sin '*CRC' reconocible. ***

=== Registro 1941 (1942/4081) ===

<-- Respuesta cruda: $CFG,ACK,LOGREAD,1941,2026-07-24 11:18:46,HEARTBEAT_RECEIVED,0,0
*** Trama sin '*CRC' reconocible. ***

=== Registro 1942 (1943/4081) ===

<-- Respuesta cruda: $CFG,ACK,LOGREAD,1942,2026-07-24 11:18:53,SEND_OK,0,0
*** Trama sin '*CRC' reconocible. ***

=== Registro 1943 (1944/4081) ===

<-- Respuesta cruda: $CFG,ACK,LOGREAD,1943,2026-07-24 11:19:49,HEARTBEAT_RECEIVED,0,0
*** Trama sin '*CRC' reconocible. ***

=== Registro 1944 (1945/4081) ===

<-- Respuesta cruda: $CFG,ACK,LOGREAD,1944,2026-07-24 11:19:54,SEND_OK,0,0
*** Trama sin '*CRC' reconocible. ***

=== Registro 1945 (1946/4081) ===

<-- Respuesta cruda: $CFG,ACK,LOGREAD,1945,2026-07-24 11:19:55,SERVER_ACK,48,0
*** Trama sin '*CRC' reconocible. ***

=== Registro 1946 (1947/4081) ===

<-- Respuesta cruda: $CFG,BAD_CRC,LOGREAD,1946,2026-07-24 11:20:52,HEARTBEAT_RECEIVED,909514507,0
*** Trama sin '*CRC' reconocible. ***

=== Registro 1947 (1948/4081) ===

<-- Respuesta cruda: $CFG,BAD_CRC,LOGREAD,1947,0000-00-209 195:20:54,SEND_OK,0,0
*** Trama sin '*CRC' reconocible. ***

=== Registro 1948 (1949/4081) ===

<-- Respuesta cruda: $CFG,ACK,LOGREAD,1948,2026-07-24 11:20:54,SERVER_ACK,48,0
*** Trama sin '*CRC' reconocible. ***

=== Registro 1949 (1950/4081) ===

<-- Respuesta cruda: $CFG,ACK,LOGREAD,1949,2026-07-24 11:21:54,SEND_OK,0,0
*** Trama sin '*CRC' reconocible. ***

=== Registro 1950 (1951/4081) ===

<-- Respuesta cruda: $CFG,ACK,LOGREAD,1950,2026-07-24 11:21:55,HEARTBEAT_RECEIVED,0,0
*** Trama sin '*CRC' reconocible. ***

=== Registro 1951 (1952/4081) ===

<-- Respuesta cruda: $CFG,ACK,LOGREAD,1951,2026-07-24 11:22:54,SEND_OK,0,0
*** Trama sin '*CRC' reconocible. ***

=== Registro 1952 (1953/4081) ===

<-- Respuesta cruda: $CFG,ACK,LOGREAD,1952,2026-07-24 11:22:58,HEARTBEAT_RECEIVED,0,0
*** Trama sin '*CRC' reconocible. ***

=== Registro 1953 (1954/4081) ===

<-- Respuesta cruda: $CFG,BAD_CRC,LOGREAD,1953,2026-07-14 11:04:01,SEND_OK,0,0
*** Trama sin '*CRC' reconocible. ***

=== Registro 1954 (1955/4081) ===

<-- Respuesta cruda: $CFG,ACK,LOGREAD,1954,2026-07-24 11:23:56,SERVER_ACK,48,0
*** Trama sin '*CRC' reconocible. ***

=== Registro 1955 (1956/4081) ===

<-- Respuesta cruda: $CFG,ACK,LOGREAD,1955,2026-07-24 11:24:01,HEARTBEAT_RECEIVED,0,0
*** Trama sin '*CRC' reconocible. ***

=== Registro 1956 (1957/4081) ===

<-- Respuesta cruda: $CFG,ACK,LOGREAD,1956,2026-07-24 11:24:55,SEND_OK,0,0
*** Trama sin '*CRC' reconocible. ***

=== Registro 1957 (1958/4081) ===

<-- Respuesta cruda: $CFG,ACK,LOGREAD,1957,2026-07-24 11:24:56,SERVER_ACK,48,0
*** Trama sin '*CRC' reconocible. ***

=== Registro 1958 (1959/4081) ===

<-- Respuesta cruda: $CFG,ACK,LOGREAD,1958,2026-07-24 11:25:04,HEARTBEAT_RECEIVED,0,0
*** Trama sin '*CRC' reconocible. ***

=== Registro 1959 (1960/4081) ===

<-- Respuesta cruda: $CFG,BAD_CRC,LOGREAD,1959,2026-07-24 11:25:55,SEND_OK,0,0
*** Trama sin '*CRC' reconocible. ***

=== Registro 1960 (1961/4081) ===

<-- Respuesta cruda: $CFG,BAD_CRC,LOGREAD,1960,0000-00-156 142:26:07,HEARTBEAT_RECEIVED,0,0
*** Trama sin '*CRC' reconocible. ***

=== Registro 1961 (1962/4081) ===

<-- Respuesta cruda: $CFG,ACK,LOGREAD,1961,2026-07-24 11:26:55,SEND_OK,0,0
*** Trama sin '*CRC' reconocible. ***

=== Registro 1962 (1963/4081) ===

<-- Respuesta cruda: $CFG,ACK,LOGREAD,1962,2026-07-24 11:27:10,HEARTBEAT_RECEIVED,0,0
*** Trama sin '*CRC' reconocible. ***

=== Registro 1963 (1964/4081) ===

<-- Respuesta cruda: $CFG,ACK,LOGREAD,1963,2026-07-24 11:27:55,SEND_OK,0,0
*** Trama sin '*CRC' reconocible. ***

=== Registro 1964 (1965/4081) ===

<-- Respuesta cruda: $CFG,ACK,LOGREAD,1964,2026-07-24 11:27:57,SERVER_ACK,48,0
*** Trama sin '*CRC' reconocible. ***

=== Registro 1965 (1966/4081) ===

<-- Respuesta cruda: $CFG,ACK,LOGREAD,1965,2026-07-24 11:28:13,HEARTBEAT_RECEIVED,0,0
*** Trama sin '*CRC' reconocible. ***

=== Registro 1966 (1967/4081) ===

<-- Respuesta cruda: $CFG,BAD_CRC,LOGREAD,1966,2026-07-24 11:28:56,SEND_OK,1174405120,12288
*** Trama sin '*CRC' reconocible. ***

=== Registro 1967 (1968/4081) ===

<-- Respuesta cruda: $CFG,BAD_CRC,LOGREAD,1967,0000-00-98 201:28:57,SERVER_ACK,48,0
*** Trama sin '*CRC' reconocible. ***

=== Registro 1968 (1969/4081) ===

<-- Respuesta cruda: $CFG,ACK,LOGREAD,1968,2026-07-24 11:29:16,HEARTBEAT_RECEIVED,0,0
*** Trama sin '*CRC' reconocible. ***

=== Registro 1969 (1970/4081) ===

<-- Respuesta cruda: $CFG,ACK,LOGREAD,1969,2026-07-24 11:29:56,SEND_OK,0,0
*** Trama sin '*CRC' reconocible. ***

=== Registro 1970 (1971/4081) ===

<-- Respuesta cruda: $CFG,ACK,LOGREAD,1970,2026-07-24 11:29:57,SERVER_ACK,48,0
*** Trama sin '*CRC' reconocible. ***

=== Registro 1971 (1972/4081) ===

<-- Respuesta cruda: $CFG,ACK,LOGREAD,1971,2026-07-24 11:30:19,HEARTBEAT_RECEIVED,0,0
*** Trama sin '*CRC' reconocible. ***

=== Registro 1972 (1973/4081) ===

<-- Respuesta cruda: $CFG,ACK,LOGREAD,1972,2026-07-24 11:30:56,SEND_OK,0,0
*** Trama sin '*CRC' reconocible. ***

=== Registro 1973 (1974/4081) ===

<-- Respuesta cruda: $CFG,BAD_CRC,LOGREAD,1973,2026-07-24 11:30:57,SIM_PIN_REQUIRED,1142694155,0
*** Trama sin '*CRC' reconocible. ***

=== Registro 1974 (1975/4081) ===

<-- Respuesta cruda: $CFG,BAD_CRC,LOGREAD,1974,0000-00-83 56:31:22,HEARTBEAT_RECEIVED,0,0
*** Trama sin '*CRC' reconocible. ***

=== Registro 1975 (1976/4081) ===

<-- Respuesta cruda: $CFG,ACK,LOGREAD,1975,2026-07-24 11:31:56,SEND_OK,0,0
*** Trama sin '*CRC' reconocible. ***

=== Registro 1976 (1977/4081) ===

<-- Respuesta cruda: $CFG,ACK,LOGREAD,1976,2026-07-24 11:31:57,SERVER_ACK,48,0
*** Trama sin '*CRC' reconocible. ***

=== Registro 1977 (1978/4081) ===

<-- Respuesta cruda: $CFG,ACK,LOGREAD,1977,2026-07-24 11:32:25,HEARTBEAT_RECEIVED,0,0
*** Trama sin '*CRC' reconocible. ***

=== Registro 1978 (1979/4081) ===

<-- Respuesta cruda: $CFG,ACK,LOGREAD,1978,2026-07-24 11:32:56,SEND_OK,0,0
*** Trama sin '*CRC' reconocible. ***

=== Registro 1979 (1980/4081) ===

<-- Respuesta cruda: $CFG,ACK,LOGREAD,1979,2026-07-24 11:32:57,SERVER_ACK,48,0
*** Trama sin '*CRC' reconocible. ***

=== Registro 1980 (1981/4081) ===

<-- Respuesta cruda: $CFG,BAD_CRC,LOGREAD,1980,2026-00-132 146:13:03,SEND_OK,0,0
*** Trama sin '*CRC' reconocible. ***

=== Registro 1981 (1982/4081) ===

<-- Respuesta cruda: $CFG,ACK,LOGREAD,1981,2026-07-24 11:33:57,SEND_OK,0,0
*** Trama sin '*CRC' reconocible. ***

=== Registro 1982 (1983/4081) ===

<-- Respuesta cruda: $CFG,ACK,LOGREAD,1982,2026-07-24 11:33:57,SERVER_ACK,48,0
*** Trama sin '*CRC' reconocible. ***

=== Registro 1983 (1984/4081) ===

<-- Respuesta cruda: $CFG,ACK,LOGREAD,1983,2026-07-24 11:34:31,HEARTBEAT_RECEIVED,0,0
*** Trama sin '*CRC' reconocible. ***

=== Registro 1984 (1985/4081) ===

<-- Respuesta cruda: $CFG,ACK,LOGREAD,1984,2026-07-24 11:34:57,SEND_OK,0,0
*** Trama sin '*CRC' reconocible. ***

=== Registro 1985 (1986/4081) ===

<-- Respuesta cruda: $CFG,ACK,LOGREAD,1985,2026-07-24 11:34:57,SERVER_ACK,48,0
*** Trama sin '*CRC' reconocible. ***

=== Registro 1986 (1987/4081) ===

<-- Respuesta cruda: $CFG,BAD_CRC,LOGREAD,1986,2026-07-24 11:35:34,HEARTBEAT_RECEIVED,0,0
*** Trama sin '*CRC' reconocible. ***

=== Registro 1987 (1988/4081) ===

<-- Respuesta cruda: $CFG,BAD_CRC,LOGREAD,1987,0000-00-248 23:35:57,SEND_OK,0,0
*** Trama sin '*CRC' reconocible. ***

=== Registro 1988 (1989/4081) ===

<-- Respuesta cruda: $CFG,ACK,LOGREAD,1988,2026-07-24 11:35:57,SERVER_ACK,48,0
*** Trama sin '*CRC' reconocible. ***

=== Registro 1989 (1990/4081) ===

<-- Respuesta cruda: $CFG,ACK,LOGREAD,1989,2026-07-24 11:36:37,HEARTBEAT_RECEIVED,0,0
*** Trama sin '*CRC' reconocible. ***

=== Registro 1990 (1991/4081) ===

<-- Respuesta cruda: $CFG,ACK,LOGREAD,1990,2026-07-24 11:36:57,SEND_OK,0,0
*** Trama sin '*CRC' reconocible. ***

=== Registro 1991 (1992/4081) ===

<-- Respuesta cruda: $CFG,ACK,LOGREAD,1991,2026-07-24 11:36:58,SERVER_ACK,48,0
*** Trama sin '*CRC' reconocible. ***

=== Registro 1992 (1993/4081) ===

<-- Respuesta cruda: $CFG,ACK,LOGREAD,1992,2026-07-24 11:37:40,HEARTBEAT_RECEIVED,0,0
*** Trama sin '*CRC' reconocible. ***

=== Registro 1993 (1994/4081) ===

<-- Respuesta cruda: $CFG,BAD_CRC,LOGREAD,1993,2026-07-24 11:37:57,SEND_OK,1174405120,12288
*** Trama sin '*CRC' reconocible. ***

=== Registro 1994 (1995/4081) ===

<-- Respuesta cruda: $CFG,BAD_CRC,LOGREAD,1994,0000-00-44 30:37:59,SERVER_ACK,48,0
*** Trama sin '*CRC' reconocible. ***

=== Registro 1995 (1996/4081) ===

<-- Respuesta cruda: $CFG,ACK,LOGREAD,1995,2026-07-24 11:38:43,HEARTBEAT_RECEIVED,0,0
*** Trama sin '*CRC' reconocible. ***

=== Registro 1996 (1997/4081) ===

<-- Respuesta cruda: $CFG,ACK,LOGREAD,1996,2026-07-24 11:38:58,SEND_OK,0,0
*** Trama sin '*CRC' reconocible. ***

=== Registro 1997 (1998/4081) ===

<-- Respuesta cruda: $CFG,ACK,LOGREAD,1997,2026-07-24 11:38:59,SERVER_ACK,48,0
*** Trama sin '*CRC' reconocible. ***

=== Registro 1998 (1999/4081) ===

<-- Respuesta cruda: $CFG,ACK,LOGREAD,1998,2026-07-24 11:39:46,HEARTBEAT_RECEIVED,0,0
*** Trama sin '*CRC' reconocible. ***

=== Registro 1999 (2000/4081) ===

<-- Respuesta cruda: $CFG,ACK,LOGREAD,1999,2026-07-24 11:39:58,SEND_OK,0,0
*** Trama sin '*CRC' reconocible. ***

=== Registro 2000 (2001/4081) ===

<-- Respuesta cruda: $CFG,BAD_CRC,LOGREAD,2000,2026-07-24 11:40:07,SIM_PIN_REQUIRED,909847051,0
*** Trama sin '*CRC' reconocible. ***

=== Registro 2001 (2002/4081) ===

<-- Respuesta cruda: $CFG,BAD_CRC,LOGREAD,2001,0000-00-168 164:40:49,HEARTBEAT_RECEIVED,0,0
*** Trama sin '*CRC' reconocible. ***

=== Registro 2002 (2003/4081) ===

<-- Respuesta cruda: $CFG,ACK,LOGREAD,2002,2026-07-24 11:40:58,SEND_OK,0,0
*** Trama sin '*CRC' reconocible. ***

=== Registro 2003 (2004/4081) ===

<-- Respuesta cruda: $CFG,ACK,LOGREAD,2003,2026-07-24 11:40:59,SERVER_ACK,48,0
*** Trama sin '*CRC' reconocible. ***

=== Registro 2004 (2005/4081) ===

<-- Respuesta cruda: $CFG,ACK,LOGREAD,2004,2026-07-24 11:41:52,HEARTBEAT_RECEIVED,0,0
*** Trama sin '*CRC' reconocible. ***

=== Registro 2005 (2006/4081) ===

<-- Respuesta cruda: $CFG,ACK,LOGREAD,2005,2026-07-24 11:41:58,SEND_OK,0,0
*** Trama sin '*CRC' reconocible. ***

=== Registro 2006 (2007/4081) ===

<-- Respuesta cruda: $CFG,ACK,LOGREAD,2006,2026-07-24 11:42:55,HEARTBEAT_RECEIVED,0,0
*** Trama sin '*CRC' reconocible. ***

=== Registro 2007 (2008/4081) ===

<-- Respuesta cruda: $CFG,BAD_CRC,LOGREAD,2007,0234-00-146 80:17:03,SERVER_ACK,48,0
*** Trama sin '*CRC' reconocible. ***

=== Registro 2008 (2009/4081) ===

<-- Respuesta cruda: $CFG,ACK,LOGREAD,2008,2026-07-24 11:43:58,HEARTBEAT_RECEIVED,0,0
*** Trama sin '*CRC' reconocible. ***

=== Registro 2009 (2010/4081) ===

<-- Respuesta cruda: $CFG,ACK,LOGREAD,2009,2026-07-24 11:43:59,SEND_OK,0,0
*** Trama sin '*CRC' reconocible. ***

=== Registro 2010 (2011/4081) ===

<-- Respuesta cruda: $CFG,ACK,LOGREAD,2010,2026-07-24 11:44:00,SERVER_ACK,48,0
*** Trama sin '*CRC' reconocible. ***

=== Registro 2011 (2012/4081) ===

<-- Respuesta cruda: $CFG,ACK,LOGREAD,2011,2026-07-24 11:44:59,SEND_OK,0,0
*** Trama sin '*CRC' reconocible. ***

=== Registro 2012 (2013/4081) ===

<-- Respuesta cruda: $CFG,ACK,LOGREAD,2012,2026-07-24 11:45:00,SERVER_ACK,48,0
*** Trama sin '*CRC' reconocible. ***

=== Registro 2013 (2014/4081) ===

<-- Respuesta cruda: $CFG,BAD_CRC,LOGREAD,2013,2026-07-24 11:45:01,HEARTBEAT_RECEIVED,0,0
*** Trama sin '*CRC' reconocible. ***

=== Registro 2014 (2015/4081) ===

<-- Respuesta cruda: $CFG,BAD_CRC,LOGREAD,2014,0000-00-157 234:45:59,SEND_OK,0,0
*** Trama sin '*CRC' reconocible. ***

=== Registro 2015 (2016/4081) ===

<-- Respuesta cruda: $CFG,ACK,LOGREAD,2015,2026-07-24 11:46:04,HEARTBEAT_RECEIVED,0,0
*** Trama sin '*CRC' reconocible. ***

=== Registro 2016 (2017/4081) ===

<-- Respuesta cruda: $CFG,ACK,LOGREAD,2016,2026-07-24 11:46:59,SEND_OK,0,0
*** Trama sin '*CRC' reconocible. ***

=== Registro 2017 (2018/4081) ===

<-- Respuesta cruda: $CFG,ACK,LOGREAD,2017,2026-07-24 11:47:00,SERVER_ACK,48,0
*** Trama sin '*CRC' reconocible. ***

=== Registro 2018 (2019/4081) ===

<-- Respuesta cruda: $CFG,ACK,LOGREAD,2018,2026-07-24 11:47:07,HEARTBEAT_RECEIVED,0,0
*** Trama sin '*CRC' reconocible. ***

=== Registro 2019 (2020/4081) ===

<-- Respuesta cruda: $CFG,ACK,LOGREAD,2019,2026-07-24 11:48:00,SEND_OK,0,0
*** Trama sin '*CRC' reconocible. ***

=== Registro 2020 (2021/4081) ===

<-- Respuesta cruda: $CFG,BAD_CRC,LOGREAD,2020,2026-07-24 11:48:01,SERVER_ACK,905982768,0
*** Trama sin '*CRC' reconocible. ***

=== Registro 2021 (2022/4081) ===

<-- Respuesta cruda: $CFG,BAD_CRC,LOGREAD,2021,0000-00-22 174:48:10,HEARTBEAT_RECEIVED,0,0
*** Trama sin '*CRC' reconocible. ***

=== Registro 2022 (2023/4081) ===

<-- Respuesta cruda: $CFG,ACK,LOGREAD,2022,2026-07-24 11:49:00,SEND_OK,0,0
*** Trama sin '*CRC' reconocible. ***

=== Registro 2023 (2024/4081) ===

<-- Respuesta cruda: $CFG,ACK,LOGREAD,2023,2026-07-24 11:49:13,HEARTBEAT_RECEIVED,0,0
*** Trama sin '*CRC' reconocible. ***

=== Registro 2024 (2025/4081) ===

<-- Respuesta cruda: $CFG,ACK,LOGREAD,2024,2026-07-24 11:50:00,SEND_OK,0,0
*** Trama sin '*CRC' reconocible. ***

=== Registro 2025 (2026/4081) ===

<-- Respuesta cruda: $CFG,ACK,LOGREAD,2025,2026-07-24 11:50:01,SERVER_ACK,48,0
*** Trama sin '*CRC' reconocible. ***

=== Registro 2026 (2027/4081) ===

<-- Respuesta cruda: $CFG,ACK,LOGREAD,2026,2026-07-24 11:50:16,HEARTBEAT_RECEIVED,0,0
*** Trama sin '*CRC' reconocible. ***

=== Registro 2027 (2028/4081) ===

<-- Respuesta cruda: $CFG,BAD_CRC,LOGREAD,2027,2026-07-24 11:21:39,SERVER_ACK,48,0
*** Trama sin '*CRC' reconocible. ***

=== Registro 2028 (2029/4081) ===

<-- Respuesta cruda: $CFG,ACK,LOGREAD,2028,2026-07-24 11:51:09,SERVER_ACK,48,0
*** Trama sin '*CRC' reconocible. ***

=== Registro 2029 (2030/4081) ===

<-- Respuesta cruda: $CFG,ACK,LOGREAD,2029,2026-07-24 11:51:19,HEARTBEAT_RECEIVED,0,0
*** Trama sin '*CRC' reconocible. ***

=== Registro 2030 (2031/4081) ===

<-- Respuesta cruda: $CFG,ACK,LOGREAD,2030,2026-07-24 11:52:00,SEND_OK,0,0
*** Trama sin '*CRC' reconocible. ***

=== Registro 2031 (2032/4081) ===

<-- Respuesta cruda: $CFG,ACK,LOGREAD,2031,2026-07-24 11:52:22,HEARTBEAT_RECEIVED,0,0
*** Trama sin '*CRC' reconocible. ***

=== Registro 2032 (2033/4081) ===

<-- Respuesta cruda: $CFG,ACK,LOGREAD,2032,2026-07-24 11:53:01,SEND_OK,0,0
*** Trama sin '*CRC' reconocible. ***

=== Registro 2033 (2034/4081) ===

<-- Respuesta cruda: $CFG,ACK,LOGREAD,2033,2026-07-24 11:53:01,SERVER_ACK,48,0
*** Trama sin '*CRC' reconocible. ***

=== Registro 2034 (2035/4081) ===

<-- Respuesta cruda: $CFG,BAD_CRC,LOGREAD,2034,0000-00-199 124:53:25,HEARTBEAT_RECEIVED,0,0
*** Trama sin '*CRC' reconocible. ***

=== Registro 2035 (2036/4081) ===

<-- Respuesta cruda: $CFG,ACK,LOGREAD,2035,2026-07-24 11:54:01,SEND_OK,0,0
*** Trama sin '*CRC' reconocible. ***

=== Registro 2036 (2037/4081) ===

<-- Respuesta cruda: $CFG,ACK,LOGREAD,2036,2026-07-24 11:54:02,SERVER_ACK,48,0
*** Trama sin '*CRC' reconocible. ***

=== Registro 2037 (2038/4081) ===

<-- Respuesta cruda: $CFG,ACK,LOGREAD,2037,2026-07-24 11:54:28,HEARTBEAT_RECEIVED,0,0
*** Trama sin '*CRC' reconocible. ***

=== Registro 2038 (2039/4081) ===

<-- Respuesta cruda: $CFG,ACK,LOGREAD,2038,2026-07-24 11:55:01,SEND_OK,0,0
*** Trama sin '*CRC' reconocible. ***

=== Registro 2039 (2040/4081) ===

<-- Respuesta cruda: $CFG,ACK,LOGREAD,2039,2026-07-24 11:55:02,SERVER_ACK,48,0
*** Trama sin '*CRC' reconocible. ***

=== Registro 2040 (2041/4081) ===

<-- Respuesta cruda: $CFG,BAD_CRC,LOGREAD,2040,2026-07-24 11:55:31,HEARTBEAT_RECEIVED,0,0
*** Trama sin '*CRC' reconocible. ***

=== Registro 2041 (2042/4081) ===

<-- Respuesta cruda: $CFG,BAD_CRC,LOGREAD,2041,0000-00-52 191:56:01,SEND_OK,0,0
*** Trama sin '*CRC' reconocible. ***

=== Registro 2042 (2043/4081) ===

<-- Respuesta cruda: $CFG,ACK,LOGREAD,2042,2026-07-24 11:56:34,HEARTBEAT_RECEIVED,0,0
*** Trama sin '*CRC' reconocible. ***

=== Registro 2043 (2044/4081) ===

<-- Respuesta cruda: $CFG,ACK,LOGREAD,2043,2026-07-24 11:57:02,SEND_OK,0,0
*** Trama sin '*CRC' reconocible. ***

=== Registro 2044 (2045/4081) ===

<-- Respuesta cruda: $CFG,ACK,LOGREAD,2044,2026-07-24 11:57:37,HEARTBEAT_RECEIVED,0,0
*** Trama sin '*CRC' reconocible. ***

=== Registro 2045 (2046/4081) ===

<-- Respuesta cruda: $CFG,ACK,LOGREAD,2045,2026-07-24 11:58:02,SEND_OK,0,0
*** Trama sin '*CRC' reconocible. ***

=== Registro 2046 (2047/4081) ===

<-- Respuesta cruda: $CFG,ACK,LOGREAD,2046,2026-07-24 11:58:03,SERVER_ACK,48,0
*** Trama sin '*CRC' reconocible. ***

=== Registro 2047 (2048/4081) ===

<-- Respuesta cruda: $CFG,BAD_CRC,LOGREAD,2047,2026-07-24 11:58:40,HEARTBEAT_RECEIVED,906101004,0
*** Trama sin '*CRC' reconocible. ***

=== Registro 2048 (2049/4081) ===

<-- Respuesta cruda: $CFG,BAD_CRC,LOGREAD,2048,0000-00-183 155:59:02,SEND_OK,0,0
*** Trama sin '*CRC' reconocible. ***

=== Registro 2049 (2050/4081) ===

<-- Respuesta cruda: $CFG,ACK,LOGREAD,2049,2026-07-24 11:59:03,SERVER_ACK,48,0
*** Trama sin '*CRC' reconocible. ***

=== Registro 2050 (2051/4081) ===

<-- Respuesta cruda: $CFG,ACK,LOGREAD,2050,2026-07-24 11:59:43,HEARTBEAT_RECEIVED,0,0
*** Trama sin '*CRC' reconocible. ***

=== Registro 2051 (2052/4081) ===

<-- Respuesta cruda: $CFG,ACK,LOGREAD,2051,2026-07-24 12:00:02,SEND_OK,0,0
*** Trama sin '*CRC' reconocible. ***

=== Registro 2052 (2053/4081) ===

<-- Respuesta cruda: $CFG,ACK,LOGREAD,2052,2026-07-24 12:00:04,SERVER_ACK,48,0
*** Trama sin '*CRC' reconocible. ***

=== Registro 2053 (2054/4081) ===

<-- Respuesta cruda: $CFG,ACK,LOGREAD,2053,2026-07-24 12:00:46,HEARTBEAT_RECEIVED,0,0
*** Trama sin '*CRC' reconocible. ***

=== Registro 2054 (2055/4081) ===

<-- Respuesta cruda: $CFG,BAD_CRC,LOGREAD,2054,2026-07-24 69:30:41,SERVER_ACK,48,0
*** Trama sin '*CRC' reconocible. ***

=== Registro 2055 (2056/4081) ===

<-- Respuesta cruda: $CFG,ACK,LOGREAD,2055,2026-07-24 12:01:03,SERVER_ACK,48,0
*** Trama sin '*CRC' reconocible. ***

=== Registro 2056 (2057/4081) ===

<-- Respuesta cruda: $CFG,ACK,LOGREAD,2056,2026-07-24 12:01:49,HEARTBEAT_RECEIVED,0,0
*** Trama sin '*CRC' reconocible. ***

=== Registro 2057 (2058/4081) ===

<-- Respuesta cruda: $CFG,ACK,LOGREAD,2057,2026-07-24 12:02:03,SEND_OK,0,0
*** Trama sin '*CRC' reconocible. ***

=== Registro 2058 (2059/4081) ===

<-- Respuesta cruda: $CFG,ACK,LOGREAD,2058,2026-07-24 12:02:04,SERVER_ACK,48,0
*** Trama sin '*CRC' reconocible. ***

=== Registro 2059 (2060/4081) ===

<-- Respuesta cruda: $CFG,ACK,LOGREAD,2059,2026-07-24 12:02:52,HEARTBEAT_RECEIVED,0,0
*** Trama sin '*CRC' reconocible. ***

=== Registro 2060 (2061/4081) ===

<-- Respuesta cruda: $CFG,BAD_CRC,LOGREAD,2060,2026-07-24 12:03:03,SEND_OK,0,0
*** Trama sin '*CRC' reconocible. ***

=== Registro 2061 (2062/4081) ===

<-- Respuesta cruda: $CFG,BAD_CRC,LOGREAD,2061,0000-00-28 35:03:55,HEARTBEAT_RECEIVED,0,0
*** Trama sin '*CRC' reconocible. ***

=== Registro 2062 (2063/4081) ===

<-- Respuesta cruda: $CFG,ACK,LOGREAD,2062,2026-07-24 12:04:03,SEND_OK,0,0
*** Trama sin '*CRC' reconocible. ***

=== Registro 2063 (2064/4081) ===

<-- Respuesta cruda: $CFG,ACK,LOGREAD,2063,2026-07-24 12:04:58,HEARTBEAT_RECEIVED,0,0
*** Trama sin '*CRC' reconocible. ***

=== Registro 2064 (2065/4081) ===

<-- Respuesta cruda: $CFG,ACK,LOGREAD,2064,2026-07-24 12:05:03,SEND_OK,0,0
*** Trama sin '*CRC' reconocible. ***

=== Registro 2065 (2066/4081) ===

<-- Respuesta cruda: $CFG,ACK,LOGREAD,2065,2026-07-24 12:06:01,HEARTBEAT_RECEIVED,0,0
*** Trama sin '*CRC' reconocible. ***

=== Registro 2066 (2067/4081) ===

<-- Respuesta cruda: $CFG,ACK,LOGREAD,2066,2026-07-24 12:06:03,SEND_OK,0,0
*** Trama sin '*CRC' reconocible. ***

=== Registro 2067 (2068/4081) ===

<-- Respuesta cruda: $CFG,BAD_CRC,LOGREAD,2067,2026-07-24 12:06:05,SERVER_ACK,48,0
*** Trama sin '*CRC' reconocible. ***

=== Registro 2068 (2069/4081) ===

<-- Respuesta cruda: $CFG,BAD_CRC,LOGREAD,2068,0000-00-235 113:07:04,SEND_OK,0,0
*** Trama sin '*CRC' reconocible. ***

=== Registro 2069 (2070/4081) ===

<-- Respuesta cruda: $CFG,ACK,LOGREAD,2069,2026-07-24 12:07:04,SERVER_ACK,48,0
*** Trama sin '*CRC' reconocible. ***

=== Registro 2070 (2071/4081) ===

<-- Respuesta cruda: $CFG,ACK,LOGREAD,2070,2026-07-24 12:07:04,HEARTBEAT_RECEIVED,0,0
*** Trama sin '*CRC' reconocible. ***

=== Registro 2071 (2072/4081) ===

<-- Respuesta cruda: $CFG,ACK,LOGREAD,2071,2026-07-24 12:08:04,SEND_OK,0,0
*** Trama sin '*CRC' reconocible. ***

=== Registro 2072 (2073/4081) ===

<-- Respuesta cruda: $CFG,ACK,LOGREAD,2072,2026-07-24 12:08:04,SERVER_ACK,48,0
*** Trama sin '*CRC' reconocible. ***

=== Registro 2073 (2074/4081) ===

<-- Respuesta cruda: $CFG,ACK,LOGREAD,2073,2026-07-24 12:08:08,HEARTBEAT_RECEIVED,0,0
*** Trama sin '*CRC' reconocible. ***

=== Registro 2074 (2075/4081) ===

<-- Respuesta cruda: $CFG,BAD_CRC,LOGREAD,2074,2026-07-24 12:09:04,SEND_OK,1175456524,12288
*** Trama sin '*CRC' reconocible. ***

=== Registro 2075 (2076/4081) ===

<-- Respuesta cruda: $CFG,BAD_CRC,LOGREAD,2075,0000-00-38 234:09:04,SERVER_ACK,48,0
*** Trama sin '*CRC' reconocible. ***

=== Registro 2076 (2077/4081) ===

<-- Respuesta cruda: $CFG,ACK,LOGREAD,2076,2026-07-24 12:09:11,HEARTBEAT_RECEIVED,0,0
*** Trama sin '*CRC' reconocible. ***

=== Registro 2077 (2078/4081) ===

<-- Respuesta cruda: $CFG,ACK,LOGREAD,2077,2026-07-24 12:10:04,SEND_OK,0,0
*** Trama sin '*CRC' reconocible. ***

=== Registro 2078 (2079/4081) ===

<-- Respuesta cruda: $CFG,ACK,LOGREAD,2078,2026-07-24 12:10:05,SERVER_ACK,48,0
*** Trama sin '*CRC' reconocible. ***

=== Registro 2079 (2080/4081) ===

<-- Respuesta cruda: $CFG,ACK,LOGREAD,2079,2026-07-24 12:10:14,HEARTBEAT_RECEIVED,0,0
*** Trama sin '*CRC' reconocible. ***

=== Registro 2080 (2081/4081) ===

<-- Respuesta cruda: $CFG,ACK,LOGREAD,2080,2026-07-24 12:11:05,SEND_OK,0,0
*** Trama sin '*CRC' reconocible. ***

=== Registro 2081 (2082/4081) ===

<-- Respuesta cruda: $CFG,BAD_CRC,LOGREAD,2081,2026-07-43 61:39:43,SERVER_ACK,48,0
*** Trama sin '*CRC' reconocible. ***

=== Registro 2082 (2083/4081) ===

<-- Respuesta cruda: $CFG,ACK,LOGREAD,2082,2026-07-24 12:11:17,HEARTBEAT_RECEIVED,0,0
*** Trama sin '*CRC' reconocible. ***

=== Registro 2083 (2084/4081) ===

<-- Respuesta cruda: $CFG,ACK,LOGREAD,2083,2026-07-24 12:12:04,SEND_OK,0,0
*** Trama sin '*CRC' reconocible. ***

=== Registro 2084 (2085/4081) ===

<-- Respuesta cruda: $CFG,ACK,LOGREAD,2084,2026-07-24 12:12:04,SERVER_ACK,48,0
*** Trama sin '*CRC' reconocible. ***

=== Registro 2085 (2086/4081) ===

<-- Respuesta cruda: $CFG,ACK,LOGREAD,2085,2026-07-24 12:12:19,HEARTBEAT_RECEIVED,0,0
*** Trama sin '*CRC' reconocible. ***

=== Registro 2086 (2087/4081) ===

<-- Respuesta cruda: $CFG,ACK,LOGREAD,2086,2026-07-24 12:13:04,SEND_OK,0,0
*** Trama sin '*CRC' reconocible. ***

=== Registro 2087 (2088/4081) ===

<-- Respuesta cruda: $CFG,BAD_CRC,LOGREAD,2087,2026-07-24 12:13:05,SERVER_ACK,48,0
*** Trama sin '*CRC' reconocible. ***

=== Registro 2088 (2089/4081) ===

<-- Respuesta cruda: $CFG,BAD_CRC,LOGREAD,2088,0000-00-180 111:13:22,HEARTBEAT_RECEIVED,0,0
*** Trama sin '*CRC' reconocible. ***

=== Registro 2089 (2090/4081) ===

<-- Respuesta cruda: $CFG,ACK,LOGREAD,2089,2026-07-24 12:14:04,SEND_OK,0,0
*** Trama sin '*CRC' reconocible. ***

=== Registro 2090 (2091/4081) ===

<-- Respuesta cruda: $CFG,ACK,LOGREAD,2090,2026-07-24 12:14:06,SERVER_ACK,48,0
*** Trama sin '*CRC' reconocible. ***

=== Registro 2091 (2092/4081) ===

<-- Respuesta cruda: $CFG,ACK,LOGREAD,2091,2026-07-24 12:14:25,HEARTBEAT_RECEIVED,0,0
*** Trama sin '*CRC' reconocible. ***

=== Registro 2092 (2093/4081) ===

<-- Respuesta cruda: $CFG,ACK,LOGREAD,2092,2026-07-24 12:14:31,CID_RECEIVED,0,0
*** Trama sin '*CRC' reconocible. ***

=== Registro 2093 (2094/4081) ===

<-- Respuesta cruda: $CFG,ACK,LOGREAD,2093,2026-07-24 12:14:31,SEND_OK,0,0
*** Trama sin '*CRC' reconocible. ***

=== Registro 2094 (2095/4081) ===

<-- Respuesta cruda: $CFG,BAD_CRC,LOGREAD,2094,2026-07-24 12:14:31,SERVER_ACK,1174405168,12288
*** Trama sin '*CRC' reconocible. ***

=== Registro 2095 (2096/4081) ===

<-- Respuesta cruda: $CFG,BAD_CRC,LOGREAD,2095,0000-00-187 145:14:31,SERVER_ACK,0,0
*** Trama sin '*CRC' reconocible. ***

=== Registro 2096 (2097/4081) ===

<-- Respuesta cruda: $CFG,ACK,LOGREAD,2096,2026-07-24 12:14:34,CID_RECEIVED,0,0
*** Trama sin '*CRC' reconocible. ***

=== Registro 2097 (2098/4081) ===

<-- Respuesta cruda: $CFG,ACK,LOGREAD,2097,2026-07-24 12:14:34,SEND_OK,0,0
*** Trama sin '*CRC' reconocible. ***

=== Registro 2098 (2099/4081) ===

<-- Respuesta cruda: $CFG,ACK,LOGREAD,2098,2026-07-24 12:14:34,SERVER_ACK,48,0
*** Trama sin '*CRC' reconocible. ***

=== Registro 2099 (2100/4081) ===

<-- Respuesta cruda: $CFG,ACK,LOGREAD,2099,2026-07-24 12:14:34,SERVER_ACK,0,0
*** Trama sin '*CRC' reconocible. ***

=== Registro 2100 (2101/4081) ===

<-- Respuesta cruda: $CFG,ACK,LOGREAD,2100,2026-07-24 12:15:35,SEND_OK,0,0
*** Trama sin '*CRC' reconocible. ***

=== Registro 2101 (2102/4081) ===

<-- Respuesta cruda: $CFG,BAD_CRC,LOGREAD,2101,2026-07-24 12:15:37,SIM_PIN_REQUIRED,1143738636,0
*** Trama sin '*CRC' reconocible. ***

=== Registro 2102 (2103/4081) ===

<-- Respuesta cruda: $CFG,BAD_CRC,LOGREAD,2102,0000-00-236 84:15:38,HEARTBEAT_RECEIVED,0,0
*** Trama sin '*CRC' reconocible. ***

=== Registro 2103 (2104/4081) ===

<-- Respuesta cruda: $CFG,ACK,LOGREAD,2103,2026-07-24 12:16:35,SEND_OK,0,0
*** Trama sin '*CRC' reconocible. ***

=== Registro 2104 (2105/4081) ===

<-- Respuesta cruda: $CFG,ACK,LOGREAD,2104,2026-07-24 12:16:36,SERVER_ACK,48,0
*** Trama sin '*CRC' reconocible. ***

=== Registro 2105 (2106/4081) ===

<-- Respuesta cruda: $CFG,ACK,LOGREAD,2105,2026-07-24 12:16:41,HEARTBEAT_RECEIVED,0,0
*** Trama sin '*CRC' reconocible. ***

=== Registro 2106 (2107/4081) ===

<-- Respuesta cruda: $CFG,ACK,LOGREAD,2106,2026-07-24 12:17:35,SEND_OK,0,0
*** Trama sin '*CRC' reconocible. ***

=== Registro 2107 (2108/4081) ===

<-- Respuesta cruda: $CFG,ACK,LOGREAD,2107,2026-07-24 12:17:36,SERVER_ACK,48,0
*** Trama sin '*CRC' reconocible. ***

=== Registro 2108 (2109/4081) ===

<-- Respuesta cruda: $CFG,BAD_CRC,LOGREAD,2108,2026-00-65 84:49:09,HEARTBEAT_RECEIVED,0,0
*** Trama sin '*CRC' reconocible. ***

=== Registro 2109 (2110/4081) ===

<-- Respuesta cruda: $CFG,ACK,LOGREAD,2109,2026-07-24 12:18:35,SEND_OK,0,0
*** Trama sin '*CRC' reconocible. ***

=== Registro 2110 (2111/4081) ===

<-- Respuesta cruda: $CFG,ACK,LOGREAD,2110,2026-07-24 12:18:36,SERVER_ACK,48,0
*** Trama sin '*CRC' reconocible. ***

=== Registro 2111 (2112/4081) ===

<-- Respuesta cruda: $CFG,ACK,LOGREAD,2111,2026-07-24 12:18:47,HEARTBEAT_RECEIVED,0,0
*** Trama sin '*CRC' reconocible. ***

=== Registro 2112 (2113/4081) ===

<-- Respuesta cruda: $CFG,ACK,LOGREAD,2112,2026-07-24 12:19:35,SEND_OK,0,0
*** Trama sin '*CRC' reconocible. ***

=== Registro 2113 (2114/4081) ===

<-- Respuesta cruda: $CFG,ACK,LOGREAD,2113,2026-07-24 12:19:36,SERVER_ACK,48,0
*** Trama sin '*CRC' reconocible. ***

=== Registro 2114 (2115/4081) ===

<-- Respuesta cruda: $CFG,BAD_CRC,LOGREAD,2114,2026-07-24 12:19:50,HEARTBEAT_RECEIVED,0,0
*** Trama sin '*CRC' reconocible. ***

=== Registro 2115 (2116/4081) ===

<-- Respuesta cruda: $CFG,BAD_CRC,LOGREAD,2115,0000-00-39 32:20:36,SEND_OK,0,0
*** Trama sin '*CRC' reconocible. ***

=== Registro 2116 (2117/4081) ===

<-- Respuesta cruda: $CFG,ACK,LOGREAD,2116,2026-07-24 12:20:53,HEARTBEAT_RECEIVED,0,0
*** Trama sin '*CRC' reconocible. ***

=== Registro 2117 (2118/4081) ===

<-- Respuesta cruda: $CFG,ACK,LOGREAD,2117,2026-07-24 12:21:36,SEND_OK,0,0
*** Trama sin '*CRC' reconocible. ***

=== Registro 2118 (2119/4081) ===

<-- Respuesta cruda: $CFG,ACK,LOGREAD,2118,2026-07-24 12:21:37,SERVER_ACK,48,0
*** Trama sin '*CRC' reconocible. ***

=== Registro 2119 (2120/4081) ===

<-- Respuesta cruda: $CFG,ACK,LOGREAD,2119,2026-07-24 12:21:56,HEARTBEAT_RECEIVED,0,0
*** Trama sin '*CRC' reconocible. ***

=== Registro 2120 (2121/4081) ===

<-- Respuesta cruda: $CFG,ACK,LOGREAD,2120,2026-07-24 12:22:36,SEND_OK,0,0
*** Trama sin '*CRC' reconocible. ***

=== Registro 2121 (2122/4081) ===

<-- Respuesta cruda: $CFG,BAD_CRC,LOGREAD,2121,2026-07-24 12:22:59,HEARTBEAT_RECEIVED,908394496,0
*** Trama sin '*CRC' reconocible. ***

=== Registro 2122 (2123/4081) ===

<-- Respuesta cruda: $CFG,BAD_CRC,LOGREAD,2122,0000-00-136 52:23:36,SEND_OK,0,0
*** Trama sin '*CRC' reconocible. ***

=== Registro 2123 (2124/4081) ===

<-- Respuesta cruda: $CFG,ACK,LOGREAD,2123,2026-07-24 12:23:37,SERVER_ACK,48,0
*** Trama sin '*CRC' reconocible. ***

=== Registro 2124 (2125/4081) ===

<-- Respuesta cruda: $CFG,ACK,LOGREAD,2124,2026-07-24 12:24:02,HEARTBEAT_RECEIVED,0,0
*** Trama sin '*CRC' reconocible. ***

=== Registro 2125 (2126/4081) ===

<-- Respuesta cruda: $CFG,ACK,LOGREAD,2125,2026-07-24 12:24:36,SEND_OK,0,0
*** Trama sin '*CRC' reconocible. ***

=== Registro 2126 (2127/4081) ===

<-- Respuesta cruda: $CFG,ACK,LOGREAD,2126,2026-07-24 12:24:38,SERVER_ACK,48,0
*** Trama sin '*CRC' reconocible. ***

=== Registro 2127 (2128/4081) ===

<-- Respuesta cruda: $CFG,ACK,LOGREAD,2127,2026-07-24 12:25:05,HEARTBEAT_RECEIVED,0,0
*** Trama sin '*CRC' reconocible. ***

=== Registro 2128 (2129/4081) ===

<-- Respuesta cruda: $CFG,BAD_CRC,LOGREAD,2128,2026-07-24 12:25:07,SIM_PIN_REQUIRED,908401676,0
*** Trama sin '*CRC' reconocible. ***

=== Registro 2129 (2130/4081) ===

<-- Respuesta cruda: $CFG,BAD_CRC,LOGREAD,2129,0000-00-41 58:26:08,HEARTBEAT_RECEIVED,0,0
*** Trama sin '*CRC' reconocible. ***

=== Registro 2130 (2131/4081) ===

<-- Respuesta cruda: $CFG,ACK,LOGREAD,2130,2026-07-24 12:26:37,SEND_OK,0,0
*** Trama sin '*CRC' reconocible. ***

=== Registro 2131 (2132/4081) ===

<-- Respuesta cruda: $CFG,ACK,LOGREAD,2131,2026-07-24 12:27:11,HEARTBEAT_RECEIVED,0,0
*** Trama sin '*CRC' reconocible. ***

=== Registro 2132 (2133/4081) ===

<-- Respuesta cruda: $CFG,ACK,LOGREAD,2132,2026-07-24 12:27:37,SEND_OK,0,0
*** Trama sin '*CRC' reconocible. ***

=== Registro 2133 (2134/4081) ===

<-- Respuesta cruda: $CFG,ACK,LOGREAD,2133,2026-07-24 12:27:38,SERVER_ACK,48,0
*** Trama sin '*CRC' reconocible. ***

=== Registro 2134 (2135/4081) ===

<-- Respuesta cruda: $CFG,ACK,LOGREAD,2134,2026-07-24 12:28:14,HEARTBEAT_RECEIVED,0,0
*** Trama sin '*CRC' reconocible. ***

=== Registro 2135 (2136/4081) ===

<-- Respuesta cruda: $CFG,BAD_CRC,LOGREAD,2135,0234-00-57 68:58:36,HEARTBEAT_RECEIVED,0,0
*** Trama sin '*CRC' reconocible. ***

=== Registro 2136 (2137/4081) ===

<-- Respuesta cruda: $CFG,ACK,LOGREAD,2136,2026-07-24 12:28:38,SERVER_ACK,48,0
*** Trama sin '*CRC' reconocible. ***

=== Registro 2137 (2138/4081) ===

<-- Respuesta cruda: $CFG,ACK,LOGREAD,2137,2026-07-24 12:29:17,HEARTBEAT_RECEIVED,0,0
*** Trama sin '*CRC' reconocible. ***

=== Registro 2138 (2139/4081) ===

<-- Respuesta cruda: $CFG,ACK,LOGREAD,2138,2026-07-24 12:29:38,SEND_OK,0,0
*** Trama sin '*CRC' reconocible. ***

=== Registro 2139 (2140/4081) ===

<-- Respuesta cruda: $CFG,ACK,LOGREAD,2139,2026-07-24 12:29:39,SERVER_ACK,48,0
*** Trama sin '*CRC' reconocible. ***

=== Registro 2140 (2141/4081) ===

<-- Respuesta cruda: $CFG,ACK,LOGREAD,2140,2026-07-24 12:30:20,HEARTBEAT_RECEIVED,0,0
*** Trama sin '*CRC' reconocible. ***

=== Registro 2141 (2142/4081) ===

<-- Respuesta cruda: $CFG,BAD_CRC,LOGREAD,2141,2026-07-24 12:30:38,SEND_OK,0,0
*** Trama sin '*CRC' reconocible. ***

=== Registro 2142 (2143/4081) ===

<-- Respuesta cruda: $CFG,BAD_CRC,LOGREAD,2142,0000-00-75 76:30:39,SERVER_ACK,48,0
*** Trama sin '*CRC' reconocible. ***

=== Registro 2143 (2144/4081) ===

<-- Respuesta cruda: $CFG,ACK,LOGREAD,2143,2026-07-24 12:31:23,HEARTBEAT_RECEIVED,0,0
*** Trama sin '*CRC' reconocible. ***

=== Registro 2144 (2145/4081) ===

<-- Respuesta cruda: $CFG,ACK,LOGREAD,2144,2026-07-24 12:31:38,SEND_OK,0,0
*** Trama sin '*CRC' reconocible. ***

=== Registro 2145 (2146/4081) ===

<-- Respuesta cruda: $CFG,ACK,LOGREAD,2145,2026-07-24 12:31:39,SERVER_ACK,48,0
*** Trama sin '*CRC' reconocible. ***

=== Registro 2146 (2147/4081) ===

<-- Respuesta cruda: $CFG,ACK,LOGREAD,2146,2026-07-24 12:32:26,HEARTBEAT_RECEIVED,0,0
*** Trama sin '*CRC' reconocible. ***

=== Registro 2147 (2148/4081) ===

<-- Respuesta cruda: $CFG,ACK,LOGREAD,2147,2026-07-24 12:32:38,SEND_OK,0,0
*** Trama sin '*CRC' reconocible. ***

=== Registro 2148 (2149/4081) ===

<-- Respuesta cruda: $CFG,BAD_CRC,LOGREAD,2148,2026-07-24 12:32:39,SERVER_ACK,1177035568,12288
*** Trama sin '*CRC' reconocible. ***

=== Registro 2149 (2150/4081) ===

<-- Respuesta cruda: $CFG,BAD_CRC,LOGREAD,2149,0000-00-231 194:33:29,HEARTBEAT_RECEIVED,0,0
*** Trama sin '*CRC' reconocible. ***

=== Registro 2150 (2151/4081) ===

<-- Respuesta cruda: $CFG,ACK,LOGREAD,2150,2026-07-24 12:33:38,SEND_OK,0,0
*** Trama sin '*CRC' reconocible. ***

=== Registro 2151 (2152/4081) ===

<-- Respuesta cruda: $CFG,ACK,LOGREAD,2151,2026-07-24 12:34:32,HEARTBEAT_RECEIVED,0,0
*** Trama sin '*CRC' reconocible. ***

=== Registro 2152 (2153/4081) ===

<-- Respuesta cruda: $CFG,ACK,LOGREAD,2152,2026-07-24 12:34:39,SEND_OK,0,0
*** Trama sin '*CRC' reconocible. ***

=== Registro 2153 (2154/4081) ===

<-- Respuesta cruda: $CFG,ACK,LOGREAD,2153,2026-07-24 12:35:35,HEARTBEAT_RECEIVED,0,0
*** Trama sin '*CRC' reconocible. ***

=== Registro 2154 (2155/4081) ===

<-- Respuesta cruda: $CFG,ACK,LOGREAD,2154,2026-07-24 12:35:39,SEND_OK,0,0
*** Trama sin '*CRC' reconocible. ***

=== Registro 2155 (2156/4081) ===

<-- Respuesta cruda: $CFG,BAD_CRC,LOGREAD,2155,2026-07-24 12:04:54,HEARTBEAT_RECEIVED,0,0
*** Trama sin '*CRC' reconocible. ***

=== Registro 2156 (2157/4081) ===

<-- Respuesta cruda: $CFG,ACK,LOGREAD,2156,2026-07-24 12:36:38,HEARTBEAT_RECEIVED,0,0
*** Trama sin '*CRC' reconocible. ***

=== Registro 2157 (2158/4081) ===

<-- Respuesta cruda: $CFG,ACK,LOGREAD,2157,2026-07-24 12:36:39,SEND_OK,0,0
*** Trama sin '*CRC' reconocible. ***

=== Registro 2158 (2159/4081) ===

<-- Respuesta cruda: $CFG,ACK,LOGREAD,2158,2026-07-24 12:36:40,SERVER_ACK,48,0
*** Trama sin '*CRC' reconocible. ***

=== Registro 2159 (2160/4081) ===

<-- Respuesta cruda: $CFG,ACK,LOGREAD,2159,2026-07-24 12:37:39,SEND_OK,0,0
*** Trama sin '*CRC' reconocible. ***

=== Registro 2160 (2161/4081) ===

<-- Respuesta cruda: $CFG,ACK,LOGREAD,2160,2026-07-24 12:37:41,SERVER_ACK,48,0
*** Trama sin '*CRC' reconocible. ***

=== Registro 2161 (2162/4081) ===

<-- Respuesta cruda: $CFG,ACK,LOGREAD,2161,2026-07-24 12:37:41,HEARTBEAT_RECEIVED,0,0
*** Trama sin '*CRC' reconocible. ***

=== Registro 2162 (2163/4081) ===

<-- Respuesta cruda: $CFG,BAD_CRC,LOGREAD,2162,0000-00-141 69:38:39,SEND_OK,0,0
*** Trama sin '*CRC' reconocible. ***

=== Registro 2163 (2164/4081) ===

<-- Respuesta cruda: $CFG,ACK,LOGREAD,2163,2026-07-24 12:38:41,SERVER_ACK,48,0
*** Trama sin '*CRC' reconocible. ***

=== Registro 2164 (2165/4081) ===

<-- Respuesta cruda: $CFG,ACK,LOGREAD,2164,2026-07-24 12:38:44,HEARTBEAT_RECEIVED,0,0
*** Trama sin '*CRC' reconocible. ***

=== Registro 2165 (2166/4081) ===

<-- Respuesta cruda: $CFG,ACK,LOGREAD,2165,2026-07-24 12:39:40,SEND_OK,0,0
*** Trama sin '*CRC' reconocible. ***

=== Registro 2166 (2167/4081) ===

<-- Respuesta cruda: $CFG,ACK,LOGREAD,2166,2026-07-24 12:39:41,SERVER_ACK,48,0
*** Trama sin '*CRC' reconocible. ***

=== Registro 2167 (2168/4081) ===

<-- Respuesta cruda: $CFG,ACK,LOGREAD,2167,2026-07-24 12:39:47,HEARTBEAT_RECEIVED,0,0
*** Trama sin '*CRC' reconocible. ***

=== Registro 2168 (2169/4081) ===

<-- Respuesta cruda: $CFG,BAD_CRC,LOGREAD,2168,2026-07-24 12:40:40,SEND_OK,0,0
*** Trama sin '*CRC' reconocible. ***

=== Registro 2169 (2170/4081) ===

<-- Respuesta cruda: $CFG,BAD_CRC,LOGREAD,2169,0000-00-81 23:40:41,SERVER_ACK,48,0
*** Trama sin '*CRC' reconocible. ***

=== Registro 2170 (2171/4081) ===

<-- Respuesta cruda: $CFG,ACK,LOGREAD,2170,2026-07-24 12:40:50,HEARTBEAT_RECEIVED,0,0
*** Trama sin '*CRC' reconocible. ***

=== Registro 2171 (2172/4081) ===

<-- Respuesta cruda: $CFG,ACK,LOGREAD,2171,2026-07-24 12:41:40,SEND_OK,0,0
*** Trama sin '*CRC' reconocible. ***

=== Registro 2172 (2173/4081) ===

<-- Respuesta cruda: $CFG,ACK,LOGREAD,2172,2026-07-24 12:41:53,HEARTBEAT_RECEIVED,0,0
*** Trama sin '*CRC' reconocible. ***

=== Registro 2173 (2174/4081) ===

<-- Respuesta cruda: $CFG,ACK,LOGREAD,2173,2026-07-24 12:42:40,SEND_OK,0,0
*** Trama sin '*CRC' reconocible. ***

=== Registro 2174 (2175/4081) ===

<-- Respuesta cruda: $CFG,ACK,LOGREAD,2174,2026-07-24 12:42:42,SERVER_ACK,48,0
*** Trama sin '*CRC' reconocible. ***

=== Registro 2175 (2176/4081) ===

<-- Respuesta cruda: $CFG,BAD_CRC,LOGREAD,2175,2026-07-24 12:42:56,HEARTBEAT_RECEIVED,908668172,0
*** Trama sin '*CRC' reconocible. ***

=== Registro 2176 (2177/4081) ===

<-- Respuesta cruda: $CFG,BAD_CRC,LOGREAD,2176,0000-00-101 147:43:41,SEND_OK,0,0
*** Trama sin '*CRC' reconocible. ***

=== Registro 2177 (2178/4081) ===

<-- Respuesta cruda: $CFG,ACK,LOGREAD,2177,2026-07-24 12:43:42,SERVER_ACK,48,0
*** Trama sin '*CRC' reconocible. ***

=== Registro 2178 (2179/4081) ===

<-- Respuesta cruda: $CFG,ACK,LOGREAD,2178,2026-07-24 12:43:59,HEARTBEAT_RECEIVED,0,0
*** Trama sin '*CRC' reconocible. ***

=== Registro 2179 (2180/4081) ===

<-- Respuesta cruda: $CFG,ACK,LOGREAD,2179,2026-07-24 12:44:41,SEND_OK,0,0
*** Trama sin '*CRC' reconocible. ***

=== Registro 2180 (2181/4081) ===

<-- Respuesta cruda: $CFG,ACK,LOGREAD,2180,2026-07-24 12:44:42,SERVER_ACK,48,0
*** Trama sin '*CRC' reconocible. ***

=== Registro 2181 (2182/4081) ===

<-- Respuesta cruda: $CFG,ACK,LOGREAD,2181,2026-07-24 12:45:02,HEARTBEAT_RECEIVED,0,0
*** Trama sin '*CRC' reconocible. ***

=== Registro 2182 (2183/4081) ===

<-- Respuesta cruda: $CFG,BAD_CRC,LOGREAD,2182,2026-07-24 149:14:20,HEARTBEAT_RECEIVED,0,0
*** Trama sin '*CRC' reconocible. ***

=== Registro 2183 (2184/4081) ===

<-- Respuesta cruda: $CFG,ACK,LOGREAD,2183,2026-07-24 12:45:42,SERVER_ACK,48,0
*** Trama sin '*CRC' reconocible. ***

=== Registro 2184 (2185/4081) ===

<-- Respuesta cruda: $CFG,ACK,LOGREAD,2184,2026-07-24 12:46:05,HEARTBEAT_RECEIVED,0,0
*** Trama sin '*CRC' reconocible. ***

=== Registro 2185 (2186/4081) ===

<-- Respuesta cruda: $CFG,ACK,LOGREAD,2185,2026-07-24 12:46:41,SEND_OK,0,0
*** Trama sin '*CRC' reconocible. ***

=== Registro 2186 (2187/4081) ===

<-- Respuesta cruda: $CFG,ACK,LOGREAD,2186,2026-07-24 12:46:42,SERVER_ACK,48,0
*** Trama sin '*CRC' reconocible. ***

=== Registro 2187 (2188/4081) ===

<-- Respuesta cruda: $CFG,ACK,LOGREAD,2187,2026-07-24 12:47:08,HEARTBEAT_RECEIVED,0,0
*** Trama sin '*CRC' reconocible. ***

=== Registro 2188 (2189/4081) ===

<-- Respuesta cruda: $CFG,BAD_CRC,LOGREAD,2188,2026-07-24 12:47:41,SEND_OK,0,0
*** Trama sin '*CRC' reconocible. ***

=== Registro 2189 (2190/4081) ===

<-- Respuesta cruda: $CFG,BAD_CRC,LOGREAD,2189,0000-00-44 207:48:11,HEARTBEAT_RECEIVED,0,0
*** Trama sin '*CRC' reconocible. ***

=== Registro 2190 (2191/4081) ===

<-- Respuesta cruda: $CFG,ACK,LOGREAD,2190,2026-07-24 12:48:42,SEND_OK,0,0
*** Trama sin '*CRC' reconocible. ***

=== Registro 2191 (2192/4081) ===

<-- Respuesta cruda: $CFG,ACK,LOGREAD,2191,2026-07-24 12:49:14,HEARTBEAT_RECEIVED,0,0
*** Trama sin '*CRC' reconocible. ***

=== Registro 2192 (2193/4081) ===

<-- Respuesta cruda: $CFG,ACK,LOGREAD,2192,2026-07-24 12:49:42,SEND_OK,0,0
*** Trama sin '*CRC' reconocible. ***

=== Registro 2193 (2194/4081) ===

<-- Respuesta cruda: $CFG,ACK,LOGREAD,2193,2026-07-24 12:49:45,SERVER_ACK,48,0
*** Trama sin '*CRC' reconocible. ***

=== Registro 2194 (2195/4081) ===

<-- Respuesta cruda: $CFG,ACK,LOGREAD,2194,2026-07-24 12:50:17,HEARTBEAT_RECEIVED,0,0
*** Trama sin '*CRC' reconocible. ***

=== Registro 2195 (2196/4081) ===

<-- Respuesta cruda: $CFG,BAD_CRC,LOGREAD,2195,2026-07-24 12:50:42,SEND_OK,0,12288
*** Trama sin '*CRC' reconocible. ***

=== Registro 2196 (2197/4081) ===

<-- Respuesta cruda: $CFG,BAD_CRC,LOGREAD,2196,0000-00-187 172:50:43,SERVER_ACK,48,0
*** Trama sin '*CRC' reconocible. ***

=== Registro 2197 (2198/4081) ===

<-- Respuesta cruda: $CFG,ACK,LOGREAD,2197,2026-07-24 12:51:20,HEARTBEAT_RECEIVED,0,0
*** Trama sin '*CRC' reconocible. ***

=== Registro 2198 (2199/4081) ===

<-- Respuesta cruda: $CFG,ACK,LOGREAD,2198,2026-07-24 12:51:42,SEND_OK,0,0
*** Trama sin '*CRC' reconocible. ***

=== Registro 2199 (2200/4081) ===

<-- Respuesta cruda: $CFG,ACK,LOGREAD,2199,2026-07-24 12:51:43,SERVER_ACK,48,0
*** Trama sin '*CRC' reconocible. ***

=== Registro 2200 (2201/4081) ===

<-- Respuesta cruda: $CFG,ACK,LOGREAD,2200,2026-07-24 12:52:23,HEARTBEAT_RECEIVED,0,0
*** Trama sin '*CRC' reconocible. ***

=== Registro 2201 (2202/4081) ===

<-- Respuesta cruda: $CFG,ACK,LOGREAD,2201,2026-07-24 12:52:42,SEND_OK,0,0
*** Trama sin '*CRC' reconocible. ***

=== Registro 2202 (2203/4081) ===

<-- Respuesta cruda: $CFG,BAD_CRC,LOGREAD,2202,2026-07-24 12:52:44,SERVER_ACK,908801804,0
*** Trama sin '*CRC' reconocible. ***

=== Registro 2203 (2204/4081) ===

<-- Respuesta cruda: $CFG,BAD_CRC,LOGREAD,2203,0000-00-196 25:53:26,HEARTBEAT_RECEIVED,0,0
*** Trama sin '*CRC' reconocible. ***

=== Registro 2204 (2205/4081) ===

<-- Respuesta cruda: $CFG,ACK,LOGREAD,2204,2026-07-24 12:53:43,SEND_OK,0,0
*** Trama sin '*CRC' reconocible. ***

=== Registro 2205 (2206/4081) ===

<-- Respuesta cruda: $CFG,ACK,LOGREAD,2205,2026-07-24 12:53:44,SERVER_ACK,48,0
*** Trama sin '*CRC' reconocible. ***

=== Registro 2206 (2207/4081) ===

<-- Respuesta cruda: $CFG,ACK,LOGREAD,2206,2026-07-24 12:54:29,HEARTBEAT_RECEIVED,0,0
*** Trama sin '*CRC' reconocible. ***

=== Registro 2207 (2208/4081) ===

<-- Respuesta cruda: $CFG,ACK,LOGREAD,2207,2026-07-24 12:54:43,SEND_OK,0,0
*** Trama sin '*CRC' reconocible. ***

=== Registro 2208 (2209/4081) ===

<-- Respuesta cruda: $CFG,ACK,LOGREAD,2208,2026-07-24 12:55:32,HEARTBEAT_RECEIVED,0,0
*** Trama sin '*CRC' reconocible. ***

=== Registro 2209 (2210/4081) ===

<-- Respuesta cruda: $CFG,BAD_CRC,LOGREAD,2209,2026-07-239 32:21:33,SEND_OK,0,0
*** Trama sin '*CRC' reconocible. ***

=== Registro 2210 (2211/4081) ===

<-- Respuesta cruda: $CFG,ACK,LOGREAD,2210,2026-07-24 12:55:45,SERVER_ACK,48,0
*** Trama sin '*CRC' reconocible. ***

=== Registro 2211 (2212/4081) ===

<-- Respuesta cruda: $CFG,ACK,LOGREAD,2211,2026-07-24 12:56:35,HEARTBEAT_RECEIVED,0,0
*** Trama sin '*CRC' reconocible. ***

=== Registro 2212 (2213/4081) ===

<-- Respuesta cruda: $CFG,ACK,LOGREAD,2212,2026-07-24 12:56:43,SEND_OK,0,0
*** Trama sin '*CRC' reconocible. ***

=== Registro 2213 (2214/4081) ===

<-- Respuesta cruda: $CFG,ACK,LOGREAD,2213,2026-07-24 12:56:44,SERVER_ACK,48,0
*** Trama sin '*CRC' reconocible. ***

=== Registro 2214 (2215/4081) ===

<-- Respuesta cruda: $CFG,ACK,LOGREAD,2214,2026-07-24 12:57:38,HEARTBEAT_RECEIVED,0,0
*** Trama sin '*CRC' reconocible. ***

=== Registro 2215 (2216/4081) ===

<-- Respuesta cruda: $CFG,BAD_CRC,LOGREAD,2215,2026-07-24 12:57:44,SEND_OK,0,0
*** Trama sin '*CRC' reconocible. ***

=== Registro 2216 (2217/4081) ===

<-- Respuesta cruda: $CFG,BAD_CRC,LOGREAD,2216,0000-00-235 31:57:45,SERVER_ACK,48,0
*** Trama sin '*CRC' reconocible. ***

=== Registro 2217 (2218/4081) ===

<-- Respuesta cruda: $CFG,ACK,LOGREAD,2217,2026-07-24 12:58:41,HEARTBEAT_RECEIVED,0,0
*** Trama sin '*CRC' reconocible. ***

=== Registro 2218 (2219/4081) ===

<-- Respuesta cruda: $CFG,ACK,LOGREAD,2218,2026-07-24 12:58:44,SEND_OK,0,0
*** Trama sin '*CRC' reconocible. ***

=== Registro 2219 (2220/4081) ===

<-- Respuesta cruda: $CFG,ACK,LOGREAD,2219,2026-07-24 12:58:45,SERVER_ACK,48,0
*** Trama sin '*CRC' reconocible. ***

=== Registro 2220 (2221/4081) ===

<-- Respuesta cruda: $CFG,ACK,LOGREAD,2220,2026-07-24 12:59:44,SEND_OK,0,0
*** Trama sin '*CRC' reconocible. ***

=== Registro 2221 (2222/4081) ===

<-- Respuesta cruda: $CFG,ACK,LOGREAD,2221,2026-07-24 12:59:44,HEARTBEAT_RECEIVED,0,0
*** Trama sin '*CRC' reconocible. ***

=== Registro 2222 (2223/4081) ===

<-- Respuesta cruda: $CFG,BAD_CRC,LOGREAD,2222,2026-07-24 12:59:46,SERVER_ACK,1140850736,0
*** Trama sin '*CRC' reconocible. ***

=== Registro 2223 (2224/4081) ===

<-- Respuesta cruda: $CFG,BAD_CRC,LOGREAD,2223,0000-00-186 12:00:44,SEND_OK,0,0
*** Trama sin '*CRC' reconocible. ***

=== Registro 2224 (2225/4081) ===

<-- Respuesta cruda: $CFG,ACK,LOGREAD,2224,2026-07-24 13:00:47,HEARTBEAT_RECEIVED,0,0
*** Trama sin '*CRC' reconocible. ***

=== Registro 2225 (2226/4081) ===

<-- Respuesta cruda: $CFG,ACK,LOGREAD,2225,2026-07-24 13:01:44,SEND_OK,0,0
*** Trama sin '*CRC' reconocible. ***

=== Registro 2226 (2227/4081) ===

<-- Respuesta cruda: $CFG,ACK,LOGREAD,2226,2026-07-24 13:01:50,HEARTBEAT_RECEIVED,0,0
*** Trama sin '*CRC' reconocible. ***

=== Registro 2227 (2228/4081) ===

<-- Respuesta cruda: $CFG,ACK,LOGREAD,2227,2026-07-24 13:02:45,SEND_OK,0,0
*** Trama sin '*CRC' reconocible. ***

=== Registro 2228 (2229/4081) ===

<-- Respuesta cruda: $CFG,ACK,LOGREAD,2228,2026-07-24 13:02:46,SERVER_ACK,48,0
*** Trama sin '*CRC' reconocible. ***

=== Registro 2229 (2230/4081) ===

<-- Respuesta cruda: $CFG,BAD_CRC,LOGREAD,2229,2026-07-24 13:02:53,SIM_PIN_REQUIRED,908920077,0
*** Trama sin '*CRC' reconocible. ***

=== Registro 2230 (2231/4081) ===

<-- Respuesta cruda: $CFG,BAD_CRC,LOGREAD,2230,0000-00-73 242:03:45,SEND_OK,0,0
*** Trama sin '*CRC' reconocible. ***

=== Registro 2231 (2232/4081) ===

<-- Respuesta cruda: $CFG,ACK,LOGREAD,2231,2026-07-24 13:03:46,SERVER_ACK,48,0
*** Trama sin '*CRC' reconocible. ***

=== Registro 2232 (2233/4081) ===

<-- Respuesta cruda: $CFG,ACK,LOGREAD,2232,2026-07-24 13:03:56,HEARTBEAT_RECEIVED,0,0
*** Trama sin '*CRC' reconocible. ***

=== Registro 2233 (2234/4081) ===

<-- Respuesta cruda: $CFG,ACK,LOGREAD,2233,2026-07-24 13:04:45,SEND_OK,0,0
*** Trama sin '*CRC' reconocible. ***

=== Registro 2234 (2235/4081) ===

<-- Respuesta cruda: $CFG,ACK,LOGREAD,2234,2026-07-24 13:04:46,SERVER_ACK,48,0
*** Trama sin '*CRC' reconocible. ***

=== Registro 2235 (2236/4081) ===

<-- Respuesta cruda: $CFG,ACK,LOGREAD,2235,2026-07-24 13:04:59,HEARTBEAT_RECEIVED,0,0
*** Trama sin '*CRC' reconocible. ***

=== Registro 2236 (2237/4081) ===

<-- Respuesta cruda: $CFG,BAD_CRC,LOGREAD,2236,2026-00-63 197:30:35,SEND_OK,0,0
*** Trama sin '*CRC' reconocible. ***

=== Registro 2237 (2238/4081) ===

<-- Respuesta cruda: $CFG,ACK,LOGREAD,2237,2026-07-24 13:06:02,HEARTBEAT_RECEIVED,0,0
*** Trama sin '*CRC' reconocible. ***

=== Registro 2238 (2239/4081) ===

<-- Respuesta cruda: $CFG,ACK,LOGREAD,2238,2026-07-24 13:06:45,SEND_OK,0,0
*** Trama sin '*CRC' reconocible. ***

=== Registro 2239 (2240/4081) ===

<-- Respuesta cruda: $CFG,ACK,LOGREAD,2239,2026-07-24 13:06:47,SERVER_ACK,48,0
*** Trama sin '*CRC' reconocible. ***

=== Registro 2240 (2241/4081) ===

<-- Respuesta cruda: $CFG,ACK,LOGREAD,2240,2026-07-24 13:07:05,HEARTBEAT_RECEIVED,0,0
*** Trama sin '*CRC' reconocible. ***

=== Registro 2241 (2242/4081) ===

<-- Respuesta cruda: $CFG,ACK,LOGREAD,2241,2026-07-24 13:07:46,SEND_OK,0,0
*** Trama sin '*CRC' reconocible. ***

=== Registro 2242 (2243/4081) ===

<-- Respuesta cruda: $CFG,BAD_CRC,LOGREAD,2242,2026-07-24 13:08:08,HEARTBEAT_RECEIVED,0,0
*** Trama sin '*CRC' reconocible. ***

=== Registro 2243 (2244/4081) ===

<-- Respuesta cruda: $CFG,BAD_CRC,LOGREAD,2243,0000-00-80 153:08:46,SEND_OK,0,0
*** Trama sin '*CRC' reconocible. ***

=== Registro 2244 (2245/4081) ===

<-- Respuesta cruda: $CFG,ACK,LOGREAD,2244,2026-07-24 13:08:47,SERVER_ACK,48,0
*** Trama sin '*CRC' reconocible. ***

=== Registro 2245 (2246/4081) ===

<-- Respuesta cruda: $CFG,ACK,LOGREAD,2245,2026-07-24 13:09:11,HEARTBEAT_RECEIVED,0,0
*** Trama sin '*CRC' reconocible. ***

=== Registro 2246 (2247/4081) ===

<-- Respuesta cruda: $CFG,ACK,LOGREAD,2246,2026-07-24 13:09:46,SEND_OK,0,0
*** Trama sin '*CRC' reconocible. ***

=== Registro 2247 (2248/4081) ===

<-- Respuesta cruda: $CFG,ACK,LOGREAD,2247,2026-07-24 13:09:47,SERVER_ACK,48,0
*** Trama sin '*CRC' reconocible. ***

=== Registro 2248 (2249/4081) ===

<-- Respuesta cruda: $CFG,ACK,LOGREAD,2248,2026-07-24 13:10:14,HEARTBEAT_RECEIVED,0,0
*** Trama sin '*CRC' reconocible. ***

=== Registro 2249 (2250/4081) ===

<-- Respuesta cruda: $CFG,BAD_CRC,LOGREAD,2249,2026-07-24 13:10:46,SEND_OK,1177485312,12288
*** Trama sin '*CRC' reconocible. ***

=== Registro 2250 (2251/4081) ===

<-- Respuesta cruda: $CFG,BAD_CRC,LOGREAD,2250,0000-00-122 211:10:48,SERVER_ACK,48,0
*** Trama sin '*CRC' reconocible. ***

=== Registro 2251 (2252/4081) ===

<-- Respuesta cruda: $CFG,ACK,LOGREAD,2251,2026-07-24 13:11:17,HEARTBEAT_RECEIVED,0,0
*** Trama sin '*CRC' reconocible. ***

=== Registro 2252 (2253/4081) ===

<-- Respuesta cruda: $CFG,ACK,LOGREAD,2252,2026-07-24 13:11:47,SEND_OK,0,0
*** Trama sin '*CRC' reconocible. ***

=== Registro 2253 (2254/4081) ===

<-- Respuesta cruda: $CFG,ACK,LOGREAD,2253,2026-07-24 13:11:48,SERVER_ACK,48,0
*** Trama sin '*CRC' reconocible. ***

=== Registro 2254 (2255/4081) ===

<-- Respuesta cruda: $CFG,ACK,LOGREAD,2254,2026-07-24 13:12:20,HEARTBEAT_RECEIVED,0,0
*** Trama sin '*CRC' reconocible. ***

=== Registro 2255 (2256/4081) ===

<-- Respuesta cruda: $CFG,ACK,LOGREAD,2255,2026-07-24 13:12:46,SEND_OK,0,0
*** Trama sin '*CRC' reconocible. ***

=== Registro 2256 (2257/4081) ===

<-- Respuesta cruda: $CFG,BAD_CRC,LOGREAD,2256,2026-07-24 13:12:07,SIM_PIN_REQUIRED,1176571405,12288
*** Trama sin '*CRC' reconocible. ***

=== Registro 2257 (2258/4081) ===

<-- Respuesta cruda: $CFG,BAD_CRC,LOGREAD,2257,0000-00-234 134:13:23,HEARTBEAT_RECEIVED,0,0
*** Trama sin '*CRC' reconocible. ***

=== Registro 2258 (2259/4081) ===

<-- Respuesta cruda: $CFG,ACK,LOGREAD,2258,2026-07-24 13:13:46,SEND_OK,0,0
*** Trama sin '*CRC' reconocible. ***

=== Registro 2259 (2260/4081) ===

<-- Respuesta cruda: $CFG,ACK,LOGREAD,2259,2026-07-24 13:13:48,SERVER_ACK,48,0
*** Trama sin '*CRC' reconocible. ***

=== Registro 2260 (2261/4081) ===

<-- Respuesta cruda: $CFG,ACK,LOGREAD,2260,2026-07-24 13:14:26,HEARTBEAT_RECEIVED,0,0
*** Trama sin '*CRC' reconocible. ***

=== Registro 2261 (2262/4081) ===

<-- Respuesta cruda: $CFG,ACK,LOGREAD,2261,2026-07-24 13:14:32,CID_RECEIVED,0,0
*** Trama sin '*CRC' reconocible. ***

=== Registro 2262 (2263/4081) ===

<-- Respuesta cruda: $CFG,ACK,LOGREAD,2262,2026-07-24 13:14:32,SEND_OK,0,0
*** Trama sin '*CRC' reconocible. ***

=== Registro 2263 (2264/4081) ===

<-- Respuesta cruda: $CFG,BAD_CRC,LOGREAD,2263,0234-00-113 188:39:37,SERVER_ACK,48,0
*** Trama sin '*CRC' reconocible. ***

=== Registro 2264 (2265/4081) ===

<-- Respuesta cruda: $CFG,ACK,LOGREAD,2264,2026-07-24 13:14:34,SERVER_ACK,0,0
*** Trama sin '*CRC' reconocible. ***

=== Registro 2265 (2266/4081) ===

<-- Respuesta cruda: $CFG,ACK,LOGREAD,2265,2026-07-24 13:14:34,CID_RECEIVED,0,0
*** Trama sin '*CRC' reconocible. ***

=== Registro 2266 (2267/4081) ===

<-- Respuesta cruda: $CFG,ACK,LOGREAD,2266,2026-07-24 13:14:34,SEND_OK,0,0
*** Trama sin '*CRC' reconocible. ***

=== Registro 2267 (2268/4081) ===

<-- Respuesta cruda: $CFG,ACK,LOGREAD,2267,2026-07-24 13:14:34,SERVER_ACK,48,0
*** Trama sin '*CRC' reconocible. ***

=== Registro 2268 (2269/4081) ===

<-- Respuesta cruda: $CFG,ACK,LOGREAD,2268,2026-07-24 13:14:34,SERVER_ACK,0,0
*** Trama sin '*CRC' reconocible. ***

=== Registro 2269 (2270/4081) ===

<-- Respuesta cruda: $CFG,BAD_CRC,LOGREAD,2269,2026-07-24 13:15:35,SEND_OK,0,0
*** Trama sin '*CRC' reconocible. ***

=== Registro 2270 (2271/4081) ===

<-- Respuesta cruda: $CFG,BAD_CRC,LOGREAD,2270,0000-00-234 02:15:35,SERVER_ACK,48,0
*** Trama sin '*CRC' reconocible. ***

=== Registro 2271 (2272/4081) ===

<-- Respuesta cruda: $CFG,ACK,LOGREAD,2271,2026-07-24 13:15:38,HEARTBEAT_RECEIVED,0,0
*** Trama sin '*CRC' reconocible. ***

=== Registro 2272 (2273/4081) ===

<-- Respuesta cruda: $CFG,ACK,LOGREAD,2272,2026-07-24 13:16:35,SEND_OK,0,0
*** Trama sin '*CRC' reconocible. ***

=== Registro 2273 (2274/4081) ===

<-- Respuesta cruda: $CFG,ACK,LOGREAD,2273,2026-07-24 13:16:35,SERVER_ACK,48,0
*** Trama sin '*CRC' reconocible. ***

=== Registro 2274 (2275/4081) ===

<-- Respuesta cruda: $CFG,ACK,LOGREAD,2274,2026-07-24 13:16:41,HEARTBEAT_RECEIVED,0,0
*** Trama sin '*CRC' reconocible. ***

=== Registro 2275 (2276/4081) ===

<-- Respuesta cruda: $CFG,ACK,LOGREAD,2275,2026-07-24 13:17:35,SEND_OK,0,0
*** Trama sin '*CRC' reconocible. ***

=== Registro 2276 (2277/4081) ===

<-- Respuesta cruda: $CFG,BAD_CRC,LOGREAD,2276,2026-07-24 13:17:35,SERVER_ACK,1144132400,0
*** Trama sin '*CRC' reconocible. ***

=== Registro 2277 (2278/4081) ===

<-- Respuesta cruda: $CFG,BAD_CRC,LOGREAD,2277,0000-00-34 17:17:44,HEARTBEAT_RECEIVED,0,0
*** Trama sin '*CRC' reconocible. ***

=== Registro 2278 (2279/4081) ===

<-- Respuesta cruda: $CFG,ACK,LOGREAD,2278,2026-07-24 13:18:35,SEND_OK,0,0
*** Trama sin '*CRC' reconocible. ***

=== Registro 2279 (2280/4081) ===

<-- Respuesta cruda: $CFG,ACK,LOGREAD,2279,2026-07-24 13:18:36,SERVER_ACK,48,0
*** Trama sin '*CRC' reconocible. ***

=== Registro 2280 (2281/4081) ===

<-- Respuesta cruda: $CFG,ACK,LOGREAD,2280,2026-07-24 13:18:47,HEARTBEAT_RECEIVED,0,0
*** Trama sin '*CRC' reconocible. ***

=== Registro 2281 (2282/4081) ===

<-- Respuesta cruda: $CFG,ACK,LOGREAD,2281,2026-07-24 13:19:36,SEND_OK,0,0
*** Trama sin '*CRC' reconocible. ***

=== Registro 2282 (2283/4081) ===

<-- Respuesta cruda: $CFG,ACK,LOGREAD,2282,2026-07-24 13:19:36,SERVER_ACK,48,0
*** Trama sin '*CRC' reconocible. ***

=== Registro 2283 (2284/4081) ===

<-- Respuesta cruda: $CFG,BAD_CRC,LOGREAD,2283,2026-07-24 13:255:255,UNKNOWN,4294967295,4294967295
*** Trama sin '*CRC' reconocible. ***

=== Registro 2284 (2285/4081) ===

<-- Respuesta cruda: $CFG,ACK,LOGREAD,2284,2026-07-24 13:20:36,SEND_OK,0,0
*** Trama sin '*CRC' reconocible. ***

=== Registro 2285 (2286/4081) ===

<-- Respuesta cruda: $CFG,ACK,LOGREAD,2285,2026-07-24 13:20:36,SERVER_ACK,48,0
*** Trama sin '*CRC' reconocible. ***

=== Registro 2286 (2287/4081) ===

<-- Respuesta cruda: $CFG,ACK,LOGREAD,2286,2026-07-24 13:20:53,HEARTBEAT_RECEIVED,0,0
*** Trama sin '*CRC' reconocible. ***

=== Registro 2287 (2288/4081) ===

<-- Respuesta cruda: $CFG,ACK,LOGREAD,2287,2026-07-24 13:21:36,SEND_OK,0,0
*** Trama sin '*CRC' reconocible. ***

=== Registro 2288 (2289/4081) ===

<-- Respuesta cruda: $CFG,ACK,LOGREAD,2288,2026-07-24 13:21:36,SERVER_ACK,48,0
*** Trama sin '*CRC' reconocible. ***

=== Registro 2289 (2290/4081) ===

<-- Respuesta cruda: $CFG,ACK,LOGREAD,2289,2026-07-24 13:21:56,HEARTBEAT_RECEIVED,0,0
*** Trama sin '*CRC' reconocible. ***

=== Registro 2290 (2291/4081) ===

<-- Respuesta cruda: $CFG,BAD_CRC,LOGREAD,2290,0000-00-158 114:22:36,SEND_OK,0,0
*** Trama sin '*CRC' reconocible. ***

=== Registro 2291 (2292/4081) ===

<-- Respuesta cruda: $CFG,ACK,LOGREAD,2291,2026-07-24 13:22:36,SERVER_ACK,48,0
*** Trama sin '*CRC' reconocible. ***

=== Registro 2292 (2293/4081) ===

<-- Respuesta cruda: $CFG,ACK,LOGREAD,2292,2026-07-24 13:22:59,HEARTBEAT_RECEIVED,0,0
*** Trama sin '*CRC' reconocible. ***

=== Registro 2293 (2294/4081) ===

<-- Respuesta cruda: $CFG,ACK,LOGREAD,2293,2026-07-24 13:23:36,SEND_OK,0,0
*** Trama sin '*CRC' reconocible. ***

=== Registro 2294 (2295/4081) ===

<-- Respuesta cruda: $CFG,ACK,LOGREAD,2294,2026-07-24 13:23:37,SERVER_ACK,48,0
*** Trama sin '*CRC' reconocible. ***

=== Registro 2295 (2296/4081) ===

<-- Respuesta cruda: $CFG,ACK,LOGREAD,2295,2026-07-24 13:24:02,HEARTBEAT_RECEIVED,0,0
*** Trama sin '*CRC' reconocible. ***

=== Registro 2296 (2297/4081) ===

<-- Respuesta cruda: $CFG,BAD_CRC,LOGREAD,2296,2026-07-24 13:24:37,SEND_OK,0,12288
*** Trama sin '*CRC' reconocible. ***

=== Registro 2297 (2298/4081) ===

<-- Respuesta cruda: $CFG,BAD_CRC,LOGREAD,2297,0000-00-41 237:24:37,SERVER_ACK,48,0
*** Trama sin '*CRC' reconocible. ***

=== Registro 2298 (2299/4081) ===

<-- Respuesta cruda: $CFG,ACK,LOGREAD,2298,2026-07-24 13:25:05,HEARTBEAT_RECEIVED,0,0
*** Trama sin '*CRC' reconocible. ***

=== Registro 2299 (2300/4081) ===

<-- Respuesta cruda: $CFG,ACK,LOGREAD,2299,2026-07-24 13:25:37,SEND_OK,0,0
*** Trama sin '*CRC' reconocible. ***

=== Registro 2300 (2301/4081) ===

<-- Respuesta cruda: $CFG,ACK,LOGREAD,2300,2026-07-24 13:25:37,SERVER_ACK,48,0
*** Trama sin '*CRC' reconocible. ***

=== Registro 2301 (2302/4081) ===

<-- Respuesta cruda: $CFG,ACK,LOGREAD,2301,2026-07-24 13:26:08,HEARTBEAT_RECEIVED,0,0
*** Trama sin '*CRC' reconocible. ***

=== Registro 2302 (2303/4081) ===

<-- Respuesta cruda: $CFG,ACK,LOGREAD,2302,2026-07-24 13:26:37,SEND_OK,0,0
*** Trama sin '*CRC' reconocible. ***

=== Registro 2303 (2304/4081) ===

<-- Respuesta cruda: $CFG,BAD_CRC,LOGREAD,2303,2026-07-24 13:26:37,SERVER_ACK,1141972237,0
*** Trama sin '*CRC' reconocible. ***

=== Registro 2304 (2305/4081) ===

<-- Respuesta cruda: $CFG,BAD_CRC,LOGREAD,2304,0000-00-52 211:27:11,HEARTBEAT_RECEIVED,0,0
*** Trama sin '*CRC' reconocible. ***

=== Registro 2305 (2306/4081) ===

<-- Respuesta cruda: $CFG,ACK,LOGREAD,2305,2026-07-24 13:27:37,SEND_OK,0,0
*** Trama sin '*CRC' reconocible. ***

=== Registro 2306 (2307/4081) ===

<-- Respuesta cruda: $CFG,ACK,LOGREAD,2306,2026-07-24 13:27:38,SERVER_ACK,48,0
*** Trama sin '*CRC' reconocible. ***

=== Registro 2307 (2308/4081) ===

<-- Respuesta cruda: $CFG,ACK,LOGREAD,2307,2026-07-24 13:28:14,HEARTBEAT_RECEIVED,0,0
*** Trama sin '*CRC' reconocible. ***

=== Registro 2308 (2309/4081) ===

<-- Respuesta cruda: $CFG,ACK,LOGREAD,2308,2026-07-24 13:28:37,SEND_OK,0,0
*** Trama sin '*CRC' reconocible. ***

=== Registro 2309 (2310/4081) ===

<-- Respuesta cruda: $CFG,ACK,LOGREAD,2309,2026-07-24 13:28:38,SERVER_ACK,48,0
*** Trama sin '*CRC' reconocible. ***

=== Registro 2310 (2311/4081) ===

<-- Respuesta cruda: $CFG,BAD_CRC,LOGREAD,2310,2026-07-24 36:255:255,UNKNOWN,4294967295,4294967295
*** Trama sin '*CRC' reconocible. ***

=== Registro 2311 (2312/4081) ===

<-- Respuesta cruda: $CFG,ACK,LOGREAD,2311,2026-07-24 13:29:38,SEND_OK,0,0
*** Trama sin '*CRC' reconocible. ***

=== Registro 2312 (2313/4081) ===

<-- Respuesta cruda: $CFG,ACK,LOGREAD,2312,2026-07-24 13:29:38,SERVER_ACK,48,0
*** Trama sin '*CRC' reconocible. ***

=== Registro 2313 (2314/4081) ===

<-- Respuesta cruda: $CFG,ACK,LOGREAD,2313,2026-07-24 13:30:20,HEARTBEAT_RECEIVED,0,0
*** Trama sin '*CRC' reconocible. ***

=== Registro 2314 (2315/4081) ===

<-- Respuesta cruda: $CFG,ACK,LOGREAD,2314,2026-07-24 13:30:38,SEND_OK,0,0
*** Trama sin '*CRC' reconocible. ***

=== Registro 2315 (2316/4081) ===

<-- Respuesta cruda: $CFG,ACK,LOGREAD,2315,2026-07-24 13:30:38,SERVER_ACK,48,0
*** Trama sin '*CRC' reconocible. ***

=== Registro 2316 (2317/4081) ===

<-- Respuesta cruda: $CFG,BAD_CRC,LOGREAD,2316,2026-07-24 13:31:23,HEARTBEAT_RECEIVED,0,0
*** Trama sin '*CRC' reconocible. ***

=== Registro 2317 (2318/4081) ===

<-- Respuesta cruda: $CFG,BAD_CRC,LOGREAD,2317,0000-00-00 147:31:38,SEND_OK,0,0
*** Trama sin '*CRC' reconocible. ***

=== Registro 2318 (2319/4081) ===

<-- Respuesta cruda: $CFG,ACK,LOGREAD,2318,2026-07-24 13:31:38,SERVER_ACK,48,0
*** Trama sin '*CRC' reconocible. ***

=== Registro 2319 (2320/4081) ===

<-- Respuesta cruda: $CFG,ACK,LOGREAD,2319,2026-07-24 13:32:26,HEARTBEAT_RECEIVED,0,0
*** Trama sin '*CRC' reconocible. ***

=== Registro 2320 (2321/4081) ===

<-- Respuesta cruda: $CFG,ACK,LOGREAD,2320,2026-07-24 13:32:38,SEND_OK,0,0
*** Trama sin '*CRC' reconocible. ***

=== Registro 2321 (2322/4081) ===

<-- Respuesta cruda: $CFG,ACK,LOGREAD,2321,2026-07-24 13:32:39,SERVER_ACK,48,0
*** Trama sin '*CRC' reconocible. ***

=== Registro 2322 (2323/4081) ===

<-- Respuesta cruda: $CFG,ACK,LOGREAD,2322,2026-07-24 13:33:29,HEARTBEAT_RECEIVED,0,0
*** Trama sin '*CRC' reconocible. ***

=== Registro 2323 (2324/4081) ===

<-- Respuesta cruda: $CFG,BAD_CRC,LOGREAD,2323,2026-07-24 13:33:39,SEND_OK,0,12288
*** Trama sin '*CRC' reconocible. ***

=== Registro 2324 (2325/4081) ===

<-- Respuesta cruda: $CFG,BAD_CRC,LOGREAD,2324,0000-00-183 12:33:39,SERVER_ACK,48,0
*** Trama sin '*CRC' reconocible. ***

=== Registro 2325 (2326/4081) ===

<-- Respuesta cruda: $CFG,ACK,LOGREAD,2325,2026-07-24 13:34:32,HEARTBEAT_RECEIVED,0,0
*** Trama sin '*CRC' reconocible. ***

=== Registro 2326 (2327/4081) ===

<-- Respuesta cruda: $CFG,ACK,LOGREAD,2326,2026-07-24 13:34:39,SEND_OK,0,0
*** Trama sin '*CRC' reconocible. ***

=== Registro 2327 (2328/4081) ===

<-- Respuesta cruda: $CFG,ACK,LOGREAD,2327,2026-07-24 13:34:39,SERVER_ACK,48,0
*** Trama sin '*CRC' reconocible. ***

=== Registro 2328 (2329/4081) ===

<-- Respuesta cruda: $CFG,ACK,LOGREAD,2328,2026-07-24 13:35:35,HEARTBEAT_RECEIVED,0,0
*** Trama sin '*CRC' reconocible. ***

=== Registro 2329 (2330/4081) ===

<-- Respuesta cruda: $CFG,ACK,LOGREAD,2329,2026-07-24 13:35:39,SEND_OK,0,0
*** Trama sin '*CRC' reconocible. ***

=== Registro 2330 (2331/4081) ===

<-- Respuesta cruda: $CFG,BAD_CRC,LOGREAD,2330,2026-07-24 13:35:39,SERVER_ACK,908600845,0
*** Trama sin '*CRC' reconocible. ***

=== Registro 2331 (2332/4081) ===

<-- Respuesta cruda: $CFG,BAD_CRC,LOGREAD,2331,0000-00-120 16:36:38,HEARTBEAT_RECEIVED,0,0
*** Trama sin '*CRC' reconocible. ***

=== Registro 2332 (2333/4081) ===

<-- Respuesta cruda: $CFG,ACK,LOGREAD,2332,2026-07-24 13:36:39,SEND_OK,0,0
*** Trama sin '*CRC' reconocible. ***

=== Registro 2333 (2334/4081) ===

<-- Respuesta cruda: $CFG,ACK,LOGREAD,2333,2026-07-24 13:36:39,SERVER_ACK,48,0
*** Trama sin '*CRC' reconocible. ***

=== Registro 2334 (2335/4081) ===

<-- Respuesta cruda: $CFG,ACK,LOGREAD,2334,2026-07-24 13:37:39,SEND_OK,0,0
*** Trama sin '*CRC' reconocible. ***

=== Registro 2335 (2336/4081) ===

<-- Respuesta cruda: $CFG,ACK,LOGREAD,2335,2026-07-24 13:37:40,SERVER_ACK,48,0
*** Trama sin '*CRC' reconocible. ***

=== Registro 2336 (2337/4081) ===

<-- Respuesta cruda: $CFG,ACK,LOGREAD,2336,2026-07-24 13:37:41,HEARTBEAT_RECEIVED,0,0
*** Trama sin '*CRC' reconocible. ***

=== Registro 2337 (2338/4081) ===

<-- Respuesta cruda: $CFG,BAD_CRC,LOGREAD,2337,2026-07-238 00:255:255,UNKNOWN,4294967295,4294967295
*** Trama sin '*CRC' reconocible. ***

=== Registro 2338 (2339/4081) ===

<-- Respuesta cruda: $CFG,ACK,LOGREAD,2338,2026-07-24 13:38:40,SERVER_ACK,48,0
*** Trama sin '*CRC' reconocible. ***

=== Registro 2339 (2340/4081) ===

<-- Respuesta cruda: $CFG,ACK,LOGREAD,2339,2026-07-24 13:38:44,HEARTBEAT_RECEIVED,0,0
*** Trama sin '*CRC' reconocible. ***

=== Registro 2340 (2341/4081) ===

<-- Respuesta cruda: $CFG,ACK,LOGREAD,2340,2026-07-24 13:39:40,SEND_OK,0,0
*** Trama sin '*CRC' reconocible. ***

=== Registro 2341 (2342/4081) ===

<-- Respuesta cruda: $CFG,ACK,LOGREAD,2341,2026-07-24 13:39:40,SERVER_ACK,48,0
*** Trama sin '*CRC' reconocible. ***

=== Registro 2342 (2343/4081) ===

<-- Respuesta cruda: $CFG,ACK,LOGREAD,2342,2026-07-24 13:39:47,HEARTBEAT_RECEIVED,0,0
*** Trama sin '*CRC' reconocible. ***

=== Registro 2343 (2344/4081) ===

<-- Respuesta cruda: $CFG,BAD_CRC,LOGREAD,2343,2026-07-24 13:40:40,SEND_OK,0,0
*** Trama sin '*CRC' reconocible. ***

=== Registro 2344 (2345/4081) ===

<-- Respuesta cruda: $CFG,BAD_CRC,LOGREAD,2344,0000-00-16 71:40:40,SERVER_ACK,48,0
*** Trama sin '*CRC' reconocible. ***

=== Registro 2345 (2346/4081) ===

<-- Respuesta cruda: $CFG,ACK,LOGREAD,2345,2026-07-24 13:40:50,HEARTBEAT_RECEIVED,0,0
*** Trama sin '*CRC' reconocible. ***

=== Registro 2346 (2347/4081) ===

<-- Respuesta cruda: $CFG,ACK,LOGREAD,2346,2026-07-24 13:41:40,SEND_OK,0,0
*** Trama sin '*CRC' reconocible. ***

=== Registro 2347 (2348/4081) ===

<-- Respuesta cruda: $CFG,ACK,LOGREAD,2347,2026-07-24 13:41:41,SERVER_ACK,48,0
*** Trama sin '*CRC' reconocible. ***

=== Registro 2348 (2349/4081) ===

<-- Respuesta cruda: $CFG,ACK,LOGREAD,2348,2026-07-24 13:41:53,HEARTBEAT_RECEIVED,0,0
*** Trama sin '*CRC' reconocible. ***

=== Registro 2349 (2350/4081) ===

<-- Respuesta cruda: $CFG,ACK,LOGREAD,2349,2026-07-24 13:42:40,SEND_OK,0,0
*** Trama sin '*CRC' reconocible. ***

=== Registro 2350 (2351/4081) ===

<-- Respuesta cruda: $CFG,BAD_CRC,LOGREAD,2350,2026-07-24 13:42:41,SERVER_ACK,1140850736,0
*** Trama sin '*CRC' reconocible. ***

=== Registro 2351 (2352/4081) ===

<-- Respuesta cruda: $CFG,BAD_CRC,LOGREAD,2351,0000-00-03 167:42:56,HEARTBEAT_RECEIVED,0,0
*** Trama sin '*CRC' reconocible. ***

=== Registro 2352 (2353/4081) ===

<-- Respuesta cruda: $CFG,ACK,LOGREAD,2352,2026-07-24 13:43:41,SEND_OK,0,0
*** Trama sin '*CRC' reconocible. ***

=== Registro 2353 (2354/4081) ===

<-- Respuesta cruda: $CFG,ACK,LOGREAD,2353,2026-07-24 13:43:41,SERVER_ACK,48,0
*** Trama sin '*CRC' reconocible. ***

=== Registro 2354 (2355/4081) ===

<-- Respuesta cruda: $CFG,ACK,LOGREAD,2354,2026-07-24 13:43:59,HEARTBEAT_RECEIVED,0,0
*** Trama sin '*CRC' reconocible. ***

=== Registro 2355 (2356/4081) ===

<-- Respuesta cruda: $CFG,ACK,LOGREAD,2355,2026-07-24 13:44:41,SEND_OK,0,0
*** Trama sin '*CRC' reconocible. ***

=== Registro 2356 (2357/4081) ===

<-- Respuesta cruda: $CFG,ACK,LOGREAD,2356,2026-07-24 13:44:41,SERVER_ACK,48,0
*** Trama sin '*CRC' reconocible. ***

=== Registro 2357 (2358/4081) ===

<-- Respuesta cruda: $CFG,BAD_CRC,LOGREAD,2357,2026-07-24 13:45:02,SIM_PIN_REQUIRED,908734221,0
*** Trama sin '*CRC' reconocible. ***

=== Registro 2358 (2359/4081) ===

<-- Respuesta cruda: $CFG,BAD_CRC,LOGREAD,2358,0000-00-22 168:45:41,SEND_OK,0,0
*** Trama sin '*CRC' reconocible. ***

=== Registro 2359 (2360/4081) ===

<-- Respuesta cruda: $CFG,ACK,LOGREAD,2359,2026-07-24 13:45:41,SERVER_ACK,48,0
*** Trama sin '*CRC' reconocible. ***

=== Registro 2360 (2361/4081) ===

<-- Respuesta cruda: $CFG,ACK,LOGREAD,2360,2026-07-24 13:46:05,HEARTBEAT_RECEIVED,0,0
*** Trama sin '*CRC' reconocible. ***

=== Registro 2361 (2362/4081) ===

<-- Respuesta cruda: $CFG,ACK,LOGREAD,2361,2026-07-24 13:46:41,SEND_OK,0,0
*** Trama sin '*CRC' reconocible. ***

=== Registro 2362 (2363/4081) ===

<-- Respuesta cruda: $CFG,ACK,LOGREAD,2362,2026-07-24 13:46:42,SERVER_ACK,48,0
*** Trama sin '*CRC' reconocible. ***

=== Registro 2363 (2364/4081) ===

<-- Respuesta cruda: $CFG,ACK,LOGREAD,2363,2026-07-24 13:47:08,HEARTBEAT_RECEIVED,0,0
*** Trama sin '*CRC' reconocible. ***

=== Registro 2364 (2365/4081) ===

<-- Respuesta cruda: $CFG,BAD_CRC,LOGREAD,2364,2026-00-208 143:255:255,UNKNOWN,4294967295,4294967295
*** Trama sin '*CRC' reconocible. ***

=== Registro 2365 (2366/4081) ===

<-- Respuesta cruda: $CFG,ACK,LOGREAD,2365,2026-07-24 13:47:42,SERVER_ACK,48,0
*** Trama sin '*CRC' reconocible. ***

=== Registro 2366 (2367/4081) ===

<-- Respuesta cruda: $CFG,ACK,LOGREAD,2366,2026-07-24 13:48:11,HEARTBEAT_RECEIVED,0,0
*** Trama sin '*CRC' reconocible. ***

=== Registro 2367 (2368/4081) ===

<-- Respuesta cruda: $CFG,ACK,LOGREAD,2367,2026-07-24 13:48:42,SEND_OK,0,0
*** Trama sin '*CRC' reconocible. ***

=== Registro 2368 (2369/4081) ===

<-- Respuesta cruda: $CFG,ACK,LOGREAD,2368,2026-07-24 13:48:42,SERVER_ACK,48,0
*** Trama sin '*CRC' reconocible. ***

=== Registro 2369 (2370/4081) ===

<-- Respuesta cruda: $CFG,ACK,LOGREAD,2369,2026-07-24 13:49:14,HEARTBEAT_RECEIVED,0,0
*** Trama sin '*CRC' reconocible. ***

=== Registro 2370 (2371/4081) ===

<-- Respuesta cruda: $CFG,BAD_CRC,LOGREAD,2370,2026-07-24 13:49:42,SEND_OK,0,0
*** Trama sin '*CRC' reconocible. ***

=== Registro 2371 (2372/4081) ===

<-- Respuesta cruda: $CFG,BAD_CRC,LOGREAD,2371,0000-00-46 200:49:42,SERVER_ACK,48,0
*** Trama sin '*CRC' reconocible. ***

=== Registro 2372 (2373/4081) ===

<-- Respuesta cruda: $CFG,ACK,LOGREAD,2372,2026-07-24 13:50:17,HEARTBEAT_RECEIVED,0,0
*** Trama sin '*CRC' reconocible. ***

=== Registro 2373 (2374/4081) ===

<-- Respuesta cruda: $CFG,ACK,LOGREAD,2373,2026-07-24 13:50:42,SEND_OK,0,0
*** Trama sin '*CRC' reconocible. ***

=== Registro 2374 (2375/4081) ===

<-- Respuesta cruda: $CFG,ACK,LOGREAD,2374,2026-07-24 13:50:42,SERVER_ACK,48,0
*** Trama sin '*CRC' reconocible. ***

=== Registro 2375 (2376/4081) ===

<-- Respuesta cruda: $CFG,ACK,LOGREAD,2375,2026-07-24 13:51:20,HEARTBEAT_RECEIVED,0,0
*** Trama sin '*CRC' reconocible. ***

=== Registro 2376 (2377/4081) ===

<-- Respuesta cruda: $CFG,ACK,LOGREAD,2376,2026-07-24 13:51:42,SEND_OK,0,0
*** Trama sin '*CRC' reconocible. ***

=== Registro 2377 (2378/4081) ===

<-- Respuesta cruda: $CFG,BAD_CRC,LOGREAD,2377,2026-07-24 13:51:43,SERVER_ACK,1142751280,0
*** Trama sin '*CRC' reconocible. ***

=== Registro 2378 (2379/4081) ===

<-- Respuesta cruda: $CFG,BAD_CRC,LOGREAD,2378,0000-00-106 80:52:23,HEARTBEAT_RECEIVED,0,0
*** Trama sin '*CRC' reconocible. ***

=== Registro 2379 (2380/4081) ===

<-- Respuesta cruda: $CFG,ACK,LOGREAD,2379,2026-07-24 13:52:43,SEND_OK,0,0
*** Trama sin '*CRC' reconocible. ***

=== Registro 2380 (2381/4081) ===

<-- Respuesta cruda: $CFG,ACK,LOGREAD,2380,2026-07-24 13:52:43,SERVER_ACK,48,0
*** Trama sin '*CRC' reconocible. ***

=== Registro 2381 (2382/4081) ===

<-- Respuesta cruda: $CFG,ACK,LOGREAD,2381,2026-07-24 13:53:26,HEARTBEAT_RECEIVED,0,0
*** Trama sin '*CRC' reconocible. ***

=== Registro 2382 (2383/4081) ===

<-- Respuesta cruda: $CFG,ACK,LOGREAD,2382,2026-07-24 13:53:43,SEND_OK,0,0
*** Trama sin '*CRC' reconocible. ***

=== Registro 2383 (2384/4081) ===

<-- Respuesta cruda: $CFG,ACK,LOGREAD,2383,2026-07-24 13:53:43,SERVER_ACK,48,0
*** Trama sin '*CRC' reconocible. ***

=== Registro 2384 (2385/4081) ===

<-- Respuesta cruda: $CFG,BAD_CRC,LOGREAD,2384,2026-07-24 13:54:07,SIM_PIN_REQUIRED,908802061,0
*** Trama sin '*CRC' reconocible. ***

=== Registro 2385 (2386/4081) ===

<-- Respuesta cruda: $CFG,BAD_CRC,LOGREAD,2385,0000-00-68 79:54:43,SEND_OK,0,0
*** Trama sin '*CRC' reconocible. ***

=== Registro 2386 (2387/4081) ===

<-- Respuesta cruda: $CFG,ACK,LOGREAD,2386,2026-07-24 13:54:43,SERVER_ACK,48,0
*** Trama sin '*CRC' reconocible. ***

=== Registro 2387 (2388/4081) ===

<-- Respuesta cruda: $CFG,ACK,LOGREAD,2387,2026-07-24 13:55:32,HEARTBEAT_RECEIVED,0,0
*** Trama sin '*CRC' reconocible. ***

=== Registro 2388 (2389/4081) ===

<-- Respuesta cruda: $CFG,ACK,LOGREAD,2388,2026-07-24 13:55:43,SEND_OK,0,0
*** Trama sin '*CRC' reconocible. ***

=== Registro 2389 (2390/4081) ===

<-- Respuesta cruda: $CFG,ACK,LOGREAD,2389,2026-07-24 13:55:44,SERVER_ACK,48,0
*** Trama sin '*CRC' reconocible. ***

=== Registro 2390 (2391/4081) ===

<-- Respuesta cruda: $CFG,ACK,LOGREAD,2390,2026-07-24 13:56:35,HEARTBEAT_RECEIVED,0,0
*** Trama sin '*CRC' reconocible. ***

=== Registro 2391 (2392/4081) ===

<-- Respuesta cruda: $CFG,BAD_CRC,LOGREAD,2391,0234-00-19 96:255:255,UNKNOWN,4294967295,4294967295
*** Trama sin '*CRC' reconocible. ***

=== Registro 2392 (2393/4081) ===

<-- Respuesta cruda: $CFG,ACK,LOGREAD,2392,2026-07-24 13:56:44,SERVER_ACK,48,0
*** Trama sin '*CRC' reconocible. ***

=== Registro 2393 (2394/4081) ===

<-- Respuesta cruda: $CFG,ACK,LOGREAD,2393,2026-07-24 13:57:38,HEARTBEAT_RECEIVED,0,0
*** Trama sin '*CRC' reconocible. ***

=== Registro 2394 (2395/4081) ===

<-- Respuesta cruda: $CFG,ACK,LOGREAD,2394,2026-07-24 13:57:44,SEND_OK,0,0
*** Trama sin '*CRC' reconocible. ***

=== Registro 2395 (2396/4081) ===

<-- Respuesta cruda: $CFG,ACK,LOGREAD,2395,2026-07-24 13:57:44,SERVER_ACK,48,0
*** Trama sin '*CRC' reconocible. ***

=== Registro 2396 (2397/4081) ===

<-- Respuesta cruda: $CFG,ACK,LOGREAD,2396,2026-07-24 13:58:41,HEARTBEAT_RECEIVED,0,0
*** Trama sin '*CRC' reconocible. ***

=== Registro 2397 (2398/4081) ===

<-- Respuesta cruda: $CFG,BAD_CRC,LOGREAD,2397,2026-07-24 13:58:44,SEND_OK,0,0
*** Trama sin '*CRC' reconocible. ***

=== Registro 2398 (2399/4081) ===

<-- Respuesta cruda: $CFG,BAD_CRC,LOGREAD,2398,0000-00-30 218:58:44,SERVER_ACK,48,0
*** Trama sin '*CRC' reconocible. ***

=== Registro 2399 (2400/4081) ===

<-- Respuesta cruda: $CFG,ACK,LOGREAD,2399,2026-07-24 13:59:44,SEND_OK,0,0
*** Trama sin '*CRC' reconocible. ***

=== Registro 2400 (2401/4081) ===

<-- Respuesta cruda: $CFG,ACK,LOGREAD,2400,2026-07-24 13:59:44,HEARTBEAT_RECEIVED,0,0
*** Trama sin '*CRC' reconocible. ***

=== Registro 2401 (2402/4081) ===

<-- Respuesta cruda: $CFG,ACK,LOGREAD,2401,2026-07-24 13:59:44,SERVER_ACK,48,0
*** Trama sin '*CRC' reconocible. ***

=== Registro 2402 (2403/4081) ===

<-- Respuesta cruda: $CFG,ACK,LOGREAD,2402,2026-07-24 14:00:05,CID_RECEIVED,0,0
*** Trama sin '*CRC' reconocible. ***

=== Registro 2403 (2404/4081) ===

<-- Respuesta cruda: $CFG,ACK,LOGREAD,2403,2026-07-24 14:00:05,SEND_OK,0,0
*** Trama sin '*CRC' reconocible. ***

=== Registro 2404 (2405/4081) ===

<-- Respuesta cruda: $CFG,BAD_CRC,LOGREAD,2404,2026-07-24 14:00:06,SERVER_ACK,1141637680,0
*** Trama sin '*CRC' reconocible. ***

=== Registro 2405 (2406/4081) ===

<-- Respuesta cruda: $CFG,BAD_CRC,LOGREAD,2405,0000-00-159 70:00:06,SERVER_ACK,0,0
*** Trama sin '*CRC' reconocible. ***

=== Registro 2406 (2407/4081) ===

<-- Respuesta cruda: $CFG,ACK,LOGREAD,2406,2026-07-24 14:01:06,SEND_OK,0,0
*** Trama sin '*CRC' reconocible. ***

=== Registro 2407 (2408/4081) ===

<-- Respuesta cruda: $CFG,ACK,LOGREAD,2407,2026-07-24 14:01:06,SERVER_ACK,48,0
*** Trama sin '*CRC' reconocible. ***

=== Registro 2408 (2409/4081) ===

<-- Respuesta cruda: $CFG,ACK,LOGREAD,2408,2026-07-24 14:01:09,HEARTBEAT_RECEIVED,0,0
*** Trama sin '*CRC' reconocible. ***

=== Registro 2409 (2410/4081) ===

<-- Respuesta cruda: $CFG,ACK,LOGREAD,2409,2026-07-24 14:02:06,SEND_OK,0,0
*** Trama sin '*CRC' reconocible. ***

=== Registro 2410 (2411/4081) ===

<-- Respuesta cruda: $CFG,ACK,LOGREAD,2410,2026-07-24 14:02:06,SERVER_ACK,48,0
*** Trama sin '*CRC' reconocible. ***

=== Registro 2411 (2412/4081) ===

<-- Respuesta cruda: $CFG,BAD_CRC,LOGREAD,2411,2026-07-24 14:255:255,UNKNOWN,4294967295,4294967295
*** Trama sin '*CRC' reconocible. ***

=== Registro 2412 (2413/4081) ===

<-- Respuesta cruda: $CFG,ACK,LOGREAD,2412,2026-07-24 14:03:06,SEND_OK,0,0
*** Trama sin '*CRC' reconocible. ***

=== Registro 2413 (2414/4081) ===

<-- Respuesta cruda: $CFG,ACK,LOGREAD,2413,2026-07-24 14:03:07,SERVER_ACK,48,0
*** Trama sin '*CRC' reconocible. ***

=== Registro 2414 (2415/4081) ===

<-- Respuesta cruda: $CFG,ACK,LOGREAD,2414,2026-07-24 14:03:15,HEARTBEAT_RECEIVED,0,0
*** Trama sin '*CRC' reconocible. ***

=== Registro 2415 (2416/4081) ===

<-- Respuesta cruda: $CFG,ACK,LOGREAD,2415,2026-07-24 14:04:07,SEND_OK,0,0
*** Trama sin '*CRC' reconocible. ***

=== Registro 2416 (2417/4081) ===

<-- Respuesta cruda: $CFG,ACK,LOGREAD,2416,2026-07-24 14:04:07,SERVER_ACK,48,0
*** Trama sin '*CRC' reconocible. ***

=== Registro 2417 (2418/4081) ===

<-- Respuesta cruda: $CFG,ACK,LOGREAD,2417,2026-07-24 14:04:18,HEARTBEAT_RECEIVED,0,0
*** Trama sin '*CRC' reconocible. ***

=== Registro 2418 (2419/4081) ===

<-- Respuesta cruda: $CFG,BAD_CRC,LOGREAD,2418,0000-00-65 147:05:07,SEND_OK,0,0
*** Trama sin '*CRC' reconocible. ***

=== Registro 2419 (2420/4081) ===

<-- Respuesta cruda: $CFG,ACK,LOGREAD,2419,2026-07-24 14:05:07,SERVER_ACK,48,0
*** Trama sin '*CRC' reconocible. ***

=== Registro 2420 (2421/4081) ===

<-- Respuesta cruda: $CFG,ACK,LOGREAD,2420,2026-07-24 14:05:21,HEARTBEAT_RECEIVED,0,0
*** Trama sin '*CRC' reconocible. ***

=== Registro 2421 (2422/4081) ===

<-- Respuesta cruda: $CFG,ACK,LOGREAD,2421,2026-07-24 14:06:07,SEND_OK,0,0
*** Trama sin '*CRC' reconocible. ***

=== Registro 2422 (2423/4081) ===

<-- Respuesta cruda: $CFG,ACK,LOGREAD,2422,2026-07-24 14:06:07,SERVER_ACK,48,0
*** Trama sin '*CRC' reconocible. ***

=== Registro 2423 (2424/4081) ===

<-- Respuesta cruda: $CFG,ACK,LOGREAD,2423,2026-07-24 14:06:24,HEARTBEAT_RECEIVED,0,0
*** Trama sin '*CRC' reconocible. ***

=== Registro 2424 (2425/4081) ===

<-- Respuesta cruda: $CFG,BAD_CRC,LOGREAD,2424,2026-07-24 14:07:07,SEND_OK,0,12288
*** Trama sin '*CRC' reconocible. ***

=== Registro 2425 (2426/4081) ===

<-- Respuesta cruda: $CFG,BAD_CRC,LOGREAD,2425,0000-00-185 145:07:08,SERVER_ACK,48,0
*** Trama sin '*CRC' reconocible. ***

=== Registro 2426 (2427/4081) ===

<-- Respuesta cruda: $CFG,ACK,LOGREAD,2426,2026-07-24 14:07:27,HEARTBEAT_RECEIVED,0,0
*** Trama sin '*CRC' reconocible. ***

=== Registro 2427 (2428/4081) ===

<-- Respuesta cruda: $CFG,ACK,LOGREAD,2427,2026-07-24 14:08:07,SEND_OK,0,0
*** Trama sin '*CRC' reconocible. ***

=== Registro 2428 (2429/4081) ===

<-- Respuesta cruda: $CFG,ACK,LOGREAD,2428,2026-07-24 14:08:08,SERVER_ACK,48,0
*** Trama sin '*CRC' reconocible. ***

=== Registro 2429 (2430/4081) ===

<-- Respuesta cruda: $CFG,ACK,LOGREAD,2429,2026-07-24 14:08:30,HEARTBEAT_RECEIVED,0,0
*** Trama sin '*CRC' reconocible. ***

=== Registro 2430 (2431/4081) ===

<-- Respuesta cruda: $CFG,ACK,LOGREAD,2430,2026-07-24 14:09:08,SEND_OK,0,0
*** Trama sin '*CRC' reconocible. ***

=== Registro 2431 (2432/4081) ===

<-- Respuesta cruda: $CFG,BAD_CRC,LOGREAD,2431,2026-07-24 14:09:08,SERVER_ACK,1143409422,0
*** Trama sin '*CRC' reconocible. ***

=== Registro 2432 (2433/4081) ===

<-- Respuesta cruda: $CFG,BAD_CRC,LOGREAD,2432,0000-00-76 46:09:33,HEARTBEAT_RECEIVED,0,0
*** Trama sin '*CRC' reconocible. ***

=== Registro 2433 (2434/4081) ===

<-- Respuesta cruda: $CFG,ACK,LOGREAD,2433,2026-07-24 14:10:08,SEND_OK,0,0
*** Trama sin '*CRC' reconocible. ***

=== Registro 2434 (2435/4081) ===

<-- Respuesta cruda: $CFG,ACK,LOGREAD,2434,2026-07-24 14:10:08,SERVER_ACK,48,0
*** Trama sin '*CRC' reconocible. ***

=== Registro 2435 (2436/4081) ===

<-- Respuesta cruda: $CFG,ACK,LOGREAD,2435,2026-07-24 14:10:36,HEARTBEAT_RECEIVED,0,0
*** Trama sin '*CRC' reconocible. ***

=== Registro 2436 (2437/4081) ===

<-- Respuesta cruda: $CFG,ACK,LOGREAD,2436,2026-07-24 14:11:08,SEND_OK,0,0
*** Trama sin '*CRC' reconocible. ***

=== Registro 2437 (2438/4081) ===

<-- Respuesta cruda: $CFG,ACK,LOGREAD,2437,2026-07-24 14:11:08,SERVER_ACK,48,0
*** Trama sin '*CRC' reconocible. ***

=== Registro 2438 (2439/4081) ===

<-- Respuesta cruda: $CFG,BAD_CRC,LOGREAD,2438,2026-07-24 39:255:255,UNKNOWN,4294967295,4294967295
*** Trama sin '*CRC' reconocible. ***

=== Registro 2439 (2440/4081) ===

<-- Respuesta cruda: $CFG,ACK,LOGREAD,2439,2026-07-24 14:12:07,SEND_OK,0,0
*** Trama sin '*CRC' reconocible. ***

=== Registro 2440 (2441/4081) ===

<-- Respuesta cruda: $CFG,ACK,LOGREAD,2440,2026-07-24 14:12:08,SERVER_ACK,48,0
*** Trama sin '*CRC' reconocible. ***

=== Registro 2441 (2442/4081) ===

<-- Respuesta cruda: $CFG,ACK,LOGREAD,2441,2026-07-24 14:12:41,HEARTBEAT_RECEIVED,0,0
*** Trama sin '*CRC' reconocible. ***

=== Registro 2442 (2443/4081) ===

<-- Respuesta cruda: $CFG,ACK,LOGREAD,2442,2026-07-24 14:13:08,SEND_OK,0,0
*** Trama sin '*CRC' reconocible. ***

=== Registro 2443 (2444/4081) ===

<-- Respuesta cruda: $CFG,ACK,LOGREAD,2443,2026-07-24 14:13:08,SERVER_ACK,48,0
*** Trama sin '*CRC' reconocible. ***

=== Registro 2444 (2445/4081) ===

<-- Respuesta cruda: $CFG,BAD_CRC,LOGREAD,2444,2026-07-24 14:13:45,HEARTBEAT_RECEIVED,0,0
*** Trama sin '*CRC' reconocible. ***

=== Registro 2445 (2446/4081) ===

<-- Respuesta cruda: $CFG,BAD_CRC,LOGREAD,2445,0000-00-80 109:14:08,SEND_OK,0,0
*** Trama sin '*CRC' reconocible. ***

=== Registro 2446 (2447/4081) ===

<-- Respuesta cruda: $CFG,ACK,LOGREAD,2446,2026-07-24 14:14:08,SERVER_ACK,48,0
*** Trama sin '*CRC' reconocible. ***

=== Registro 2447 (2448/4081) ===

<-- Respuesta cruda: $CFG,ACK,LOGREAD,2447,2026-07-24 14:14:33,CID_RECEIVED,0,0
*** Trama sin '*CRC' reconocible. ***

=== Registro 2448 (2449/4081) ===

<-- Respuesta cruda: $CFG,ACK,LOGREAD,2448,2026-07-24 14:14:33,SEND_OK,0,0
*** Trama sin '*CRC' reconocible. ***

=== Registro 2449 (2450/4081) ===

<-- Respuesta cruda: $CFG,ACK,LOGREAD,2449,2026-07-24 14:14:33,SERVER_ACK,48,0
*** Trama sin '*CRC' reconocible. ***

=== Registro 2450 (2451/4081) ===

<-- Respuesta cruda: $CFG,ACK,LOGREAD,2450,2026-07-24 14:14:33,SERVER_ACK,0,0
*** Trama sin '*CRC' reconocible. ***

=== Registro 2451 (2452/4081) ===

<-- Respuesta cruda: $CFG,BAD_CRC,LOGREAD,2451,2026-07-24 14:14:35,CID_RECEIVED,0,0
*** Trama sin '*CRC' reconocible. ***

=== Registro 2452 (2453/4081) ===

<-- Respuesta cruda: $CFG,BAD_CRC,LOGREAD,2452,0000-00-218 126:14:35,SEND_OK,0,0
*** Trama sin '*CRC' reconocible. ***

=== Registro 2453 (2454/4081) ===

<-- Respuesta cruda: $CFG,ACK,LOGREAD,2453,2026-07-24 14:14:35,SERVER_ACK,48,0
*** Trama sin '*CRC' reconocible. ***

=== Registro 2454 (2455/4081) ===

<-- Respuesta cruda: $CFG,ACK,LOGREAD,2454,2026-07-24 14:14:35,SERVER_ACK,0,0
*** Trama sin '*CRC' reconocible. ***

=== Registro 2455 (2456/4081) ===

<-- Respuesta cruda: $CFG,ACK,LOGREAD,2455,2026-07-24 14:15:36,SEND_OK,0,0
*** Trama sin '*CRC' reconocible. ***

=== Registro 2456 (2457/4081) ===

<-- Respuesta cruda: $CFG,ACK,LOGREAD,2456,2026-07-24 14:15:36,SERVER_ACK,48,0
*** Trama sin '*CRC' reconocible. ***

=== Registro 2457 (2458/4081) ===

<-- Respuesta cruda: $CFG,ACK,LOGREAD,2457,2026-07-24 14:15:39,HEARTBEAT_RECEIVED,0,0
*** Trama sin '*CRC' reconocible. ***

=== Registro 2458 (2459/4081) ===

<-- Respuesta cruda: $CFG,BAD_CRC,LOGREAD,2458,2026-07-24 14:16:36,SEND_OK,1176769038,12288
*** Trama sin '*CRC' reconocible. ***

=== Registro 2459 (2460/4081) ===

<-- Respuesta cruda: $CFG,BAD_CRC,LOGREAD,2459,0000-00-109 225:16:36,SERVER_ACK,48,0
*** Trama sin '*CRC' reconocible. ***

=== Registro 2460 (2461/4081) ===

<-- Respuesta cruda: $CFG,ACK,LOGREAD,2460,2026-07-24 14:16:42,HEARTBEAT_RECEIVED,0,0
*** Trama sin '*CRC' reconocible. ***

=== Registro 2461 (2462/4081) ===

<-- Respuesta cruda: $CFG,ACK,LOGREAD,2461,2026-07-24 14:17:36,SEND_OK,0,0
*** Trama sin '*CRC' reconocible. ***

=== Registro 2462 (2463/4081) ===

<-- Respuesta cruda: $CFG,ACK,LOGREAD,2462,2026-07-24 14:17:36,SERVER_ACK,48,0
*** Trama sin '*CRC' reconocible. ***

=== Registro 2463 (2464/4081) ===

<-- Respuesta cruda: $CFG,ACK,LOGREAD,2463,2026-07-24 14:17:45,HEARTBEAT_RECEIVED,0,0
*** Trama sin '*CRC' reconocible. ***

=== Registro 2464 (2465/4081) ===

<-- Respuesta cruda: $CFG,ACK,LOGREAD,2464,2026-07-24 14:18:36,SEND_OK,0,0
*** Trama sin '*CRC' reconocible. ***

=== Registro 2465 (2466/4081) ===

<-- Respuesta cruda: $CFG,BAD_CRC,LOGREAD,2465,2026-07-26 50:255:255,UNKNOWN,4294967295,4294967295
*** Trama sin '*CRC' reconocible. ***

=== Registro 2466 (2467/4081) ===

<-- Respuesta cruda: $CFG,ACK,LOGREAD,2466,2026-07-24 14:18:48,HEARTBEAT_RECEIVED,0,0
*** Trama sin '*CRC' reconocible. ***

=== Registro 2467 (2468/4081) ===

<-- Respuesta cruda: $CFG,ACK,LOGREAD,2467,2026-07-24 14:19:36,SEND_OK,0,0
*** Trama sin '*CRC' reconocible. ***

=== Registro 2468 (2469/4081) ===

<-- Respuesta cruda: $CFG,ACK,LOGREAD,2468,2026-07-24 14:19:37,SERVER_ACK,48,0
*** Trama sin '*CRC' reconocible. ***

=== Registro 2469 (2470/4081) ===

<-- Respuesta cruda: $CFG,ACK,LOGREAD,2469,2026-07-24 14:19:51,HEARTBEAT_RECEIVED,0,0
*** Trama sin '*CRC' reconocible. ***

=== Registro 2470 (2471/4081) ===

<-- Respuesta cruda: $CFG,ACK,LOGREAD,2470,2026-07-24 14:20:37,SEND_OK,0,0
*** Trama sin '*CRC' reconocible. ***

=== Registro 2471 (2472/4081) ===

<-- Respuesta cruda: $CFG,BAD_CRC,LOGREAD,2471,2026-07-24 14:20:37,SERVER_ACK,48,0
*** Trama sin '*CRC' reconocible. ***

=== Registro 2472 (2473/4081) ===

<-- Respuesta cruda: $CFG,BAD_CRC,LOGREAD,2472,0000-00-167 140:20:54,HEARTBEAT_RECEIVED,0,0
*** Trama sin '*CRC' reconocible. ***

=== Registro 2473 (2474/4081) ===

<-- Respuesta cruda: $CFG,ACK,LOGREAD,2473,2026-07-24 14:21:37,SEND_OK,0,0
*** Trama sin '*CRC' reconocible. ***

=== Registro 2474 (2475/4081) ===

<-- Respuesta cruda: $CFG,ACK,LOGREAD,2474,2026-07-24 14:21:37,SERVER_ACK,48,0
*** Trama sin '*CRC' reconocible. ***

=== Registro 2475 (2476/4081) ===

<-- Respuesta cruda: $CFG,ACK,LOGREAD,2475,2026-07-24 14:21:57,HEARTBEAT_RECEIVED,0,0
*** Trama sin '*CRC' reconocible. ***

=== Registro 2476 (2477/4081) ===

<-- Respuesta cruda: $CFG,ACK,LOGREAD,2476,2026-07-24 14:22:37,SEND_OK,0,0
*** Trama sin '*CRC' reconocible. ***

=== Registro 2477 (2478/4081) ===

<-- Respuesta cruda: $CFG,ACK,LOGREAD,2477,2026-07-24 14:22:37,SERVER_ACK,48,0
*** Trama sin '*CRC' reconocible. ***

=== Registro 2478 (2479/4081) ===

<-- Respuesta cruda: $CFG,BAD_CRC,LOGREAD,2478,2026-07-24 14:23:00,HEARTBEAT_RECEIVED,905969664,0
*** Trama sin '*CRC' reconocible. ***

=== Registro 2479 (2480/4081) ===

<-- Respuesta cruda: $CFG,BAD_CRC,LOGREAD,2479,0000-00-180 198:23:37,SEND_OK,0,0
*** Trama sin '*CRC' reconocible. ***

=== Registro 2480 (2481/4081) ===

<-- Respuesta cruda: $CFG,ACK,LOGREAD,2480,2026-07-24 14:23:38,SERVER_ACK,48,0
*** Trama sin '*CRC' reconocible. ***

=== Registro 2481 (2482/4081) ===

<-- Respuesta cruda: $CFG,ACK,LOGREAD,2481,2026-07-24 14:24:03,HEARTBEAT_RECEIVED,0,0
*** Trama sin '*CRC' reconocible. ***

=== Registro 2482 (2483/4081) ===

<-- Respuesta cruda: $CFG,ACK,LOGREAD,2482,2026-07-24 14:24:37,SEND_OK,0,0
*** Trama sin '*CRC' reconocible. ***

=== Registro 2483 (2484/4081) ===

<-- Respuesta cruda: $CFG,ACK,LOGREAD,2483,2026-07-24 14:24:38,SERVER_ACK,48,0
*** Trama sin '*CRC' reconocible. ***

=== Registro 2484 (2485/4081) ===

<-- Respuesta cruda: $CFG,ACK,LOGREAD,2484,2026-07-24 14:25:06,HEARTBEAT_RECEIVED,0,0
*** Trama sin '*CRC' reconocible. ***

=== Registro 2485 (2486/4081) ===

<-- Respuesta cruda: $CFG,BAD_CRC,LOGREAD,2485,2026-07-24 14:25:38,SIM_PIN_REQUIRED,1176967950,12288
*** Trama sin '*CRC' reconocible. ***

=== Registro 2486 (2487/4081) ===

<-- Respuesta cruda: $CFG,BAD_CRC,LOGREAD,2486,0000-00-74 129:25:39,SERVER_ACK,48,0
*** Trama sin '*CRC' reconocible. ***

=== Registro 2487 (2488/4081) ===

<-- Respuesta cruda: $CFG,ACK,LOGREAD,2487,2026-07-24 14:26:09,HEARTBEAT_RECEIVED,0,0
*** Trama sin '*CRC' reconocible. ***

=== Registro 2488 (2489/4081) ===

<-- Respuesta cruda: $CFG,ACK,LOGREAD,2488,2026-07-24 14:26:38,SEND_OK,0,0
*** Trama sin '*CRC' reconocible. ***

=== Registro 2489 (2490/4081) ===

<-- Respuesta cruda: $CFG,ACK,LOGREAD,2489,2026-07-24 14:26:38,SERVER_ACK,48,0
*** Trama sin '*CRC' reconocible. ***

=== Registro 2490 (2491/4081) ===

<-- Respuesta cruda: $CFG,ACK,LOGREAD,2490,2026-07-24 14:27:12,HEARTBEAT_RECEIVED,0,0
*** Trama sin '*CRC' reconocible. ***

=== Registro 2491 (2492/4081) ===

<-- Respuesta cruda: $CFG,ACK,LOGREAD,2491,2026-07-24 14:27:38,SEND_OK,0,0
*** Trama sin '*CRC' reconocible. ***

=== Registro 2492 (2493/4081) ===

<-- Respuesta cruda: $CFG,BAD_CRC,LOGREAD,2492,2026-00-71 01:255:255,UNKNOWN,4294967295,4294967295
*** Trama sin '*CRC' reconocible. ***

=== Registro 2493 (2494/4081) ===

<-- Respuesta cruda: $CFG,ACK,LOGREAD,2493,2026-07-24 14:28:15,HEARTBEAT_RECEIVED,0,0
*** Trama sin '*CRC' reconocible. ***

=== Registro 2494 (2495/4081) ===

<-- Respuesta cruda: $CFG,ACK,LOGREAD,2494,2026-07-24 14:28:38,SEND_OK,0,0
*** Trama sin '*CRC' reconocible. ***

=== Registro 2495 (2496/4081) ===

<-- Respuesta cruda: $CFG,ACK,LOGREAD,2495,2026-07-24 14:28:40,SERVER_ACK,48,0
*** Trama sin '*CRC' reconocible. ***

=== Registro 2496 (2497/4081) ===

<-- Respuesta cruda: $CFG,ACK,LOGREAD,2496,2026-07-24 14:29:18,HEARTBEAT_RECEIVED,0,0
*** Trama sin '*CRC' reconocible. ***

=== Registro 2497 (2498/4081) ===

<-- Respuesta cruda: $CFG,ACK,LOGREAD,2497,2026-07-24 14:29:39,SEND_OK,0,0
*** Trama sin '*CRC' reconocible. ***

=== Registro 2498 (2499/4081) ===

<-- Respuesta cruda: $CFG,BAD_CRC,LOGREAD,2498,2026-07-24 14:29:40,SERVER_ACK,48,0
*** Trama sin '*CRC' reconocible. ***

=== Registro 2499 (2500/4081) ===

<-- Respuesta cruda: $CFG,BAD_CRC,LOGREAD,2499,0000-00-85 82:30:21,HEARTBEAT_RECEIVED,0,0
*** Trama sin '*CRC' reconocible. ***

=== Registro 2500 (2501/4081) ===

<-- Respuesta cruda: $CFG,ACK,LOGREAD,2500,2026-07-24 14:30:39,SEND_OK,0,0
*** Trama sin '*CRC' reconocible. ***

=== Registro 2501 (2502/4081) ===

<-- Respuesta cruda: $CFG,ACK,LOGREAD,2501,2026-07-24 14:30:40,SERVER_ACK,48,0
*** Trama sin '*CRC' reconocible. ***

=== Registro 2502 (2503/4081) ===

<-- Respuesta cruda: $CFG,ACK,LOGREAD,2502,2026-07-24 14:31:24,HEARTBEAT_RECEIVED,0,0
*** Trama sin '*CRC' reconocible. ***

=== Registro 2503 (2504/4081) ===

<-- Respuesta cruda: $CFG,ACK,LOGREAD,2503,2026-07-24 14:31:39,SEND_OK,0,0
*** Trama sin '*CRC' reconocible. ***

=== Registro 2504 (2505/4081) ===

<-- Respuesta cruda: $CFG,ACK,LOGREAD,2504,2026-07-24 14:31:40,SERVER_ACK,48,0
*** Trama sin '*CRC' reconocible. ***

=== Registro 2505 (2506/4081) ===

<-- Respuesta cruda: $CFG,BAD_CRC,LOGREAD,2505,2026-07-24 14:32:27,HEARTBEAT_RECEIVED,1177092096,12288
*** Trama sin '*CRC' reconocible. ***

=== Registro 2506 (2507/4081) ===

<-- Respuesta cruda: $CFG,BAD_CRC,LOGREAD,2506,0000-00-29 147:32:39,SEND_OK,0,0
*** Trama sin '*CRC' reconocible. ***

=== Registro 2507 (2508/4081) ===

<-- Respuesta cruda: $CFG,ACK,LOGREAD,2507,2026-07-24 14:33:30,HEARTBEAT_RECEIVED,0,0
*** Trama sin '*CRC' reconocible. ***

=== Registro 2508 (2509/4081) ===

<-- Respuesta cruda: $CFG,ACK,LOGREAD,2508,2026-07-24 14:33:39,SEND_OK,0,0
*** Trama sin '*CRC' reconocible. ***

=== Registro 2509 (2510/4081) ===

<-- Respuesta cruda: $CFG,ACK,LOGREAD,2509,2026-07-24 14:33:41,SERVER_ACK,48,0
*** Trama sin '*CRC' reconocible. ***

=== Registro 2510 (2511/4081) ===

<-- Respuesta cruda: $CFG,ACK,LOGREAD,2510,2026-07-24 14:34:33,HEARTBEAT_RECEIVED,0,0
*** Trama sin '*CRC' reconocible. ***

=== Registro 2511 (2512/4081) ===

<-- Respuesta cruda: $CFG,ACK,LOGREAD,2511,2026-07-24 14:34:40,SEND_OK,0,0
*** Trama sin '*CRC' reconocible. ***

=== Registro 2512 (2513/4081) ===

<-- Respuesta cruda: $CFG,BAD_CRC,LOGREAD,2512,2026-07-24 14:34:07,SIM_PIN_REQUIRED,908600590,0
*** Trama sin '*CRC' reconocible. ***

=== Registro 2513 (2514/4081) ===

<-- Respuesta cruda: $CFG,BAD_CRC,LOGREAD,2513,0000-00-66 218:35:36,HEARTBEAT_RECEIVED,0,0
*** Trama sin '*CRC' reconocible. ***

=== Registro 2514 (2515/4081) ===

<-- Respuesta cruda: $CFG,ACK,LOGREAD,2514,2026-07-24 14:35:40,SEND_OK,0,0
*** Trama sin '*CRC' reconocible. ***

=== Registro 2515 (2516/4081) ===

<-- Respuesta cruda: $CFG,ACK,LOGREAD,2515,2026-07-24 14:35:42,SERVER_ACK,48,0
*** Trama sin '*CRC' reconocible. ***

=== Registro 2516 (2517/4081) ===

<-- Respuesta cruda: $CFG,ACK,LOGREAD,2516,2026-07-24 14:36:39,HEARTBEAT_RECEIVED,0,0
*** Trama sin '*CRC' reconocible. ***

=== Registro 2517 (2518/4081) ===

<-- Respuesta cruda: $CFG,ACK,LOGREAD,2517,2026-07-24 14:36:40,SEND_OK,0,0
*** Trama sin '*CRC' reconocible. ***

=== Registro 2518 (2519/4081) ===

<-- Respuesta cruda: $CFG,ACK,LOGREAD,2518,2026-07-24 14:36:41,SERVER_ACK,48,0
*** Trama sin '*CRC' reconocible. ***

=== Registro 2519 (2520/4081) ===

<-- Respuesta cruda: $CFG,BAD_CRC,LOGREAD,2519,0234-00-225 04:255:255,UNKNOWN,4294967295,4294967295
*** Trama sin '*CRC' reconocible. ***

=== Registro 2520 (2521/4081) ===

<-- Respuesta cruda: $CFG,ACK,LOGREAD,2520,2026-07-24 14:37:41,SERVER_ACK,48,0
*** Trama sin '*CRC' reconocible. ***

=== Registro 2521 (2522/4081) ===

<-- Respuesta cruda: $CFG,ACK,LOGREAD,2521,2026-07-24 14:37:42,HEARTBEAT_RECEIVED,0,0
*** Trama sin '*CRC' reconocible. ***

=== Registro 2522 (2523/4081) ===

<-- Respuesta cruda: $CFG,ACK,LOGREAD,2522,2026-07-24 14:38:40,SEND_OK,0,0
*** Trama sin '*CRC' reconocible. ***

=== Registro 2523 (2524/4081) ===

<-- Respuesta cruda: $CFG,ACK,LOGREAD,2523,2026-07-24 14:38:42,SERVER_ACK,48,0
*** Trama sin '*CRC' reconocible. ***

=== Registro 2524 (2525/4081) ===

<-- Respuesta cruda: $CFG,ACK,LOGREAD,2524,2026-07-24 14:38:45,HEARTBEAT_RECEIVED,0,0
*** Trama sin '*CRC' reconocible. ***

=== Registro 2525 (2526/4081) ===

<-- Respuesta cruda: $CFG,BAD_CRC,LOGREAD,2525,2026-07-24 14:39:41,SEND_OK,0,0
*** Trama sin '*CRC' reconocible. ***

=== Registro 2526 (2527/4081) ===

<-- Respuesta cruda: $CFG,BAD_CRC,LOGREAD,2526,0000-00-208 245:39:42,SERVER_ACK,48,0
*** Trama sin '*CRC' reconocible. ***

=== Registro 2527 (2528/4081) ===

<-- Respuesta cruda: $CFG,ACK,LOGREAD,2527,2026-07-24 14:39:48,HEARTBEAT_RECEIVED,0,0
*** Trama sin '*CRC' reconocible. ***

=== Registro 2528 (2529/4081) ===

<-- Respuesta cruda: $CFG,ACK,LOGREAD,2528,2026-07-24 14:40:41,SEND_OK,0,0
*** Trama sin '*CRC' reconocible. ***

=== Registro 2529 (2530/4081) ===

<-- Respuesta cruda: $CFG,ACK,LOGREAD,2529,2026-07-24 14:40:42,SERVER_ACK,48,0
*** Trama sin '*CRC' reconocible. ***

=== Registro 2530 (2531/4081) ===

<-- Respuesta cruda: $CFG,ACK,LOGREAD,2530,2026-07-24 14:40:51,HEARTBEAT_RECEIVED,0,0
*** Trama sin '*CRC' reconocible. ***

=== Registro 2531 (2532/4081) ===

<-- Respuesta cruda: $CFG,ACK,LOGREAD,2531,2026-07-24 14:41:41,SEND_OK,0,0
*** Trama sin '*CRC' reconocible. ***

=== Registro 2532 (2533/4081) ===

<-- Respuesta cruda: $CFG,BAD_CRC,LOGREAD,2532,2026-07-24 14:41:42,SERVER_ACK,908733488,0
*** Trama sin '*CRC' reconocible. ***

=== Registro 2533 (2534/4081) ===

<-- Respuesta cruda: $CFG,BAD_CRC,LOGREAD,2533,0000-00-44 98:41:54,HEARTBEAT_RECEIVED,0,0
*** Trama sin '*CRC' reconocible. ***

=== Registro 2534 (2535/4081) ===

<-- Respuesta cruda: $CFG,ACK,LOGREAD,2534,2026-07-24 14:42:41,SEND_OK,0,0
*** Trama sin '*CRC' reconocible. ***

=== Registro 2535 (2536/4081) ===

<-- Respuesta cruda: $CFG,ACK,LOGREAD,2535,2026-07-24 14:42:57,HEARTBEAT_RECEIVED,0,0
*** Trama sin '*CRC' reconocible. ***

=== Registro 2536 (2537/4081) ===

<-- Respuesta cruda: $CFG,ACK,LOGREAD,2536,2026-07-24 14:43:42,SEND_OK,0,0
*** Trama sin '*CRC' reconocible. ***

=== Registro 2537 (2538/4081) ===

<-- Respuesta cruda: $CFG,ACK,LOGREAD,2537,2026-07-24 14:43:43,SERVER_ACK,48,0
*** Trama sin '*CRC' reconocible. ***

=== Registro 2538 (2539/4081) ===

<-- Respuesta cruda: $CFG,ACK,LOGREAD,2538,2026-07-24 14:44:00,HEARTBEAT_RECEIVED,0,0
*** Trama sin '*CRC' reconocible. ***

=== Registro 2539 (2540/4081) ===

<-- Respuesta cruda: $CFG,BAD_CRC,LOGREAD,2539,2026-07-24 14:255:255,UNKNOWN,4294967295,4294967295
*** Trama sin '*CRC' reconocible. ***

=== Registro 2540 (2541/4081) ===

<-- Respuesta cruda: $CFG,ACK,LOGREAD,2540,2026-07-24 14:45:03,HEARTBEAT_RECEIVED,0,0
*** Trama sin '*CRC' reconocible. ***

=== Registro 2541 (2542/4081) ===

<-- Respuesta cruda: $CFG,ACK,LOGREAD,2541,2026-07-24 14:45:42,SEND_OK,0,0
*** Trama sin '*CRC' reconocible. ***

=== Registro 2542 (2543/4081) ===

<-- Respuesta cruda: $CFG,ACK,LOGREAD,2542,2026-07-24 14:45:43,SERVER_ACK,48,0
*** Trama sin '*CRC' reconocible. ***

=== Registro 2543 (2544/4081) ===

<-- Respuesta cruda: $CFG,ACK,LOGREAD,2543,2026-07-24 14:46:06,HEARTBEAT_RECEIVED,0,0
*** Trama sin '*CRC' reconocible. ***

=== Registro 2544 (2545/4081) ===

<-- Respuesta cruda: $CFG,ACK,LOGREAD,2544,2026-07-24 14:46:42,SEND_OK,0,0
*** Trama sin '*CRC' reconocible. ***

=== Registro 2545 (2546/4081) ===

<-- Respuesta cruda: $CFG,ACK,LOGREAD,2545,2026-07-24 14:46:45,SERVER_ACK,48,0
*** Trama sin '*CRC' reconocible. ***

=== Registro 2546 (2547/4081) ===

<-- Respuesta cruda: $CFG,BAD_CRC,LOGREAD,2546,0000-00-60 152:47:09,HEARTBEAT_RECEIVED,0,0
*** Trama sin '*CRC' reconocible. ***

=== Registro 2547 (2548/4081) ===

<-- Respuesta cruda: $CFG,ACK,LOGREAD,2547,2026-07-24 14:47:42,SEND_OK,0,0
*** Trama sin '*CRC' reconocible. ***

=== Registro 2548 (2549/4081) ===

<-- Respuesta cruda: $CFG,ACK,LOGREAD,2548,2026-07-24 14:47:44,SERVER_ACK,48,0
*** Trama sin '*CRC' reconocible. ***

=== Registro 2549 (2550/4081) ===

<-- Respuesta cruda: $CFG,ACK,LOGREAD,2549,2026-07-24 14:48:12,HEARTBEAT_RECEIVED,0,0
*** Trama sin '*CRC' reconocible. ***

=== Registro 2550 (2551/4081) ===

<-- Respuesta cruda: $CFG,ACK,LOGREAD,2550,2026-07-24 14:48:43,SEND_OK,0,0
*** Trama sin '*CRC' reconocible. ***

=== Registro 2551 (2552/4081) ===

<-- Respuesta cruda: $CFG,ACK,LOGREAD,2551,2026-07-24 14:49:15,HEARTBEAT_RECEIVED,0,0
*** Trama sin '*CRC' reconocible. ***

=== Registro 2552 (2553/4081) ===

<-- Respuesta cruda: $CFG,BAD_CRC,LOGREAD,2552,2026-07-24 14:49:43,SEND_OK,0,12288
*** Trama sin '*CRC' reconocible. ***

=== Registro 2553 (2554/4081) ===

<-- Respuesta cruda: $CFG,BAD_CRC,LOGREAD,2553,0000-00-54 46:49:44,SERVER_ACK,48,0
*** Trama sin '*CRC' reconocible. ***

=== Registro 2554 (2555/4081) ===

<-- Respuesta cruda: $CFG,ACK,LOGREAD,2554,2026-07-24 14:50:18,HEARTBEAT_RECEIVED,0,0
*** Trama sin '*CRC' reconocible. ***

=== Registro 2555 (2556/4081) ===

<-- Respuesta cruda: $CFG,ACK,LOGREAD,2555,2026-07-24 14:50:43,SEND_OK,0,0
*** Trama sin '*CRC' reconocible. ***

=== Registro 2556 (2557/4081) ===

<-- Respuesta cruda: $CFG,ACK,LOGREAD,2556,2026-07-24 14:50:44,SERVER_ACK,48,0
*** Trama sin '*CRC' reconocible. ***

=== Registro 2557 (2558/4081) ===

<-- Respuesta cruda: $CFG,ACK,LOGREAD,2557,2026-07-24 14:51:21,HEARTBEAT_RECEIVED,0,0
*** Trama sin '*CRC' reconocible. ***

=== Registro 2558 (2559/4081) ===

<-- Respuesta cruda: $CFG,ACK,LOGREAD,2558,2026-07-24 14:51:43,SEND_OK,0,0
*** Trama sin '*CRC' reconocible. ***

=== Registro 2559 (2560/4081) ===

<-- Respuesta cruda: $CFG,BAD_CRC,LOGREAD,2559,2026-07-24 14:51:44,SERVER_ACK,1142830606,0
*** Trama sin '*CRC' reconocible. ***

=== Registro 2560 (2561/4081) ===

<-- Respuesta cruda: $CFG,BAD_CRC,LOGREAD,2560,0000-00-53 231:52:24,HEARTBEAT_RECEIVED,0,0
*** Trama sin '*CRC' reconocible. ***

=== Registro 2561 (2562/4081) ===

<-- Respuesta cruda: $CFG,ACK,LOGREAD,2561,2026-07-24 14:52:43,SEND_OK,0,0
*** Trama sin '*CRC' reconocible. ***

=== Registro 2562 (2563/4081) ===

<-- Respuesta cruda: $CFG,ACK,LOGREAD,2562,2026-07-24 14:52:45,SERVER_ACK,48,0
*** Trama sin '*CRC' reconocible. ***

=== Registro 2563 (2564/4081) ===

<-- Respuesta cruda: $CFG,ACK,LOGREAD,2563,2026-07-24 14:53:27,HEARTBEAT_RECEIVED,0,0
*** Trama sin '*CRC' reconocible. ***

=== Registro 2564 (2565/4081) ===

<-- Respuesta cruda: $CFG,ACK,LOGREAD,2564,2026-07-24 14:53:44,SEND_OK,0,0
*** Trama sin '*CRC' reconocible. ***

=== Registro 2565 (2566/4081) ===

<-- Respuesta cruda: $CFG,ACK,LOGREAD,2565,2026-07-24 14:53:45,SERVER_ACK,48,0
*** Trama sin '*CRC' reconocible. ***

=== Registro 2566 (2567/4081) ===

<-- Respuesta cruda: $CFG,BAD_CRC,LOGREAD,2566,2026-07-24 169:255:255,UNKNOWN,4294967295,4294967295
*** Trama sin '*CRC' reconocible. ***

=== Registro 2567 (2568/4081) ===

<-- Respuesta cruda: $CFG,ACK,LOGREAD,2567,2026-07-24 14:54:44,SEND_OK,0,0
*** Trama sin '*CRC' reconocible. ***

=== Registro 2568 (2569/4081) ===

<-- Respuesta cruda: $CFG,ACK,LOGREAD,2568,2026-07-24 14:54:45,SERVER_ACK,48,0
*** Trama sin '*CRC' reconocible. ***

=== Registro 2569 (2570/4081) ===

<-- Respuesta cruda: $CFG,ACK,LOGREAD,2569,2026-07-24 14:55:33,HEARTBEAT_RECEIVED,0,0
*** Trama sin '*CRC' reconocible. ***

=== Registro 2570 (2571/4081) ===

<-- Respuesta cruda: $CFG,ACK,LOGREAD,2570,2026-07-24 14:55:44,SEND_OK,0,0
*** Trama sin '*CRC' reconocible. ***

=== Registro 2571 (2572/4081) ===

<-- Respuesta cruda: $CFG,ACK,LOGREAD,2571,2026-07-24 14:56:36,HEARTBEAT_RECEIVED,0,0
*** Trama sin '*CRC' reconocible. ***

=== Registro 2572 (2573/4081) ===

<-- Respuesta cruda: $CFG,BAD_CRC,LOGREAD,2572,2026-07-24 14:56:44,SEND_OK,0,0
*** Trama sin '*CRC' reconocible. ***

=== Registro 2573 (2574/4081) ===

<-- Respuesta cruda: $CFG,BAD_CRC,LOGREAD,2573,0000-00-138 116:57:39,HEARTBEAT_RECEIVED,0,0
*** Trama sin '*CRC' reconocible. ***

=== Registro 2574 (2575/4081) ===

<-- Respuesta cruda: $CFG,ACK,LOGREAD,2574,2026-07-24 14:57:44,SEND_OK,0,0
*** Trama sin '*CRC' reconocible. ***

=== Registro 2575 (2576/4081) ===

<-- Respuesta cruda: $CFG,ACK,LOGREAD,2575,2026-07-24 14:57:45,SERVER_ACK,48,0
*** Trama sin '*CRC' reconocible. ***

=== Registro 2576 (2577/4081) ===

<-- Respuesta cruda: $CFG,ACK,LOGREAD,2576,2026-07-24 14:58:42,HEARTBEAT_RECEIVED,0,0
*** Trama sin '*CRC' reconocible. ***

=== Registro 2577 (2578/4081) ===

<-- Respuesta cruda: $CFG,ACK,LOGREAD,2577,2026-07-24 14:58:45,SEND_OK,0,0
*** Trama sin '*CRC' reconocible. ***

=== Registro 2578 (2579/4081) ===

<-- Respuesta cruda: $CFG,ACK,LOGREAD,2578,2026-07-24 14:58:45,SERVER_ACK,48,0
*** Trama sin '*CRC' reconocible. ***

=== Registro 2579 (2580/4081) ===

<-- Respuesta cruda: $CFG,BAD_CRC,LOGREAD,2579,2026-07-24 14:59:45,SEND_OK,0,12288
*** Trama sin '*CRC' reconocible. ***

=== Registro 2580 (2581/4081) ===

<-- Respuesta cruda: $CFG,BAD_CRC,LOGREAD,2580,0000-00-252 148:59:45,HEARTBEAT_RECEIVED,0,0
*** Trama sin '*CRC' reconocible. ***

=== Registro 2581 (2582/4081) ===

<-- Respuesta cruda: $CFG,ACK,LOGREAD,2581,2026-07-24 14:59:45,SERVER_ACK,48,0
*** Trama sin '*CRC' reconocible. ***

=== Registro 2582 (2583/4081) ===

<-- Respuesta cruda: $CFG,ACK,LOGREAD,2582,2026-07-24 15:00:45,SEND_OK,0,0
*** Trama sin '*CRC' reconocible. ***

=== Registro 2583 (2584/4081) ===

<-- Respuesta cruda: $CFG,ACK,LOGREAD,2583,2026-07-24 15:00:45,SERVER_ACK,48,0
*** Trama sin '*CRC' reconocible. ***

=== Registro 2584 (2585/4081) ===

<-- Respuesta cruda: $CFG,ACK,LOGREAD,2584,2026-07-24 15:00:48,HEARTBEAT_RECEIVED,0,0
*** Trama sin '*CRC' reconocible. ***

=== Registro 2585 (2586/4081) ===

<-- Respuesta cruda: $CFG,ACK,LOGREAD,2585,2026-07-24 15:01:45,SEND_OK,0,0
*** Trama sin '*CRC' reconocible. ***

=== Registro 2586 (2587/4081) ===

<-- Respuesta cruda: $CFG,BAD_CRC,LOGREAD,2586,2026-07-24 15:01:46,SERVER_ACK,1144587023,0
*** Trama sin '*CRC' reconocible. ***

=== Registro 2587 (2588/4081) ===

<-- Respuesta cruda: $CFG,BAD_CRC,LOGREAD,2587,0000-00-192 118:01:51,HEARTBEAT_RECEIVED,0,0
*** Trama sin '*CRC' reconocible. ***

=== Registro 2588 (2589/4081) ===

<-- Respuesta cruda: $CFG,ACK,LOGREAD,2588,2026-07-24 15:02:46,SEND_OK,0,0
*** Trama sin '*CRC' reconocible. ***

=== Registro 2589 (2590/4081) ===

<-- Respuesta cruda: $CFG,ACK,LOGREAD,2589,2026-07-24 15:02:46,SERVER_ACK,48,0
*** Trama sin '*CRC' reconocible. ***

=== Registro 2590 (2591/4081) ===

<-- Respuesta cruda: $CFG,ACK,LOGREAD,2590,2026-07-24 15:02:54,HEARTBEAT_RECEIVED,0,0
*** Trama sin '*CRC' reconocible. ***

=== Registro 2591 (2592/4081) ===

<-- Respuesta cruda: $CFG,ACK,LOGREAD,2591,2026-07-24 15:03:46,SEND_OK,0,0
*** Trama sin '*CRC' reconocible. ***

=== Registro 2592 (2593/4081) ===

<-- Respuesta cruda: $CFG,ACK,LOGREAD,2592,2026-07-24 15:03:46,SERVER_ACK,48,0
*** Trama sin '*CRC' reconocible. ***

=== Registro 2593 (2594/4081) ===

<-- Respuesta cruda: $CFG,BAD_CRC,LOGREAD,2593,2026-07-27 133:255:255,UNKNOWN,4294967295,4294967295
*** Trama sin '*CRC' reconocible. ***

=== Registro 2594 (2595/4081) ===

<-- Respuesta cruda: $CFG,ACK,LOGREAD,2594,2026-07-24 15:04:46,SEND_OK,0,0
*** Trama sin '*CRC' reconocible. ***

=== Registro 2595 (2596/4081) ===

<-- Respuesta cruda: $CFG,ACK,LOGREAD,2595,2026-07-24 15:04:46,SERVER_ACK,48,0
*** Trama sin '*CRC' reconocible. ***

=== Registro 2596 (2597/4081) ===

<-- Respuesta cruda: $CFG,ACK,LOGREAD,2596,2026-07-24 15:05:00,HEARTBEAT_RECEIVED,0,0
*** Trama sin '*CRC' reconocible. ***

=== Registro 2597 (2598/4081) ===

<-- Respuesta cruda: $CFG,ACK,LOGREAD,2597,2026-07-24 15:05:46,SEND_OK,0,0
*** Trama sin '*CRC' reconocible. ***

=== Registro 2598 (2599/4081) ===

<-- Respuesta cruda: $CFG,ACK,LOGREAD,2598,2026-07-24 15:05:47,SERVER_ACK,48,0
*** Trama sin '*CRC' reconocible. ***

=== Registro 2599 (2600/4081) ===

<-- Respuesta cruda: $CFG,BAD_CRC,LOGREAD,2599,2026-07-24 15:06:03,HEARTBEAT_RECEIVED,0,0
*** Trama sin '*CRC' reconocible. ***

=== Registro 2600 (2601/4081) ===

<-- Respuesta cruda: $CFG,BAD_CRC,LOGREAD,2600,0000-00-53 205:06:46,SEND_OK,0,0
*** Trama sin '*CRC' reconocible. ***

=== Registro 2601 (2602/4081) ===

<-- Respuesta cruda: $CFG,ACK,LOGREAD,2601,2026-07-24 15:06:47,SERVER_ACK,48,0
*** Trama sin '*CRC' reconocible. ***

=== Registro 2602 (2603/4081) ===

<-- Respuesta cruda: $CFG,ACK,LOGREAD,2602,2026-07-24 15:07:06,HEARTBEAT_RECEIVED,0,0
*** Trama sin '*CRC' reconocible. ***

=== Registro 2603 (2604/4081) ===

<-- Respuesta cruda: $CFG,ACK,LOGREAD,2603,2026-07-24 15:07:47,SEND_OK,0,0
*** Trama sin '*CRC' reconocible. ***

=== Registro 2604 (2605/4081) ===

<-- Respuesta cruda: $CFG,ACK,LOGREAD,2604,2026-07-24 15:07:47,SERVER_ACK,48,0
*** Trama sin '*CRC' reconocible. ***

=== Registro 2605 (2606/4081) ===

<-- Respuesta cruda: $CFG,ACK,LOGREAD,2605,2026-07-24 15:08:09,HEARTBEAT_RECEIVED,0,0
*** Trama sin '*CRC' reconocible. ***

=== Registro 2606 (2607/4081) ===

<-- Respuesta cruda: $CFG,BAD_CRC,LOGREAD,2606,2026-07-24 15:08:47,SEND_OK,1174405120,12288
*** Trama sin '*CRC' reconocible. ***

=== Registro 2607 (2608/4081) ===

<-- Respuesta cruda: $CFG,BAD_CRC,LOGREAD,2607,0000-00-140 140:08:47,SERVER_ACK,48,0
*** Trama sin '*CRC' reconocible. ***

=== Registro 2608 (2609/4081) ===

<-- Respuesta cruda: $CFG,ACK,LOGREAD,2608,2026-07-24 15:09:12,HEARTBEAT_RECEIVED,0,0
*** Trama sin '*CRC' reconocible. ***

=== Registro 2609 (2610/4081) ===

<-- Respuesta cruda: $CFG,ACK,LOGREAD,2609,2026-07-24 15:09:47,SEND_OK,0,0
*** Trama sin '*CRC' reconocible. ***

=== Registro 2610 (2611/4081) ===

<-- Respuesta cruda: $CFG,ACK,LOGREAD,2610,2026-07-24 15:09:47,SERVER_ACK,48,0
*** Trama sin '*CRC' reconocible. ***

=== Registro 2611 (2612/4081) ===

<-- Respuesta cruda: $CFG,ACK,LOGREAD,2611,2026-07-24 15:10:15,HEARTBEAT_RECEIVED,0,0
*** Trama sin '*CRC' reconocible. ***

=== Registro 2612 (2613/4081) ===

<-- Respuesta cruda: $CFG,ACK,LOGREAD,2612,2026-07-24 15:10:47,SEND_OK,0,0
*** Trama sin '*CRC' reconocible. ***

=== Registro 2613 (2614/4081) ===

<-- Respuesta cruda: $CFG,BAD_CRC,LOGREAD,2613,2026-07-24 15:10:48,SIM_PIN_REQUIRED,1142361359,0
*** Trama sin '*CRC' reconocible. ***

=== Registro 2614 (2615/4081) ===

<-- Respuesta cruda: $CFG,BAD_CRC,LOGREAD,2614,0000-00-86 159:11:18,HEARTBEAT_RECEIVED,0,0
*** Trama sin '*CRC' reconocible. ***

=== Registro 2615 (2616/4081) ===

<-- Respuesta cruda: $CFG,ACK,LOGREAD,2615,2026-07-24 15:11:47,SEND_OK,0,0
*** Trama sin '*CRC' reconocible. ***

=== Registro 2616 (2617/4081) ===

<-- Respuesta cruda: $CFG,ACK,LOGREAD,2616,2026-07-24 15:11:48,SERVER_ACK,48,0
*** Trama sin '*CRC' reconocible. ***

=== Registro 2617 (2618/4081) ===

<-- Respuesta cruda: $CFG,ACK,LOGREAD,2617,2026-07-24 15:12:20,HEARTBEAT_RECEIVED,0,0
*** Trama sin '*CRC' reconocible. ***

=== Registro 2618 (2619/4081) ===

<-- Respuesta cruda: $CFG,ACK,LOGREAD,2618,2026-07-24 15:12:47,SEND_OK,0,0
*** Trama sin '*CRC' reconocible. ***

=== Registro 2619 (2620/4081) ===

<-- Respuesta cruda: $CFG,ACK,LOGREAD,2619,2026-07-24 15:12:47,SERVER_ACK,48,0
*** Trama sin '*CRC' reconocible. ***

=== Registro 2620 (2621/4081) ===

<-- Respuesta cruda: $CFG,BAD_CRC,LOGREAD,2620,2026-00-214 116:255:255,UNKNOWN,4294967295,4294967295
*** Trama sin '*CRC' reconocible. ***

=== Registro 2621 (2622/4081) ===

<-- Respuesta cruda: $CFG,ACK,LOGREAD,2621,2026-07-24 15:13:47,SEND_OK,0,0
*** Trama sin '*CRC' reconocible. ***

=== Registro 2622 (2623/4081) ===

<-- Respuesta cruda: $CFG,ACK,LOGREAD,2622,2026-07-24 15:13:47,SERVER_ACK,48,0
*** Trama sin '*CRC' reconocible. ***

=== Registro 2623 (2624/4081) ===

<-- Respuesta cruda: $CFG,ACK,LOGREAD,2623,2026-07-24 15:14:26,HEARTBEAT_RECEIVED,0,0
*** Trama sin '*CRC' reconocible. ***

=== Registro 2624 (2625/4081) ===

<-- Respuesta cruda: $CFG,ACK,LOGREAD,2624,2026-07-24 15:14:34,CID_RECEIVED,0,0
*** Trama sin '*CRC' reconocible. ***

=== Registro 2625 (2626/4081) ===

<-- Respuesta cruda: $CFG,ACK,LOGREAD,2625,2026-07-24 15:14:34,SEND_OK,0,0
*** Trama sin '*CRC' reconocible. ***

=== Registro 2626 (2627/4081) ===

<-- Respuesta cruda: $CFG,BAD_CRC,LOGREAD,2626,2026-07-24 15:14:34,SERVER_ACK,48,0
*** Trama sin '*CRC' reconocible. ***

=== Registro 2627 (2628/4081) ===

<-- Respuesta cruda: $CFG,BAD_CRC,LOGREAD,2627,0000-00-30 94:14:34,SERVER_ACK,0,0
*** Trama sin '*CRC' reconocible. ***

=== Registro 2628 (2629/4081) ===

<-- Respuesta cruda: $CFG,ACK,LOGREAD,2628,2026-07-24 15:14:36,CID_RECEIVED,0,0
*** Trama sin '*CRC' reconocible. ***

=== Registro 2629 (2630/4081) ===

<-- Respuesta cruda: $CFG,ACK,LOGREAD,2629,2026-07-24 15:14:36,SEND_OK,0,0
*** Trama sin '*CRC' reconocible. ***

=== Registro 2630 (2631/4081) ===

<-- Respuesta cruda: $CFG,ACK,LOGREAD,2630,2026-07-24 15:14:36,SERVER_ACK,48,0
*** Trama sin '*CRC' reconocible. ***

=== Registro 2631 (2632/4081) ===

<-- Respuesta cruda: $CFG,ACK,LOGREAD,2631,2026-07-24 15:14:36,SERVER_ACK,0,0
*** Trama sin '*CRC' reconocible. ***

=== Registro 2632 (2633/4081) ===

<-- Respuesta cruda: $CFG,ACK,LOGREAD,2632,2026-07-24 15:15:37,SEND_OK,0,0
*** Trama sin '*CRC' reconocible. ***

=== Registro 2633 (2634/4081) ===

<-- Respuesta cruda: $CFG,BAD_CRC,LOGREAD,2633,2026-07-24 15:15:37,SERVER_ACK,1091305520,0
*** Trama sin '*CRC' reconocible. ***

=== Registro 2634 (2635/4081) ===

<-- Respuesta cruda: $CFG,BAD_CRC,LOGREAD,2634,0000-00-220 246:15:39,HEARTBEAT_RECEIVED,0,0
*** Trama sin '*CRC' reconocible. ***

=== Registro 2635 (2636/4081) ===

<-- Respuesta cruda: $CFG,ACK,LOGREAD,2635,2026-07-24 15:16:37,SEND_OK,0,0
*** Trama sin '*CRC' reconocible. ***

=== Registro 2636 (2637/4081) ===

<-- Respuesta cruda: $CFG,ACK,LOGREAD,2636,2026-07-24 15:16:37,SERVER_ACK,48,0
*** Trama sin '*CRC' reconocible. ***

=== Registro 2637 (2638/4081) ===

<-- Respuesta cruda: $CFG,ACK,LOGREAD,2637,2026-07-24 15:16:42,HEARTBEAT_RECEIVED,0,0
*** Trama sin '*CRC' reconocible. ***

=== Registro 2638 (2639/4081) ===

<-- Respuesta cruda: $CFG,ACK,LOGREAD,2638,2026-07-24 15:17:37,SEND_OK,0,0
*** Trama sin '*CRC' reconocible. ***

=== Registro 2639 (2640/4081) ===

<-- Respuesta cruda: $CFG,ACK,LOGREAD,2639,2026-07-24 15:17:37,SERVER_ACK,48,0
*** Trama sin '*CRC' reconocible. ***

=== Registro 2640 (2641/4081) ===

<-- Respuesta cruda: $CFG,BAD_CRC,LOGREAD,2640,2026-07-24 15:18:07,SIM_PIN_REQUIRED,908465423,0
*** Trama sin '*CRC' reconocible. ***

=== Registro 2641 (2642/4081) ===

<-- Respuesta cruda: $CFG,BAD_CRC,LOGREAD,2641,0000-00-171 149:18:37,SEND_OK,0,0
*** Trama sin '*CRC' reconocible. ***

=== Registro 2642 (2643/4081) ===

<-- Respuesta cruda: $CFG,ACK,LOGREAD,2642,2026-07-24 15:18:38,SERVER_ACK,48,0
*** Trama sin '*CRC' reconocible. ***

=== Registro 2643 (2644/4081) ===

<-- Respuesta cruda: $CFG,ACK,LOGREAD,2643,2026-07-24 15:19:37,SEND_OK,0,0
*** Trama sin '*CRC' reconocible. ***

=== Registro 2644 (2645/4081) ===

<-- Respuesta cruda: $CFG,ACK,LOGREAD,2644,2026-07-24 15:19:38,SERVER_ACK,48,0
*** Trama sin '*CRC' reconocible. ***

=== Registro 2645 (2646/4081) ===

<-- Respuesta cruda: $CFG,ACK,LOGREAD,2645,2026-07-24 15:20:38,SEND_OK,0,0
*** Trama sin '*CRC' reconocible. ***

=== Registro 2646 (2647/4081) ===

<-- Respuesta cruda: $CFG,ACK,LOGREAD,2646,2026-07-24 15:20:38,SERVER_ACK,48,0
*** Trama sin '*CRC' reconocible. ***

=== Registro 2647 (2648/4081) ===

<-- Respuesta cruda: $CFG,BAD_CRC,LOGREAD,2647,0234-00-162 128:255:255,UNKNOWN,4294967295,4294967295
*** Trama sin '*CRC' reconocible. ***

=== Registro 2648 (2649/4081) ===

<-- Respuesta cruda: $CFG,ACK,LOGREAD,2648,2026-07-24 15:21:38,SERVER_ACK,48,0
*** Trama sin '*CRC' reconocible. ***

=== Registro 2649 (2650/4081) ===

<-- Respuesta cruda: $CFG,ACK,LOGREAD,2649,2026-07-24 15:22:38,SEND_OK,0,0
*** Trama sin '*CRC' reconocible. ***

=== Registro 2650 (2651/4081) ===

<-- Respuesta cruda: $CFG,ACK,LOGREAD,2650,2026-07-24 15:22:38,SERVER_ACK,48,0
*** Trama sin '*CRC' reconocible. ***

=== Registro 2651 (2652/4081) ===

<-- Respuesta cruda: $CFG,ACK,LOGREAD,2651,2026-07-24 15:23:38,SEND_OK,0,0
*** Trama sin '*CRC' reconocible. ***

=== Registro 2652 (2653/4081) ===

<-- Respuesta cruda: $CFG,ACK,LOGREAD,2652,2026-07-24 15:23:39,SERVER_ACK,48,0
*** Trama sin '*CRC' reconocible. ***

=== Registro 2653 (2654/4081) ===

<-- Respuesta cruda: $CFG,BAD_CRC,LOGREAD,2653,2026-07-24 15:24:38,SEND_OK,0,0
*** Trama sin '*CRC' reconocible. ***

=== Registro 2654 (2655/4081) ===

<-- Respuesta cruda: $CFG,BAD_CRC,LOGREAD,2654,0000-00-41 196:24:39,SERVER_ACK,48,0
*** Trama sin '*CRC' reconocible. ***

=== Registro 2655 (2656/4081) ===

<-- Respuesta cruda: $CFG,ACK,LOGREAD,2655,2026-07-24 15:25:39,SEND_OK,0,0
*** Trama sin '*CRC' reconocible. ***

=== Registro 2656 (2657/4081) ===

<-- Respuesta cruda: $CFG,ACK,LOGREAD,2656,2026-07-24 15:25:39,SERVER_ACK,48,0
*** Trama sin '*CRC' reconocible. ***

=== Registro 2657 (2658/4081) ===

<-- Respuesta cruda: $CFG,ACK,LOGREAD,2657,2026-07-24 15:26:39,SEND_OK,0,0
*** Trama sin '*CRC' reconocible. ***

=== Registro 2658 (2659/4081) ===

<-- Respuesta cruda: $CFG,ACK,LOGREAD,2658,2026-07-24 15:26:39,SERVER_ACK,48,0
*** Trama sin '*CRC' reconocible. ***

=== Registro 2659 (2660/4081) ===

<-- Respuesta cruda: $CFG,ACK,LOGREAD,2659,2026-07-24 15:27:39,SEND_OK,0,0
*** Trama sin '*CRC' reconocible. ***

=== Registro 2660 (2661/4081) ===

<-- Respuesta cruda: $CFG,BAD_CRC,LOGREAD,2660,2026-07-24 15:27:39,SERVER_ACK,908599088,0
*** Trama sin '*CRC' reconocible. ***

=== Registro 2661 (2662/4081) ===

<-- Respuesta cruda: $CFG,BAD_CRC,LOGREAD,2661,0000-00-147 219:28:39,SEND_OK,0,0
*** Trama sin '*CRC' reconocible. ***

=== Registro 2662 (2663/4081) ===

<-- Respuesta cruda: $CFG,ACK,LOGREAD,2662,2026-07-24 15:28:40,SERVER_ACK,48,0
*** Trama sin '*CRC' reconocible. ***

=== Registro 2663 (2664/4081) ===

<-- Respuesta cruda: $CFG,ACK,LOGREAD,2663,2026-07-24 15:29:40,SEND_OK,0,0
*** Trama sin '*CRC' reconocible. ***

=== Registro 2664 (2665/4081) ===

<-- Respuesta cruda: $CFG,ACK,LOGREAD,2664,2026-07-24 15:29:40,SERVER_ACK,48,0
*** Trama sin '*CRC' reconocible. ***

=== Registro 2665 (2666/4081) ===

<-- Respuesta cruda: $CFG,ACK,LOGREAD,2665,2026-07-24 15:30:40,SEND_OK,0,0
*** Trama sin '*CRC' reconocible. ***

=== Registro 2666 (2667/4081) ===

<-- Respuesta cruda: $CFG,ACK,LOGREAD,2666,2026-07-24 15:30:40,SERVER_ACK,48,0
*** Trama sin '*CRC' reconocible. ***

=== Registro 2667 (2668/4081) ===

<-- Respuesta cruda: $CFG,BAD_CRC,LOGREAD,2667,2026-07-24 15:255:255,UNKNOWN,4294967295,4294967295
*** Trama sin '*CRC' reconocible. ***

=== Registro 2668 (2669/4081) ===

<-- Respuesta cruda: $CFG,ACK,LOGREAD,2668,2026-07-24 15:31:40,SERVER_ACK,48,0
*** Trama sin '*CRC' reconocible. ***

=== Registro 2669 (2670/4081) ===

<-- Respuesta cruda: $CFG,ACK,LOGREAD,2669,2026-07-24 15:32:40,SEND_OK,0,0
*** Trama sin '*CRC' reconocible. ***

=== Registro 2670 (2671/4081) ===

<-- Respuesta cruda: $CFG,ACK,LOGREAD,2670,2026-07-24 15:32:41,SERVER_ACK,48,0
*** Trama sin '*CRC' reconocible. ***

=== Registro 2671 (2672/4081) ===

<-- Respuesta cruda: $CFG,ACK,LOGREAD,2671,2026-07-24 15:33:40,SEND_OK,0,0
*** Trama sin '*CRC' reconocible. ***

=== Registro 2672 (2673/4081) ===

<-- Respuesta cruda: $CFG,ACK,LOGREAD,2672,2026-07-24 15:33:41,SERVER_ACK,48,0
*** Trama sin '*CRC' reconocible. ***

=== Registro 2673 (2674/4081) ===

<-- Respuesta cruda: $CFG,ACK,LOGREAD,2673,2026-07-24 15:34:41,SEND_OK,0,0
*** Trama sin '*CRC' reconocible. ***

=== Registro 2674 (2675/4081) ===

<-- Respuesta cruda: $CFG,BAD_CRC,LOGREAD,2674,0000-00-207 166:34:41,SERVER_ACK,48,0
*** Trama sin '*CRC' reconocible. ***

=== Registro 2675 (2676/4081) ===

<-- Respuesta cruda: $CFG,ACK,LOGREAD,2675,2026-07-24 15:35:41,SEND_OK,0,0
*** Trama sin '*CRC' reconocible. ***

=== Registro 2676 (2677/4081) ===

<-- Respuesta cruda: $CFG,ACK,LOGREAD,2676,2026-07-24 15:35:41,SERVER_ACK,48,0
*** Trama sin '*CRC' reconocible. ***

=== Registro 2677 (2678/4081) ===

<-- Respuesta cruda: $CFG,ACK,LOGREAD,2677,2026-07-24 15:36:41,SEND_OK,0,0
*** Trama sin '*CRC' reconocible. ***

=== Registro 2678 (2679/4081) ===

<-- Respuesta cruda: $CFG,ACK,LOGREAD,2678,2026-07-24 15:36:41,SERVER_ACK,48,0
*** Trama sin '*CRC' reconocible. ***

=== Registro 2679 (2680/4081) ===

<-- Respuesta cruda: $CFG,ACK,LOGREAD,2679,2026-07-24 15:37:41,SEND_OK,0,0
*** Trama sin '*CRC' reconocible. ***

=== Registro 2680 (2681/4081) ===

<-- Respuesta cruda: $CFG,BAD_CRC,LOGREAD,2680,2026-07-24 15:37:42,SERVER_ACK,48,0
*** Trama sin '*CRC' reconocible. ***

=== Registro 2681 (2682/4081) ===

<-- Respuesta cruda: $CFG,BAD_CRC,LOGREAD,2681,0000-00-121 168:38:41,SEND_OK,0,0
*** Trama sin '*CRC' reconocible. ***

=== Registro 2682 (2683/4081) ===

<-- Respuesta cruda: $CFG,ACK,LOGREAD,2682,2026-07-24 15:38:42,SERVER_ACK,48,0
*** Trama sin '*CRC' reconocible. ***

=== Registro 2683 (2684/4081) ===

<-- Respuesta cruda: $CFG,ACK,LOGREAD,2683,2026-01-01 00:00:00,MODEM_RESET,0,0
*** Trama sin '*CRC' reconocible. ***

=== Registro 2684 (2685/4081) ===

<-- Respuesta cruda: $CFG,ACK,LOGREAD,2684,2026-01-01 00:00:01,MODEM_BOOT,0,0
*** Trama sin '*CRC' reconocible. ***

=== Registro 2685 (2686/4081) ===

<-- Respuesta cruda: $CFG,ACK,LOGREAD,2685,2026-01-01 00:00:10,PDN_ACT,0,0
*** Trama sin '*CRC' reconocible. ***

=== Registro 2686 (2687/4081) ===

<-- Respuesta cruda: $CFG,ACK,LOGREAD,2686,2026-01-01 00:00:10,CMEE_CONFIG_OK,2,0
*** Trama sin '*CRC' reconocible. ***

=== Registro 2687 (2688/4081) ===

<-- Respuesta cruda: $CFG,BAD_CRC,LOGREAD,2687,2026-01-01 00:00:10,SIM_READY,85917696,0
*** Trama sin '*CRC' reconocible. ***

=== Registro 2688 (2689/4081) ===

<-- Respuesta cruda: $CFG,BAD_CRC,LOGREAD,2688,0000-00-74 116:00:10,SIGNAL_OK,4294967237,0
*** Trama sin '*CRC' reconocible. ***

=== Registro 2689 (2690/4081) ===

<-- Respuesta cruda: $CFG,ACK,LOGREAD,2689,2026-01-01 00:00:10,CFUN_OK,0,0
*** Trama sin '*CRC' reconocible. ***

=== Registro 2690 (2691/4081) ===

<-- Respuesta cruda: $CFG,ACK,LOGREAD,2690,2026-01-01 00:00:18,MODEM_RESET,0,0
*** Trama sin '*CRC' reconocible. ***

=== Registro 2691 (2692/4081) ===

<-- Respuesta cruda: $CFG,ACK,LOGREAD,2691,2026-01-01 00:00:20,MODEM_BOOT,0,0
*** Trama sin '*CRC' reconocible. ***

=== Registro 2692 (2693/4081) ===

<-- Respuesta cruda: $CFG,ACK,LOGREAD,2692,2026-01-01 00:00:30,PDN_ACT,0,0
*** Trama sin '*CRC' reconocible. ***

=== Registro 2693 (2694/4081) ===

<-- Respuesta cruda: $CFG,ACK,LOGREAD,2693,2026-01-01 00:00:30,CMEE_CONFIG_OK,2,0
*** Trama sin '*CRC' reconocible. ***

=== Registro 2694 (2695/4081) ===

<-- Respuesta cruda: $CFG,BAD_CRC,LOGREAD,2694,2026-01-01 222:255:255,UNKNOWN,4294967295,4294967295
*** Trama sin '*CRC' reconocible. ***

=== Registro 2695 (2696/4081) ===

<-- Respuesta cruda: $CFG,ACK,LOGREAD,2695,2026-01-01 00:00:31,SIGNAL_OK,4294967239,0
*** Trama sin '*CRC' reconocible. ***

=== Registro 2696 (2697/4081) ===

<-- Respuesta cruda: $CFG,ACK,LOGREAD,2696,2026-01-01 00:00:31,CFUN_OK,0,0
*** Trama sin '*CRC' reconocible. ***

=== Registro 2697 (2698/4081) ===

<-- Respuesta cruda: $CFG,ACK,LOGREAD,2697,2026-01-01 00:00:41,NETWORK_REGISTERED,0,0
*** Trama sin '*CRC' reconocible. ***

=== Registro 2698 (2699/4081) ===

<-- Respuesta cruda: $CFG,ACK,LOGREAD,2698,2026-01-01 00:00:41,GPRS_READY,0,0
*** Trama sin '*CRC' reconocible. ***

=== Registro 2699 (2700/4081) ===

<-- Respuesta cruda: $CFG,ACK,LOGREAD,2699,2026-07-24 15:39:53,RTC_SYNC_OK,0,0
*** Trama sin '*CRC' reconocible. ***

=== Registro 2700 (2701/4081) ===

<-- Respuesta cruda: $CFG,BAD_CRC,LOGREAD,2700,2026-07-24 15:39:53,APN_OK,0,0
*** Trama sin '*CRC' reconocible. ***

=== Registro 2701 (2702/4081) ===

<-- Respuesta cruda: $CFG,BAD_CRC,LOGREAD,2701,0000-00-37 83:39:53,NETOPEN_START,0,0
*** Trama sin '*CRC' reconocible. ***

=== Registro 2702 (2703/4081) ===

<-- Respuesta cruda: $CFG,ACK,LOGREAD,2702,2026-07-24 15:39:53,NETOPEN_START,0,0
*** Trama sin '*CRC' reconocible. ***

=== Registro 2703 (2704/4081) ===

<-- Respuesta cruda: $CFG,ACK,LOGREAD,2703,2026-07-24 15:39:53,NETOPEN_OK,0,0
*** Trama sin '*CRC' reconocible. ***

=== Registro 2704 (2705/4081) ===

<-- Respuesta cruda: $CFG,ACK,LOGREAD,2704,2026-07-24 15:39:53,IP_ASSIGNED,0,0
*** Trama sin '*CRC' reconocible. ***

=== Registro 2705 (2706/4081) ===

<-- Respuesta cruda: $CFG,ACK,LOGREAD,2705,2026-07-24 15:39:53,UDP_OPEN_START,0,0
*** Trama sin '*CRC' reconocible. ***

=== Registro 2706 (2707/4081) ===

<-- Respuesta cruda: $CFG,ACK,LOGREAD,2706,2026-07-24 15:39:59,PDN_DEACT,0,0
*** Trama sin '*CRC' reconocible. ***

=== Registro 2707 (2708/4081) ===

<-- Respuesta cruda: $CFG,BAD_CRC,LOGREAD,2707,2026-07-24 15:39:59,PDN_DEACT,0,0
*** Trama sin '*CRC' reconocible. ***

=== Registro 2708 (2709/4081) ===

<-- Respuesta cruda: $CFG,BAD_CRC,LOGREAD,2708,0000-00-197 111:40:04,REG_DENIED,0,0
*** Trama sin '*CRC' reconocible. ***

=== Registro 2709 (2710/4081) ===

<-- Respuesta cruda: $CFG,ACK,LOGREAD,2709,2026-07-24 15:40:09,REG_DENIED,0,0
*** Trama sin '*CRC' reconocible. ***

=== Registro 2710 (2711/4081) ===

<-- Respuesta cruda: $CFG,ACK,LOGREAD,2710,2026-07-24 15:40:14,REG_DENIED,0,0
*** Trama sin '*CRC' reconocible. ***

=== Registro 2711 (2712/4081) ===

<-- Respuesta cruda: $CFG,ACK,LOGREAD,2711,2026-07-24 15:40:19,REG_DENIED,0,0
*** Trama sin '*CRC' reconocible. ***

=== Registro 2712 (2713/4081) ===

<-- Respuesta cruda: $CFG,ACK,LOGREAD,2712,2026-07-24 15:40:24,REG_DENIED,0,0
*** Trama sin '*CRC' reconocible. ***

=== Registro 2713 (2714/4081) ===

<-- Respuesta cruda: $CFG,ACK,LOGREAD,2713,2026-07-24 15:40:29,REG_DENIED,0,0
*** Trama sin '*CRC' reconocible. ***

=== Registro 2714 (2715/4081) ===

<-- Respuesta cruda: $CFG,BAD_CRC,LOGREAD,2714,2026-07-24 15:40:34,REG_DENIED,236202255,0
*** Trama sin '*CRC' reconocible. ***

=== Registro 2715 (2716/4081) ===

<-- Respuesta cruda: $CFG,BAD_CRC,LOGREAD,2715,0000-00-03 98:40:39,REG_DENIED,0,0
*** Trama sin '*CRC' reconocible. ***

=== Registro 2716 (2717/4081) ===

<-- Respuesta cruda: $CFG,ACK,LOGREAD,2716,2026-07-24 15:40:44,REG_DENIED,0,0
*** Trama sin '*CRC' reconocible. ***

=== Registro 2717 (2718/4081) ===

<-- Respuesta cruda: $CFG,ACK,LOGREAD,2717,2026-07-24 15:40:50,REG_DENIED,0,0
*** Trama sin '*CRC' reconocible. ***

=== Registro 2718 (2719/4081) ===

<-- Respuesta cruda: $CFG,ACK,LOGREAD,2718,2026-07-24 15:41:02,RS232_TIMEOUT,0,0
*** Trama sin '*CRC' reconocible. ***

=== Registro 2719 (2720/4081) ===

<-- Respuesta cruda: $CFG,ACK,LOGREAD,2719,2026-07-24 15:41:10,REG_DENIED,0,0
*** Trama sin '*CRC' reconocible. ***

=== Registro 2720 (2721/4081) ===

<-- Respuesta cruda: $CFG,ACK,LOGREAD,2720,2026-07-24 15:41:15,REG_DENIED,0,0
*** Trama sin '*CRC' reconocible. ***

=== Registro 2721 (2722/4081) ===

<-- Respuesta cruda: $CFG,BAD_CRC,LOGREAD,2721,2026-07-141 57:255:255,UNKNOWN,4294967295,4294967295
*** Trama sin '*CRC' reconocible. ***

=== Registro 2722 (2723/4081) ===

<-- Respuesta cruda: $CFG,ACK,LOGREAD,2722,2026-07-24 15:41:25,REG_DENIED,0,0
*** Trama sin '*CRC' reconocible. ***

=== Registro 2723 (2724/4081) ===

<-- Respuesta cruda: $CFG,ACK,LOGREAD,2723,2026-07-24 15:41:30,REG_DENIED,0,0
*** Trama sin '*CRC' reconocible. ***

=== Registro 2724 (2725/4081) ===

<-- Respuesta cruda: $CFG,ACK,LOGREAD,2724,2026-07-24 15:41:35,REG_DENIED,0,0
*** Trama sin '*CRC' reconocible. ***

=== Registro 2725 (2726/4081) ===

<-- Respuesta cruda: $CFG,ACK,LOGREAD,2725,2026-07-24 15:41:40,REG_DENIED,0,0
*** Trama sin '*CRC' reconocible. ***

=== Registro 2726 (2727/4081) ===

<-- Respuesta cruda: $CFG,ACK,LOGREAD,2726,2026-07-24 15:41:45,REG_DENIED,0,0
*** Trama sin '*CRC' reconocible. ***

=== Registro 2727 (2728/4081) ===

<-- Respuesta cruda: $CFG,BAD_CRC,LOGREAD,2727,2026-07-24 15:41:50,REG_DENIED,0,0
*** Trama sin '*CRC' reconocible. ***

=== Registro 2728 (2729/4081) ===

<-- Respuesta cruda: $CFG,BAD_CRC,LOGREAD,2728,0000-00-28 76:41:55,REG_DENIED,0,0
*** Trama sin '*CRC' reconocible. ***

=== Registro 2729 (2730/4081) ===

<-- Respuesta cruda: $CFG,ACK,LOGREAD,2729,2026-07-24 15:42:00,REG_DENIED,0,0
*** Trama sin '*CRC' reconocible. ***

=== Registro 2730 (2731/4081) ===

<-- Respuesta cruda: $CFG,ACK,LOGREAD,2730,2026-07-24 15:42:05,REG_DENIED,0,0
*** Trama sin '*CRC' reconocible. ***

=== Registro 2731 (2732/4081) ===

<-- Respuesta cruda: $CFG,ACK,LOGREAD,2731,2026-07-24 15:42:10,REG_DENIED,0,0
*** Trama sin '*CRC' reconocible. ***

=== Registro 2732 (2733/4081) ===

<-- Respuesta cruda: $CFG,ACK,LOGREAD,2732,2026-07-24 15:42:15,REG_DENIED,0,0
*** Trama sin '*CRC' reconocible. ***

=== Registro 2733 (2734/4081) ===

<-- Respuesta cruda: $CFG,ACK,LOGREAD,2733,2026-07-24 15:42:20,REG_DENIED,0,0
*** Trama sin '*CRC' reconocible. ***

=== Registro 2734 (2735/4081) ===

<-- Respuesta cruda: $CFG,BAD_CRC,LOGREAD,2734,2026-07-24 15:42:25,REG_DENIED,301989888,0
*** Trama sin '*CRC' reconocible. ***

=== Registro 2735 (2736/4081) ===

<-- Respuesta cruda: $CFG,BAD_CRC,LOGREAD,2735,0000-00-198 58:42:30,REG_DENIED,0,0
*** Trama sin '*CRC' reconocible. ***

=== Registro 2736 (2737/4081) ===

<-- Respuesta cruda: $CFG,ACK,LOGREAD,2736,2026-07-24 15:42:35,REG_DENIED,0,0
*** Trama sin '*CRC' reconocible. ***

=== Registro 2737 (2738/4081) ===

<-- Respuesta cruda: $CFG,ACK,LOGREAD,2737,2026-07-24 15:42:40,REG_DENIED,0,0
*** Trama sin '*CRC' reconocible. ***

=== Registro 2738 (2739/4081) ===

<-- Respuesta cruda: $CFG,ACK,LOGREAD,2738,2026-07-24 15:42:45,REG_DENIED,0,0
*** Trama sin '*CRC' reconocible. ***

=== Registro 2739 (2740/4081) ===

<-- Respuesta cruda: $CFG,ACK,LOGREAD,2739,2026-07-24 15:42:57,PDN_ACT,0,0
*** Trama sin '*CRC' reconocible. ***

=== Registro 2740 (2741/4081) ===

<-- Respuesta cruda: $CFG,ACK,LOGREAD,2740,2026-07-24 15:42:57,NETWORK_REGISTERED,0,0
*** Trama sin '*CRC' reconocible. ***

=== Registro 2741 (2742/4081) ===

<-- Respuesta cruda: $CFG,BAD_CRC,LOGREAD,2741,2026-07-24 15:43:07,SIM_PIN_REQUIRED,654912271,0
*** Trama sin '*CRC' reconocible. ***

=== Registro 2742 (2743/4081) ===

<-- Respuesta cruda: $CFG,BAD_CRC,LOGREAD,2742,0000-00-87 06:43:07,GPRS_READY,0,0
*** Trama sin '*CRC' reconocible. ***

=== Registro 2743 (2744/4081) ===

<-- Respuesta cruda: $CFG,ACK,LOGREAD,2743,2026-07-24 15:43:09,RTC_SYNC_OK,0,0
*** Trama sin '*CRC' reconocible. ***

=== Registro 2744 (2745/4081) ===

<-- Respuesta cruda: $CFG,ACK,LOGREAD,2744,2026-07-24 15:43:09,APN_OK,0,0
*** Trama sin '*CRC' reconocible. ***

=== Registro 2745 (2746/4081) ===

<-- Respuesta cruda: $CFG,ACK,LOGREAD,2745,2026-07-24 15:43:09,NETOPEN_START,0,0
*** Trama sin '*CRC' reconocible. ***

=== Registro 2746 (2747/4081) ===

<-- Respuesta cruda: $CFG,ACK,LOGREAD,2746,2026-07-24 15:43:09,NETOPEN_START,0,0
*** Trama sin '*CRC' reconocible. ***

=== Registro 2747 (2748/4081) ===

<-- Respuesta cruda: $CFG,ACK,LOGREAD,2747,2026-07-24 15:43:09,NETOPEN_OK,0,0
*** Trama sin '*CRC' reconocible. ***

=== Registro 2748 (2749/4081) ===

<-- Respuesta cruda: $CFG,BAD_CRC,LOGREAD,2748,2026-00-79 137:255:255,UNKNOWN,4294967295,4294967295
*** Trama sin '*CRC' reconocible. ***

=== Registro 2749 (2750/4081) ===

<-- Respuesta cruda: $CFG,ACK,LOGREAD,2749,2026-07-24 15:43:09,UDP_OPEN_START,0,0
*** Trama sin '*CRC' reconocible. ***

=== Registro 2750 (2751/4081) ===

<-- Respuesta cruda: $CFG,ACK,LOGREAD,2750,2026-07-24 15:43:29,UDP_OPEN_START,0,0
*** Trama sin '*CRC' reconocible. ***

=== Registro 2751 (2752/4081) ===

<-- Respuesta cruda: $CFG,ACK,LOGREAD,2751,2026-07-24 15:43:29,UDP_OPEN_OK,0,0
*** Trama sin '*CRC' reconocible. ***

=== Registro 2752 (2753/4081) ===

<-- Respuesta cruda: $CFG,ACK,LOGREAD,2752,2026-07-24 15:43:29,SEND_OK,0,0
*** Trama sin '*CRC' reconocible. ***

=== Registro 2753 (2754/4081) ===

<-- Respuesta cruda: $CFG,ACK,LOGREAD,2753,2026-07-24 15:43:33,SERVER_ACK,48,0
*** Trama sin '*CRC' reconocible. ***

=== Registro 2754 (2755/4081) ===

<-- Respuesta cruda: $CFG,BAD_CRC,LOGREAD,2754,2026-07-24 15:44:30,SEND_OK,0,0
*** Trama sin '*CRC' reconocible. ***

=== Registro 2755 (2756/4081) ===

<-- Respuesta cruda: $CFG,BAD_CRC,LOGREAD,2755,0000-00-196 205:44:30,SERVER_ACK,48,0
*** Trama sin '*CRC' reconocible. ***

=== Registro 2756 (2757/4081) ===

<-- Respuesta cruda: $CFG,ACK,LOGREAD,2756,2026-07-24 15:45:30,SEND_OK,0,0
*** Trama sin '*CRC' reconocible. ***

=== Registro 2757 (2758/4081) ===

<-- Respuesta cruda: $CFG,ACK,LOGREAD,2757,2026-07-24 15:45:30,SERVER_ACK,48,0
*** Trama sin '*CRC' reconocible. ***

=== Registro 2758 (2759/4081) ===

<-- Respuesta cruda: $CFG,ACK,LOGREAD,2758,2026-07-24 15:46:30,SEND_OK,0,0
*** Trama sin '*CRC' reconocible. ***

=== Registro 2759 (2760/4081) ===

<-- Respuesta cruda: $CFG,ACK,LOGREAD,2759,2026-07-24 15:46:30,SERVER_ACK,48,0
*** Trama sin '*CRC' reconocible. ***

=== Registro 2760 (2761/4081) ===

<-- Respuesta cruda: $CFG,ACK,LOGREAD,2760,2026-07-24 15:47:30,SEND_OK,0,0
*** Trama sin '*CRC' reconocible. ***

=== Registro 2761 (2762/4081) ===

<-- Respuesta cruda: $CFG,BAD_CRC,LOGREAD,2761,2026-07-24 15:47:31,SERVER_ACK,908001328,0
*** Trama sin '*CRC' reconocible. ***

=== Registro 2762 (2763/4081) ===

<-- Respuesta cruda: $CFG,BAD_CRC,LOGREAD,2762,0000-00-181 117:48:30,SEND_OK,0,0
*** Trama sin '*CRC' reconocible. ***

=== Registro 2763 (2764/4081) ===

<-- Respuesta cruda: $CFG,ACK,LOGREAD,2763,2026-07-24 15:48:31,SERVER_ACK,48,0
*** Trama sin '*CRC' reconocible. ***

=== Registro 2764 (2765/4081) ===

<-- Respuesta cruda: $CFG,ACK,LOGREAD,2764,2026-07-24 15:49:31,SEND_OK,0,0
*** Trama sin '*CRC' reconocible. ***

=== Registro 2765 (2766/4081) ===

<-- Respuesta cruda: $CFG,ACK,LOGREAD,2765,2026-07-24 15:49:31,SERVER_ACK,48,0
*** Trama sin '*CRC' reconocible. ***

=== Registro 2766 (2767/4081) ===

<-- Respuesta cruda: $CFG,ACK,LOGREAD,2766,2026-07-24 15:50:31,SEND_OK,0,0
*** Trama sin '*CRC' reconocible. ***

=== Registro 2767 (2768/4081) ===

<-- Respuesta cruda: $CFG,ACK,LOGREAD,2767,2026-07-24 15:50:31,SERVER_ACK,48,0
*** Trama sin '*CRC' reconocible. ***

=== Registro 2768 (2769/4081) ===

<-- Respuesta cruda: $CFG,BAD_CRC,LOGREAD,2768,2026-07-24 15:51:07,SIM_PIN_REQUIRED,1176516111,12288
*** Trama sin '*CRC' reconocible. ***

=== Registro 2769 (2770/4081) ===

<-- Respuesta cruda: $CFG,BAD_CRC,LOGREAD,2769,0000-00-61 150:51:31,SERVER_ACK,48,0
*** Trama sin '*CRC' reconocible. ***

=== Registro 2770 (2771/4081) ===

<-- Respuesta cruda: $CFG,ACK,LOGREAD,2770,2026-07-24 15:52:31,SEND_OK,0,0
*** Trama sin '*CRC' reconocible. ***

=== Registro 2771 (2772/4081) ===

<-- Respuesta cruda: $CFG,ACK,LOGREAD,2771,2026-07-24 15:52:32,SERVER_ACK,48,0
*** Trama sin '*CRC' reconocible. ***

=== Registro 2772 (2773/4081) ===

<-- Respuesta cruda: $CFG,ACK,LOGREAD,2772,2026-07-24 15:53:32,SEND_OK,0,0
*** Trama sin '*CRC' reconocible. ***

=== Registro 2773 (2774/4081) ===

<-- Respuesta cruda: $CFG,ACK,LOGREAD,2773,2026-07-24 15:53:32,SERVER_ACK,48,0
*** Trama sin '*CRC' reconocible. ***

=== Registro 2774 (2775/4081) ===

<-- Respuesta cruda: $CFG,ACK,LOGREAD,2774,2026-07-24 15:54:32,SEND_OK,0,0
*** Trama sin '*CRC' reconocible. ***

=== Registro 2775 (2776/4081) ===

<-- Respuesta cruda: $CFG,BAD_CRC,LOGREAD,2775,0234-00-151 93:255:255,UNKNOWN,4294967295,4294967295
*** Trama sin '*CRC' reconocible. ***

=== Registro 2776 (2777/4081) ===

<-- Respuesta cruda: $CFG,ACK,LOGREAD,2776,2026-07-24 15:55:32,SEND_OK,0,0
*** Trama sin '*CRC' reconocible. ***

=== Registro 2777 (2778/4081) ===

<-- Respuesta cruda: $CFG,ACK,LOGREAD,2777,2026-07-24 15:55:32,SERVER_ACK,48,0
*** Trama sin '*CRC' reconocible. ***

=== Registro 2778 (2779/4081) ===

<-- Respuesta cruda: $CFG,ACK,LOGREAD,2778,2026-07-24 15:56:32,SEND_OK,0,0
*** Trama sin '*CRC' reconocible. ***

=== Registro 2779 (2780/4081) ===

<-- Respuesta cruda: $CFG,ACK,LOGREAD,2779,2026-07-24 15:56:32,SERVER_ACK,48,0
*** Trama sin '*CRC' reconocible. ***

=== Registro 2780 (2781/4081) ===

<-- Respuesta cruda: $CFG,ACK,LOGREAD,2780,2026-07-24 15:57:32,SEND_OK,0,0
*** Trama sin '*CRC' reconocible. ***

=== Registro 2781 (2782/4081) ===

<-- Respuesta cruda: $CFG,BAD_CRC,LOGREAD,2781,2026-07-24 15:57:33,SERVER_ACK,48,0
*** Trama sin '*CRC' reconocible. ***

=== Registro 2782 (2783/4081) ===

<-- Respuesta cruda: $CFG,BAD_CRC,LOGREAD,2782,0000-00-116 81:58:33,SEND_OK,0,0
*** Trama sin '*CRC' reconocible. ***

=== Registro 2783 (2784/4081) ===

<-- Respuesta cruda: $CFG,ACK,LOGREAD,2783,2026-07-24 15:58:33,SERVER_ACK,48,0
*** Trama sin '*CRC' reconocible. ***

=== Registro 2784 (2785/4081) ===

<-- Respuesta cruda: $CFG,ACK,LOGREAD,2784,2026-07-24 15:59:33,SEND_OK,0,0
*** Trama sin '*CRC' reconocible. ***

=== Registro 2785 (2786/4081) ===

<-- Respuesta cruda: $CFG,ACK,LOGREAD,2785,2026-07-24 15:59:33,SERVER_ACK,48,0
*** Trama sin '*CRC' reconocible. ***

=== Registro 2786 (2787/4081) ===

<-- Respuesta cruda: $CFG,ACK,LOGREAD,2786,2026-07-24 16:00:33,SEND_OK,0,0
*** Trama sin '*CRC' reconocible. ***

=== Registro 2787 (2788/4081) ===

<-- Respuesta cruda: $CFG,ACK,LOGREAD,2787,2026-07-24 16:00:33,SERVER_ACK,48,0
*** Trama sin '*CRC' reconocible. ***

=== Registro 2788 (2789/4081) ===

<-- Respuesta cruda: $CFG,BAD_CRC,LOGREAD,2788,2026-07-24 16:01:33,SEND_OK,1176634368,12288
*** Trama sin '*CRC' reconocible. ***

=== Registro 2789 (2790/4081) ===

<-- Respuesta cruda: $CFG,BAD_CRC,LOGREAD,2789,0000-00-114 190:01:34,SERVER_ACK,48,0
*** Trama sin '*CRC' reconocible. ***

=== Registro 2790 (2791/4081) ===

<-- Respuesta cruda: $CFG,ACK,LOGREAD,2790,2026-07-24 16:02:33,SEND_OK,0,0
*** Trama sin '*CRC' reconocible. ***

=== Registro 2791 (2792/4081) ===

<-- Respuesta cruda: $CFG,ACK,LOGREAD,2791,2026-07-24 16:02:34,SERVER_ACK,48,0
*** Trama sin '*CRC' reconocible. ***

=== Registro 2792 (2793/4081) ===

<-- Respuesta cruda: $CFG,ACK,LOGREAD,2792,2026-07-24 16:03:34,SEND_OK,0,0
*** Trama sin '*CRC' reconocible. ***

=== Registro 2793 (2794/4081) ===

<-- Respuesta cruda: $CFG,ACK,LOGREAD,2793,2026-07-24 16:03:34,SERVER_ACK,48,0
*** Trama sin '*CRC' reconocible. ***

=== Registro 2794 (2795/4081) ===

<-- Respuesta cruda: $CFG,ACK,LOGREAD,2794,2026-07-24 16:04:34,SEND_OK,0,0
*** Trama sin '*CRC' reconocible. ***

=== Registro 2795 (2796/4081) ===

<-- Respuesta cruda: $CFG,BAD_CRC,LOGREAD,2795,2026-07-24 16:255:255,UNKNOWN,4294967295,4294967295
*** Trama sin '*CRC' reconocible. ***

=== Registro 2796 (2797/4081) ===

<-- Respuesta cruda: $CFG,ACK,LOGREAD,2796,2026-07-24 16:05:34,SEND_OK,0,0
*** Trama sin '*CRC' reconocible. ***

=== Registro 2797 (2798/4081) ===

<-- Respuesta cruda: $CFG,ACK,LOGREAD,2797,2026-07-24 16:05:34,SERVER_ACK,48,0
*** Trama sin '*CRC' reconocible. ***

=== Registro 2798 (2799/4081) ===

<-- Respuesta cruda: $CFG,ACK,LOGREAD,2798,2026-07-24 16:06:34,SEND_OK,0,0
*** Trama sin '*CRC' reconocible. ***

=== Registro 2799 (2800/4081) ===

<-- Respuesta cruda: $CFG,ACK,LOGREAD,2799,2026-07-24 16:06:35,SERVER_ACK,48,0
*** Trama sin '*CRC' reconocible. ***

=== Registro 2800 (2801/4081) ===

<-- Respuesta cruda: $CFG,ACK,LOGREAD,2800,2026-07-24 16:07:35,SEND_OK,0,0
*** Trama sin '*CRC' reconocible. ***

=== Registro 2801 (2802/4081) ===

<-- Respuesta cruda: $CFG,ACK,LOGREAD,2801,2026-07-24 16:07:35,SERVER_ACK,48,0
*** Trama sin '*CRC' reconocible. ***

=== Registro 2802 (2803/4081) ===

<-- Respuesta cruda: $CFG,BAD_CRC,LOGREAD,2802,0000-00-133 236:08:35,SEND_OK,0,0
*** Trama sin '*CRC' reconocible. ***

=== Registro 2803 (2804/4081) ===

<-- Respuesta cruda: $CFG,ACK,LOGREAD,2803,2026-07-24 16:08:35,SERVER_ACK,48,0
*** Trama sin '*CRC' reconocible. ***

=== Registro 2804 (2805/4081) ===

<-- Respuesta cruda: $CFG,ACK,LOGREAD,2804,2026-07-24 16:09:35,SEND_OK,0,0
*** Trama sin '*CRC' reconocible. ***

=== Registro 2805 (2806/4081) ===

<-- Respuesta cruda: $CFG,ACK,LOGREAD,2805,2026-07-24 16:09:35,SERVER_ACK,48,0
*** Trama sin '*CRC' reconocible. ***

=== Registro 2806 (2807/4081) ===

<-- Respuesta cruda: $CFG,ACK,LOGREAD,2806,2026-07-24 16:10:35,SEND_OK,0,0
*** Trama sin '*CRC' reconocible. ***

=== Registro 2807 (2808/4081) ===

<-- Respuesta cruda: $CFG,ACK,LOGREAD,2807,2026-07-24 16:10:36,SERVER_ACK,48,0
*** Trama sin '*CRC' reconocible. ***

=== Registro 2808 (2809/4081) ===

<-- Respuesta cruda: $CFG,BAD_CRC,LOGREAD,2808,2026-07-24 16:11:35,SEND_OK,0,12288
*** Trama sin '*CRC' reconocible. ***

=== Registro 2809 (2810/4081) ===

<-- Respuesta cruda: $CFG,BAD_CRC,LOGREAD,2809,0000-00-141 138:11:36,SERVER_ACK,48,0
*** Trama sin '*CRC' reconocible. ***

=== Registro 2810 (2811/4081) ===

<-- Respuesta cruda: $CFG,ACK,LOGREAD,2810,2026-07-24 16:12:36,SEND_OK,0,0
*** Trama sin '*CRC' reconocible. ***

=== Registro 2811 (2812/4081) ===

<-- Respuesta cruda: $CFG,ACK,LOGREAD,2811,2026-07-24 16:12:36,SERVER_ACK,48,0
*** Trama sin '*CRC' reconocible. ***

=== Registro 2812 (2813/4081) ===

<-- Respuesta cruda: $CFG,ACK,LOGREAD,2812,2026-07-24 16:13:36,SEND_OK,0,0
*** Trama sin '*CRC' reconocible. ***

=== Registro 2813 (2814/4081) ===

<-- Respuesta cruda: $CFG,ACK,LOGREAD,2813,2026-07-24 16:13:36,SERVER_ACK,48,0
*** Trama sin '*CRC' reconocible. ***

=== Registro 2814 (2815/4081) ===

<-- Respuesta cruda: $CFG,ACK,LOGREAD,2814,2026-07-24 16:14:36,SEND_OK,0,0
*** Trama sin '*CRC' reconocible. ***

=== Registro 2815 (2816/4081) ===

<-- Respuesta cruda: $CFG,BAD_CRC,LOGREAD,2815,2026-07-24 16:14:37,SERVER_ACK,908399120,0
*** Trama sin '*CRC' reconocible. ***

=== Registro 2816 (2817/4081) ===

<-- Respuesta cruda: $CFG,BAD_CRC,LOGREAD,2816,0000-00-252 50:15:36,SEND_OK,0,0
*** Trama sin '*CRC' reconocible. ***

=== Registro 2817 (2818/4081) ===

<-- Respuesta cruda: $CFG,ACK,LOGREAD,2817,2026-07-24 16:15:37,SERVER_ACK,48,0
*** Trama sin '*CRC' reconocible. ***

=== Registro 2818 (2819/4081) ===

<-- Respuesta cruda: $CFG,ACK,LOGREAD,2818,2026-07-24 16:16:36,SEND_OK,0,0
*** Trama sin '*CRC' reconocible. ***

=== Registro 2819 (2820/4081) ===

<-- Respuesta cruda: $CFG,ACK,LOGREAD,2819,2026-07-24 16:16:37,SERVER_ACK,48,0
*** Trama sin '*CRC' reconocible. ***

=== Registro 2820 (2821/4081) ===

<-- Respuesta cruda: $CFG,ACK,LOGREAD,2820,2026-07-24 16:17:37,SEND_OK,0,0
*** Trama sin '*CRC' reconocible. ***

=== Registro 2821 (2822/4081) ===

<-- Respuesta cruda: $CFG,ACK,LOGREAD,2821,2026-07-24 16:17:37,SERVER_ACK,48,0
*** Trama sin '*CRC' reconocible. ***

=== Registro 2822 (2823/4081) ===

<-- Respuesta cruda: $CFG,BAD_CRC,LOGREAD,2822,2026-07-24 66:255:255,UNKNOWN,4294967295,4294967295
*** Trama sin '*CRC' reconocible. ***

=== Registro 2823 (2824/4081) ===

<-- Respuesta cruda: $CFG,ACK,LOGREAD,2823,2026-07-24 16:18:37,SERVER_ACK,48,0
*** Trama sin '*CRC' reconocible. ***

=== Registro 2824 (2825/4081) ===

<-- Respuesta cruda: $CFG,ACK,LOGREAD,2824,2026-07-24 16:19:37,SEND_OK,0,0
*** Trama sin '*CRC' reconocible. ***

=== Registro 2825 (2826/4081) ===

<-- Respuesta cruda: $CFG,ACK,LOGREAD,2825,2026-07-24 16:19:37,SERVER_ACK,48,0
*** Trama sin '*CRC' reconocible. ***

=== Registro 2826 (2827/4081) ===

<-- Respuesta cruda: $CFG,ACK,LOGREAD,2826,2026-07-24 16:20:37,SEND_OK,0,0
*** Trama sin '*CRC' reconocible. ***

=== Registro 2827 (2828/4081) ===

<-- Respuesta cruda: $CFG,ACK,LOGREAD,2827,2026-07-24 16:20:38,SERVER_ACK,48,0
*** Trama sin '*CRC' reconocible. ***

=== Registro 2828 (2829/4081) ===

<-- Respuesta cruda: $CFG,BAD_CRC,LOGREAD,2828,2026-07-24 16:21:38,SEND_OK,0,0
*** Trama sin '*CRC' reconocible. ***

=== Registro 2829 (2830/4081) ===

<-- Respuesta cruda: $CFG,BAD_CRC,LOGREAD,2829,0000-00-80 22:21:38,SERVER_ACK,48,0
*** Trama sin '*CRC' reconocible. ***

=== Registro 2830 (2831/4081) ===

<-- Respuesta cruda: $CFG,ACK,LOGREAD,2830,2026-07-24 16:22:38,SEND_OK,0,0
*** Trama sin '*CRC' reconocible. ***

=== Registro 2831 (2832/4081) ===

<-- Respuesta cruda: $CFG,ACK,LOGREAD,2831,2026-07-24 16:22:38,SERVER_ACK,48,0
*** Trama sin '*CRC' reconocible. ***

=== Registro 2832 (2833/4081) ===

<-- Respuesta cruda: $CFG,ACK,LOGREAD,2832,2026-07-24 16:23:38,SEND_OK,0,0
*** Trama sin '*CRC' reconocible. ***

=== Registro 2833 (2834/4081) ===

<-- Respuesta cruda: $CFG,ACK,LOGREAD,2833,2026-07-24 16:23:38,SERVER_ACK,48,0
*** Trama sin '*CRC' reconocible. ***

=== Registro 2834 (2835/4081) ===

<-- Respuesta cruda: $CFG,ACK,LOGREAD,2834,2026-07-24 16:24:38,SEND_OK,0,0
*** Trama sin '*CRC' reconocible. ***

=== Registro 2835 (2836/4081) ===

<-- Respuesta cruda: $CFG,BAD_CRC,LOGREAD,2835,2026-07-24 16:24:39,SERVER_ACK,48,0
*** Trama sin '*CRC' reconocible. ***

=== Registro 2836 (2837/4081) ===

<-- Respuesta cruda: $CFG,BAD_CRC,LOGREAD,2836,0000-00-217 130:25:38,SEND_OK,0,0
*** Trama sin '*CRC' reconocible. ***

=== Registro 2837 (2838/4081) ===

<-- Respuesta cruda: $CFG,ACK,LOGREAD,2837,2026-07-24 16:25:39,SERVER_ACK,48,0
*** Trama sin '*CRC' reconocible. ***

=== Registro 2838 (2839/4081) ===

<-- Respuesta cruda: $CFG,ACK,LOGREAD,2838,2026-07-24 16:26:39,SEND_OK,0,0
*** Trama sin '*CRC' reconocible. ***

=== Registro 2839 (2840/4081) ===

<-- Respuesta cruda: $CFG,ACK,LOGREAD,2839,2026-07-24 16:26:39,SERVER_ACK,48,0
*** Trama sin '*CRC' reconocible. ***

=== Registro 2840 (2841/4081) ===

<-- Respuesta cruda: $CFG,ACK,LOGREAD,2840,2026-07-24 16:27:39,SEND_OK,0,0
*** Trama sin '*CRC' reconocible. ***

=== Registro 2841 (2842/4081) ===

<-- Respuesta cruda: $CFG,ACK,LOGREAD,2841,2026-07-24 16:27:39,SERVER_ACK,48,0
*** Trama sin '*CRC' reconocible. ***

=== Registro 2842 (2843/4081) ===

<-- Respuesta cruda: $CFG,BAD_CRC,LOGREAD,2842,2026-07-24 16:28:39,SEND_OK,1177034512,12288
*** Trama sin '*CRC' reconocible. ***

=== Registro 2843 (2844/4081) ===

<-- Respuesta cruda: $CFG,BAD_CRC,LOGREAD,2843,0000-00-40 149:28:39,SERVER_ACK,48,0
*** Trama sin '*CRC' reconocible. ***

=== Registro 2844 (2845/4081) ===

<-- Respuesta cruda: $CFG,ACK,LOGREAD,2844,2026-07-24 16:29:39,SEND_OK,0,0
*** Trama sin '*CRC' reconocible. ***

=== Registro 2845 (2846/4081) ===

<-- Respuesta cruda: $CFG,ACK,LOGREAD,2845,2026-07-24 16:29:40,SERVER_ACK,48,0
*** Trama sin '*CRC' reconocible. ***

=== Registro 2846 (2847/4081) ===

<-- Respuesta cruda: $CFG,ACK,LOGREAD,2846,2026-07-24 16:30:39,SEND_OK,0,0
*** Trama sin '*CRC' reconocible. ***

=== Registro 2847 (2848/4081) ===

<-- Respuesta cruda: $CFG,ACK,LOGREAD,2847,2026-07-24 16:30:40,SERVER_ACK,48,0
*** Trama sin '*CRC' reconocible. ***

=== Registro 2848 (2849/4081) ===

<-- Respuesta cruda: $CFG,ACK,LOGREAD,2848,2026-07-24 16:31:40,SEND_OK,0,0
*** Trama sin '*CRC' reconocible. ***

=== Registro 2849 (2850/4081) ===

<-- Respuesta cruda: $CFG,BAD_CRC,LOGREAD,2849,2026-07-152 01:255:255,UNKNOWN,4294967295,4294967295
*** Trama sin '*CRC' reconocible. ***

=== Registro 2850 (2851/4081) ===

<-- Respuesta cruda: $CFG,ACK,LOGREAD,2850,2026-07-24 16:32:40,SEND_OK,0,0
*** Trama sin '*CRC' reconocible. ***

=== Registro 2851 (2852/4081) ===

<-- Respuesta cruda: $CFG,ACK,LOGREAD,2851,2026-07-24 16:32:40,SERVER_ACK,48,0
*** Trama sin '*CRC' reconocible. ***

=== Registro 2852 (2853/4081) ===

<-- Respuesta cruda: $CFG,ACK,LOGREAD,2852,2026-07-24 16:33:40,SEND_OK,0,0
*** Trama sin '*CRC' reconocible. ***

=== Registro 2853 (2854/4081) ===

<-- Respuesta cruda: $CFG,ACK,LOGREAD,2853,2026-07-24 16:33:40,SERVER_ACK,48,0
*** Trama sin '*CRC' reconocible. ***

=== Registro 2854 (2855/4081) ===

<-- Respuesta cruda: $CFG,ACK,LOGREAD,2854,2026-07-24 16:34:40,SEND_OK,0,0
*** Trama sin '*CRC' reconocible. ***

=== Registro 2855 (2856/4081) ===

<-- Respuesta cruda: $CFG,BAD_CRC,LOGREAD,2855,2026-07-24 16:34:41,SERVER_ACK,48,0
*** Trama sin '*CRC' reconocible. ***

=== Registro 2856 (2857/4081) ===

<-- Respuesta cruda: $CFG,BAD_CRC,LOGREAD,2856,0000-00-17 149:35:41,SEND_OK,0,0
*** Trama sin '*CRC' reconocible. ***

=== Registro 2857 (2858/4081) ===

<-- Respuesta cruda: $CFG,ACK,LOGREAD,2857,2026-07-24 16:35:41,SERVER_ACK,48,0
*** Trama sin '*CRC' reconocible. ***

=== Registro 2858 (2859/4081) ===

<-- Respuesta cruda: $CFG,ACK,LOGREAD,2858,2026-07-24 16:36:41,SEND_OK,0,0
*** Trama sin '*CRC' reconocible. ***

=== Registro 2859 (2860/4081) ===

<-- Respuesta cruda: $CFG,ACK,LOGREAD,2859,2026-07-24 16:36:41,SERVER_ACK,48,0
*** Trama sin '*CRC' reconocible. ***

=== Registro 2860 (2861/4081) ===

<-- Respuesta cruda: $CFG,ACK,LOGREAD,2860,2026-07-24 16:37:41,SEND_OK,0,0
*** Trama sin '*CRC' reconocible. ***

=== Registro 2861 (2862/4081) ===

<-- Respuesta cruda: $CFG,ACK,LOGREAD,2861,2026-07-24 16:37:41,SERVER_ACK,48,0
*** Trama sin '*CRC' reconocible. ***

=== Registro 2862 (2863/4081) ===

<-- Respuesta cruda: $CFG,BAD_CRC,LOGREAD,2862,2026-07-24 16:38:41,SEND_OK,1174405120,12288
*** Trama sin '*CRC' reconocible. ***

=== Registro 2863 (2864/4081) ===

<-- Respuesta cruda: $CFG,BAD_CRC,LOGREAD,2863,0000-00-175 31:38:41,SERVER_ACK,48,0
*** Trama sin '*CRC' reconocible. ***

=== Registro 2864 (2865/4081) ===

<-- Respuesta cruda: $CFG,ACK,LOGREAD,2864,2026-07-24 16:39:40,SEND_OK,0,0
*** Trama sin '*CRC' reconocible. ***

=== Registro 2865 (2866/4081) ===

<-- Respuesta cruda: $CFG,ACK,LOGREAD,2865,2026-07-24 16:39:41,SERVER_ACK,48,0
*** Trama sin '*CRC' reconocible. ***

=== Registro 2866 (2867/4081) ===

<-- Respuesta cruda: $CFG,ACK,LOGREAD,2866,2026-07-24 16:40:41,SEND_OK,0,0
*** Trama sin '*CRC' reconocible. ***

=== Registro 2867 (2868/4081) ===

<-- Respuesta cruda: $CFG,ACK,LOGREAD,2867,2026-07-24 16:40:41,SERVER_ACK,48,0
*** Trama sin '*CRC' reconocible. ***

=== Registro 2868 (2869/4081) ===

<-- Respuesta cruda: $CFG,ACK,LOGREAD,2868,2026-07-24 16:41:41,SEND_OK,0,0
*** Trama sin '*CRC' reconocible. ***

=== Registro 2869 (2870/4081) ===

<-- Respuesta cruda: $CFG,BAD_CRC,LOGREAD,2869,2026-07-24 16:41:41,SIM_PIN_REQUIRED,908733712,0
*** Trama sin '*CRC' reconocible. ***

=== Registro 2870 (2871/4081) ===

<-- Respuesta cruda: $CFG,BAD_CRC,LOGREAD,2870,0000-00-220 243:42:41,SEND_OK,0,0
*** Trama sin '*CRC' reconocible. ***

=== Registro 2871 (2872/4081) ===

<-- Respuesta cruda: $CFG,ACK,LOGREAD,2871,2026-07-24 16:42:41,SERVER_ACK,48,0
*** Trama sin '*CRC' reconocible. ***

=== Registro 2872 (2873/4081) ===

<-- Respuesta cruda: $CFG,ACK,LOGREAD,2872,2026-07-24 16:43:41,SEND_OK,0,0
*** Trama sin '*CRC' reconocible. ***

=== Registro 2873 (2874/4081) ===

<-- Respuesta cruda: $CFG,ACK,LOGREAD,2873,2026-07-24 16:43:42,SERVER_ACK,48,0
*** Trama sin '*CRC' reconocible. ***

=== Registro 2874 (2875/4081) ===

<-- Respuesta cruda: $CFG,ACK,LOGREAD,2874,2026-07-24 16:44:42,SEND_OK,0,0
*** Trama sin '*CRC' reconocible. ***

=== Registro 2875 (2876/4081) ===

<-- Respuesta cruda: $CFG,ACK,LOGREAD,2875,2026-07-24 16:44:42,SERVER_ACK,48,0
*** Trama sin '*CRC' reconocible. ***

=== Registro 2876 (2877/4081) ===

<-- Respuesta cruda: $CFG,BAD_CRC,LOGREAD,2876,2026-00-133 209:255:255,UNKNOWN,4294967295,4294967295
*** Trama sin '*CRC' reconocible. ***

=== Registro 2877 (2878/4081) ===

<-- Respuesta cruda: $CFG,ACK,LOGREAD,2877,2026-07-24 16:45:42,SERVER_ACK,48,0
*** Trama sin '*CRC' reconocible. ***

=== Registro 2878 (2879/4081) ===

<-- Respuesta cruda: $CFG,ACK,LOGREAD,2878,2026-07-24 16:46:42,SEND_OK,0,0
*** Trama sin '*CRC' reconocible. ***

=== Registro 2879 (2880/4081) ===

<-- Respuesta cruda: $CFG,ACK,LOGREAD,2879,2026-07-24 16:46:42,SERVER_ACK,48,0
*** Trama sin '*CRC' reconocible. ***

=== Registro 2880 (2881/4081) ===

<-- Respuesta cruda: $CFG,ACK,LOGREAD,2880,2026-07-24 16:47:42,SEND_OK,0,0
*** Trama sin '*CRC' reconocible. ***

=== Registro 2881 (2882/4081) ===

<-- Respuesta cruda: $CFG,ACK,LOGREAD,2881,2026-07-24 16:47:43,SERVER_ACK,48,0
*** Trama sin '*CRC' reconocible. ***

=== Registro 2882 (2883/4081) ===

<-- Respuesta cruda: $CFG,BAD_CRC,LOGREAD,2882,2026-07-24 16:48:42,SEND_OK,0,0
*** Trama sin '*CRC' reconocible. ***

=== Registro 2883 (2884/4081) ===

<-- Respuesta cruda: $CFG,BAD_CRC,LOGREAD,2883,0000-00-14 149:48:43,SERVER_ACK,48,0
*** Trama sin '*CRC' reconocible. ***

=== Registro 2884 (2885/4081) ===

<-- Respuesta cruda: $CFG,ACK,LOGREAD,2884,2026-07-24 16:49:43,SEND_OK,0,0
*** Trama sin '*CRC' reconocible. ***

=== Registro 2885 (2886/4081) ===

<-- Respuesta cruda: $CFG,ACK,LOGREAD,2885,2026-07-24 16:49:43,SERVER_ACK,48,0
*** Trama sin '*CRC' reconocible. ***

=== Registro 2886 (2887/4081) ===

<-- Respuesta cruda: $CFG,ACK,LOGREAD,2886,2026-07-24 16:50:43,SEND_OK,0,0
*** Trama sin '*CRC' reconocible. ***

=== Registro 2887 (2888/4081) ===

<-- Respuesta cruda: $CFG,ACK,LOGREAD,2887,2026-07-24 16:50:43,SERVER_ACK,48,0
*** Trama sin '*CRC' reconocible. ***

=== Registro 2888 (2889/4081) ===

<-- Respuesta cruda: $CFG,ACK,LOGREAD,2888,2026-07-24 16:51:43,SEND_OK,0,0
*** Trama sin '*CRC' reconocible. ***

=== Registro 2889 (2890/4081) ===

<-- Respuesta cruda: $CFG,BAD_CRC,LOGREAD,2889,2026-07-24 16:51:43,SERVER_ACK,908853296,0
*** Trama sin '*CRC' reconocible. ***

=== Registro 2890 (2891/4081) ===

<-- Respuesta cruda: $CFG,BAD_CRC,LOGREAD,2890,0000-00-58 40:52:43,SEND_OK,0,0
*** Trama sin '*CRC' reconocible. ***

=== Registro 2891 (2892/4081) ===

<-- Respuesta cruda: $CFG,ACK,LOGREAD,2891,2026-07-24 16:52:44,SERVER_ACK,48,0
*** Trama sin '*CRC' reconocible. ***

=== Registro 2892 (2893/4081) ===

<-- Respuesta cruda: $CFG,ACK,LOGREAD,2892,2026-07-24 16:53:43,SEND_OK,0,0
*** Trama sin '*CRC' reconocible. ***

=== Registro 2893 (2894/4081) ===

<-- Respuesta cruda: $CFG,ACK,LOGREAD,2893,2026-07-24 16:53:44,SERVER_ACK,48,0
*** Trama sin '*CRC' reconocible. ***

=== Registro 2894 (2895/4081) ===

<-- Respuesta cruda: $CFG,ACK,LOGREAD,2894,2026-07-24 16:54:44,SEND_OK,0,0
*** Trama sin '*CRC' reconocible. ***

=== Registro 2895 (2896/4081) ===

<-- Respuesta cruda: $CFG,ACK,LOGREAD,2895,2026-07-24 16:54:44,SERVER_ACK,48,0
*** Trama sin '*CRC' reconocible. ***

=== Registro 2896 (2897/4081) ===

<-- Respuesta cruda: $CFG,BAD_CRC,LOGREAD,2896,2026-07-24 16:55:07,SIM_PIN_REQUIRED,1177369104,12288
*** Trama sin '*CRC' reconocible. ***

=== Registro 2897 (2898/4081) ===

<-- Respuesta cruda: $CFG,BAD_CRC,LOGREAD,2897,0000-00-39 124:55:44,SERVER_ACK,48,0
*** Trama sin '*CRC' reconocible. ***

=== Registro 2898 (2899/4081) ===

<-- Respuesta cruda: $CFG,ACK,LOGREAD,2898,2026-07-24 16:56:44,SEND_OK,0,0
*** Trama sin '*CRC' reconocible. ***

=== Registro 2899 (2900/4081) ===

<-- Respuesta cruda: $CFG,ACK,LOGREAD,2899,2026-07-24 16:56:44,SERVER_ACK,48,0
*** Trama sin '*CRC' reconocible. ***

=== Registro 2900 (2901/4081) ===

<-- Respuesta cruda: $CFG,ACK,LOGREAD,2900,2026-07-24 16:57:44,SEND_OK,0,0
*** Trama sin '*CRC' reconocible. ***

=== Registro 2901 (2902/4081) ===

<-- Respuesta cruda: $CFG,ACK,LOGREAD,2901,2026-07-24 16:57:45,SERVER_ACK,48,0
*** Trama sin '*CRC' reconocible. ***

=== Registro 2902 (2903/4081) ===

<-- Respuesta cruda: $CFG,ACK,LOGREAD,2902,2026-07-24 16:58:45,SEND_OK,0,0
*** Trama sin '*CRC' reconocible. ***

=== Registro 2903 (2904/4081) ===

<-- Respuesta cruda: $CFG,BAD_CRC,LOGREAD,2903,0234-00-131 126:255:255,UNKNOWN,4294967295,4294967295
*** Trama sin '*CRC' reconocible. ***

=== Registro 2904 (2905/4081) ===

<-- Respuesta cruda: $CFG,ACK,LOGREAD,2904,2026-07-24 16:59:45,SEND_OK,0,0
*** Trama sin '*CRC' reconocible. ***

=== Registro 2905 (2906/4081) ===

<-- Respuesta cruda: $CFG,ACK,LOGREAD,2905,2026-07-24 16:59:45,SERVER_ACK,48,0
*** Trama sin '*CRC' reconocible. ***

=== Registro 2906 (2907/4081) ===

<-- Respuesta cruda: $CFG,ACK,LOGREAD,2906,2026-07-24 17:00:45,SEND_OK,0,0
*** Trama sin '*CRC' reconocible. ***

=== Registro 2907 (2908/4081) ===

<-- Respuesta cruda: $CFG,ACK,LOGREAD,2907,2026-07-24 17:00:45,SERVER_ACK,48,0
*** Trama sin '*CRC' reconocible. ***

=== Registro 2908 (2909/4081) ===

<-- Respuesta cruda: $CFG,ACK,LOGREAD,2908,2026-07-24 17:01:45,SEND_OK,0,0
*** Trama sin '*CRC' reconocible. ***

=== Registro 2909 (2910/4081) ===

<-- Respuesta cruda: $CFG,BAD_CRC,LOGREAD,2909,2026-07-24 17:01:45,SERVER_ACK,48,0
*** Trama sin '*CRC' reconocible. ***

=== Registro 2910 (2911/4081) ===

<-- Respuesta cruda: $CFG,BAD_CRC,LOGREAD,2910,0000-00-240 146:02:45,SEND_OK,0,0
*** Trama sin '*CRC' reconocible. ***

=== Registro 2911 (2912/4081) ===

<-- Respuesta cruda: $CFG,ACK,LOGREAD,2911,2026-07-24 17:02:46,SERVER_ACK,48,0
*** Trama sin '*CRC' reconocible. ***

=== Registro 2912 (2913/4081) ===

<-- Respuesta cruda: $CFG,ACK,LOGREAD,2912,2026-07-24 17:03:46,SEND_OK,0,0
*** Trama sin '*CRC' reconocible. ***

=== Registro 2913 (2914/4081) ===

<-- Respuesta cruda: $CFG,ACK,LOGREAD,2913,2026-07-24 17:03:46,SERVER_ACK,48,0
*** Trama sin '*CRC' reconocible. ***

=== Registro 2914 (2915/4081) ===

<-- Respuesta cruda: $CFG,ACK,LOGREAD,2914,2026-07-24 17:04:46,SEND_OK,0,0
*** Trama sin '*CRC' reconocible. ***

=== Registro 2915 (2916/4081) ===

<-- Respuesta cruda: $CFG,ACK,LOGREAD,2915,2026-07-24 17:04:46,SERVER_ACK,48,0
*** Trama sin '*CRC' reconocible. ***

=== Registro 2916 (2917/4081) ===

<-- Respuesta cruda: $CFG,BAD_CRC,LOGREAD,2916,2026-07-24 17:05:46,SEND_OK,1177487360,12288
*** Trama sin '*CRC' reconocible. ***

=== Registro 2917 (2918/4081) ===

<-- Respuesta cruda: $CFG,BAD_CRC,LOGREAD,2917,0000-00-237 198:05:46,SERVER_ACK,48,0
*** Trama sin '*CRC' reconocible. ***

=== Registro 2918 (2919/4081) ===

<-- Respuesta cruda: $CFG,ACK,LOGREAD,2918,2026-07-24 17:06:46,SEND_OK,0,0
*** Trama sin '*CRC' reconocible. ***

=== Registro 2919 (2920/4081) ===

<-- Respuesta cruda: $CFG,ACK,LOGREAD,2919,2026-07-24 17:06:47,SERVER_ACK,48,0
*** Trama sin '*CRC' reconocible. ***

=== Registro 2920 (2921/4081) ===

<-- Respuesta cruda: $CFG,ACK,LOGREAD,2920,2026-07-24 17:07:46,SEND_OK,0,0
*** Trama sin '*CRC' reconocible. ***

=== Registro 2921 (2922/4081) ===

<-- Respuesta cruda: $CFG,ACK,LOGREAD,2921,2026-07-24 17:07:47,SERVER_ACK,48,0
*** Trama sin '*CRC' reconocible. ***

=== Registro 2922 (2923/4081) ===

<-- Respuesta cruda: $CFG,ACK,LOGREAD,2922,2026-07-24 17:08:47,SEND_OK,0,0
*** Trama sin '*CRC' reconocible. ***

=== Registro 2923 (2924/4081) ===

<-- Respuesta cruda: $CFG,BAD_CRC,LOGREAD,2923,2026-07-24 17:255:255,UNKNOWN,4294967295,4294967295
*** Trama sin '*CRC' reconocible. ***

=== Registro 2924 (2925/4081) ===

<-- Respuesta cruda: $CFG,ACK,LOGREAD,2924,2026-07-24 17:09:47,SEND_OK,0,0
*** Trama sin '*CRC' reconocible. ***

=== Registro 2925 (2926/4081) ===

<-- Respuesta cruda: $CFG,ACK,LOGREAD,2925,2026-07-24 17:09:47,SERVER_ACK,48,0
*** Trama sin '*CRC' reconocible. ***

=== Registro 2926 (2927/4081) ===

<-- Respuesta cruda: $CFG,ACK,LOGREAD,2926,2026-07-24 17:10:47,SEND_OK,0,0
*** Trama sin '*CRC' reconocible. ***

=== Registro 2927 (2928/4081) ===

<-- Respuesta cruda: $CFG,ACK,LOGREAD,2927,2026-07-24 17:10:47,SERVER_ACK,48,0
*** Trama sin '*CRC' reconocible. ***

=== Registro 2928 (2929/4081) ===

<-- Respuesta cruda: $CFG,ACK,LOGREAD,2928,2026-07-24 17:11:47,SEND_OK,0,0
*** Trama sin '*CRC' reconocible. ***

=== Registro 2929 (2930/4081) ===

<-- Respuesta cruda: $CFG,ACK,LOGREAD,2929,2026-07-24 17:11:48,SERVER_ACK,48,0
*** Trama sin '*CRC' reconocible. ***

=== Registro 2930 (2931/4081) ===

<-- Respuesta cruda: $CFG,BAD_CRC,LOGREAD,2930,0000-00-245 137:12:48,SEND_OK,0,0
*** Trama sin '*CRC' reconocible. ***

=== Registro 2931 (2932/4081) ===

<-- Respuesta cruda: $CFG,ACK,LOGREAD,2931,2026-07-24 17:12:48,SERVER_ACK,48,0
*** Trama sin '*CRC' reconocible. ***

=== Registro 2932 (2933/4081) ===

<-- Respuesta cruda: $CFG,ACK,LOGREAD,2932,2026-07-24 17:13:48,SEND_OK,0,0
*** Trama sin '*CRC' reconocible. ***

=== Registro 2933 (2934/4081) ===

<-- Respuesta cruda: $CFG,ACK,LOGREAD,2933,2026-07-24 17:13:50,SERVER_ACK,48,0
*** Trama sin '*CRC' reconocible. ***

=== Registro 2934 (2935/4081) ===

<-- Respuesta cruda: $CFG,ACK,LOGREAD,2934,2026-07-24 17:14:48,SEND_OK,0,0
*** Trama sin '*CRC' reconocible. ***

=== Registro 2935 (2936/4081) ===

<-- Respuesta cruda: $CFG,ACK,LOGREAD,2935,2026-07-24 17:14:48,SERVER_ACK,48,0
*** Trama sin '*CRC' reconocible. ***

=== Registro 2936 (2937/4081) ===

<-- Respuesta cruda: $CFG,BAD_CRC,LOGREAD,2936,2026-07-24 17:15:48,SEND_OK,0,12288
*** Trama sin '*CRC' reconocible. ***

=== Registro 2937 (2938/4081) ===

<-- Respuesta cruda: $CFG,BAD_CRC,LOGREAD,2937,0000-00-184 234:15:48,SERVER_ACK,48,0
*** Trama sin '*CRC' reconocible. ***

=== Registro 2938 (2939/4081) ===

<-- Respuesta cruda: $CFG,ACK,LOGREAD,2938,2026-07-24 17:16:48,SEND_OK,0,0
*** Trama sin '*CRC' reconocible. ***

=== Registro 2939 (2940/4081) ===

<-- Respuesta cruda: $CFG,ACK,LOGREAD,2939,2026-07-24 17:16:49,SERVER_ACK,48,0
*** Trama sin '*CRC' reconocible. ***

=== Registro 2940 (2941/4081) ===

<-- Respuesta cruda: $CFG,ACK,LOGREAD,2940,2026-07-24 17:17:49,SEND_OK,0,0
*** Trama sin '*CRC' reconocible. ***

=== Registro 2941 (2942/4081) ===

<-- Respuesta cruda: $CFG,ACK,LOGREAD,2941,2026-07-24 17:17:49,SERVER_ACK,48,0
*** Trama sin '*CRC' reconocible. ***

=== Registro 2942 (2943/4081) ===

<-- Respuesta cruda: $CFG,ACK,LOGREAD,2942,2026-07-24 17:18:49,SEND_OK,0,0
*** Trama sin '*CRC' reconocible. ***

=== Registro 2943 (2944/4081) ===

<-- Respuesta cruda: $CFG,BAD_CRC,LOGREAD,2943,2026-07-24 17:18:49,SERVER_ACK,909252113,0
*** Trama sin '*CRC' reconocible. ***

=== Registro 2944 (2945/4081) ===

<-- Respuesta cruda: $CFG,BAD_CRC,LOGREAD,2944,0000-00-203 06:19:49,SEND_OK,0,0
*** Trama sin '*CRC' reconocible. ***

=== Registro 2945 (2946/4081) ===

<-- Respuesta cruda: $CFG,ACK,LOGREAD,2945,2026-07-24 17:19:49,SERVER_ACK,48,0
*** Trama sin '*CRC' reconocible. ***

=== Registro 2946 (2947/4081) ===

<-- Respuesta cruda: $CFG,ACK,LOGREAD,2946,2026-07-24 17:20:49,SEND_OK,0,0
*** Trama sin '*CRC' reconocible. ***

=== Registro 2947 (2948/4081) ===

<-- Respuesta cruda: $CFG,ACK,LOGREAD,2947,2026-07-24 17:20:50,SERVER_ACK,48,0
*** Trama sin '*CRC' reconocible. ***

=== Registro 2948 (2949/4081) ===

<-- Respuesta cruda: $CFG,ACK,LOGREAD,2948,2026-07-24 17:21:49,SEND_OK,0,0
*** Trama sin '*CRC' reconocible. ***

=== Registro 2949 (2950/4081) ===

<-- Respuesta cruda: $CFG,ACK,LOGREAD,2949,2026-07-24 17:21:50,SERVER_ACK,48,0
*** Trama sin '*CRC' reconocible. ***

=== Registro 2950 (2951/4081) ===

<-- Respuesta cruda: $CFG,BAD_CRC,LOGREAD,2950,2026-07-24 21:255:255,UNKNOWN,4294967295,4294967295
*** Trama sin '*CRC' reconocible. ***

=== Registro 2951 (2952/4081) ===

<-- Respuesta cruda: $CFG,ACK,LOGREAD,2951,2026-07-24 17:22:50,SERVER_ACK,48,0
*** Trama sin '*CRC' reconocible. ***

=== Registro 2952 (2953/4081) ===

<-- Respuesta cruda: $CFG,ACK,LOGREAD,2952,2026-07-24 17:23:50,SEND_OK,0,0
*** Trama sin '*CRC' reconocible. ***

=== Registro 2953 (2954/4081) ===

<-- Respuesta cruda: $CFG,ACK,LOGREAD,2953,2026-07-24 17:23:50,SERVER_ACK,48,0
*** Trama sin '*CRC' reconocible. ***

=== Registro 2954 (2955/4081) ===

<-- Respuesta cruda: $CFG,ACK,LOGREAD,2954,2026-07-24 17:24:50,SEND_OK,0,0
*** Trama sin '*CRC' reconocible. ***

=== Registro 2955 (2956/4081) ===

<-- Respuesta cruda: $CFG,ACK,LOGREAD,2955,2026-07-24 17:24:50,SERVER_ACK,48,0
*** Trama sin '*CRC' reconocible. ***

=== Registro 2956 (2957/4081) ===

<-- Respuesta cruda: $CFG,BAD_CRC,LOGREAD,2956,2026-07-24 17:25:50,SEND_OK,0,0
*** Trama sin '*CRC' reconocible. ***

=== Registro 2957 (2958/4081) ===

<-- Respuesta cruda: $CFG,BAD_CRC,LOGREAD,2957,0000-00-157 90:25:51,SERVER_ACK,48,0
*** Trama sin '*CRC' reconocible. ***

=== Registro 2958 (2959/4081) ===

<-- Respuesta cruda: $CFG,ACK,LOGREAD,2958,2026-07-24 17:26:51,SEND_OK,0,0
*** Trama sin '*CRC' reconocible. ***

=== Registro 2959 (2960/4081) ===

<-- Respuesta cruda: $CFG,ACK,LOGREAD,2959,2026-07-24 17:26:51,SERVER_ACK,48,0
*** Trama sin '*CRC' reconocible. ***

=== Registro 2960 (2961/4081) ===

<-- Respuesta cruda: $CFG,ACK,LOGREAD,2960,2026-07-24 17:27:51,SEND_OK,0,0
*** Trama sin '*CRC' reconocible. ***

=== Registro 2961 (2962/4081) ===

<-- Respuesta cruda: $CFG,ACK,LOGREAD,2961,2026-07-24 17:27:51,SERVER_ACK,48,0
*** Trama sin '*CRC' reconocible. ***

=== Registro 2962 (2963/4081) ===

<-- Respuesta cruda: $CFG,ACK,LOGREAD,2962,2026-07-24 17:28:51,SEND_OK,0,0
*** Trama sin '*CRC' reconocible. ***

=== Registro 2963 (2964/4081) ===

<-- Respuesta cruda: $CFG,BAD_CRC,LOGREAD,2963,2026-07-24 17:28:51,SERVER_ACK,48,0
*** Trama sin '*CRC' reconocible. ***

=== Registro 2964 (2965/4081) ===

<-- Respuesta cruda: $CFG,BAD_CRC,LOGREAD,2964,0000-00-241 165:29:51,SEND_OK,0,0
*** Trama sin '*CRC' reconocible. ***

=== Registro 2965 (2966/4081) ===

<-- Respuesta cruda: $CFG,ACK,LOGREAD,2965,2026-07-24 17:29:51,SERVER_ACK,48,0
*** Trama sin '*CRC' reconocible. ***

=== Registro 2966 (2967/4081) ===

<-- Respuesta cruda: $CFG,ACK,LOGREAD,2966,2026-07-24 17:30:51,SEND_OK,0,0
*** Trama sin '*CRC' reconocible. ***

=== Registro 2967 (2968/4081) ===

<-- Respuesta cruda: $CFG,ACK,LOGREAD,2967,2026-07-24 17:30:52,SERVER_ACK,48,0
*** Trama sin '*CRC' reconocible. ***

=== Registro 2968 (2969/4081) ===

<-- Respuesta cruda: $CFG,ACK,LOGREAD,2968,2026-07-24 17:31:52,SEND_OK,0,0
*** Trama sin '*CRC' reconocible. ***

=== Registro 2969 (2970/4081) ===

<-- Respuesta cruda: $CFG,ACK,LOGREAD,2969,2026-07-24 17:31:52,SERVER_ACK,48,0
*** Trama sin '*CRC' reconocible. ***

=== Registro 2970 (2971/4081) ===

<-- Respuesta cruda: $CFG,BAD_CRC,LOGREAD,2970,2026-07-24 17:32:52,SEND_OK,1177887505,12288
*** Trama sin '*CRC' reconocible. ***

=== Registro 2971 (2972/4081) ===

<-- Respuesta cruda: $CFG,BAD_CRC,LOGREAD,2971,0000-00-122 225:32:52,SERVER_ACK,48,0
*** Trama sin '*CRC' reconocible. ***

=== Registro 2972 (2973/4081) ===

<-- Respuesta cruda: $CFG,ACK,LOGREAD,2972,2026-07-24 17:33:52,SEND_OK,0,0
*** Trama sin '*CRC' reconocible. ***

=== Registro 2973 (2974/4081) ===

<-- Respuesta cruda: $CFG,ACK,LOGREAD,2973,2026-07-24 17:33:52,SERVER_ACK,48,0
*** Trama sin '*CRC' reconocible. ***

=== Registro 2974 (2975/4081) ===

<-- Respuesta cruda: $CFG,ACK,LOGREAD,2974,2026-07-24 17:34:52,SEND_OK,0,0
*** Trama sin '*CRC' reconocible. ***

=== Registro 2975 (2976/4081) ===

<-- Respuesta cruda: $CFG,ACK,LOGREAD,2975,2026-07-24 17:34:53,SERVER_ACK,48,0
*** Trama sin '*CRC' reconocible. ***

=== Registro 2976 (2977/4081) ===

<-- Respuesta cruda: $CFG,ACK,LOGREAD,2976,2026-07-24 17:35:52,SEND_OK,0,0
*** Trama sin '*CRC' reconocible. ***

=== Registro 2977 (2978/4081) ===

<-- Respuesta cruda: $CFG,BAD_CRC,LOGREAD,2977,2026-07-219 239:255:255,UNKNOWN,4294967295,4294967295
*** Trama sin '*CRC' reconocible. ***

=== Registro 2978 (2979/4081) ===

<-- Respuesta cruda: $CFG,ACK,LOGREAD,2978,2026-07-24 17:36:53,SEND_OK,0,0
*** Trama sin '*CRC' reconocible. ***

=== Registro 2979 (2980/4081) ===

<-- Respuesta cruda: $CFG,ACK,LOGREAD,2979,2026-07-24 17:36:53,SERVER_ACK,48,0
*** Trama sin '*CRC' reconocible. ***

=== Registro 2980 (2981/4081) ===

<-- Respuesta cruda: $CFG,ACK,LOGREAD,2980,2026-07-24 17:37:53,SEND_OK,0,0
*** Trama sin '*CRC' reconocible. ***

=== Registro 2981 (2982/4081) ===

<-- Respuesta cruda: $CFG,ACK,LOGREAD,2981,2026-07-24 17:37:53,SERVER_ACK,48,0
*** Trama sin '*CRC' reconocible. ***

=== Registro 2982 (2983/4081) ===

<-- Respuesta cruda: $CFG,ACK,LOGREAD,2982,2026-07-24 17:38:53,SEND_OK,0,0
*** Trama sin '*CRC' reconocible. ***

=== Registro 2983 (2984/4081) ===

<-- Respuesta cruda: $CFG,BAD_CRC,LOGREAD,2983,2026-07-24 17:38:53,SERVER_ACK,48,0
*** Trama sin '*CRC' reconocible. ***

=== Registro 2984 (2985/4081) ===

<-- Respuesta cruda: $CFG,BAD_CRC,LOGREAD,2984,0000-00-250 96:39:53,SEND_OK,0,0
*** Trama sin '*CRC' reconocible. ***

=== Registro 2985 (2986/4081) ===

<-- Respuesta cruda: $CFG,ACK,LOGREAD,2985,2026-07-24 17:39:53,SERVER_ACK,48,0
*** Trama sin '*CRC' reconocible. ***

=== Registro 2986 (2987/4081) ===

<-- Respuesta cruda: $CFG,ACK,LOGREAD,2986,2026-07-24 17:40:53,SEND_OK,0,0
*** Trama sin '*CRC' reconocible. ***

=== Registro 2987 (2988/4081) ===

<-- Respuesta cruda: $CFG,ACK,LOGREAD,2987,2026-07-24 17:40:53,SERVER_ACK,48,0
*** Trama sin '*CRC' reconocible. ***

=== Registro 2988 (2989/4081) ===

<-- Respuesta cruda: $CFG,ACK,LOGREAD,2988,2026-07-24 17:41:53,SEND_OK,0,0
*** Trama sin '*CRC' reconocible. ***

=== Registro 2989 (2990/4081) ===

<-- Respuesta cruda: $CFG,ACK,LOGREAD,2989,2026-07-24 17:41:53,SERVER_ACK,48,0
*** Trama sin '*CRC' reconocible. ***

=== Registro 2990 (2991/4081) ===

<-- Respuesta cruda: $CFG,BAD_CRC,LOGREAD,2990,2026-07-24 17:42:53,SEND_OK,1174405120,12288
*** Trama sin '*CRC' reconocible. ***

=== Registro 2991 (2992/4081) ===

<-- Respuesta cruda: $CFG,BAD_CRC,LOGREAD,2991,0000-00-22 137:42:53,SERVER_ACK,48,0
*** Trama sin '*CRC' reconocible. ***

=== Registro 2992 (2993/4081) ===

<-- Respuesta cruda: $CFG,ACK,LOGREAD,2992,2026-07-24 17:43:53,SEND_OK,0,0
*** Trama sin '*CRC' reconocible. ***

=== Registro 2993 (2994/4081) ===

<-- Respuesta cruda: $CFG,ACK,LOGREAD,2993,2026-07-24 17:43:54,SERVER_ACK,48,0
*** Trama sin '*CRC' reconocible. ***

=== Registro 2994 (2995/4081) ===

<-- Respuesta cruda: $CFG,ACK,LOGREAD,2994,2026-07-24 17:44:54,SEND_OK,0,0
*** Trama sin '*CRC' reconocible. ***

=== Registro 2995 (2996/4081) ===

<-- Respuesta cruda: $CFG,ACK,LOGREAD,2995,2026-07-24 17:44:54,SERVER_ACK,48,0
*** Trama sin '*CRC' reconocible. ***

=== Registro 2996 (2997/4081) ===

<-- Respuesta cruda: $CFG,ACK,LOGREAD,2996,2026-07-24 17:45:54,SEND_OK,0,0
*** Trama sin '*CRC' reconocible. ***

=== Registro 2997 (2998/4081) ===

<-- Respuesta cruda: $CFG,BAD_CRC,LOGREAD,2997,2026-07-24 17:45:54,SIM_PIN_REQUIRED,1178022161,12288
*** Trama sin '*CRC' reconocible. ***

=== Registro 2998 (2999/4081) ===

<-- Respuesta cruda: $CFG,BAD_CRC,LOGREAD,2998,0000-00-115 112:46:54,SEND_OK,0,0
*** Trama sin '*CRC' reconocible. ***

=== Registro 2999 (3000/4081) ===

<-- Respuesta cruda: $CFG,ACK,LOGREAD,2999,2026-07-24 17:46:55,SERVER_ACK,48,0
*** Trama sin '*CRC' reconocible. ***

=== Registro 3000 (3001/4081) ===

<-- Respuesta cruda: $CFG,ACK,LOGREAD,3000,2026-07-24 17:47:54,SEND_OK,0,0
*** Trama sin '*CRC' reconocible. ***

=== Registro 3001 (3002/4081) ===

<-- Respuesta cruda: $CFG,ACK,LOGREAD,3001,2026-07-24 17:47:56,SERVER_ACK,48,0
*** Trama sin '*CRC' reconocible. ***

=== Registro 3002 (3003/4081) ===

<-- Respuesta cruda: $CFG,ACK,LOGREAD,3002,2026-07-24 17:48:54,SEND_OK,0,0
*** Trama sin '*CRC' reconocible. ***

=== Registro 3003 (3004/4081) ===

<-- Respuesta cruda: $CFG,ACK,LOGREAD,3003,2026-07-24 17:49:55,SEND_OK,0,0
*** Trama sin '*CRC' reconocible. ***

=== Registro 3004 (3005/4081) ===

<-- Respuesta cruda: $CFG,BAD_CRC,LOGREAD,3004,2026-00-201 111:255:255,UNKNOWN,4294967295,4294967295
*** Trama sin '*CRC' reconocible. ***

=== Registro 3005 (3006/4081) ===

<-- Respuesta cruda: $CFG,ACK,LOGREAD,3005,2026-07-24 17:50:55,SEND_OK,0,0
*** Trama sin '*CRC' reconocible. ***

=== Registro 3006 (3007/4081) ===

<-- Respuesta cruda: $CFG,ACK,LOGREAD,3006,2026-07-24 17:50:56,SERVER_ACK,48,0
*** Trama sin '*CRC' reconocible. ***

=== Registro 3007 (3008/4081) ===

<-- Respuesta cruda: $CFG,ACK,LOGREAD,3007,2026-07-24 17:51:55,SEND_OK,0,0
*** Trama sin '*CRC' reconocible. ***

=== Registro 3008 (3009/4081) ===

<-- Respuesta cruda: $CFG,ACK,LOGREAD,3008,2026-07-24 17:51:56,SERVER_ACK,48,0
*** Trama sin '*CRC' reconocible. ***

=== Registro 3009 (3010/4081) ===

<-- Respuesta cruda: $CFG,ACK,LOGREAD,3009,2026-07-24 17:52:55,SEND_OK,0,0
*** Trama sin '*CRC' reconocible. ***

=== Registro 3010 (3011/4081) ===

<-- Respuesta cruda: $CFG,BAD_CRC,LOGREAD,3010,2026-07-24 17:53:56,SEND_OK,0,0
*** Trama sin '*CRC' reconocible. ***

=== Registro 3011 (3012/4081) ===

<-- Respuesta cruda: $CFG,BAD_CRC,LOGREAD,3011,0000-00-91 64:54:56,SEND_OK,0,0
*** Trama sin '*CRC' reconocible. ***

=== Registro 3012 (3013/4081) ===

<-- Respuesta cruda: $CFG,ACK,LOGREAD,3012,2026-07-24 17:54:58,SERVER_ACK,48,0
*** Trama sin '*CRC' reconocible. ***

=== Registro 3013 (3014/4081) ===

<-- Respuesta cruda: $CFG,ACK,LOGREAD,3013,2026-07-24 17:55:56,SEND_OK,0,0
*** Trama sin '*CRC' reconocible. ***

=== Registro 3014 (3015/4081) ===

<-- Respuesta cruda: $CFG,ACK,LOGREAD,3014,2026-07-24 17:56:56,SEND_OK,0,0
*** Trama sin '*CRC' reconocible. ***

=== Registro 3015 (3016/4081) ===

<-- Respuesta cruda: $CFG,ACK,LOGREAD,3015,2026-07-24 17:56:57,SERVER_ACK,48,0
*** Trama sin '*CRC' reconocible. ***

=== Registro 3016 (3017/4081) ===

<-- Respuesta cruda: $CFG,ACK,LOGREAD,3016,2026-07-24 17:57:56,SEND_OK,0,0
*** Trama sin '*CRC' reconocible. ***

=== Registro 3017 (3018/4081) ===

<-- Respuesta cruda: $CFG,BAD_CRC,LOGREAD,3017,2026-07-24 17:57:58,SERVER_ACK,909705264,0
*** Trama sin '*CRC' reconocible. ***

=== Registro 3018 (3019/4081) ===

<-- Respuesta cruda: $CFG,BAD_CRC,LOGREAD,3018,0000-00-158 41:58:57,SEND_OK,0,0
*** Trama sin '*CRC' reconocible. ***

=== Registro 3019 (3020/4081) ===

<-- Respuesta cruda: $CFG,ACK,LOGREAD,3019,2026-07-24 17:59:57,SEND_OK,0,0
*** Trama sin '*CRC' reconocible. ***

=== Registro 3020 (3021/4081) ===

<-- Respuesta cruda: $CFG,ACK,LOGREAD,3020,2026-07-24 18:00:57,SEND_OK,0,0
*** Trama sin '*CRC' reconocible. ***

=== Registro 3021 (3022/4081) ===

<-- Respuesta cruda: $CFG,ACK,LOGREAD,3021,2026-07-24 18:00:58,SERVER_ACK,48,0
*** Trama sin '*CRC' reconocible. ***

=== Registro 3022 (3023/4081) ===

<-- Respuesta cruda: $CFG,ACK,LOGREAD,3022,2026-07-24 18:01:57,SEND_OK,0,0
*** Trama sin '*CRC' reconocible. ***

=== Registro 3023 (3024/4081) ===

<-- Respuesta cruda: $CFG,ACK,LOGREAD,3023,2026-07-24 18:01:59,SERVER_ACK,48,0
*** Trama sin '*CRC' reconocible. ***

=== Registro 3024 (3025/4081) ===

<-- Respuesta cruda: $CFG,BAD_CRC,LOGREAD,3024,2026-07-24 18:02:07,SIM_PIN_REQUIRED,909772306,0
*** Trama sin '*CRC' reconocible. ***

=== Registro 3025 (3026/4081) ===

<-- Respuesta cruda: $CFG,BAD_CRC,LOGREAD,3025,0000-00-176 92:02:59,SERVER_ACK,48,0
*** Trama sin '*CRC' reconocible. ***

=== Registro 3026 (3027/4081) ===

<-- Respuesta cruda: $CFG,ACK,LOGREAD,3026,2026-07-24 18:03:58,SEND_OK,0,0
*** Trama sin '*CRC' reconocible. ***

=== Registro 3027 (3028/4081) ===

<-- Respuesta cruda: $CFG,ACK,LOGREAD,3027,2026-07-24 18:03:59,SERVER_ACK,48,0
*** Trama sin '*CRC' reconocible. ***

=== Registro 3028 (3029/4081) ===

<-- Respuesta cruda: $CFG,ACK,LOGREAD,3028,2026-07-24 18:04:58,SEND_OK,0,0
*** Trama sin '*CRC' reconocible. ***

=== Registro 3029 (3030/4081) ===

<-- Respuesta cruda: $CFG,ACK,LOGREAD,3029,2026-07-24 18:05:58,SEND_OK,0,0
*** Trama sin '*CRC' reconocible. ***

=== Registro 3030 (3031/4081) ===

<-- Respuesta cruda: $CFG,ACK,LOGREAD,3030,2026-07-24 18:05:59,SERVER_ACK,48,0
*** Trama sin '*CRC' reconocible. ***

=== Registro 3031 (3032/4081) ===

<-- Respuesta cruda: $CFG,BAD_CRC,LOGREAD,3031,0234-00-157 241:255:255,UNKNOWN,4294967295,4294967295
*** Trama sin '*CRC' reconocible. ***

=== Registro 3032 (3033/4081) ===

<-- Respuesta cruda: $CFG,ACK,LOGREAD,3032,2026-07-24 18:06:59,SERVER_ACK,48,0
*** Trama sin '*CRC' reconocible. ***

=== Registro 3033 (3034/4081) ===

<-- Respuesta cruda: $CFG,ACK,LOGREAD,3033,2026-01-01 00:00:00,MODEM_RESET,0,0
*** Trama sin '*CRC' reconocible. ***

=== Registro 3034 (3035/4081) ===

<-- Respuesta cruda: $CFG,ACK,LOGREAD,3034,2026-01-01 00:00:01,MODEM_BOOT,0,0
*** Trama sin '*CRC' reconocible. ***

=== Registro 3035 (3036/4081) ===

<-- Respuesta cruda: $CFG,ACK,LOGREAD,3035,2026-01-01 00:00:00,MODEM_RESET,0,0
*** Trama sin '*CRC' reconocible. ***

=== Registro 3036 (3037/4081) ===

<-- Respuesta cruda: $CFG,ACK,LOGREAD,3036,2026-01-01 00:00:01,MODEM_BOOT,0,0
*** Trama sin '*CRC' reconocible. ***

=== Registro 3037 (3038/4081) ===

<-- Respuesta cruda: $CFG,BAD_CRC,LOGREAD,3037,2026-01-01 00:00:38,PDN_ACT,0,0
*** Trama sin '*CRC' reconocible. ***

=== Registro 3038 (3039/4081) ===

<-- Respuesta cruda: $CFG,BAD_CRC,LOGREAD,3038,0000-00-25 58:00:38,CMEE_CONFIG_OK,2,0
*** Trama sin '*CRC' reconocible. ***

=== Registro 3039 (3040/4081) ===

<-- Respuesta cruda: $CFG,ACK,LOGREAD,3039,2026-01-01 00:00:38,SIM_READY,0,0
*** Trama sin '*CRC' reconocible. ***

=== Registro 3040 (3041/4081) ===

<-- Respuesta cruda: $CFG,ACK,LOGREAD,3040,2026-01-01 00:00:38,SIGNAL_OK,4294967243,0
*** Trama sin '*CRC' reconocible. ***

=== Registro 3041 (3042/4081) ===

<-- Respuesta cruda: $CFG,ACK,LOGREAD,3041,2026-01-01 00:00:38,CFUN_OK,0,0
*** Trama sin '*CRC' reconocible. ***

=== Registro 3042 (3043/4081) ===

<-- Respuesta cruda: $CFG,ACK,LOGREAD,3042,2026-01-01 00:00:48,NETWORK_REGISTERED,0,0
*** Trama sin '*CRC' reconocible. ***

=== Registro 3043 (3044/4081) ===

<-- Respuesta cruda: $CFG,ACK,LOGREAD,3043,2026-01-01 00:00:48,GPRS_READY,0,0
*** Trama sin '*CRC' reconocible. ***

=== Registro 3044 (3045/4081) ===

<-- Respuesta cruda: $CFG,BAD_CRC,LOGREAD,3044,2026-07-30 09:54:58,RTC_SYNC_OK,236009216,0
*** Trama sin '*CRC' reconocible. ***

=== Registro 3045 (3046/4081) ===

<-- Respuesta cruda: $CFG,BAD_CRC,LOGREAD,3045,0000-00-199 72:54:58,APN_OK,0,0
*** Trama sin '*CRC' reconocible. ***

=== Registro 3046 (3047/4081) ===

<-- Respuesta cruda: $CFG,ACK,LOGREAD,3046,2026-07-30 09:54:58,NETOPEN_START,0,0
*** Trama sin '*CRC' reconocible. ***

=== Registro 3047 (3048/4081) ===

<-- Respuesta cruda: $CFG,ACK,LOGREAD,3047,2026-07-30 09:54:58,NETOPEN_START,0,0
*** Trama sin '*CRC' reconocible. ***

=== Registro 3048 (3049/4081) ===

<-- Respuesta cruda: $CFG,ACK,LOGREAD,3048,2026-07-30 09:55:07,PDN_DEACT,0,0
*** Trama sin '*CRC' reconocible. ***

=== Registro 3049 (3050/4081) ===

<-- Respuesta cruda: $CFG,ACK,LOGREAD,3049,2026-07-30 09:55:07,PDN_DEACT,0,0
*** Trama sin '*CRC' reconocible. ***

=== Registro 3050 (3051/4081) ===

<-- Respuesta cruda: $CFG,ACK,LOGREAD,3050,2026-07-30 09:55:12,REG_DENIED,0,0
*** Trama sin '*CRC' reconocible. ***

=== Registro 3051 (3052/4081) ===

<-- Respuesta cruda: $CFG,BAD_CRC,LOGREAD,3051,2026-07-30 09:255:255,UNKNOWN,4294967295,4294967295
*** Trama sin '*CRC' reconocible. ***

=== Registro 3052 (3053/4081) ===

<-- Respuesta cruda: $CFG,ACK,LOGREAD,3052,2026-07-30 09:55:22,REG_DENIED,0,0
*** Trama sin '*CRC' reconocible. ***

=== Registro 3053 (3054/4081) ===

<-- Respuesta cruda: $CFG,ACK,LOGREAD,3053,2026-07-30 09:55:27,REG_DENIED,0,0
*** Trama sin '*CRC' reconocible. ***

=== Registro 3054 (3055/4081) ===

<-- Respuesta cruda: $CFG,ACK,LOGREAD,3054,2026-07-30 09:55:32,REG_DENIED,0,0
*** Trama sin '*CRC' reconocible. ***

=== Registro 3055 (3056/4081) ===

<-- Respuesta cruda: $CFG,ACK,LOGREAD,3055,2026-07-30 09:55:37,REG_DENIED,0,0
*** Trama sin '*CRC' reconocible. ***

=== Registro 3056 (3057/4081) ===

<-- Respuesta cruda: $CFG,ACK,LOGREAD,3056,2026-07-30 09:55:40,RS232_TIMEOUT,0,0
*** Trama sin '*CRC' reconocible. ***

=== Registro 3057 (3058/4081) ===

<-- Respuesta cruda: $CFG,ACK,LOGREAD,3057,2026-07-30 09:55:42,REG_DENIED,0,0
*** Trama sin '*CRC' reconocible. ***

=== Registro 3058 (3059/4081) ===

<-- Respuesta cruda: $CFG,BAD_CRC,LOGREAD,3058,0000-00-113 44:55:47,REG_DENIED,0,0
*** Trama sin '*CRC' reconocible. ***

=== Registro 3059 (3060/4081) ===

<-- Respuesta cruda: $CFG,ACK,LOGREAD,3059,2026-07-30 09:55:52,REG_DENIED,0,0
*** Trama sin '*CRC' reconocible. ***

=== Registro 3060 (3061/4081) ===

<-- Respuesta cruda: $CFG,ACK,LOGREAD,3060,2026-07-30 09:55:57,REG_DENIED,0,0
*** Trama sin '*CRC' reconocible. ***

=== Registro 3061 (3062/4081) ===

<-- Respuesta cruda: $CFG,ACK,LOGREAD,3061,2026-07-30 09:55:58,CID_RECEIVED,0,0
*** Trama sin '*CRC' reconocible. ***

=== Registro 3062 (3063/4081) ===

<-- Respuesta cruda: $CFG,ACK,LOGREAD,3062,2026-07-30 09:55:58,RS232_RESTORED,0,0
*** Trama sin '*CRC' reconocible. ***

=== Registro 3063 (3064/4081) ===

<-- Respuesta cruda: $CFG,ACK,LOGREAD,3063,2026-07-30 09:55:59,CID_RECEIVED,0,0
*** Trama sin '*CRC' reconocible. ***

=== Registro 3064 (3065/4081) ===

<-- Respuesta cruda: $CFG,BAD_CRC,LOGREAD,3064,2026-07-30 09:56:00,CID_RECEIVED,0,0
*** Trama sin '*CRC' reconocible. ***

=== Registro 3065 (3066/4081) ===

<-- Respuesta cruda: $CFG,BAD_CRC,LOGREAD,3065,0000-00-237 255:56:02,CID_RECEIVED,0,0
*** Trama sin '*CRC' reconocible. ***

=== Registro 3066 (3067/4081) ===

<-- Respuesta cruda: $CFG,ACK,LOGREAD,3066,2026-07-30 09:56:02,REG_DENIED,0,0
*** Trama sin '*CRC' reconocible. ***

=== Registro 3067 (3068/4081) ===

<-- Respuesta cruda: $CFG,ACK,LOGREAD,3067,2026-07-30 09:56:03,CID_RECEIVED,0,0
*** Trama sin '*CRC' reconocible. ***

=== Registro 3068 (3069/4081) ===

<-- Respuesta cruda: $CFG,ACK,LOGREAD,3068,2026-07-30 09:56:04,CID_RECEIVED,0,0
*** Trama sin '*CRC' reconocible. ***

=== Registro 3069 (3070/4081) ===

<-- Respuesta cruda: $CFG,ACK,LOGREAD,3069,2026-07-30 09:56:06,CID_RECEIVED,0,0
*** Trama sin '*CRC' reconocible. ***

=== Registro 3070 (3071/4081) ===

<-- Respuesta cruda: $CFG,ACK,LOGREAD,3070,2026-07-30 09:56:07,CID_RECEIVED,0,0
*** Trama sin '*CRC' reconocible. ***

=== Registro 3071 (3072/4081) ===

<-- Respuesta cruda: $CFG,BAD_CRC,LOGREAD,3071,2026-07-30 09:56:07,REG_DENIED,236337161,0
*** Trama sin '*CRC' reconocible. ***

=== Registro 3072 (3073/4081) ===

<-- Respuesta cruda: $CFG,BAD_CRC,LOGREAD,3072,0000-00-153 114:56:08,CID_RECEIVED,0,0
*** Trama sin '*CRC' reconocible. ***

=== Registro 3073 (3074/4081) ===

<-- Respuesta cruda: $CFG,ACK,LOGREAD,3073,2026-07-30 09:56:10,CID_QUEUE_FULL,0,0
*** Trama sin '*CRC' reconocible. ***

=== Registro 3074 (3075/4081) ===

<-- Respuesta cruda: $CFG,ACK,LOGREAD,3074,2026-07-30 09:56:10,CID_RECEIVED,0,0
*** Trama sin '*CRC' reconocible. ***

=== Registro 3075 (3076/4081) ===

<-- Respuesta cruda: $CFG,ACK,LOGREAD,3075,2026-07-30 09:56:12,REG_DENIED,0,0
*** Trama sin '*CRC' reconocible. ***

=== Registro 3076 (3077/4081) ===

<-- Respuesta cruda: $CFG,ACK,LOGREAD,3076,2026-07-30 09:56:17,REG_DENIED,0,0
*** Trama sin '*CRC' reconocible. ***

=== Registro 3077 (3078/4081) ===

<-- Respuesta cruda: $CFG,ACK,LOGREAD,3077,2026-07-30 09:56:19,CID_RECEIVED,0,0
*** Trama sin '*CRC' reconocible. ***

=== Registro 3078 (3079/4081) ===

<-- Respuesta cruda: $CFG,BAD_CRC,LOGREAD,3078,2026-07-30 126:255:255,UNKNOWN,4294967295,4294967295
*** Trama sin '*CRC' reconocible. ***

=== Registro 3079 (3080/4081) ===

<-- Respuesta cruda: $CFG,ACK,LOGREAD,3079,2026-07-30 09:56:27,REG_DENIED,0,0
*** Trama sin '*CRC' reconocible. ***

=== Registro 3080 (3081/4081) ===

<-- Respuesta cruda: $CFG,ACK,LOGREAD,3080,2026-07-30 09:56:29,CID_RECEIVED,0,0
*** Trama sin '*CRC' reconocible. ***

=== Registro 3081 (3082/4081) ===

<-- Respuesta cruda: $CFG,ACK,LOGREAD,3081,2026-07-30 09:56:32,REG_DENIED,0,0
*** Trama sin '*CRC' reconocible. ***

=== Registro 3082 (3083/4081) ===

<-- Respuesta cruda: $CFG,ACK,LOGREAD,3082,2026-07-30 09:56:37,REG_DENIED,0,0
*** Trama sin '*CRC' reconocible. ***

=== Registro 3083 (3084/4081) ===

<-- Respuesta cruda: $CFG,ACK,LOGREAD,3083,2026-07-30 09:56:39,CID_RECEIVED,0,0
*** Trama sin '*CRC' reconocible. ***

=== Registro 3084 (3085/4081) ===

<-- Respuesta cruda: $CFG,BAD_CRC,LOGREAD,3084,2026-07-30 09:56:42,REG_DENIED,0,0
*** Trama sin '*CRC' reconocible. ***

=== Registro 3085 (3086/4081) ===

<-- Respuesta cruda: $CFG,BAD_CRC,LOGREAD,3085,0000-00-195 02:56:47,REG_DENIED,0,0
*** Trama sin '*CRC' reconocible. ***

=== Registro 3086 (3087/4081) ===

<-- Respuesta cruda: $CFG,ACK,LOGREAD,3086,2026-07-30 09:56:49,CID_RECEIVED,0,0
*** Trama sin '*CRC' reconocible. ***

=== Registro 3087 (3088/4081) ===

<-- Respuesta cruda: $CFG,ACK,LOGREAD,3087,2026-07-30 09:56:52,REG_DENIED,0,0
*** Trama sin '*CRC' reconocible. ***

=== Registro 3088 (3089/4081) ===

<-- Respuesta cruda: $CFG,ACK,LOGREAD,3088,2026-07-30 09:56:57,REG_DENIED,0,0
*** Trama sin '*CRC' reconocible. ***

=== Registro 3089 (3090/4081) ===

<-- Respuesta cruda: $CFG,ACK,LOGREAD,3089,2026-07-30 09:56:59,CID_RECEIVED,0,0
*** Trama sin '*CRC' reconocible. ***

=== Registro 3090 (3091/4081) ===

<-- Respuesta cruda: $CFG,ACK,LOGREAD,3090,2026-07-30 09:57:09,CID_RECEIVED,0,0
*** Trama sin '*CRC' reconocible. ***

=== Registro 3091 (3092/4081) ===

<-- Respuesta cruda: $CFG,BAD_CRC,LOGREAD,3091,2026-07-30 09:57:19,CID_RECEIVED,0,0
*** Trama sin '*CRC' reconocible. ***

=== Registro 3092 (3093/4081) ===

<-- Respuesta cruda: $CFG,BAD_CRC,LOGREAD,3092,0000-00-38 46:57:29,CID_RECEIVED,0,0
*** Trama sin '*CRC' reconocible. ***

=== Registro 3093 (3094/4081) ===

<-- Respuesta cruda: $CFG,ACK,LOGREAD,3093,2026-07-30 09:57:39,CID_RECEIVED,0,0
*** Trama sin '*CRC' reconocible. ***

=== Registro 3094 (3095/4081) ===

<-- Respuesta cruda: $CFG,ACK,LOGREAD,3094,2026-07-30 09:57:49,CID_RECEIVED,0,0
*** Trama sin '*CRC' reconocible. ***

=== Registro 3095 (3096/4081) ===

<-- Respuesta cruda: $CFG,ACK,LOGREAD,3095,2026-07-30 09:57:59,CID_RECEIVED,0,0
*** Trama sin '*CRC' reconocible. ***

=== Registro 3096 (3097/4081) ===

<-- Respuesta cruda: $CFG,ACK,LOGREAD,3096,2026-07-30 09:58:09,CID_RECEIVED,0,0
*** Trama sin '*CRC' reconocible. ***

=== Registro 3097 (3098/4081) ===

<-- Respuesta cruda: $CFG,ACK,LOGREAD,3097,2026-07-30 09:58:17,PDN_ACT,0,0
*** Trama sin '*CRC' reconocible. ***

=== Registro 3098 (3099/4081) ===

<-- Respuesta cruda: $CFG,BAD_CRC,LOGREAD,3098,2026-07-30 09:58:17,NETWORK_REGISTERED,454834697,0
*** Trama sin '*CRC' reconocible. ***

=== Registro 3099 (3100/4081) ===

<-- Respuesta cruda: $CFG,BAD_CRC,LOGREAD,3099,0000-00-168 32:58:19,CID_RECEIVED,0,0
*** Trama sin '*CRC' reconocible. ***

=== Registro 3100 (3101/4081) ===

<-- Respuesta cruda: $CFG,ACK,LOGREAD,3100,2026-07-30 09:58:27,NETWORK_REGISTERED,0,0
*** Trama sin '*CRC' reconocible. ***

=== Registro 3101 (3102/4081) ===

<-- Respuesta cruda: $CFG,ACK,LOGREAD,3101,2026-07-30 09:58:27,GPRS_READY,0,0
*** Trama sin '*CRC' reconocible. ***

=== Registro 3102 (3103/4081) ===

<-- Respuesta cruda: $CFG,ACK,LOGREAD,3102,2026-07-30 09:58:28,RTC_SYNC_OK,0,0
*** Trama sin '*CRC' reconocible. ***

=== Registro 3103 (3104/4081) ===

<-- Respuesta cruda: $CFG,ACK,LOGREAD,3103,2026-07-30 09:58:28,APN_OK,0,0
*** Trama sin '*CRC' reconocible. ***

=== Registro 3104 (3105/4081) ===

<-- Respuesta cruda: $CFG,ACK,LOGREAD,3104,2026-07-30 09:58:28,NETOPEN_START,0,0
*** Trama sin '*CRC' reconocible. ***

=== Registro 3105 (3106/4081) ===

<-- Respuesta cruda: $CFG,BAD_CRC,LOGREAD,3105,2026-07-240 22:255:255,UNKNOWN,4294967295,4294967295
*** Trama sin '*CRC' reconocible. ***

=== Registro 3106 (3107/4081) ===

<-- Respuesta cruda: $CFG,ACK,LOGREAD,3106,2026-07-30 09:58:28,IP_ASSIGNED,0,0
*** Trama sin '*CRC' reconocible. ***

=== Registro 3107 (3108/4081) ===

<-- Respuesta cruda: $CFG,ACK,LOGREAD,3107,2026-07-30 09:58:28,UDP_OPEN_START,0,0
*** Trama sin '*CRC' reconocible. ***

=== Registro 3108 (3109/4081) ===

<-- Respuesta cruda: $CFG,ACK,LOGREAD,3108,2026-07-30 09:58:29,CID_RECEIVED,0,0
*** Trama sin '*CRC' reconocible. ***

=== Registro 3109 (3110/4081) ===

<-- Respuesta cruda: $CFG,ACK,LOGREAD,3109,2026-07-30 09:58:39,CID_RECEIVED,0,0
*** Trama sin '*CRC' reconocible. ***

=== Registro 3110 (3111/4081) ===

<-- Respuesta cruda: $CFG,ACK,LOGREAD,3110,2026-07-30 09:58:48,UDP_OPEN_START,0,0
*** Trama sin '*CRC' reconocible. ***

=== Registro 3111 (3112/4081) ===

<-- Respuesta cruda: $CFG,BAD_CRC,LOGREAD,3111,2026-07-30 09:58:48,UDP_OPEN_OK,0,0
*** Trama sin '*CRC' reconocible. ***

=== Registro 3112 (3113/4081) ===

<-- Respuesta cruda: $CFG,BAD_CRC,LOGREAD,3112,0000-00-238 41:58:48,SEND_OK,0,0
*** Trama sin '*CRC' reconocible. ***

=== Registro 3113 (3114/4081) ===

<-- Respuesta cruda: $CFG,ACK,LOGREAD,3113,2026-07-30 09:58:49,CID_RECEIVED,0,0
*** Trama sin '*CRC' reconocible. ***

=== Registro 3114 (3115/4081) ===

<-- Respuesta cruda: $CFG,ACK,LOGREAD,3114,2026-07-30 09:58:51,CID_QUEUE_FULL,0,0
*** Trama sin '*CRC' reconocible. ***

=== Registro 3115 (3116/4081) ===

<-- Respuesta cruda: $CFG,ACK,LOGREAD,3115,2026-07-30 09:58:51,CID_RECEIVED,0,0
*** Trama sin '*CRC' reconocible. ***

=== Registro 3116 (3117/4081) ===

<-- Respuesta cruda: $CFG,ACK,LOGREAD,3116,2026-07-30 09:58:58,SERVER_TIMEOUT,0,0
*** Trama sin '*CRC' reconocible. ***

=== Registro 3117 (3118/4081) ===

<-- Respuesta cruda: $CFG,ACK,LOGREAD,3117,2026-07-30 09:58:58,SEND_OK,0,0
*** Trama sin '*CRC' reconocible. ***

=== Registro 3118 (3119/4081) ===

<-- Respuesta cruda: $CFG,BAD_CRC,LOGREAD,3118,2026-07-30 09:59:00,CID_RECEIVED,1191182336,0
*** Trama sin '*CRC' reconocible. ***

=== Registro 3119 (3120/4081) ===

<-- Respuesta cruda: $CFG,BAD_CRC,LOGREAD,3119,0000-00-102 250:59:08,SERVER_TIMEOUT,0,0
*** Trama sin '*CRC' reconocible. ***

=== Registro 3120 (3121/4081) ===

<-- Respuesta cruda: $CFG,ACK,LOGREAD,3120,2026-07-30 09:59:08,SEND_OK,0,0
*** Trama sin '*CRC' reconocible. ***

=== Registro 3121 (3122/4081) ===

<-- Respuesta cruda: $CFG,ACK,LOGREAD,3121,2026-07-30 09:59:10,CID_RECEIVED,0,0
*** Trama sin '*CRC' reconocible. ***

=== Registro 3122 (3123/4081) ===

<-- Respuesta cruda: $CFG,ACK,LOGREAD,3122,2026-07-30 09:59:18,SERVER_TIMEOUT,0,0
*** Trama sin '*CRC' reconocible. ***

=== Registro 3123 (3124/4081) ===

<-- Respuesta cruda: $CFG,ACK,LOGREAD,3123,2026-07-30 09:59:19,SEND_OK,0,0
*** Trama sin '*CRC' reconocible. ***

=== Registro 3124 (3125/4081) ===

<-- Respuesta cruda: $CFG,ACK,LOGREAD,3124,2026-07-30 09:59:20,CID_RECEIVED,0,0
*** Trama sin '*CRC' reconocible. ***

=== Registro 3125 (3126/4081) ===

<-- Respuesta cruda: $CFG,BAD_CRC,LOGREAD,3125,2026-07-30 09:59:29,SIM_PIN_REQUIRED,909196041,0
*** Trama sin '*CRC' reconocible. ***

=== Registro 3126 (3127/4081) ===

<-- Respuesta cruda: $CFG,BAD_CRC,LOGREAD,3126,0000-00-17 19:59:29,SEND_OK,0,0
*** Trama sin '*CRC' reconocible. ***

=== Registro 3127 (3128/4081) ===

<-- Respuesta cruda: $CFG,ACK,LOGREAD,3127,2026-07-30 09:59:30,CID_RECEIVED,0,0
*** Trama sin '*CRC' reconocible. ***

=== Registro 3128 (3129/4081) ===

<-- Respuesta cruda: $CFG,ACK,LOGREAD,3128,2026-07-30 09:59:39,SERVER_TIMEOUT,0,0
*** Trama sin '*CRC' reconocible. ***

=== Registro 3129 (3130/4081) ===

<-- Respuesta cruda: $CFG,ACK,LOGREAD,3129,2026-07-30 09:59:39,SEND_OK,0,0
*** Trama sin '*CRC' reconocible. ***

=== Registro 3130 (3131/4081) ===

<-- Respuesta cruda: $CFG,ACK,LOGREAD,3130,2026-07-30 09:59:40,CID_RECEIVED,0,0
*** Trama sin '*CRC' reconocible. ***

=== Registro 3131 (3132/4081) ===

<-- Respuesta cruda: $CFG,ACK,LOGREAD,3131,2026-07-30 09:59:49,SERVER_TIMEOUT,0,0
*** Trama sin '*CRC' reconocible. ***

=== Registro 3132 (3133/4081) ===

<-- Respuesta cruda: $CFG,BAD_CRC,LOGREAD,3132,2026-00-186 198:255:255,UNKNOWN,4294967295,4294967295
*** Trama sin '*CRC' reconocible. ***

=== Registro 3133 (3134/4081) ===

<-- Respuesta cruda: $CFG,ACK,LOGREAD,3133,2026-07-30 09:59:50,CID_RECEIVED,0,0
*** Trama sin '*CRC' reconocible. ***

=== Registro 3134 (3135/4081) ===

<-- Respuesta cruda: $CFG,ACK,LOGREAD,3134,2026-07-30 09:59:59,SERVER_TIMEOUT,0,0
*** Trama sin '*CRC' reconocible. ***

=== Registro 3135 (3136/4081) ===

<-- Respuesta cruda: $CFG,ACK,LOGREAD,3135,2026-07-30 09:59:59,SEND_OK,0,0
*** Trama sin '*CRC' reconocible. ***

=== Registro 3136 (3137/4081) ===

<-- Respuesta cruda: $CFG,ACK,LOGREAD,3136,2026-07-30 10:00:00,CID_RECEIVED,0,0
*** Trama sin '*CRC' reconocible. ***

=== Registro 3137 (3138/4081) ===

<-- Respuesta cruda: $CFG,ACK,LOGREAD,3137,2026-07-30 10:00:09,SERVER_TIMEOUT,0,0
*** Trama sin '*CRC' reconocible. ***

=== Registro 3138 (3139/4081) ===

<-- Respuesta cruda: $CFG,BAD_CRC,LOGREAD,3138,2026-07-30 10:00:09,SEND_OK,0,0
*** Trama sin '*CRC' reconocible. ***

=== Registro 3139 (3140/4081) ===

<-- Respuesta cruda: $CFG,BAD_CRC,LOGREAD,3139,0000-00-203 167:00:10,CID_RECEIVED,0,0
*** Trama sin '*CRC' reconocible. ***

=== Registro 3140 (3141/4081) ===

<-- Respuesta cruda: $CFG,ACK,LOGREAD,3140,2026-07-30 10:00:19,SERVER_TIMEOUT,0,0
*** Trama sin '*CRC' reconocible. ***

=== Registro 3141 (3142/4081) ===

<-- Respuesta cruda: $CFG,ACK,LOGREAD,3141,2026-07-30 10:00:19,SEND_OK,0,0
*** Trama sin '*CRC' reconocible. ***

=== Registro 3142 (3143/4081) ===

<-- Respuesta cruda: $CFG,ACK,LOGREAD,3142,2026-07-30 10:00:20,CID_RECEIVED,0,0
*** Trama sin '*CRC' reconocible. ***

=== Registro 3143 (3144/4081) ===

<-- Respuesta cruda: $CFG,ACK,LOGREAD,3143,2026-07-30 10:00:29,SERVER_TIMEOUT,0,0
*** Trama sin '*CRC' reconocible. ***

=== Registro 3144 (3145/4081) ===

<-- Respuesta cruda: $CFG,ACK,LOGREAD,3144,2026-07-30 10:00:30,SEND_OK,0,0
*** Trama sin '*CRC' reconocible. ***

=== Registro 3145 (3146/4081) ===

<-- Respuesta cruda: $CFG,BAD_CRC,LOGREAD,3145,2026-07-30 10:00:30,CID_RECEIVED,1191182336,0
*** Trama sin '*CRC' reconocible. ***

=== Registro 3146 (3147/4081) ===

<-- Respuesta cruda: $CFG,BAD_CRC,LOGREAD,3146,0000-00-204 15:00:40,SERVER_TIMEOUT,0,0
*** Trama sin '*CRC' reconocible. ***

=== Registro 3147 (3148/4081) ===

<-- Respuesta cruda: $CFG,ACK,LOGREAD,3147,2026-07-30 10:00:40,SEND_OK,0,0
*** Trama sin '*CRC' reconocible. ***

=== Registro 3148 (3149/4081) ===

<-- Respuesta cruda: $CFG,ACK,LOGREAD,3148,2026-07-30 10:00:40,CID_RECEIVED,0,0
*** Trama sin '*CRC' reconocible. ***

=== Registro 3149 (3150/4081) ===

<-- Respuesta cruda: $CFG,ACK,LOGREAD,3149,2026-07-30 10:00:50,SERVER_TIMEOUT,0,0
*** Trama sin '*CRC' reconocible. ***

=== Registro 3150 (3151/4081) ===

<-- Respuesta cruda: $CFG,ACK,LOGREAD,3150,2026-07-30 10:00:50,SEND_OK,0,0
*** Trama sin '*CRC' reconocible. ***

=== Registro 3151 (3152/4081) ===

<-- Respuesta cruda: $CFG,ACK,LOGREAD,3151,2026-07-30 10:00:50,CID_RECEIVED,0,0
*** Trama sin '*CRC' reconocible. ***

=== Registro 3152 (3153/4081) ===

<-- Respuesta cruda: $CFG,BAD_CRC,LOGREAD,3152,2026-07-30 10:01:07,SIM_PIN_REQUIRED,907280650,0
*** Trama sin '*CRC' reconocible. ***

=== Registro 3153 (3154/4081) ===

<-- Respuesta cruda: $CFG,BAD_CRC,LOGREAD,3153,0000-00-114 187:01:00,SEND_OK,0,0
*** Trama sin '*CRC' reconocible. ***

=== Registro 3154 (3155/4081) ===

<-- Respuesta cruda: $CFG,ACK,LOGREAD,3154,2026-07-30 10:01:00,CID_RECEIVED,0,0
*** Trama sin '*CRC' reconocible. ***

=== Registro 3155 (3156/4081) ===

<-- Respuesta cruda: $CFG,ACK,LOGREAD,3155,2026-07-30 10:01:10,SERVER_TIMEOUT,0,0
*** Trama sin '*CRC' reconocible. ***

=== Registro 3156 (3157/4081) ===

<-- Respuesta cruda: $CFG,ACK,LOGREAD,3156,2026-07-30 10:01:10,SEND_OK,0,0
*** Trama sin '*CRC' reconocible. ***

=== Registro 3157 (3158/4081) ===

<-- Respuesta cruda: $CFG,ACK,LOGREAD,3157,2026-07-30 10:01:10,CID_RECEIVED,0,0
*** Trama sin '*CRC' reconocible. ***

=== Registro 3158 (3159/4081) ===

<-- Respuesta cruda: $CFG,ACK,LOGREAD,3158,2026-07-30 10:01:20,SERVER_TIMEOUT,0,0
*** Trama sin '*CRC' reconocible. ***

=== Registro 3159 (3160/4081) ===

<-- Respuesta cruda: $CFG,BAD_CRC,LOGREAD,3159,0234-00-113 223:255:255,UNKNOWN,4294967295,4294967295
*** Trama sin '*CRC' reconocible. ***

=== Registro 3160 (3161/4081) ===

<-- Respuesta cruda: $CFG,ACK,LOGREAD,3160,2026-07-30 10:01:20,CID_RECEIVED,0,0
*** Trama sin '*CRC' reconocible. ***

=== Registro 3161 (3162/4081) ===

<-- Respuesta cruda: $CFG,ACK,LOGREAD,3161,2026-07-30 10:01:30,SERVER_TIMEOUT,0,0
*** Trama sin '*CRC' reconocible. ***

=== Registro 3162 (3163/4081) ===

<-- Respuesta cruda: $CFG,ACK,LOGREAD,3162,2026-07-30 10:01:30,CID_RECEIVED,0,0
*** Trama sin '*CRC' reconocible. ***

=== Registro 3163 (3164/4081) ===

<-- Respuesta cruda: $CFG,ACK,LOGREAD,3163,2026-07-30 10:01:31,SEND_OK,0,0
*** Trama sin '*CRC' reconocible. ***

=== Registro 3164 (3165/4081) ===

<-- Respuesta cruda: $CFG,ACK,LOGREAD,3164,2026-07-30 10:01:40,CID_RECEIVED,0,0
*** Trama sin '*CRC' reconocible. ***

=== Registro 3165 (3166/4081) ===

<-- Respuesta cruda: $CFG,BAD_CRC,LOGREAD,3165,2026-07-30 10:01:41,SERVER_TIMEOUT,0,0
*** Trama sin '*CRC' reconocible. ***

=== Registro 3166 (3167/4081) ===

<-- Respuesta cruda: $CFG,BAD_CRC,LOGREAD,3166,0000-00-222 98:01:41,SEND_OK,0,0
*** Trama sin '*CRC' reconocible. ***

=== Registro 3167 (3168/4081) ===

<-- Respuesta cruda: $CFG,ACK,LOGREAD,3167,2026-07-30 10:01:50,CID_RECEIVED,0,0
*** Trama sin '*CRC' reconocible. ***

=== Registro 3168 (3169/4081) ===

<-- Respuesta cruda: $CFG,ACK,LOGREAD,3168,2026-07-30 10:01:51,SERVER_TIMEOUT,0,0
*** Trama sin '*CRC' reconocible. ***

=== Registro 3169 (3170/4081) ===

<-- Respuesta cruda: $CFG,ACK,LOGREAD,3169,2026-07-30 10:01:51,SEND_OK,0,0
*** Trama sin '*CRC' reconocible. ***

=== Registro 3170 (3171/4081) ===

<-- Respuesta cruda: $CFG,ACK,LOGREAD,3170,2026-07-30 10:02:00,CID_RECEIVED,0,0
*** Trama sin '*CRC' reconocible. ***

=== Registro 3171 (3172/4081) ===

<-- Respuesta cruda: $CFG,ACK,LOGREAD,3171,2026-07-30 10:02:01,SERVER_TIMEOUT,0,0
*** Trama sin '*CRC' reconocible. ***

=== Registro 3172 (3173/4081) ===

<-- Respuesta cruda: $CFG,BAD_CRC,LOGREAD,3172,2026-07-30 10:02:01,SEND_OK,1126040064,0
*** Trama sin '*CRC' reconocible. ***

=== Registro 3173 (3174/4081) ===

<-- Respuesta cruda: $CFG,BAD_CRC,LOGREAD,3173,0000-00-33 161:02:10,CID_RECEIVED,0,0
*** Trama sin '*CRC' reconocible. ***

=== Registro 3174 (3175/4081) ===

<-- Respuesta cruda: $CFG,ACK,LOGREAD,3174,2026-07-30 10:02:11,SERVER_TIMEOUT,0,0
*** Trama sin '*CRC' reconocible. ***

=== Registro 3175 (3176/4081) ===

<-- Respuesta cruda: $CFG,ACK,LOGREAD,3175,2026-07-30 10:02:11,SEND_OK,0,0
*** Trama sin '*CRC' reconocible. ***

=== Registro 3176 (3177/4081) ===

<-- Respuesta cruda: $CFG,ACK,LOGREAD,3176,2026-07-30 10:02:20,CID_RECEIVED,0,0
*** Trama sin '*CRC' reconocible. ***

=== Registro 3177 (3178/4081) ===

<-- Respuesta cruda: $CFG,ACK,LOGREAD,3177,2026-07-30 10:02:21,SERVER_TIMEOUT,0,0
*** Trama sin '*CRC' reconocible. ***

=== Registro 3178 (3179/4081) ===

<-- Respuesta cruda: $CFG,ACK,LOGREAD,3178,2026-07-30 10:02:21,SEND_OK,0,0
*** Trama sin '*CRC' reconocible. ***

=== Registro 3179 (3180/4081) ===

<-- Respuesta cruda: $CFG,BAD_CRC,LOGREAD,3179,2026-07-30 10:255:255,UNKNOWN,4294967295,4294967295
*** Trama sin '*CRC' reconocible. ***

=== Registro 3180 (3181/4081) ===

<-- Respuesta cruda: $CFG,ACK,LOGREAD,3180,2026-07-30 10:02:31,SERVER_TIMEOUT,0,0
*** Trama sin '*CRC' reconocible. ***

=== Registro 3181 (3182/4081) ===

<-- Respuesta cruda: $CFG,ACK,LOGREAD,3181,2026-07-30 10:02:31,SEND_OK,0,0
*** Trama sin '*CRC' reconocible. ***

=== Registro 3182 (3183/4081) ===

<-- Respuesta cruda: $CFG,ACK,LOGREAD,3182,2026-07-30 10:02:40,CID_RECEIVED,0,0
*** Trama sin '*CRC' reconocible. ***

=== Registro 3183 (3184/4081) ===

<-- Respuesta cruda: $CFG,ACK,LOGREAD,3183,2026-07-30 10:02:41,SERVER_TIMEOUT,0,0
*** Trama sin '*CRC' reconocible. ***

=== Registro 3184 (3185/4081) ===

<-- Respuesta cruda: $CFG,ACK,LOGREAD,3184,2026-07-30 10:02:42,SEND_OK,0,0
*** Trama sin '*CRC' reconocible. ***

=== Registro 3185 (3186/4081) ===

<-- Respuesta cruda: $CFG,ACK,LOGREAD,3185,2026-07-30 10:02:42,SERVER_ACK,48,0
*** Trama sin '*CRC' reconocible. ***

=== Registro 3186 (3187/4081) ===

<-- Respuesta cruda: $CFG,BAD_CRC,LOGREAD,3186,0000-00-81 205:02:42,SERVER_ACK,0,0
*** Trama sin '*CRC' reconocible. ***

=== Registro 3187 (3188/4081) ===

<-- Respuesta cruda: $CFG,ACK,LOGREAD,3187,2026-07-30 10:02:42,SEND_OK,0,0
*** Trama sin '*CRC' reconocible. ***

=== Registro 3188 (3189/4081) ===

<-- Respuesta cruda: $CFG,ACK,LOGREAD,3188,2026-07-30 10:02:42,SERVER_ACK,48,0
*** Trama sin '*CRC' reconocible. ***

=== Registro 3189 (3190/4081) ===

<-- Respuesta cruda: $CFG,ACK,LOGREAD,3189,2026-07-30 10:02:42,SERVER_ACK,0,0
*** Trama sin '*CRC' reconocible. ***

=== Registro 3190 (3191/4081) ===

<-- Respuesta cruda: $CFG,ACK,LOGREAD,3190,2026-07-30 10:02:42,SEND_OK,0,0
*** Trama sin '*CRC' reconocible. ***

=== Registro 3191 (3192/4081) ===

<-- Respuesta cruda: $CFG,ACK,LOGREAD,3191,2026-07-30 10:02:42,SERVER_ACK,48,0
*** Trama sin '*CRC' reconocible. ***

=== Registro 3192 (3193/4081) ===

<-- Respuesta cruda: $CFG,BAD_CRC,LOGREAD,3192,2026-07-30 10:02:42,SERVER_ACK,0,0
*** Trama sin '*CRC' reconocible. ***

=== Registro 3193 (3194/4081) ===

<-- Respuesta cruda: $CFG,BAD_CRC,LOGREAD,3193,0000-00-153 202:02:42,SEND_OK,0,0
*** Trama sin '*CRC' reconocible. ***

=== Registro 3194 (3195/4081) ===

<-- Respuesta cruda: $CFG,ACK,LOGREAD,3194,2026-07-30 10:02:42,SERVER_ACK,48,0
*** Trama sin '*CRC' reconocible. ***

=== Registro 3195 (3196/4081) ===

<-- Respuesta cruda: $CFG,ACK,LOGREAD,3195,2026-07-30 10:02:42,SERVER_ACK,0,0
*** Trama sin '*CRC' reconocible. ***

=== Registro 3196 (3197/4081) ===

<-- Respuesta cruda: $CFG,ACK,LOGREAD,3196,2026-07-30 10:02:43,SEND_OK,0,0
*** Trama sin '*CRC' reconocible. ***

=== Registro 3197 (3198/4081) ===

<-- Respuesta cruda: $CFG,ACK,LOGREAD,3197,2026-07-30 10:02:43,SERVER_ACK,48,0
*** Trama sin '*CRC' reconocible. ***

=== Registro 3198 (3199/4081) ===

<-- Respuesta cruda: $CFG,ACK,LOGREAD,3198,2026-07-30 10:02:43,SERVER_ACK,0,0
*** Trama sin '*CRC' reconocible. ***

=== Registro 3199 (3200/4081) ===

<-- Respuesta cruda: $CFG,BAD_CRC,LOGREAD,3199,2026-07-30 10:02:43,SEND_OK,1177223690,12288
*** Trama sin '*CRC' reconocible. ***

=== Registro 3200 (3201/4081) ===

<-- Respuesta cruda: $CFG,BAD_CRC,LOGREAD,3200,0000-00-196 83:02:43,SERVER_ACK,48,0
*** Trama sin '*CRC' reconocible. ***

=== Registro 3201 (3202/4081) ===

<-- Respuesta cruda: $CFG,ACK,LOGREAD,3201,2026-07-30 10:02:43,SERVER_ACK,0,0
*** Trama sin '*CRC' reconocible. ***

=== Registro 3202 (3203/4081) ===

<-- Respuesta cruda: $CFG,ACK,LOGREAD,3202,2026-07-30 10:02:43,SEND_OK,0,0
*** Trama sin '*CRC' reconocible. ***

=== Registro 3203 (3204/4081) ===

<-- Respuesta cruda: $CFG,ACK,LOGREAD,3203,2026-07-30 10:02:43,SERVER_ACK,48,0
*** Trama sin '*CRC' reconocible. ***

=== Registro 3204 (3205/4081) ===

<-- Respuesta cruda: $CFG,ACK,LOGREAD,3204,2026-07-30 10:02:43,SERVER_ACK,0,0
*** Trama sin '*CRC' reconocible. ***

=== Registro 3205 (3206/4081) ===

<-- Respuesta cruda: $CFG,ACK,LOGREAD,3205,2026-07-30 10:02:43,SEND_OK,0,0
*** Trama sin '*CRC' reconocible. ***

=== Registro 3206 (3207/4081) ===

<-- Respuesta cruda: $CFG,BAD_CRC,LOGREAD,3206,2026-07-30 122:255:255,UNKNOWN,4294967295,4294967295
*** Trama sin '*CRC' reconocible. ***

=== Registro 3207 (3208/4081) ===

<-- Respuesta cruda: $CFG,ACK,LOGREAD,3207,2026-07-30 10:02:43,SERVER_ACK,0,0
*** Trama sin '*CRC' reconocible. ***

=== Registro 3208 (3209/4081) ===

<-- Respuesta cruda: $CFG,ACK,LOGREAD,3208,2026-07-30 10:02:43,SEND_OK,0,0
*** Trama sin '*CRC' reconocible. ***

=== Registro 3209 (3210/4081) ===

<-- Respuesta cruda: $CFG,ACK,LOGREAD,3209,2026-07-30 10:02:43,SERVER_ACK,48,0
*** Trama sin '*CRC' reconocible. ***

=== Registro 3210 (3211/4081) ===

<-- Respuesta cruda: $CFG,ACK,LOGREAD,3210,2026-07-30 10:02:43,SERVER_ACK,0,0
*** Trama sin '*CRC' reconocible. ***

=== Registro 3211 (3212/4081) ===

<-- Respuesta cruda: $CFG,ACK,LOGREAD,3211,2026-07-30 10:02:44,SEND_OK,0,0
*** Trama sin '*CRC' reconocible. ***

=== Registro 3212 (3213/4081) ===

<-- Respuesta cruda: $CFG,BAD_CRC,LOGREAD,3212,2026-07-30 10:02:44,SERVER_ACK,48,0
*** Trama sin '*CRC' reconocible. ***

=== Registro 3213 (3214/4081) ===

<-- Respuesta cruda: $CFG,BAD_CRC,LOGREAD,3213,0000-00-151 20:02:44,SERVER_ACK,0,0
*** Trama sin '*CRC' reconocible. ***

=== Registro 3214 (3215/4081) ===

<-- Respuesta cruda: $CFG,ACK,LOGREAD,3214,2026-07-30 10:02:50,CID_RECEIVED,0,0
*** Trama sin '*CRC' reconocible. ***

=== Registro 3215 (3216/4081) ===

<-- Respuesta cruda: $CFG,ACK,LOGREAD,3215,2026-07-30 10:02:51,SEND_OK,0,0
*** Trama sin '*CRC' reconocible. ***

=== Registro 3216 (3217/4081) ===

<-- Respuesta cruda: $CFG,ACK,LOGREAD,3216,2026-07-30 10:02:51,SERVER_ACK,48,0
*** Trama sin '*CRC' reconocible. ***

=== Registro 3217 (3218/4081) ===

<-- Respuesta cruda: $CFG,ACK,LOGREAD,3217,2026-07-30 10:02:51,SERVER_ACK,0,0
*** Trama sin '*CRC' reconocible. ***

=== Registro 3218 (3219/4081) ===

<-- Respuesta cruda: $CFG,ACK,LOGREAD,3218,2026-07-30 10:02:52,CID_RECEIVED,0,0
*** Trama sin '*CRC' reconocible. ***

=== Registro 3219 (3220/4081) ===

<-- Respuesta cruda: $CFG,BAD_CRC,LOGREAD,3219,2026-07-30 10:02:52,SEND_OK,0,0
*** Trama sin '*CRC' reconocible. ***

=== Registro 3220 (3221/4081) ===

<-- Respuesta cruda: $CFG,BAD_CRC,LOGREAD,3220,0000-00-213 169:02:52,SERVER_ACK,48,0
*** Trama sin '*CRC' reconocible. ***

=== Registro 3221 (3222/4081) ===

<-- Respuesta cruda: $CFG,ACK,LOGREAD,3221,2026-07-30 10:02:52,SERVER_ACK,0,0
*** Trama sin '*CRC' reconocible. ***

=== Registro 3222 (3223/4081) ===

<-- Respuesta cruda: $CFG,ACK,LOGREAD,3222,2026-07-30 10:02:53,CID_RECEIVED,0,0
*** Trama sin '*CRC' reconocible. ***

=== Registro 3223 (3224/4081) ===

<-- Respuesta cruda: $CFG,ACK,LOGREAD,3223,2026-07-30 10:02:53,SEND_OK,0,0
*** Trama sin '*CRC' reconocible. ***

=== Registro 3224 (3225/4081) ===

<-- Respuesta cruda: $CFG,ACK,LOGREAD,3224,2026-07-30 10:02:53,SERVER_ACK,48,0
*** Trama sin '*CRC' reconocible. ***

=== Registro 3225 (3226/4081) ===

<-- Respuesta cruda: $CFG,ACK,LOGREAD,3225,2026-07-30 10:02:53,SERVER_ACK,0,0
*** Trama sin '*CRC' reconocible. ***

=== Registro 3226 (3227/4081) ===

<-- Respuesta cruda: $CFG,BAD_CRC,LOGREAD,3226,2026-07-30 10:02:54,CID_RECEIVED,1178075658,0
*** Trama sin '*CRC' reconocible. ***

=== Registro 3227 (3228/4081) ===

<-- Respuesta cruda: $CFG,BAD_CRC,LOGREAD,3227,0000-00-223 56:02:54,SEND_OK,0,0
*** Trama sin '*CRC' reconocible. ***

=== Registro 3228 (3229/4081) ===

<-- Respuesta cruda: $CFG,ACK,LOGREAD,3228,2026-07-30 10:02:55,SERVER_ACK,48,0
*** Trama sin '*CRC' reconocible. ***

=== Registro 3229 (3230/4081) ===

<-- Respuesta cruda: $CFG,ACK,LOGREAD,3229,2026-07-30 10:02:55,SERVER_ACK,0,0
*** Trama sin '*CRC' reconocible. ***

=== Registro 3230 (3231/4081) ===

<-- Respuesta cruda: $CFG,ACK,LOGREAD,3230,2026-07-30 10:02:56,CID_RECEIVED,0,0
*** Trama sin '*CRC' reconocible. ***

=== Registro 3231 (3232/4081) ===

<-- Respuesta cruda: $CFG,ACK,LOGREAD,3231,2026-07-30 10:02:56,SEND_OK,0,0
*** Trama sin '*CRC' reconocible. ***

=== Registro 3232 (3233/4081) ===

<-- Respuesta cruda: $CFG,ACK,LOGREAD,3232,2026-07-30 10:02:56,SERVER_ACK,48,0
*** Trama sin '*CRC' reconocible. ***

=== Registro 3233 (3234/4081) ===

<-- Respuesta cruda: $CFG,BAD_CRC,LOGREAD,3233,2026-07-237 71:255:255,UNKNOWN,4294967295,4294967295
*** Trama sin '*CRC' reconocible. ***

=== Registro 3234 (3235/4081) ===

<-- Respuesta cruda: $CFG,ACK,LOGREAD,3234,2026-07-30 10:02:57,CID_RECEIVED,0,0
*** Trama sin '*CRC' reconocible. ***

=== Registro 3235 (3236/4081) ===

<-- Respuesta cruda: $CFG,ACK,LOGREAD,3235,2026-07-30 10:02:57,SEND_OK,0,0
*** Trama sin '*CRC' reconocible. ***

=== Registro 3236 (3237/4081) ===

<-- Respuesta cruda: $CFG,ACK,LOGREAD,3236,2026-07-30 10:02:57,SERVER_ACK,48,0
*** Trama sin '*CRC' reconocible. ***

=== Registro 3237 (3238/4081) ===

<-- Respuesta cruda: $CFG,ACK,LOGREAD,3237,2026-07-30 10:02:57,SERVER_ACK,0,0
*** Trama sin '*CRC' reconocible. ***

=== Registro 3238 (3239/4081) ===

<-- Respuesta cruda: $CFG,ACK,LOGREAD,3238,2026-07-30 10:02:58,CID_RECEIVED,0,0
*** Trama sin '*CRC' reconocible. ***

=== Registro 3239 (3240/4081) ===

<-- Respuesta cruda: $CFG,BAD_CRC,LOGREAD,3239,2026-07-30 10:02:58,SEND_OK,0,0
*** Trama sin '*CRC' reconocible. ***

=== Registro 3240 (3241/4081) ===

<-- Respuesta cruda: $CFG,BAD_CRC,LOGREAD,3240,0000-00-90 124:02:58,SERVER_ACK,48,0
*** Trama sin '*CRC' reconocible. ***

=== Registro 3241 (3242/4081) ===

<-- Respuesta cruda: $CFG,ACK,LOGREAD,3241,2026-07-30 10:02:58,SERVER_ACK,0,0
*** Trama sin '*CRC' reconocible. ***

=== Registro 3242 (3243/4081) ===

<-- Respuesta cruda: $CFG,ACK,LOGREAD,3242,2026-07-30 10:03:00,CID_RECEIVED,0,0
*** Trama sin '*CRC' reconocible. ***

=== Registro 3243 (3244/4081) ===

<-- Respuesta cruda: $CFG,ACK,LOGREAD,3243,2026-07-30 10:03:00,SEND_OK,0,0
*** Trama sin '*CRC' reconocible. ***

=== Registro 3244 (3245/4081) ===

<-- Respuesta cruda: $CFG,ACK,LOGREAD,3244,2026-07-30 10:03:00,SERVER_ACK,48,0
*** Trama sin '*CRC' reconocible. ***

=== Registro 3245 (3246/4081) ===

<-- Respuesta cruda: $CFG,ACK,LOGREAD,3245,2026-07-30 10:03:00,SERVER_ACK,0,0
*** Trama sin '*CRC' reconocible. ***

=== Registro 3246 (3247/4081) ===

<-- Respuesta cruda: $CFG,BAD_CRC,LOGREAD,3246,2026-07-30 10:03:01,CID_RECEIVED,1174405120,0
*** Trama sin '*CRC' reconocible. ***

=== Registro 3247 (3248/4081) ===

<-- Respuesta cruda: $CFG,BAD_CRC,LOGREAD,3247,0000-00-208 198:03:01,SEND_OK,0,0
*** Trama sin '*CRC' reconocible. ***

=== Registro 3248 (3249/4081) ===

<-- Respuesta cruda: $CFG,ACK,LOGREAD,3248,2026-07-30 10:03:01,SERVER_ACK,48,0
*** Trama sin '*CRC' reconocible. ***

=== Registro 3249 (3250/4081) ===

<-- Respuesta cruda: $CFG,ACK,LOGREAD,3249,2026-07-30 10:03:01,SERVER_ACK,0,0
*** Trama sin '*CRC' reconocible. ***

=== Registro 3250 (3251/4081) ===

<-- Respuesta cruda: $CFG,ACK,LOGREAD,3250,2026-07-30 10:03:02,CID_RECEIVED,0,0
*** Trama sin '*CRC' reconocible. ***

=== Registro 3251 (3252/4081) ===

<-- Respuesta cruda: $CFG,ACK,LOGREAD,3251,2026-07-30 10:03:02,SEND_OK,0,0
*** Trama sin '*CRC' reconocible. ***

=== Registro 3252 (3253/4081) ===

<-- Respuesta cruda: $CFG,ACK,LOGREAD,3252,2026-07-30 10:03:02,SERVER_ACK,48,0
*** Trama sin '*CRC' reconocible. ***

=== Registro 3253 (3254/4081) ===

<-- Respuesta cruda: $CFG,BAD_CRC,LOGREAD,3253,2026-07-30 10:03:02,SIM_PIN_REQUIRED,1141310474,0
*** Trama sin '*CRC' reconocible. ***

=== Registro 3254 (3255/4081) ===

<-- Respuesta cruda: $CFG,BAD_CRC,LOGREAD,3254,0000-00-31 153:03:03,CID_RECEIVED,0,0
*** Trama sin '*CRC' reconocible. ***

=== Registro 3255 (3256/4081) ===

<-- Respuesta cruda: $CFG,ACK,LOGREAD,3255,2026-07-30 10:03:04,SEND_OK,0,0
*** Trama sin '*CRC' reconocible. ***

=== Registro 3256 (3257/4081) ===

<-- Respuesta cruda: $CFG,ACK,LOGREAD,3256,2026-07-30 10:03:04,SERVER_ACK,48,0
*** Trama sin '*CRC' reconocible. ***

=== Registro 3257 (3258/4081) ===

<-- Respuesta cruda: $CFG,ACK,LOGREAD,3257,2026-07-30 10:03:04,SERVER_ACK,0,0
*** Trama sin '*CRC' reconocible. ***

=== Registro 3258 (3259/4081) ===

<-- Respuesta cruda: $CFG,ACK,LOGREAD,3258,2026-07-30 10:04:04,SEND_OK,0,0
*** Trama sin '*CRC' reconocible. ***

=== Registro 3259 (3260/4081) ===

<-- Respuesta cruda: $CFG,ACK,LOGREAD,3259,2026-07-30 10:04:04,SERVER_ACK,48,0
*** Trama sin '*CRC' reconocible. ***

=== Registro 3260 (3261/4081) ===

<-- Respuesta cruda: $CFG,BAD_CRC,LOGREAD,3260,2026-00-200 157:255:255,UNKNOWN,4294967295,4294967295
*** Trama sin '*CRC' reconocible. ***

=== Registro 3261 (3262/4081) ===

<-- Respuesta cruda: $CFG,ACK,LOGREAD,3261,2026-07-30 10:05:04,SEND_OK,0,0
*** Trama sin '*CRC' reconocible. ***

=== Registro 3262 (3263/4081) ===

<-- Respuesta cruda: $CFG,ACK,LOGREAD,3262,2026-07-30 10:05:04,SERVER_ACK,48,0
*** Trama sin '*CRC' reconocible. ***

=== Registro 3263 (3264/4081) ===

<-- Respuesta cruda: $CFG,ACK,LOGREAD,3263,2026-07-30 10:05:10,HEARTBEAT_RECEIVED,0,0
*** Trama sin '*CRC' reconocible. ***

=== Registro 3264 (3265/4081) ===

<-- Respuesta cruda: $CFG,ACK,LOGREAD,3264,2026-07-30 10:06:04,SEND_OK,0,0
*** Trama sin '*CRC' reconocible. ***

=== Registro 3265 (3266/4081) ===

<-- Respuesta cruda: $CFG,ACK,LOGREAD,3265,2026-07-30 10:06:04,SERVER_ACK,48,0
*** Trama sin '*CRC' reconocible. ***

=== Registro 3266 (3267/4081) ===

<-- Respuesta cruda: $CFG,BAD_CRC,LOGREAD,3266,2026-07-30 10:06:13,HEARTBEAT_RECEIVED,0,0
*** Trama sin '*CRC' reconocible. ***

=== Registro 3267 (3268/4081) ===

<-- Respuesta cruda: $CFG,BAD_CRC,LOGREAD,3267,0000-00-231 245:07:04,SEND_OK,0,0
*** Trama sin '*CRC' reconocible. ***

=== Registro 3268 (3269/4081) ===

<-- Respuesta cruda: $CFG,ACK,LOGREAD,3268,2026-07-30 10:07:04,SERVER_ACK,48,0
*** Trama sin '*CRC' reconocible. ***

=== Registro 3269 (3270/4081) ===

<-- Respuesta cruda: $CFG,ACK,LOGREAD,3269,2026-07-30 10:07:16,HEARTBEAT_RECEIVED,0,0
*** Trama sin '*CRC' reconocible. ***

=== Registro 3270 (3271/4081) ===

<-- Respuesta cruda: $CFG,ACK,LOGREAD,3270,2026-07-30 10:08:04,SEND_OK,0,0
*** Trama sin '*CRC' reconocible. ***

=== Registro 3271 (3272/4081) ===

<-- Respuesta cruda: $CFG,ACK,LOGREAD,3271,2026-07-30 10:08:04,SERVER_ACK,48,0
*** Trama sin '*CRC' reconocible. ***

=== Registro 3272 (3273/4081) ===

<-- Respuesta cruda: $CFG,ACK,LOGREAD,3272,2026-07-30 10:08:19,HEARTBEAT_RECEIVED,0,0
*** Trama sin '*CRC' reconocible. ***

=== Registro 3273 (3274/4081) ===

<-- Respuesta cruda: $CFG,BAD_CRC,LOGREAD,3273,2026-07-30 10:09:04,SEND_OK,1174732800,12288
*** Trama sin '*CRC' reconocible. ***

=== Registro 3274 (3275/4081) ===

<-- Respuesta cruda: $CFG,BAD_CRC,LOGREAD,3274,0000-00-25 178:09:05,SERVER_ACK,48,0
*** Trama sin '*CRC' reconocible. ***

=== Registro 3275 (3276/4081) ===

<-- Respuesta cruda: $CFG,ACK,LOGREAD,3275,2026-07-30 10:09:22,HEARTBEAT_RECEIVED,0,0
*** Trama sin '*CRC' reconocible. ***

=== Registro 3276 (3277/4081) ===

<-- Respuesta cruda: $CFG,ACK,LOGREAD,3276,2026-07-30 10:10:05,SEND_OK,0,0
*** Trama sin '*CRC' reconocible. ***

=== Registro 3277 (3278/4081) ===

<-- Respuesta cruda: $CFG,ACK,LOGREAD,3277,2026-07-30 10:10:05,SERVER_ACK,48,0
*** Trama sin '*CRC' reconocible. ***

=== Registro 3278 (3279/4081) ===

<-- Respuesta cruda: $CFG,ACK,LOGREAD,3278,2026-07-30 10:10:25,HEARTBEAT_RECEIVED,0,0
*** Trama sin '*CRC' reconocible. ***

=== Registro 3279 (3280/4081) ===

<-- Respuesta cruda: $CFG,ACK,LOGREAD,3279,2026-07-30 10:11:05,SEND_OK,0,0
*** Trama sin '*CRC' reconocible. ***

=== Registro 3280 (3281/4081) ===

<-- Respuesta cruda: $CFG,BAD_CRC,LOGREAD,3280,2026-07-30 10:11:07,SIM_PIN_REQUIRED,1143082250,0
*** Trama sin '*CRC' reconocible. ***

=== Registro 3281 (3282/4081) ===

<-- Respuesta cruda: $CFG,BAD_CRC,LOGREAD,3281,0000-00-182 162:11:28,HEARTBEAT_RECEIVED,0,0
*** Trama sin '*CRC' reconocible. ***

=== Registro 3282 (3283/4081) ===

<-- Respuesta cruda: $CFG,ACK,LOGREAD,3282,2026-07-30 10:12:05,SEND_OK,0,0
*** Trama sin '*CRC' reconocible. ***

=== Registro 3283 (3284/4081) ===

<-- Respuesta cruda: $CFG,ACK,LOGREAD,3283,2026-07-30 10:12:05,SERVER_ACK,48,0
*** Trama sin '*CRC' reconocible. ***

=== Registro 3284 (3285/4081) ===

<-- Respuesta cruda: $CFG,ACK,LOGREAD,3284,2026-07-30 10:12:31,HEARTBEAT_RECEIVED,0,0
*** Trama sin '*CRC' reconocible. ***

=== Registro 3285 (3286/4081) ===

<-- Respuesta cruda: $CFG,ACK,LOGREAD,3285,2026-07-30 10:13:05,SEND_OK,0,0
*** Trama sin '*CRC' reconocible. ***

=== Registro 3286 (3287/4081) ===

<-- Respuesta cruda: $CFG,ACK,LOGREAD,3286,2026-07-30 10:13:05,SERVER_ACK,48,0
*** Trama sin '*CRC' reconocible. ***

=== Registro 3287 (3288/4081) ===

<-- Respuesta cruda: $CFG,BAD_CRC,LOGREAD,3287,0234-00-97 166:255:255,UNKNOWN,4294967295,4294967295
*** Trama sin '*CRC' reconocible. ***

=== Registro 3288 (3289/4081) ===

<-- Respuesta cruda: $CFG,ACK,LOGREAD,3288,2026-07-30 10:14:05,SEND_OK,0,0
*** Trama sin '*CRC' reconocible. ***

=== Registro 3289 (3290/4081) ===

<-- Respuesta cruda: $CFG,ACK,LOGREAD,3289,2026-07-30 10:14:05,SERVER_ACK,48,0
*** Trama sin '*CRC' reconocible. ***

=== Registro 3290 (3291/4081) ===

<-- Respuesta cruda: $CFG,ACK,LOGREAD,3290,2026-07-30 10:14:37,HEARTBEAT_RECEIVED,0,0
*** Trama sin '*CRC' reconocible. ***

=== Registro 3291 (3292/4081) ===

<-- Respuesta cruda: $CFG,ACK,LOGREAD,3291,2026-07-30 10:15:05,SEND_OK,0,0
*** Trama sin '*CRC' reconocible. ***

=== Registro 3292 (3293/4081) ===

<-- Respuesta cruda: $CFG,ACK,LOGREAD,3292,2026-07-30 10:15:05,SERVER_ACK,48,0
*** Trama sin '*CRC' reconocible. ***

=== Registro 3293 (3294/4081) ===

<-- Respuesta cruda: $CFG,BAD_CRC,LOGREAD,3293,2026-07-30 10:15:40,HEARTBEAT_RECEIVED,0,0
*** Trama sin '*CRC' reconocible. ***

=== Registro 3294 (3295/4081) ===

<-- Respuesta cruda: $CFG,BAD_CRC,LOGREAD,3294,0000-00-51 124:16:05,SEND_OK,0,0
*** Trama sin '*CRC' reconocible. ***

=== Registro 3295 (3296/4081) ===

<-- Respuesta cruda: $CFG,ACK,LOGREAD,3295,2026-07-30 10:16:05,SERVER_ACK,48,0
*** Trama sin '*CRC' reconocible. ***

=== Registro 3296 (3297/4081) ===

<-- Respuesta cruda: $CFG,ACK,LOGREAD,3296,2026-07-30 10:16:43,HEARTBEAT_RECEIVED,0,0
*** Trama sin '*CRC' reconocible. ***

=== Registro 3297 (3298/4081) ===

<-- Respuesta cruda: $CFG,ACK,LOGREAD,3297,2026-07-30 10:17:05,SEND_OK,0,0
*** Trama sin '*CRC' reconocible. ***

=== Registro 3298 (3299/4081) ===

<-- Respuesta cruda: $CFG,ACK,LOGREAD,3298,2026-07-30 10:17:06,SERVER_ACK,48,0
*** Trama sin '*CRC' reconocible. ***

=== Registro 3299 (3300/4081) ===

<-- Respuesta cruda: $CFG,ACK,LOGREAD,3299,2026-07-30 10:17:46,HEARTBEAT_RECEIVED,0,0
*** Trama sin '*CRC' reconocible. ***

=== Registro 3300 (3301/4081) ===

<-- Respuesta cruda: $CFG,BAD_CRC,LOGREAD,3300,2026-07-30 10:18:06,SEND_OK,1174803456,12288
*** Trama sin '*CRC' reconocible. ***

=== Registro 3301 (3302/4081) ===

<-- Respuesta cruda: $CFG,BAD_CRC,LOGREAD,3301,0000-00-80 238:18:06,SERVER_ACK,48,0
*** Trama sin '*CRC' reconocible. ***

=== Registro 3302 (3303/4081) ===

<-- Respuesta cruda: $CFG,ACK,LOGREAD,3302,2026-07-30 10:18:49,HEARTBEAT_RECEIVED,0,0
*** Trama sin '*CRC' reconocible. ***

=== Registro 3303 (3304/4081) ===

<-- Respuesta cruda: $CFG,ACK,LOGREAD,3303,2026-07-30 10:19:06,SEND_OK,0,0
*** Trama sin '*CRC' reconocible. ***

=== Registro 3304 (3305/4081) ===

<-- Respuesta cruda: $CFG,ACK,LOGREAD,3304,2026-07-30 10:19:06,SERVER_ACK,48,0
*** Trama sin '*CRC' reconocible. ***

=== Registro 3305 (3306/4081) ===

<-- Respuesta cruda: $CFG,ACK,LOGREAD,3305,2026-07-30 10:19:52,HEARTBEAT_RECEIVED,0,0
*** Trama sin '*CRC' reconocible. ***

=== Registro 3306 (3307/4081) ===

<-- Respuesta cruda: $CFG,ACK,LOGREAD,3306,2026-07-30 10:20:06,SEND_OK,0,0
*** Trama sin '*CRC' reconocible. ***

=== Registro 3307 (3308/4081) ===

<-- Respuesta cruda: $CFG,BAD_CRC,LOGREAD,3307,2026-07-30 10:255:255,UNKNOWN,4294967295,4294967295
*** Trama sin '*CRC' reconocible. ***

=== Registro 3308 (3309/4081) ===

<-- Respuesta cruda: $CFG,ACK,LOGREAD,3308,2026-07-30 10:20:55,HEARTBEAT_RECEIVED,0,0
*** Trama sin '*CRC' reconocible. ***

=== Registro 3309 (3310/4081) ===

<-- Respuesta cruda: $CFG,ACK,LOGREAD,3309,2026-07-30 10:21:06,SEND_OK,0,0
*** Trama sin '*CRC' reconocible. ***

=== Registro 3310 (3311/4081) ===

<-- Respuesta cruda: $CFG,ACK,LOGREAD,3310,2026-07-30 10:21:06,SERVER_ACK,48,0
*** Trama sin '*CRC' reconocible. ***

=== Registro 3311 (3312/4081) ===

<-- Respuesta cruda: $CFG,ACK,LOGREAD,3311,2026-07-30 10:21:58,HEARTBEAT_RECEIVED,0,0
*** Trama sin '*CRC' reconocible. ***

=== Registro 3312 (3313/4081) ===

<-- Respuesta cruda: $CFG,ACK,LOGREAD,3312,2026-07-30 10:22:06,SEND_OK,0,0
*** Trama sin '*CRC' reconocible. ***

=== Registro 3313 (3314/4081) ===

<-- Respuesta cruda: $CFG,ACK,LOGREAD,3313,2026-07-30 10:22:06,SERVER_ACK,48,0
*** Trama sin '*CRC' reconocible. ***

=== Registro 3314 (3315/4081) ===

<-- Respuesta cruda: $CFG,BAD_CRC,LOGREAD,3314,0000-00-77 186:23:01,HEARTBEAT_RECEIVED,0,0
*** Trama sin '*CRC' reconocible. ***

=== Registro 3315 (3316/4081) ===

<-- Respuesta cruda: $CFG,ACK,LOGREAD,3315,2026-07-30 10:23:06,SEND_OK,0,0
*** Trama sin '*CRC' reconocible. ***

=== Registro 3316 (3317/4081) ===

<-- Respuesta cruda: $CFG,ACK,LOGREAD,3316,2026-07-30 10:23:06,SERVER_ACK,48,0
*** Trama sin '*CRC' reconocible. ***

=== Registro 3317 (3318/4081) ===

<-- Respuesta cruda: $CFG,ACK,LOGREAD,3317,2026-07-30 10:24:04,HEARTBEAT_RECEIVED,0,0
*** Trama sin '*CRC' reconocible. ***

=== Registro 3318 (3319/4081) ===

<-- Respuesta cruda: $CFG,ACK,LOGREAD,3318,2026-07-30 10:24:06,SEND_OK,0,0
*** Trama sin '*CRC' reconocible. ***

=== Registro 3319 (3320/4081) ===

<-- Respuesta cruda: $CFG,ACK,LOGREAD,3319,2026-07-30 10:24:07,SERVER_ACK,48,0
*** Trama sin '*CRC' reconocible. ***

=== Registro 3320 (3321/4081) ===

<-- Respuesta cruda: $CFG,BAD_CRC,LOGREAD,3320,2026-07-30 10:25:07,SEND_OK,0,12288
*** Trama sin '*CRC' reconocible. ***

=== Registro 3321 (3322/4081) ===

<-- Respuesta cruda: $CFG,BAD_CRC,LOGREAD,3321,0000-00-250 37:25:07,SERVER_ACK,48,0
*** Trama sin '*CRC' reconocible. ***

=== Registro 3322 (3323/4081) ===

<-- Respuesta cruda: $CFG,ACK,LOGREAD,3322,2026-07-30 10:25:07,HEARTBEAT_RECEIVED,0,0
*** Trama sin '*CRC' reconocible. ***

=== Registro 3323 (3324/4081) ===

<-- Respuesta cruda: $CFG,ACK,LOGREAD,3323,2026-07-30 10:26:07,SEND_OK,0,0
*** Trama sin '*CRC' reconocible. ***

=== Registro 3324 (3325/4081) ===

<-- Respuesta cruda: $CFG,ACK,LOGREAD,3324,2026-07-30 10:26:07,SERVER_ACK,48,0
*** Trama sin '*CRC' reconocible. ***

=== Registro 3325 (3326/4081) ===

<-- Respuesta cruda: $CFG,ACK,LOGREAD,3325,2026-07-30 10:26:10,HEARTBEAT_RECEIVED,0,0
*** Trama sin '*CRC' reconocible. ***

=== Registro 3326 (3327/4081) ===

<-- Respuesta cruda: $CFG,ACK,LOGREAD,3326,2026-07-30 10:27:07,SEND_OK,0,0
*** Trama sin '*CRC' reconocible. ***

=== Registro 3327 (3328/4081) ===

<-- Respuesta cruda: $CFG,BAD_CRC,LOGREAD,3327,2026-07-30 10:27:07,SERVER_ACK,1142103306,0
*** Trama sin '*CRC' reconocible. ***

=== Registro 3328 (3329/4081) ===

<-- Respuesta cruda: $CFG,BAD_CRC,LOGREAD,3328,0000-00-232 178:27:13,HEARTBEAT_RECEIVED,0,0
*** Trama sin '*CRC' reconocible. ***

=== Registro 3329 (3330/4081) ===

<-- Respuesta cruda: $CFG,ACK,LOGREAD,3329,2026-07-30 10:28:07,SEND_OK,0,0
*** Trama sin '*CRC' reconocible. ***

=== Registro 3330 (3331/4081) ===

<-- Respuesta cruda: $CFG,ACK,LOGREAD,3330,2026-07-30 10:28:07,SERVER_ACK,48,0
*** Trama sin '*CRC' reconocible. ***

=== Registro 3331 (3332/4081) ===

<-- Respuesta cruda: $CFG,ACK,LOGREAD,3331,2026-07-30 10:28:16,HEARTBEAT_RECEIVED,0,0
*** Trama sin '*CRC' reconocible. ***

=== Registro 3332 (3333/4081) ===

<-- Respuesta cruda: $CFG,ACK,LOGREAD,3332,2026-07-30 10:29:07,SEND_OK,0,0
*** Trama sin '*CRC' reconocible. ***

=== Registro 3333 (3334/4081) ===

<-- Respuesta cruda: $CFG,ACK,LOGREAD,3333,2026-07-30 10:29:07,SERVER_ACK,48,0
*** Trama sin '*CRC' reconocible. ***

=== Registro 3334 (3335/4081) ===

<-- Respuesta cruda: $CFG,BAD_CRC,LOGREAD,3334,2026-07-30 182:255:255,UNKNOWN,4294967295,4294967295
*** Trama sin '*CRC' reconocible. ***

=== Registro 3335 (3336/4081) ===

<-- Respuesta cruda: $CFG,ACK,LOGREAD,3335,2026-07-30 10:30:07,SEND_OK,0,0
*** Trama sin '*CRC' reconocible. ***

=== Registro 3336 (3337/4081) ===

<-- Respuesta cruda: $CFG,ACK,LOGREAD,3336,2026-07-30 10:30:07,SERVER_ACK,48,0
*** Trama sin '*CRC' reconocible. ***

=== Registro 3337 (3338/4081) ===

<-- Respuesta cruda: $CFG,ACK,LOGREAD,3337,2026-07-30 10:30:22,HEARTBEAT_RECEIVED,0,0
*** Trama sin '*CRC' reconocible. ***

=== Registro 3338 (3339/4081) ===

<-- Respuesta cruda: $CFG,ACK,LOGREAD,3338,2026-07-30 10:31:07,SEND_OK,0,0
*** Trama sin '*CRC' reconocible. ***

=== Registro 3339 (3340/4081) ===

<-- Respuesta cruda: $CFG,ACK,LOGREAD,3339,2026-07-30 10:31:07,SERVER_ACK,48,0
*** Trama sin '*CRC' reconocible. ***

=== Registro 3340 (3341/4081) ===

<-- Respuesta cruda: $CFG,BAD_CRC,LOGREAD,3340,2026-07-30 10:31:25,HEARTBEAT_RECEIVED,0,0
*** Trama sin '*CRC' reconocible. ***

=== Registro 3341 (3342/4081) ===

<-- Respuesta cruda: $CFG,BAD_CRC,LOGREAD,3341,0000-00-185 118:32:07,SEND_OK,0,0
*** Trama sin '*CRC' reconocible. ***

=== Registro 3342 (3343/4081) ===

<-- Respuesta cruda: $CFG,ACK,LOGREAD,3342,2026-07-30 10:32:08,SERVER_ACK,48,0
*** Trama sin '*CRC' reconocible. ***

=== Registro 3343 (3344/4081) ===

<-- Respuesta cruda: $CFG,ACK,LOGREAD,3343,2026-07-30 10:32:28,HEARTBEAT_RECEIVED,0,0
*** Trama sin '*CRC' reconocible. ***

=== Registro 3344 (3345/4081) ===

<-- Respuesta cruda: $CFG,ACK,LOGREAD,3344,2026-07-30 10:33:08,SEND_OK,0,0
*** Trama sin '*CRC' reconocible. ***

=== Registro 3345 (3346/4081) ===

<-- Respuesta cruda: $CFG,ACK,LOGREAD,3345,2026-07-30 10:33:08,SERVER_ACK,48,0
*** Trama sin '*CRC' reconocible. ***

=== Registro 3346 (3347/4081) ===

<-- Respuesta cruda: $CFG,ACK,LOGREAD,3346,2026-07-30 10:33:31,HEARTBEAT_RECEIVED,0,0
*** Trama sin '*CRC' reconocible. ***

=== Registro 3347 (3348/4081) ===

<-- Respuesta cruda: $CFG,BAD_CRC,LOGREAD,3347,2026-07-30 10:34:08,SEND_OK,0,12288
*** Trama sin '*CRC' reconocible. ***

=== Registro 3348 (3349/4081) ===

<-- Respuesta cruda: $CFG,BAD_CRC,LOGREAD,3348,0000-00-218 228:34:08,SERVER_ACK,48,0
*** Trama sin '*CRC' reconocible. ***

=== Registro 3349 (3350/4081) ===

<-- Respuesta cruda: $CFG,ACK,LOGREAD,3349,2026-07-30 10:34:34,HEARTBEAT_RECEIVED,0,0
*** Trama sin '*CRC' reconocible. ***

=== Registro 3350 (3351/4081) ===

<-- Respuesta cruda: $CFG,ACK,LOGREAD,3350,2026-07-30 10:35:08,SEND_OK,0,0
*** Trama sin '*CRC' reconocible. ***

=== Registro 3351 (3352/4081) ===

<-- Respuesta cruda: $CFG,ACK,LOGREAD,3351,2026-07-30 10:35:08,SERVER_ACK,48,0
*** Trama sin '*CRC' reconocible. ***

=== Registro 3352 (3353/4081) ===

<-- Respuesta cruda: $CFG,ACK,LOGREAD,3352,2026-07-30 10:35:37,HEARTBEAT_RECEIVED,0,0
*** Trama sin '*CRC' reconocible. ***

=== Registro 3353 (3354/4081) ===

<-- Respuesta cruda: $CFG,ACK,LOGREAD,3353,2026-07-30 10:36:08,SEND_OK,0,0
*** Trama sin '*CRC' reconocible. ***

=== Registro 3354 (3355/4081) ===

<-- Respuesta cruda: $CFG,BAD_CRC,LOGREAD,3354,2026-07-30 10:36:08,SERVER_ACK,1143875082,0
*** Trama sin '*CRC' reconocible. ***

=== Registro 3355 (3356/4081) ===

<-- Respuesta cruda: $CFG,BAD_CRC,LOGREAD,3355,0000-00-232 33:36:40,HEARTBEAT_RECEIVED,0,0
*** Trama sin '*CRC' reconocible. ***

=== Registro 3356 (3357/4081) ===

<-- Respuesta cruda: $CFG,ACK,LOGREAD,3356,2026-07-30 10:37:08,SEND_OK,0,0
*** Trama sin '*CRC' reconocible. ***

=== Registro 3357 (3358/4081) ===

<-- Respuesta cruda: $CFG,ACK,LOGREAD,3357,2026-07-30 10:37:08,SERVER_ACK,48,0
*** Trama sin '*CRC' reconocible. ***

=== Registro 3358 (3359/4081) ===

<-- Respuesta cruda: $CFG,ACK,LOGREAD,3358,2026-07-30 10:37:43,HEARTBEAT_RECEIVED,0,0
*** Trama sin '*CRC' reconocible. ***

=== Registro 3359 (3360/4081) ===

<-- Respuesta cruda: $CFG,ACK,LOGREAD,3359,2026-07-30 10:38:08,SEND_OK,0,0
*** Trama sin '*CRC' reconocible. ***

=== Registro 3360 (3361/4081) ===

<-- Respuesta cruda: $CFG,ACK,LOGREAD,3360,2026-07-30 10:38:08,SERVER_ACK,48,0
*** Trama sin '*CRC' reconocible. ***

=== Registro 3361 (3362/4081) ===

<-- Respuesta cruda: $CFG,BAD_CRC,LOGREAD,3361,2026-07-126 102:255:255,UNKNOWN,4294967295,4294967295
*** Trama sin '*CRC' reconocible. ***

=== Registro 3362 (3363/4081) ===

<-- Respuesta cruda: $CFG,ACK,LOGREAD,3362,2026-07-30 10:39:08,SEND_OK,0,0
*** Trama sin '*CRC' reconocible. ***

=== Registro 3363 (3364/4081) ===

<-- Respuesta cruda: $CFG,ACK,LOGREAD,3363,2026-07-30 10:39:08,SERVER_ACK,48,0
*** Trama sin '*CRC' reconocible. ***

=== Registro 3364 (3365/4081) ===

<-- Respuesta cruda: $CFG,ACK,LOGREAD,3364,2026-07-30 10:39:49,HEARTBEAT_RECEIVED,0,0
*** Trama sin '*CRC' reconocible. ***

=== Registro 3365 (3366/4081) ===

<-- Respuesta cruda: $CFG,ACK,LOGREAD,3365,2026-07-30 10:40:08,SEND_OK,0,0
*** Trama sin '*CRC' reconocible. ***

=== Registro 3366 (3367/4081) ===

<-- Respuesta cruda: $CFG,ACK,LOGREAD,3366,2026-07-30 10:40:09,SERVER_ACK,48,0
*** Trama sin '*CRC' reconocible. ***

=== Registro 3367 (3368/4081) ===

<-- Respuesta cruda: $CFG,BAD_CRC,LOGREAD,3367,2026-07-30 10:40:52,HEARTBEAT_RECEIVED,0,0
*** Trama sin '*CRC' reconocible. ***

=== Registro 3368 (3369/4081) ===

<-- Respuesta cruda: $CFG,BAD_CRC,LOGREAD,3368,0000-00-45 182:41:09,SEND_OK,0,0
*** Trama sin '*CRC' reconocible. ***

=== Registro 3369 (3370/4081) ===

<-- Respuesta cruda: $CFG,ACK,LOGREAD,3369,2026-07-30 10:41:09,SERVER_ACK,48,0
*** Trama sin '*CRC' reconocible. ***

=== Registro 3370 (3371/4081) ===

<-- Respuesta cruda: $CFG,ACK,LOGREAD,3370,2026-07-30 10:41:55,HEARTBEAT_RECEIVED,0,0
*** Trama sin '*CRC' reconocible. ***

=== Registro 3371 (3372/4081) ===

<-- Respuesta cruda: $CFG,ACK,LOGREAD,3371,2026-07-30 10:42:09,SEND_OK,0,0
*** Trama sin '*CRC' reconocible. ***

=== Registro 3372 (3373/4081) ===

<-- Respuesta cruda: $CFG,ACK,LOGREAD,3372,2026-07-30 10:42:09,SERVER_ACK,48,0
*** Trama sin '*CRC' reconocible. ***

=== Registro 3373 (3374/4081) ===

<-- Respuesta cruda: $CFG,ACK,LOGREAD,3373,2026-07-30 10:42:58,HEARTBEAT_RECEIVED,0,0
*** Trama sin '*CRC' reconocible. ***

=== Registro 3374 (3375/4081) ===

<-- Respuesta cruda: $CFG,BAD_CRC,LOGREAD,3374,2026-07-30 10:43:09,SEND_OK,1174405120,12288
*** Trama sin '*CRC' reconocible. ***

=== Registro 3375 (3376/4081) ===

<-- Respuesta cruda: $CFG,BAD_CRC,LOGREAD,3375,0000-00-78 36:43:09,SERVER_ACK,48,0
*** Trama sin '*CRC' reconocible. ***

=== Registro 3376 (3377/4081) ===

<-- Respuesta cruda: $CFG,ACK,LOGREAD,3376,2026-07-30 10:44:01,HEARTBEAT_RECEIVED,0,0
*** Trama sin '*CRC' reconocible. ***

=== Registro 3377 (3378/4081) ===

<-- Respuesta cruda: $CFG,ACK,LOGREAD,3377,2026-07-30 10:44:09,SEND_OK,0,0
*** Trama sin '*CRC' reconocible. ***

=== Registro 3378 (3379/4081) ===

<-- Respuesta cruda: $CFG,ACK,LOGREAD,3378,2026-07-30 10:44:09,SERVER_ACK,48,0
*** Trama sin '*CRC' reconocible. ***

=== Registro 3379 (3380/4081) ===

<-- Respuesta cruda: $CFG,ACK,LOGREAD,3379,2026-07-30 10:45:04,HEARTBEAT_RECEIVED,0,0
*** Trama sin '*CRC' reconocible. ***

=== Registro 3380 (3381/4081) ===

<-- Respuesta cruda: $CFG,ACK,LOGREAD,3380,2026-07-30 10:45:09,SEND_OK,0,0
*** Trama sin '*CRC' reconocible. ***

=== Registro 3381 (3382/4081) ===

<-- Respuesta cruda: $CFG,BAD_CRC,LOGREAD,3381,2026-07-30 10:45:09,SIM_PIN_REQUIRED,906571786,0
*** Trama sin '*CRC' reconocible. ***

=== Registro 3382 (3383/4081) ===

<-- Respuesta cruda: $CFG,BAD_CRC,LOGREAD,3382,0000-00-74 159:46:07,HEARTBEAT_RECEIVED,0,0
*** Trama sin '*CRC' reconocible. ***

=== Registro 3383 (3384/4081) ===

<-- Respuesta cruda: $CFG,ACK,LOGREAD,3383,2026-07-30 10:46:09,SEND_OK,0,0
*** Trama sin '*CRC' reconocible. ***

=== Registro 3384 (3385/4081) ===

<-- Respuesta cruda: $CFG,ACK,LOGREAD,3384,2026-07-30 10:46:09,SERVER_ACK,48,0
*** Trama sin '*CRC' reconocible. ***

=== Registro 3385 (3386/4081) ===

<-- Respuesta cruda: $CFG,ACK,LOGREAD,3385,2026-07-30 10:47:09,SEND_OK,0,0
*** Trama sin '*CRC' reconocible. ***

=== Registro 3386 (3387/4081) ===

<-- Respuesta cruda: $CFG,ACK,LOGREAD,3386,2026-07-30 10:47:09,SERVER_ACK,48,0
*** Trama sin '*CRC' reconocible. ***

=== Registro 3387 (3388/4081) ===

<-- Respuesta cruda: $CFG,ACK,LOGREAD,3387,2026-07-30 10:47:10,HEARTBEAT_RECEIVED,0,0
*** Trama sin '*CRC' reconocible. ***

=== Registro 3388 (3389/4081) ===

<-- Respuesta cruda: $CFG,BAD_CRC,LOGREAD,3388,2026-00-90 225:255:255,UNKNOWN,4294967295,4294967295
*** Trama sin '*CRC' reconocible. ***

=== Registro 3389 (3390/4081) ===

<-- Respuesta cruda: $CFG,ACK,LOGREAD,3389,2026-07-30 10:48:10,SERVER_ACK,48,0
*** Trama sin '*CRC' reconocible. ***

=== Registro 3390 (3391/4081) ===

<-- Respuesta cruda: $CFG,ACK,LOGREAD,3390,2026-07-30 10:48:13,HEARTBEAT_RECEIVED,0,0
*** Trama sin '*CRC' reconocible. ***

=== Registro 3391 (3392/4081) ===

<-- Respuesta cruda: $CFG,ACK,LOGREAD,3391,2026-07-30 10:49:10,SEND_OK,0,0
*** Trama sin '*CRC' reconocible. ***

=== Registro 3392 (3393/4081) ===

<-- Respuesta cruda: $CFG,ACK,LOGREAD,3392,2026-07-30 10:49:10,SERVER_ACK,48,0
*** Trama sin '*CRC' reconocible. ***

=== Registro 3393 (3394/4081) ===

<-- Respuesta cruda: $CFG,ACK,LOGREAD,3393,2026-07-30 10:49:16,HEARTBEAT_RECEIVED,0,0
*** Trama sin '*CRC' reconocible. ***

=== Registro 3394 (3395/4081) ===

<-- Respuesta cruda: $CFG,BAD_CRC,LOGREAD,3394,2026-07-30 10:50:10,SEND_OK,0,0
*** Trama sin '*CRC' reconocible. ***

=== Registro 3395 (3396/4081) ===

<-- Respuesta cruda: $CFG,BAD_CRC,LOGREAD,3395,0000-00-57 115:50:10,SERVER_ACK,48,0
*** Trama sin '*CRC' reconocible. ***

=== Registro 3396 (3397/4081) ===

<-- Respuesta cruda: $CFG,ACK,LOGREAD,3396,2026-07-30 10:50:19,HEARTBEAT_RECEIVED,0,0
*** Trama sin '*CRC' reconocible. ***

=== Registro 3397 (3398/4081) ===

<-- Respuesta cruda: $CFG,ACK,LOGREAD,3397,2026-07-30 10:51:10,SEND_OK,0,0
*** Trama sin '*CRC' reconocible. ***

=== Registro 3398 (3399/4081) ===

<-- Respuesta cruda: $CFG,ACK,LOGREAD,3398,2026-07-30 10:51:10,SERVER_ACK,48,0
*** Trama sin '*CRC' reconocible. ***

=== Registro 3399 (3400/4081) ===

<-- Respuesta cruda: $CFG,ACK,LOGREAD,3399,2026-07-30 10:51:22,HEARTBEAT_RECEIVED,0,0
*** Trama sin '*CRC' reconocible. ***

=== Registro 3400 (3401/4081) ===

<-- Respuesta cruda: $CFG,ACK,LOGREAD,3400,2026-07-30 10:52:10,SEND_OK,0,0
*** Trama sin '*CRC' reconocible. ***

=== Registro 3401 (3402/4081) ===

<-- Respuesta cruda: $CFG,BAD_CRC,LOGREAD,3401,2026-07-30 10:52:10,SERVER_ACK,1142947888,0
*** Trama sin '*CRC' reconocible. ***

=== Registro 3402 (3403/4081) ===

<-- Respuesta cruda: $CFG,BAD_CRC,LOGREAD,3402,0000-00-194 69:52:25,HEARTBEAT_RECEIVED,0,0
*** Trama sin '*CRC' reconocible. ***

=== Registro 3403 (3404/4081) ===

<-- Respuesta cruda: $CFG,ACK,LOGREAD,3403,2026-07-30 10:53:10,SEND_OK,0,0
*** Trama sin '*CRC' reconocible. ***

=== Registro 3404 (3405/4081) ===

<-- Respuesta cruda: $CFG,ACK,LOGREAD,3404,2026-07-30 10:53:10,SERVER_ACK,48,0
*** Trama sin '*CRC' reconocible. ***

=== Registro 3405 (3406/4081) ===

<-- Respuesta cruda: $CFG,ACK,LOGREAD,3405,2026-07-30 10:53:28,HEARTBEAT_RECEIVED,0,0
*** Trama sin '*CRC' reconocible. ***

=== Registro 3406 (3407/4081) ===

<-- Respuesta cruda: $CFG,ACK,LOGREAD,3406,2026-07-30 10:54:10,SEND_OK,0,0
*** Trama sin '*CRC' reconocible. ***

=== Registro 3407 (3408/4081) ===

<-- Respuesta cruda: $CFG,ACK,LOGREAD,3407,2026-07-30 10:54:10,SERVER_ACK,48,0
*** Trama sin '*CRC' reconocible. ***

=== Registro 3408 (3409/4081) ===

<-- Respuesta cruda: $CFG,BAD_CRC,LOGREAD,3408,2026-07-30 10:54:07,SIM_PIN_REQUIRED,1175206154,12288
*** Trama sin '*CRC' reconocible. ***

=== Registro 3409 (3410/4081) ===

<-- Respuesta cruda: $CFG,BAD_CRC,LOGREAD,3409,0000-00-196 151:55:11,SEND_OK,0,0
*** Trama sin '*CRC' reconocible. ***

=== Registro 3410 (3411/4081) ===

<-- Respuesta cruda: $CFG,ACK,LOGREAD,3410,2026-07-30 10:55:35,HEARTBEAT_RECEIVED,0,0
*** Trama sin '*CRC' reconocible. ***

=== Registro 3411 (3412/4081) ===

<-- Respuesta cruda: $CFG,ACK,LOGREAD,3411,2026-07-30 10:56:11,SEND_OK,0,0
*** Trama sin '*CRC' reconocible. ***

=== Registro 3412 (3413/4081) ===

<-- Respuesta cruda: $CFG,ACK,LOGREAD,3412,2026-07-30 10:56:12,SERVER_ACK,48,0
*** Trama sin '*CRC' reconocible. ***

=== Registro 3413 (3414/4081) ===

<-- Respuesta cruda: $CFG,ACK,LOGREAD,3413,2026-07-30 10:56:38,HEARTBEAT_RECEIVED,0,0
*** Trama sin '*CRC' reconocible. ***

=== Registro 3414 (3415/4081) ===

<-- Respuesta cruda: $CFG,ACK,LOGREAD,3414,2026-07-30 10:57:12,SEND_OK,0,0
*** Trama sin '*CRC' reconocible. ***

=== Registro 3415 (3416/4081) ===

<-- Respuesta cruda: $CFG,BAD_CRC,LOGREAD,3415,0234-00-46 145:255:255,UNKNOWN,4294967295,4294967295
*** Trama sin '*CRC' reconocible. ***

=== Registro 3416 (3417/4081) ===

<-- Respuesta cruda: $CFG,ACK,LOGREAD,3416,2026-07-30 10:57:41,HEARTBEAT_RECEIVED,0,0
*** Trama sin '*CRC' reconocible. ***

=== Registro 3417 (3418/4081) ===

<-- Respuesta cruda: $CFG,ACK,LOGREAD,3417,2026-07-30 10:58:12,SEND_OK,0,0
*** Trama sin '*CRC' reconocible. ***

=== Registro 3418 (3419/4081) ===

<-- Respuesta cruda: $CFG,ACK,LOGREAD,3418,2026-07-30 10:58:12,SERVER_ACK,48,0
*** Trama sin '*CRC' reconocible. ***

=== Registro 3419 (3420/4081) ===

<-- Respuesta cruda: $CFG,ACK,LOGREAD,3419,2026-07-30 10:58:44,HEARTBEAT_RECEIVED,0,0
*** Trama sin '*CRC' reconocible. ***

=== Registro 3420 (3421/4081) ===

<-- Respuesta cruda: $CFG,ACK,LOGREAD,3420,2026-07-30 10:59:12,SEND_OK,0,0
*** Trama sin '*CRC' reconocible. ***

=== Registro 3421 (3422/4081) ===

<-- Respuesta cruda: $CFG,BAD_CRC,LOGREAD,3421,2026-07-30 10:59:12,SERVER_ACK,48,0
*** Trama sin '*CRC' reconocible. ***

=== Registro 3422 (3423/4081) ===

<-- Respuesta cruda: $CFG,BAD_CRC,LOGREAD,3422,0000-00-41 141:59:47,HEARTBEAT_RECEIVED,0,0
*** Trama sin '*CRC' reconocible. ***

=== Registro 3423 (3424/4081) ===

<-- Respuesta cruda: $CFG,ACK,LOGREAD,3423,2026-07-30 11:00:12,SEND_OK,0,0
*** Trama sin '*CRC' reconocible. ***

=== Registro 3424 (3425/4081) ===

<-- Respuesta cruda: $CFG,ACK,LOGREAD,3424,2026-07-30 11:00:12,SERVER_ACK,48,0
*** Trama sin '*CRC' reconocible. ***

=== Registro 3425 (3426/4081) ===

<-- Respuesta cruda: $CFG,ACK,LOGREAD,3425,2026-07-30 11:00:50,HEARTBEAT_RECEIVED,0,0
*** Trama sin '*CRC' reconocible. ***

=== Registro 3426 (3427/4081) ===

<-- Respuesta cruda: $CFG,ACK,LOGREAD,3426,2026-07-30 11:01:12,SEND_OK,0,0
*** Trama sin '*CRC' reconocible. ***

=== Registro 3427 (3428/4081) ===

<-- Respuesta cruda: $CFG,ACK,LOGREAD,3427,2026-07-30 11:01:12,SERVER_ACK,48,0
*** Trama sin '*CRC' reconocible. ***

=== Registro 3428 (3429/4081) ===

<-- Respuesta cruda: $CFG,BAD_CRC,LOGREAD,3428,2026-07-30 11:01:53,HEARTBEAT_RECEIVED,906757120,0
*** Trama sin '*CRC' reconocible. ***

=== Registro 3429 (3430/4081) ===

<-- Respuesta cruda: $CFG,BAD_CRC,LOGREAD,3429,0000-00-03 07:02:12,SEND_OK,0,0
*** Trama sin '*CRC' reconocible. ***

=== Registro 3430 (3431/4081) ===

<-- Respuesta cruda: $CFG,ACK,LOGREAD,3430,2026-07-30 11:02:12,SERVER_ACK,48,0
*** Trama sin '*CRC' reconocible. ***

=== Registro 3431 (3432/4081) ===

<-- Respuesta cruda: $CFG,ACK,LOGREAD,3431,2026-07-30 11:02:56,HEARTBEAT_RECEIVED,0,0
*** Trama sin '*CRC' reconocible. ***

=== Registro 3432 (3433/4081) ===

<-- Respuesta cruda: $CFG,ACK,LOGREAD,3432,2026-07-30 11:03:12,SEND_OK,0,0
*** Trama sin '*CRC' reconocible. ***

=== Registro 3433 (3434/4081) ===

<-- Respuesta cruda: $CFG,ACK,LOGREAD,3433,2026-07-30 11:03:12,SERVER_ACK,48,0
*** Trama sin '*CRC' reconocible. ***

=== Registro 3434 (3435/4081) ===

<-- Respuesta cruda: $CFG,ACK,LOGREAD,3434,2026-07-30 11:03:59,HEARTBEAT_RECEIVED,0,0
*** Trama sin '*CRC' reconocible. ***

=== Registro 3435 (3436/4081) ===

<-- Respuesta cruda: $CFG,BAD_CRC,LOGREAD,3435,2026-07-30 11:255:255,UNKNOWN,4294967295,4294967295
*** Trama sin '*CRC' reconocible. ***

=== Registro 3436 (3437/4081) ===

<-- Respuesta cruda: $CFG,ACK,LOGREAD,3436,2026-07-30 11:04:13,SERVER_ACK,48,0
*** Trama sin '*CRC' reconocible. ***

=== Registro 3437 (3438/4081) ===

<-- Respuesta cruda: $CFG,ACK,LOGREAD,3437,2026-07-30 11:05:02,HEARTBEAT_RECEIVED,0,0
*** Trama sin '*CRC' reconocible. ***

=== Registro 3438 (3439/4081) ===

<-- Respuesta cruda: $CFG,ACK,LOGREAD,3438,2026-07-30 11:05:13,SEND_OK,0,0
*** Trama sin '*CRC' reconocible. ***

=== Registro 3439 (3440/4081) ===

<-- Respuesta cruda: $CFG,ACK,LOGREAD,3439,2026-07-30 11:05:13,SERVER_ACK,48,0
*** Trama sin '*CRC' reconocible. ***

=== Registro 3440 (3441/4081) ===

<-- Respuesta cruda: $CFG,ACK,LOGREAD,3440,2026-07-30 11:06:05,HEARTBEAT_RECEIVED,0,0
*** Trama sin '*CRC' reconocible. ***

=== Registro 3441 (3442/4081) ===

<-- Respuesta cruda: $CFG,ACK,LOGREAD,3441,2026-07-30 11:06:13,SEND_OK,0,0
*** Trama sin '*CRC' reconocible. ***

=== Registro 3442 (3443/4081) ===

<-- Respuesta cruda: $CFG,BAD_CRC,LOGREAD,3442,0000-00-107 80:06:13,SERVER_ACK,48,0
*** Trama sin '*CRC' reconocible. ***

=== Registro 3443 (3444/4081) ===

<-- Respuesta cruda: $CFG,ACK,LOGREAD,3443,2026-07-30 11:07:08,HEARTBEAT_RECEIVED,0,0
*** Trama sin '*CRC' reconocible. ***

=== Registro 3444 (3445/4081) ===

<-- Respuesta cruda: $CFG,ACK,LOGREAD,3444,2026-07-30 11:07:13,SEND_OK,0,0
*** Trama sin '*CRC' reconocible. ***

=== Registro 3445 (3446/4081) ===

<-- Respuesta cruda: $CFG,ACK,LOGREAD,3445,2026-07-30 11:07:13,SERVER_ACK,48,0
*** Trama sin '*CRC' reconocible. ***

=== Registro 3446 (3447/4081) ===

<-- Respuesta cruda: $CFG,ACK,LOGREAD,3446,2026-07-30 11:08:11,HEARTBEAT_RECEIVED,0,0
*** Trama sin '*CRC' reconocible. ***

=== Registro 3447 (3448/4081) ===

<-- Respuesta cruda: $CFG,ACK,LOGREAD,3447,2026-07-30 11:08:13,SEND_OK,0,0
*** Trama sin '*CRC' reconocible. ***

=== Registro 3448 (3449/4081) ===

<-- Respuesta cruda: $CFG,BAD_CRC,LOGREAD,3448,2026-07-30 11:08:13,SERVER_ACK,48,0
*** Trama sin '*CRC' reconocible. ***

=== Registro 3449 (3450/4081) ===

<-- Respuesta cruda: $CFG,BAD_CRC,LOGREAD,3449,0000-00-169 204:09:13,SEND_OK,0,0
*** Trama sin '*CRC' reconocible. ***

=== Registro 3450 (3451/4081) ===

<-- Respuesta cruda: $CFG,ACK,LOGREAD,3450,2026-07-30 11:09:13,SERVER_ACK,48,0
*** Trama sin '*CRC' reconocible. ***

=== Registro 3451 (3452/4081) ===

<-- Respuesta cruda: $CFG,ACK,LOGREAD,3451,2026-07-30 11:09:14,HEARTBEAT_RECEIVED,0,0
*** Trama sin '*CRC' reconocible. ***

=== Registro 3452 (3453/4081) ===

<-- Respuesta cruda: $CFG,ACK,LOGREAD,3452,2026-07-30 11:10:13,SEND_OK,0,0
*** Trama sin '*CRC' reconocible. ***

=== Registro 3453 (3454/4081) ===

<-- Respuesta cruda: $CFG,ACK,LOGREAD,3453,2026-07-30 11:10:13,SERVER_ACK,48,0
*** Trama sin '*CRC' reconocible. ***

=== Registro 3454 (3455/4081) ===

<-- Respuesta cruda: $CFG,ACK,LOGREAD,3454,2026-07-30 11:10:17,HEARTBEAT_RECEIVED,0,0
*** Trama sin '*CRC' reconocible. ***

=== Registro 3455 (3456/4081) ===

<-- Respuesta cruda: $CFG,BAD_CRC,LOGREAD,3455,2026-07-30 11:11:13,SEND_OK,1175325963,12288
*** Trama sin '*CRC' reconocible. ***

=== Registro 3456 (3457/4081) ===

<-- Respuesta cruda: $CFG,BAD_CRC,LOGREAD,3456,0000-00-48 38:11:13,SERVER_ACK,48,0
*** Trama sin '*CRC' reconocible. ***

=== Registro 3457 (3458/4081) ===

<-- Respuesta cruda: $CFG,ACK,LOGREAD,3457,2026-07-30 11:11:20,HEARTBEAT_RECEIVED,0,0
*** Trama sin '*CRC' reconocible. ***

=== Registro 3458 (3459/4081) ===

<-- Respuesta cruda: $CFG,ACK,LOGREAD,3458,2026-07-30 11:12:13,SEND_OK,0,0
*** Trama sin '*CRC' reconocible. ***

=== Registro 3459 (3460/4081) ===

<-- Respuesta cruda: $CFG,ACK,LOGREAD,3459,2026-07-30 11:12:14,SERVER_ACK,48,0
*** Trama sin '*CRC' reconocible. ***

=== Registro 3460 (3461/4081) ===

<-- Respuesta cruda: $CFG,ACK,LOGREAD,3460,2026-07-30 11:12:23,HEARTBEAT_RECEIVED,0,0
*** Trama sin '*CRC' reconocible. ***

=== Registro 3461 (3462/4081) ===

<-- Respuesta cruda: $CFG,ACK,LOGREAD,3461,2026-07-30 11:13:14,SEND_OK,0,0
*** Trama sin '*CRC' reconocible. ***

=== Registro 3462 (3463/4081) ===

<-- Respuesta cruda: $CFG,BAD_CRC,LOGREAD,3462,2026-07-30 248:255:255,UNKNOWN,4294967295,4294967295
*** Trama sin '*CRC' reconocible. ***

=== Registro 3463 (3464/4081) ===

<-- Respuesta cruda: $CFG,ACK,LOGREAD,3463,2026-07-30 11:13:26,HEARTBEAT_RECEIVED,0,0
*** Trama sin '*CRC' reconocible. ***

=== Registro 3464 (3465/4081) ===

<-- Respuesta cruda: $CFG,ACK,LOGREAD,3464,2026-07-30 11:14:14,SEND_OK,0,0
*** Trama sin '*CRC' reconocible. ***

=== Registro 3465 (3466/4081) ===

<-- Respuesta cruda: $CFG,ACK,LOGREAD,3465,2026-07-30 11:14:14,SERVER_ACK,48,0
*** Trama sin '*CRC' reconocible. ***

=== Registro 3466 (3467/4081) ===

<-- Respuesta cruda: $CFG,ACK,LOGREAD,3466,2026-07-30 11:14:29,HEARTBEAT_RECEIVED,0,0
*** Trama sin '*CRC' reconocible. ***

=== Registro 3467 (3468/4081) ===

<-- Respuesta cruda: $CFG,ACK,LOGREAD,3467,2026-07-30 11:15:14,SEND_OK,0,0
*** Trama sin '*CRC' reconocible. ***

=== Registro 3468 (3469/4081) ===

<-- Respuesta cruda: $CFG,BAD_CRC,LOGREAD,3468,2026-07-30 11:15:15,SERVER_ACK,48,0
*** Trama sin '*CRC' reconocible. ***

=== Registro 3469 (3470/4081) ===

<-- Respuesta cruda: $CFG,BAD_CRC,LOGREAD,3469,0000-00-190 151:15:32,HEARTBEAT_RECEIVED,0,0
*** Trama sin '*CRC' reconocible. ***

=== Registro 3470 (3471/4081) ===

<-- Respuesta cruda: $CFG,ACK,LOGREAD,3470,2026-07-30 11:16:14,SEND_OK,0,0
*** Trama sin '*CRC' reconocible. ***

=== Registro 3471 (3472/4081) ===

<-- Respuesta cruda: $CFG,ACK,LOGREAD,3471,2026-07-30 11:16:14,SERVER_ACK,48,0
*** Trama sin '*CRC' reconocible. ***

=== Registro 3472 (3473/4081) ===

<-- Respuesta cruda: $CFG,ACK,LOGREAD,3472,2026-07-30 11:16:35,HEARTBEAT_RECEIVED,0,0
*** Trama sin '*CRC' reconocible. ***

=== Registro 3473 (3474/4081) ===

<-- Respuesta cruda: $CFG,ACK,LOGREAD,3473,2026-07-30 11:17:14,SEND_OK,0,0
*** Trama sin '*CRC' reconocible. ***

=== Registro 3474 (3475/4081) ===

<-- Respuesta cruda: $CFG,ACK,LOGREAD,3474,2026-07-30 11:17:14,SERVER_ACK,48,0
*** Trama sin '*CRC' reconocible. ***

=== Registro 3475 (3476/4081) ===

<-- Respuesta cruda: $CFG,BAD_CRC,LOGREAD,3475,2026-07-30 11:17:38,HEARTBEAT_RECEIVED,0,0
*** Trama sin '*CRC' reconocible. ***

=== Registro 3476 (3477/4081) ===

<-- Respuesta cruda: $CFG,BAD_CRC,LOGREAD,3476,0000-00-224 144:18:14,SEND_OK,0,0
*** Trama sin '*CRC' reconocible. ***

=== Registro 3477 (3478/4081) ===

<-- Respuesta cruda: $CFG,ACK,LOGREAD,3477,2026-07-30 11:18:14,SERVER_ACK,48,0
*** Trama sin '*CRC' reconocible. ***

=== Registro 3478 (3479/4081) ===

<-- Respuesta cruda: $CFG,ACK,LOGREAD,3478,2026-07-30 11:18:41,HEARTBEAT_RECEIVED,0,0
*** Trama sin '*CRC' reconocible. ***

=== Registro 3479 (3480/4081) ===

<-- Respuesta cruda: $CFG,ACK,LOGREAD,3479,2026-07-30 11:19:14,SEND_OK,0,0
*** Trama sin '*CRC' reconocible. ***

=== Registro 3480 (3481/4081) ===

<-- Respuesta cruda: $CFG,ACK,LOGREAD,3480,2026-07-30 11:19:14,SERVER_ACK,48,0
*** Trama sin '*CRC' reconocible. ***

=== Registro 3481 (3482/4081) ===

<-- Respuesta cruda: $CFG,ACK,LOGREAD,3481,2026-07-30 11:19:44,HEARTBEAT_RECEIVED,0,0
*** Trama sin '*CRC' reconocible. ***

=== Registro 3482 (3483/4081) ===

<-- Respuesta cruda: $CFG,BAD_CRC,LOGREAD,3482,2026-07-30 11:20:14,SEND_OK,1175393803,12288
*** Trama sin '*CRC' reconocible. ***

=== Registro 3483 (3484/4081) ===

<-- Respuesta cruda: $CFG,BAD_CRC,LOGREAD,3483,0000-00-30 215:20:15,SERVER_ACK,48,0
*** Trama sin '*CRC' reconocible. ***

=== Registro 3484 (3485/4081) ===

<-- Respuesta cruda: $CFG,ACK,LOGREAD,3484,2026-07-30 11:20:47,HEARTBEAT_RECEIVED,0,0
*** Trama sin '*CRC' reconocible. ***

=== Registro 3485 (3486/4081) ===

<-- Respuesta cruda: $CFG,ACK,LOGREAD,3485,2026-07-30 11:21:15,SEND_OK,0,0
*** Trama sin '*CRC' reconocible. ***

=== Registro 3486 (3487/4081) ===

<-- Respuesta cruda: $CFG,ACK,LOGREAD,3486,2026-07-30 11:21:15,SERVER_ACK,48,0
*** Trama sin '*CRC' reconocible. ***

=== Registro 3487 (3488/4081) ===

<-- Respuesta cruda: $CFG,ACK,LOGREAD,3487,2026-07-30 11:21:50,HEARTBEAT_RECEIVED,0,0
*** Trama sin '*CRC' reconocible. ***

=== Registro 3488 (3489/4081) ===

<-- Respuesta cruda: $CFG,ACK,LOGREAD,3488,2026-07-30 11:22:15,SEND_OK,0,0
*** Trama sin '*CRC' reconocible. ***

=== Registro 3489 (3490/4081) ===

<-- Respuesta cruda: $CFG,BAD_CRC,LOGREAD,3489,2026-07-136 199:255:255,UNKNOWN,4294967295,4294967295
*** Trama sin '*CRC' reconocible. ***

=== Registro 3490 (3491/4081) ===

<-- Respuesta cruda: $CFG,ACK,LOGREAD,3490,2026-07-30 11:22:53,HEARTBEAT_RECEIVED,0,0
*** Trama sin '*CRC' reconocible. ***

=== Registro 3491 (3492/4081) ===

<-- Respuesta cruda: $CFG,ACK,LOGREAD,3491,2026-07-30 11:23:15,SEND_OK,0,0
*** Trama sin '*CRC' reconocible. ***

=== Registro 3492 (3493/4081) ===

<-- Respuesta cruda: $CFG,ACK,LOGREAD,3492,2026-07-30 11:23:15,SERVER_ACK,48,0
*** Trama sin '*CRC' reconocible. ***

=== Registro 3493 (3494/4081) ===

<-- Respuesta cruda: $CFG,ACK,LOGREAD,3493,2026-07-30 11:23:56,HEARTBEAT_RECEIVED,0,0
*** Trama sin '*CRC' reconocible. ***

=== Registro 3494 (3495/4081) ===

<-- Respuesta cruda: $CFG,ACK,LOGREAD,3494,2026-07-30 11:24:15,SEND_OK,0,0
*** Trama sin '*CRC' reconocible. ***

=== Registro 3495 (3496/4081) ===

<-- Respuesta cruda: $CFG,BAD_CRC,LOGREAD,3495,2026-07-30 11:24:15,SERVER_ACK,48,0
*** Trama sin '*CRC' reconocible. ***

=== Registro 3496 (3497/4081) ===

<-- Respuesta cruda: $CFG,BAD_CRC,LOGREAD,3496,0000-00-124 88:24:59,HEARTBEAT_RECEIVED,0,0
*** Trama sin '*CRC' reconocible. ***

=== Registro 3497 (3498/4081) ===

<-- Respuesta cruda: $CFG,ACK,LOGREAD,3497,2026-07-30 11:25:15,SEND_OK,0,0
*** Trama sin '*CRC' reconocible. ***

=== Registro 3498 (3499/4081) ===

<-- Respuesta cruda: $CFG,ACK,LOGREAD,3498,2026-07-30 11:25:15,SERVER_ACK,48,0
*** Trama sin '*CRC' reconocible. ***

=== Registro 3499 (3500/4081) ===

<-- Respuesta cruda: $CFG,ACK,LOGREAD,3499,2026-07-30 11:26:02,HEARTBEAT_RECEIVED,0,0
*** Trama sin '*CRC' reconocible. ***

=== Registro 3500 (3501/4081) ===

<-- Respuesta cruda: $CFG,ACK,LOGREAD,3500,2026-07-30 11:26:15,SEND_OK,0,0
*** Trama sin '*CRC' reconocible. ***

=== Registro 3501 (3502/4081) ===

<-- Respuesta cruda: $CFG,ACK,LOGREAD,3501,2026-07-30 11:26:15,SERVER_ACK,48,0
*** Trama sin '*CRC' reconocible. ***

=== Registro 3502 (3503/4081) ===

<-- Respuesta cruda: $CFG,BAD_CRC,LOGREAD,3502,2026-07-30 11:27:05,HEARTBEAT_RECEIVED,905969664,0
*** Trama sin '*CRC' reconocible. ***

=== Registro 3503 (3504/4081) ===

<-- Respuesta cruda: $CFG,BAD_CRC,LOGREAD,3503,0000-00-122 142:27:15,SEND_OK,0,0
*** Trama sin '*CRC' reconocible. ***

=== Registro 3504 (3505/4081) ===

<-- Respuesta cruda: $CFG,ACK,LOGREAD,3504,2026-07-30 11:27:16,SERVER_ACK,48,0
*** Trama sin '*CRC' reconocible. ***

=== Registro 3505 (3506/4081) ===

<-- Respuesta cruda: $CFG,ACK,LOGREAD,3505,2026-07-30 11:28:08,HEARTBEAT_RECEIVED,0,0
*** Trama sin '*CRC' reconocible. ***

=== Registro 3506 (3507/4081) ===

<-- Respuesta cruda: $CFG,ACK,LOGREAD,3506,2026-07-30 11:28:16,SEND_OK,0,0
*** Trama sin '*CRC' reconocible. ***

=== Registro 3507 (3508/4081) ===

<-- Respuesta cruda: $CFG,ACK,LOGREAD,3507,2026-07-30 11:28:16,SERVER_ACK,48,0
*** Trama sin '*CRC' reconocible. ***

=== Registro 3508 (3509/4081) ===

<-- Respuesta cruda: $CFG,ACK,LOGREAD,3508,2026-07-30 11:29:11,HEARTBEAT_RECEIVED,0,0
*** Trama sin '*CRC' reconocible. ***

=== Registro 3509 (3510/4081) ===

<-- Respuesta cruda: $CFG,BAD_CRC,LOGREAD,3509,2026-07-30 11:29:16,SIM_PIN_REQUIRED,1141972747,0
*** Trama sin '*CRC' reconocible. ***

=== Registro 3510 (3511/4081) ===

<-- Respuesta cruda: $CFG,BAD_CRC,LOGREAD,3510,0000-00-210 81:29:16,SERVER_ACK,48,0
*** Trama sin '*CRC' reconocible. ***

=== Registro 3511 (3512/4081) ===

<-- Respuesta cruda: $CFG,ACK,LOGREAD,3511,2026-07-30 11:30:14,HEARTBEAT_RECEIVED,0,0
*** Trama sin '*CRC' reconocible. ***

=== Registro 3512 (3513/4081) ===

<-- Respuesta cruda: $CFG,ACK,LOGREAD,3512,2026-07-30 11:30:16,SEND_OK,0,0
*** Trama sin '*CRC' reconocible. ***

=== Registro 3513 (3514/4081) ===

<-- Respuesta cruda: $CFG,ACK,LOGREAD,3513,2026-07-30 11:30:16,SERVER_ACK,48,0
*** Trama sin '*CRC' reconocible. ***

=== Registro 3514 (3515/4081) ===

<-- Respuesta cruda: $CFG,ACK,LOGREAD,3514,2026-07-30 11:31:16,SEND_OK,0,0
*** Trama sin '*CRC' reconocible. ***

=== Registro 3515 (3516/4081) ===

<-- Respuesta cruda: $CFG,ACK,LOGREAD,3515,2026-07-30 11:31:16,SERVER_ACK,48,0
*** Trama sin '*CRC' reconocible. ***

=== Registro 3516 (3517/4081) ===

<-- Respuesta cruda: $CFG,BAD_CRC,LOGREAD,3516,2026-00-64 233:255:255,UNKNOWN,4294967295,4294967295
*** Trama sin '*CRC' reconocible. ***

=== Registro 3517 (3518/4081) ===

<-- Respuesta cruda: $CFG,ACK,LOGREAD,3517,2026-07-30 11:32:16,SEND_OK,0,0
*** Trama sin '*CRC' reconocible. ***

=== Registro 3518 (3519/4081) ===

<-- Respuesta cruda: $CFG,ACK,LOGREAD,3518,2026-07-30 11:32:16,SERVER_ACK,48,0
*** Trama sin '*CRC' reconocible. ***

=== Registro 3519 (3520/4081) ===

<-- Respuesta cruda: $CFG,ACK,LOGREAD,3519,2026-07-30 11:32:20,HEARTBEAT_RECEIVED,0,0
*** Trama sin '*CRC' reconocible. ***

=== Registro 3520 (3521/4081) ===

<-- Respuesta cruda: $CFG,ACK,LOGREAD,3520,2026-07-30 11:33:16,SEND_OK,0,0
*** Trama sin '*CRC' reconocible. ***

=== Registro 3521 (3522/4081) ===

<-- Respuesta cruda: $CFG,ACK,LOGREAD,3521,2026-07-30 11:33:16,SERVER_ACK,48,0
*** Trama sin '*CRC' reconocible. ***

=== Registro 3522 (3523/4081) ===

<-- Respuesta cruda: $CFG,BAD_CRC,LOGREAD,3522,2026-07-30 11:33:23,HEARTBEAT_RECEIVED,0,0
*** Trama sin '*CRC' reconocible. ***

=== Registro 3523 (3524/4081) ===

<-- Respuesta cruda: $CFG,BAD_CRC,LOGREAD,3523,0000-00-30 23:34:16,SEND_OK,0,0
*** Trama sin '*CRC' reconocible. ***

=== Registro 3524 (3525/4081) ===

<-- Respuesta cruda: $CFG,ACK,LOGREAD,3524,2026-07-30 11:34:16,SERVER_ACK,48,0
*** Trama sin '*CRC' reconocible. ***

=== Registro 3525 (3526/4081) ===

<-- Respuesta cruda: $CFG,ACK,LOGREAD,3525,2026-07-30 11:34:26,HEARTBEAT_RECEIVED,0,0
*** Trama sin '*CRC' reconocible. ***

=== Registro 3526 (3527/4081) ===

<-- Respuesta cruda: $CFG,ACK,LOGREAD,3526,2026-07-30 11:35:16,SEND_OK,0,0
*** Trama sin '*CRC' reconocible. ***

=== Registro 3527 (3528/4081) ===

<-- Respuesta cruda: $CFG,ACK,LOGREAD,3527,2026-07-30 11:35:17,SERVER_ACK,48,0
*** Trama sin '*CRC' reconocible. ***

=== Registro 3528 (3529/4081) ===

<-- Respuesta cruda: $CFG,ACK,LOGREAD,3528,2026-07-30 11:35:29,HEARTBEAT_RECEIVED,0,0
*** Trama sin '*CRC' reconocible. ***

=== Registro 3529 (3530/4081) ===

<-- Respuesta cruda: $CFG,BAD_CRC,LOGREAD,3529,2026-07-30 11:36:17,SEND_OK,1175519232,12288
*** Trama sin '*CRC' reconocible. ***

=== Registro 3530 (3531/4081) ===

<-- Respuesta cruda: $CFG,BAD_CRC,LOGREAD,3530,0000-00-169 136:36:17,SERVER_ACK,48,0
*** Trama sin '*CRC' reconocible. ***

=== Registro 3531 (3532/4081) ===

<-- Respuesta cruda: $CFG,ACK,LOGREAD,3531,2026-07-30 11:36:32,HEARTBEAT_RECEIVED,0,0
*** Trama sin '*CRC' reconocible. ***

=== Registro 3532 (3533/4081) ===

<-- Respuesta cruda: $CFG,ACK,LOGREAD,3532,2026-07-30 11:37:17,SEND_OK,0,0
*** Trama sin '*CRC' reconocible. ***

=== Registro 3533 (3534/4081) ===

<-- Respuesta cruda: $CFG,ACK,LOGREAD,3533,2026-07-30 11:37:17,SERVER_ACK,48,0
*** Trama sin '*CRC' reconocible. ***

=== Registro 3534 (3535/4081) ===

<-- Respuesta cruda: $CFG,ACK,LOGREAD,3534,2026-07-30 11:37:35,HEARTBEAT_RECEIVED,0,0
*** Trama sin '*CRC' reconocible. ***

=== Registro 3535 (3536/4081) ===

<-- Respuesta cruda: $CFG,ACK,LOGREAD,3535,2026-07-30 11:38:17,SEND_OK,0,0
*** Trama sin '*CRC' reconocible. ***

=== Registro 3536 (3537/4081) ===

<-- Respuesta cruda: $CFG,BAD_CRC,LOGREAD,3536,2026-07-30 11:38:07,SIM_PIN_REQUIRED,1143744523,0
*** Trama sin '*CRC' reconocible. ***

=== Registro 3537 (3538/4081) ===

<-- Respuesta cruda: $CFG,BAD_CRC,LOGREAD,3537,0000-00-174 212:38:38,HEARTBEAT_RECEIVED,0,0
*** Trama sin '*CRC' reconocible. ***

=== Registro 3538 (3539/4081) ===

<-- Respuesta cruda: $CFG,ACK,LOGREAD,3538,2026-07-30 11:39:17,SEND_OK,0,0
*** Trama sin '*CRC' reconocible. ***

=== Registro 3539 (3540/4081) ===

<-- Respuesta cruda: $CFG,ACK,LOGREAD,3539,2026-07-30 11:39:17,SERVER_ACK,48,0
*** Trama sin '*CRC' reconocible. ***

=== Registro 3540 (3541/4081) ===

<-- Respuesta cruda: $CFG,ACK,LOGREAD,3540,2026-07-30 11:39:41,HEARTBEAT_RECEIVED,0,0
*** Trama sin '*CRC' reconocible. ***

=== Registro 3541 (3542/4081) ===

<-- Respuesta cruda: $CFG,ACK,LOGREAD,3541,2026-07-30 11:40:17,SEND_OK,0,0
*** Trama sin '*CRC' reconocible. ***

=== Registro 3542 (3543/4081) ===

<-- Respuesta cruda: $CFG,ACK,LOGREAD,3542,2026-07-30 11:40:17,SERVER_ACK,48,0
*** Trama sin '*CRC' reconocible. ***

=== Registro 3543 (3544/4081) ===

<-- Respuesta cruda: $CFG,BAD_CRC,LOGREAD,3543,0234-00-03 212:255:255,UNKNOWN,4294967295,4294967295
*** Trama sin '*CRC' reconocible. ***

=== Registro 3544 (3545/4081) ===

<-- Respuesta cruda: $CFG,ACK,LOGREAD,3544,2026-07-30 11:41:17,SEND_OK,0,0
*** Trama sin '*CRC' reconocible. ***

=== Registro 3545 (3546/4081) ===

<-- Respuesta cruda: $CFG,ACK,LOGREAD,3545,2026-07-30 11:41:17,SERVER_ACK,48,0
*** Trama sin '*CRC' reconocible. ***

=== Registro 3546 (3547/4081) ===

<-- Respuesta cruda: $CFG,ACK,LOGREAD,3546,2026-07-30 11:41:47,HEARTBEAT_RECEIVED,0,0
*** Trama sin '*CRC' reconocible. ***

=== Registro 3547 (3548/4081) ===

<-- Respuesta cruda: $CFG,ACK,LOGREAD,3547,2026-07-30 11:42:17,SEND_OK,0,0
*** Trama sin '*CRC' reconocible. ***

=== Registro 3548 (3549/4081) ===

<-- Respuesta cruda: $CFG,ACK,LOGREAD,3548,2026-07-30 11:42:17,SERVER_ACK,48,0
*** Trama sin '*CRC' reconocible. ***

=== Registro 3549 (3550/4081) ===

<-- Respuesta cruda: $CFG,BAD_CRC,LOGREAD,3549,2026-07-30 11:42:50,HEARTBEAT_RECEIVED,0,0
*** Trama sin '*CRC' reconocible. ***

=== Registro 3550 (3551/4081) ===

<-- Respuesta cruda: $CFG,BAD_CRC,LOGREAD,3550,0000-00-57 119:43:17,SEND_OK,0,0
*** Trama sin '*CRC' reconocible. ***

=== Registro 3551 (3552/4081) ===

<-- Respuesta cruda: $CFG,ACK,LOGREAD,3551,2026-07-30 11:43:18,SERVER_ACK,48,0
*** Trama sin '*CRC' reconocible. ***

=== Registro 3552 (3553/4081) ===

<-- Respuesta cruda: $CFG,ACK,LOGREAD,3552,2026-07-30 11:43:53,HEARTBEAT_RECEIVED,0,0
*** Trama sin '*CRC' reconocible. ***

=== Registro 3553 (3554/4081) ===

<-- Respuesta cruda: $CFG,ACK,LOGREAD,3553,2026-07-30 11:44:18,SEND_OK,0,0
*** Trama sin '*CRC' reconocible. ***

=== Registro 3554 (3555/4081) ===

<-- Respuesta cruda: $CFG,ACK,LOGREAD,3554,2026-07-30 11:44:18,SERVER_ACK,48,0
*** Trama sin '*CRC' reconocible. ***

=== Registro 3555 (3556/4081) ===

<-- Respuesta cruda: $CFG,ACK,LOGREAD,3555,2026-07-30 11:44:56,HEARTBEAT_RECEIVED,0,0
*** Trama sin '*CRC' reconocible. ***

=== Registro 3556 (3557/4081) ===

<-- Respuesta cruda: $CFG,BAD_CRC,LOGREAD,3556,2026-07-30 11:45:18,SEND_OK,1175596800,12288
*** Trama sin '*CRC' reconocible. ***

=== Registro 3557 (3558/4081) ===

<-- Respuesta cruda: $CFG,BAD_CRC,LOGREAD,3557,0000-00-142 232:45:18,SERVER_ACK,48,0
*** Trama sin '*CRC' reconocible. ***

=== Registro 3558 (3559/4081) ===

<-- Respuesta cruda: $CFG,ACK,LOGREAD,3558,2026-07-30 11:45:59,HEARTBEAT_RECEIVED,0,0
*** Trama sin '*CRC' reconocible. ***

=== Registro 3559 (3560/4081) ===

<-- Respuesta cruda: $CFG,ACK,LOGREAD,3559,2026-07-30 11:46:18,SEND_OK,0,0
*** Trama sin '*CRC' reconocible. ***

=== Registro 3560 (3561/4081) ===

<-- Respuesta cruda: $CFG,ACK,LOGREAD,3560,2026-07-30 11:46:18,SERVER_ACK,48,0
*** Trama sin '*CRC' reconocible. ***

=== Registro 3561 (3562/4081) ===

<-- Respuesta cruda: $CFG,ACK,LOGREAD,3561,2026-07-30 11:47:02,HEARTBEAT_RECEIVED,0,0
*** Trama sin '*CRC' reconocible. ***

=== Registro 3562 (3563/4081) ===

<-- Respuesta cruda: $CFG,ACK,LOGREAD,3562,2026-07-30 11:47:18,SEND_OK,0,0
*** Trama sin '*CRC' reconocible. ***

=== Registro 3563 (3564/4081) ===

<-- Respuesta cruda: $CFG,BAD_CRC,LOGREAD,3563,2026-07-30 11:255:255,UNKNOWN,4294967295,4294967295
*** Trama sin '*CRC' reconocible. ***

=== Registro 3564 (3565/4081) ===

<-- Respuesta cruda: $CFG,ACK,LOGREAD,3564,2026-07-30 11:48:05,HEARTBEAT_RECEIVED,0,0
*** Trama sin '*CRC' reconocible. ***

=== Registro 3565 (3566/4081) ===

<-- Respuesta cruda: $CFG,ACK,LOGREAD,3565,2026-07-30 11:48:18,SEND_OK,0,0
*** Trama sin '*CRC' reconocible. ***

=== Registro 3566 (3567/4081) ===

<-- Respuesta cruda: $CFG,ACK,LOGREAD,3566,2026-07-30 11:48:18,SERVER_ACK,48,0
*** Trama sin '*CRC' reconocible. ***

=== Registro 3567 (3568/4081) ===

<-- Respuesta cruda: $CFG,ACK,LOGREAD,3567,2026-07-30 11:49:08,HEARTBEAT_RECEIVED,0,0
*** Trama sin '*CRC' reconocible. ***

=== Registro 3568 (3569/4081) ===

<-- Respuesta cruda: $CFG,ACK,LOGREAD,3568,2026-07-30 11:49:18,SEND_OK,0,0
*** Trama sin '*CRC' reconocible. ***

=== Registro 3569 (3570/4081) ===

<-- Respuesta cruda: $CFG,ACK,LOGREAD,3569,2026-07-30 11:49:18,SERVER_ACK,48,0
*** Trama sin '*CRC' reconocible. ***

=== Registro 3570 (3571/4081) ===

<-- Respuesta cruda: $CFG,BAD_CRC,LOGREAD,3570,0000-00-69 33:50:11,HEARTBEAT_RECEIVED,0,0
*** Trama sin '*CRC' reconocible. ***

=== Registro 3571 (3572/4081) ===

<-- Respuesta cruda: $CFG,ACK,LOGREAD,3571,2026-07-30 11:50:18,SEND_OK,0,0
*** Trama sin '*CRC' reconocible. ***

=== Registro 3572 (3573/4081) ===

<-- Respuesta cruda: $CFG,ACK,LOGREAD,3572,2026-07-30 11:50:18,SERVER_ACK,48,0
*** Trama sin '*CRC' reconocible. ***

=== Registro 3573 (3574/4081) ===

<-- Respuesta cruda: $CFG,ACK,LOGREAD,3573,2026-07-30 11:51:14,HEARTBEAT_RECEIVED,0,0
*** Trama sin '*CRC' reconocible. ***

=== Registro 3574 (3575/4081) ===

<-- Respuesta cruda: $CFG,ACK,LOGREAD,3574,2026-07-30 11:51:18,SEND_OK,0,0
*** Trama sin '*CRC' reconocible. ***

=== Registro 3575 (3576/4081) ===

<-- Respuesta cruda: $CFG,ACK,LOGREAD,3575,2026-07-30 11:51:19,SERVER_ACK,48,0
*** Trama sin '*CRC' reconocible. ***

=== Registro 3576 (3577/4081) ===

<-- Respuesta cruda: $CFG,BAD_CRC,LOGREAD,3576,2026-07-30 11:52:17,HEARTBEAT_RECEIVED,0,12288
*** Trama sin '*CRC' reconocible. ***

=== Registro 3577 (3578/4081) ===

<-- Respuesta cruda: $CFG,BAD_CRC,LOGREAD,3577,0000-00-03 199:52:19,SEND_OK,0,0
*** Trama sin '*CRC' reconocible. ***

=== Registro 3578 (3579/4081) ===

<-- Respuesta cruda: $CFG,ACK,LOGREAD,3578,2026-07-30 11:52:19,SERVER_ACK,48,0
*** Trama sin '*CRC' reconocible. ***

=== Registro 3579 (3580/4081) ===

<-- Respuesta cruda: $CFG,ACK,LOGREAD,3579,2026-07-30 11:53:19,SEND_OK,0,0
*** Trama sin '*CRC' reconocible. ***

=== Registro 3580 (3581/4081) ===

<-- Respuesta cruda: $CFG,ACK,LOGREAD,3580,2026-07-30 11:53:19,SERVER_ACK,48,0
*** Trama sin '*CRC' reconocible. ***

=== Registro 3581 (3582/4081) ===

<-- Respuesta cruda: $CFG,ACK,LOGREAD,3581,2026-07-30 11:53:20,HEARTBEAT_RECEIVED,0,0
*** Trama sin '*CRC' reconocible. ***

=== Registro 3582 (3583/4081) ===

<-- Respuesta cruda: $CFG,ACK,LOGREAD,3582,2026-07-30 11:54:18,SEND_OK,0,0
*** Trama sin '*CRC' reconocible. ***

=== Registro 3583 (3584/4081) ===

<-- Respuesta cruda: $CFG,BAD_CRC,LOGREAD,3583,2026-07-30 11:54:18,SERVER_ACK,1142700043,0
*** Trama sin '*CRC' reconocible. ***

=== Registro 3584 (3585/4081) ===

<-- Respuesta cruda: $CFG,BAD_CRC,LOGREAD,3584,0000-00-185 28:54:22,HEARTBEAT_RECEIVED,0,0
*** Trama sin '*CRC' reconocible. ***

=== Registro 3585 (3586/4081) ===

<-- Respuesta cruda: $CFG,ACK,LOGREAD,3585,2026-07-30 11:55:18,SEND_OK,0,0
*** Trama sin '*CRC' reconocible. ***

=== Registro 3586 (3587/4081) ===

<-- Respuesta cruda: $CFG,ACK,LOGREAD,3586,2026-07-30 11:55:18,SERVER_ACK,48,0
*** Trama sin '*CRC' reconocible. ***

=== Registro 3587 (3588/4081) ===

<-- Respuesta cruda: $CFG,ACK,LOGREAD,3587,2026-07-30 11:55:25,HEARTBEAT_RECEIVED,0,0
*** Trama sin '*CRC' reconocible. ***

=== Registro 3588 (3589/4081) ===

<-- Respuesta cruda: $CFG,ACK,LOGREAD,3588,2026-07-30 11:56:18,SEND_OK,0,0
*** Trama sin '*CRC' reconocible. ***

=== Registro 3589 (3590/4081) ===

<-- Respuesta cruda: $CFG,ACK,LOGREAD,3589,2026-07-30 11:56:19,SERVER_ACK,48,0
*** Trama sin '*CRC' reconocible. ***

=== Registro 3590 (3591/4081) ===

<-- Respuesta cruda: $CFG,BAD_CRC,LOGREAD,3590,2026-07-30 182:255:255,UNKNOWN,4294967295,4294967295
*** Trama sin '*CRC' reconocible. ***

=== Registro 3591 (3592/4081) ===

<-- Respuesta cruda: $CFG,ACK,LOGREAD,3591,2026-07-30 11:57:19,SEND_OK,0,0
*** Trama sin '*CRC' reconocible. ***

=== Registro 3592 (3593/4081) ===

<-- Respuesta cruda: $CFG,ACK,LOGREAD,3592,2026-07-30 11:57:19,SERVER_ACK,48,0
*** Trama sin '*CRC' reconocible. ***

=== Registro 3593 (3594/4081) ===

<-- Respuesta cruda: $CFG,ACK,LOGREAD,3593,2026-07-30 11:57:31,HEARTBEAT_RECEIVED,0,0
*** Trama sin '*CRC' reconocible. ***

=== Registro 3594 (3595/4081) ===

<-- Respuesta cruda: $CFG,ACK,LOGREAD,3594,2026-07-30 11:58:19,SEND_OK,0,0
*** Trama sin '*CRC' reconocible. ***

=== Registro 3595 (3596/4081) ===

<-- Respuesta cruda: $CFG,ACK,LOGREAD,3595,2026-07-30 11:58:19,SERVER_ACK,48,0
*** Trama sin '*CRC' reconocible. ***

=== Registro 3596 (3597/4081) ===

<-- Respuesta cruda: $CFG,BAD_CRC,LOGREAD,3596,2026-07-30 11:58:34,HEARTBEAT_RECEIVED,0,0
*** Trama sin '*CRC' reconocible. ***

=== Registro 3597 (3598/4081) ===

<-- Respuesta cruda: $CFG,BAD_CRC,LOGREAD,3597,0000-00-164 29:59:19,SEND_OK,0,0
*** Trama sin '*CRC' reconocible. ***

=== Registro 3598 (3599/4081) ===

<-- Respuesta cruda: $CFG,ACK,LOGREAD,3598,2026-07-30 11:59:19,SERVER_ACK,48,0
*** Trama sin '*CRC' reconocible. ***

=== Registro 3599 (3600/4081) ===

<-- Respuesta cruda: $CFG,ACK,LOGREAD,3599,2026-07-30 11:59:37,HEARTBEAT_RECEIVED,0,0
*** Trama sin '*CRC' reconocible. ***

=== Registro 3600 (3601/4081) ===

<-- Respuesta cruda: $CFG,ACK,LOGREAD,3600,2026-07-30 12:00:19,SEND_OK,0,0
*** Trama sin '*CRC' reconocible. ***

=== Registro 3601 (3602/4081) ===

<-- Respuesta cruda: $CFG,ACK,LOGREAD,3601,2026-07-30 12:00:19,SERVER_ACK,48,0
*** Trama sin '*CRC' reconocible. ***

=== Registro 3602 (3603/4081) ===

<-- Respuesta cruda: $CFG,ACK,LOGREAD,3602,2026-07-30 12:00:40,HEARTBEAT_RECEIVED,0,0
*** Trama sin '*CRC' reconocible. ***

=== Registro 3603 (3604/4081) ===

<-- Respuesta cruda: $CFG,BAD_CRC,LOGREAD,3603,2026-07-30 12:01:19,SEND_OK,0,12288
*** Trama sin '*CRC' reconocible. ***

=== Registro 3604 (3605/4081) ===

<-- Respuesta cruda: $CFG,BAD_CRC,LOGREAD,3604,0000-00-19 130:01:19,SERVER_ACK,48,0
*** Trama sin '*CRC' reconocible. ***

=== Registro 3605 (3606/4081) ===

<-- Respuesta cruda: $CFG,ACK,LOGREAD,3605,2026-07-30 12:01:43,HEARTBEAT_RECEIVED,0,0
*** Trama sin '*CRC' reconocible. ***

=== Registro 3606 (3607/4081) ===

<-- Respuesta cruda: $CFG,ACK,LOGREAD,3606,2026-07-30 12:02:19,SEND_OK,0,0
*** Trama sin '*CRC' reconocible. ***

=== Registro 3607 (3608/4081) ===

<-- Respuesta cruda: $CFG,ACK,LOGREAD,3607,2026-07-30 12:02:19,SERVER_ACK,48,0
*** Trama sin '*CRC' reconocible. ***

=== Registro 3608 (3609/4081) ===

<-- Respuesta cruda: $CFG,ACK,LOGREAD,3608,2026-07-30 12:02:46,HEARTBEAT_RECEIVED,0,0
*** Trama sin '*CRC' reconocible. ***

=== Registro 3609 (3610/4081) ===

<-- Respuesta cruda: $CFG,ACK,LOGREAD,3609,2026-07-30 12:03:19,SEND_OK,0,0
*** Trama sin '*CRC' reconocible. ***

=== Registro 3610 (3611/4081) ===

<-- Respuesta cruda: $CFG,BAD_CRC,LOGREAD,3610,2026-07-30 12:03:19,SERVER_ACK,1144456460,0
*** Trama sin '*CRC' reconocible. ***

=== Registro 3611 (3612/4081) ===

<-- Respuesta cruda: $CFG,BAD_CRC,LOGREAD,3611,0000-00-70 234:03:49,HEARTBEAT_RECEIVED,0,0
*** Trama sin '*CRC' reconocible. ***

=== Registro 3612 (3613/4081) ===

<-- Respuesta cruda: $CFG,ACK,LOGREAD,3612,2026-07-30 12:04:19,SEND_OK,0,0
*** Trama sin '*CRC' reconocible. ***

=== Registro 3613 (3614/4081) ===

<-- Respuesta cruda: $CFG,ACK,LOGREAD,3613,2026-07-30 12:04:20,SERVER_ACK,48,0
*** Trama sin '*CRC' reconocible. ***

=== Registro 3614 (3615/4081) ===

<-- Respuesta cruda: $CFG,ACK,LOGREAD,3614,2026-07-30 12:04:52,HEARTBEAT_RECEIVED,0,0
*** Trama sin '*CRC' reconocible. ***

=== Registro 3615 (3616/4081) ===

<-- Respuesta cruda: $CFG,ACK,LOGREAD,3615,2026-07-30 12:05:20,SEND_OK,0,0
*** Trama sin '*CRC' reconocible. ***

=== Registro 3616 (3617/4081) ===

<-- Respuesta cruda: $CFG,ACK,LOGREAD,3616,2026-07-30 12:05:20,SERVER_ACK,48,0
*** Trama sin '*CRC' reconocible. ***

=== Registro 3617 (3618/4081) ===

<-- Respuesta cruda: $CFG,BAD_CRC,LOGREAD,3617,2026-07-252 241:255:255,UNKNOWN,4294967295,4294967295
*** Trama sin '*CRC' reconocible. ***

=== Registro 3618 (3619/4081) ===

<-- Respuesta cruda: $CFG,ACK,LOGREAD,3618,2026-07-30 12:06:20,SEND_OK,0,0
*** Trama sin '*CRC' reconocible. ***

=== Registro 3619 (3620/4081) ===

<-- Respuesta cruda: $CFG,ACK,LOGREAD,3619,2026-07-30 12:06:20,SERVER_ACK,48,0
*** Trama sin '*CRC' reconocible. ***

=== Registro 3620 (3621/4081) ===

<-- Respuesta cruda: $CFG,ACK,LOGREAD,3620,2026-07-30 12:06:58,HEARTBEAT_RECEIVED,0,0
*** Trama sin '*CRC' reconocible. ***

=== Registro 3621 (3622/4081) ===

<-- Respuesta cruda: $CFG,ACK,LOGREAD,3621,2026-07-30 12:07:20,SEND_OK,0,0
*** Trama sin '*CRC' reconocible. ***

=== Registro 3622 (3623/4081) ===

<-- Respuesta cruda: $CFG,ACK,LOGREAD,3622,2026-07-30 12:07:20,SERVER_ACK,48,0
*** Trama sin '*CRC' reconocible. ***

=== Registro 3623 (3624/4081) ===

<-- Respuesta cruda: $CFG,BAD_CRC,LOGREAD,3623,2026-07-30 12:08:01,HEARTBEAT_RECEIVED,0,0
*** Trama sin '*CRC' reconocible. ***

=== Registro 3624 (3625/4081) ===

<-- Respuesta cruda: $CFG,BAD_CRC,LOGREAD,3624,0000-00-46 42:08:20,SEND_OK,0,0
*** Trama sin '*CRC' reconocible. ***

=== Registro 3625 (3626/4081) ===

<-- Respuesta cruda: $CFG,ACK,LOGREAD,3625,2026-07-30 12:08:20,SERVER_ACK,48,0
*** Trama sin '*CRC' reconocible. ***

=== Registro 3626 (3627/4081) ===

<-- Respuesta cruda: $CFG,ACK,LOGREAD,3626,2026-07-30 12:09:04,HEARTBEAT_RECEIVED,0,0
*** Trama sin '*CRC' reconocible. ***

=== Registro 3627 (3628/4081) ===

<-- Respuesta cruda: $CFG,ACK,LOGREAD,3627,2026-07-30 12:09:20,SEND_OK,0,0
*** Trama sin '*CRC' reconocible. ***

=== Registro 3628 (3629/4081) ===

<-- Respuesta cruda: $CFG,ACK,LOGREAD,3628,2026-07-30 12:09:20,SERVER_ACK,48,0
*** Trama sin '*CRC' reconocible. ***

=== Registro 3629 (3630/4081) ===

<-- Respuesta cruda: $CFG,ACK,LOGREAD,3629,2026-07-30 12:10:07,HEARTBEAT_RECEIVED,0,0
*** Trama sin '*CRC' reconocible. ***

=== Registro 3630 (3631/4081) ===

<-- Respuesta cruda: $CFG,BAD_CRC,LOGREAD,3630,2026-07-30 12:10:20,SEND_OK,1174405120,12288
*** Trama sin '*CRC' reconocible. ***

=== Registro 3631 (3632/4081) ===

<-- Respuesta cruda: $CFG,BAD_CRC,LOGREAD,3631,0000-00-04 96:10:20,SERVER_ACK,48,0
*** Trama sin '*CRC' reconocible. ***

=== Registro 3632 (3633/4081) ===

<-- Respuesta cruda: $CFG,ACK,LOGREAD,3632,2026-07-30 12:11:10,HEARTBEAT_RECEIVED,0,0
*** Trama sin '*CRC' reconocible. ***

=== Registro 3633 (3634/4081) ===

<-- Respuesta cruda: $CFG,ACK,LOGREAD,3633,2026-07-30 12:11:20,SEND_OK,0,0
*** Trama sin '*CRC' reconocible. ***

=== Registro 3634 (3635/4081) ===

<-- Respuesta cruda: $CFG,ACK,LOGREAD,3634,2026-07-30 12:11:21,SERVER_ACK,48,0
*** Trama sin '*CRC' reconocible. ***

=== Registro 3635 (3636/4081) ===

<-- Respuesta cruda: $CFG,ACK,LOGREAD,3635,2026-07-30 12:12:13,HEARTBEAT_RECEIVED,0,0
*** Trama sin '*CRC' reconocible. ***

=== Registro 3636 (3637/4081) ===

<-- Respuesta cruda: $CFG,ACK,LOGREAD,3636,2026-07-30 12:12:20,SEND_OK,0,0
*** Trama sin '*CRC' reconocible. ***

=== Registro 3637 (3638/4081) ===

<-- Respuesta cruda: $CFG,BAD_CRC,LOGREAD,3637,2026-07-30 12:12:21,SIM_PIN_REQUIRED,907349772,0
*** Trama sin '*CRC' reconocible. ***

=== Registro 3638 (3639/4081) ===

<-- Respuesta cruda: $CFG,BAD_CRC,LOGREAD,3638,0000-00-198 252:13:16,HEARTBEAT_RECEIVED,0,0
*** Trama sin '*CRC' reconocible. ***

=== Registro 3639 (3640/4081) ===

<-- Respuesta cruda: $CFG,ACK,LOGREAD,3639,2026-07-30 12:13:21,SEND_OK,0,0
*** Trama sin '*CRC' reconocible. ***

=== Registro 3640 (3641/4081) ===

<-- Respuesta cruda: $CFG,ACK,LOGREAD,3640,2026-07-30 12:13:21,SERVER_ACK,48,0
*** Trama sin '*CRC' reconocible. ***

=== Registro 3641 (3642/4081) ===

<-- Respuesta cruda: $CFG,ACK,LOGREAD,3641,2026-07-30 12:14:19,HEARTBEAT_RECEIVED,0,0
*** Trama sin '*CRC' reconocible. ***

=== Registro 3642 (3643/4081) ===

<-- Respuesta cruda: $CFG,ACK,LOGREAD,3642,2026-07-30 12:14:21,SEND_OK,0,0
*** Trama sin '*CRC' reconocible. ***

=== Registro 3643 (3644/4081) ===

<-- Respuesta cruda: $CFG,ACK,LOGREAD,3643,2026-07-30 12:14:21,SERVER_ACK,48,0
*** Trama sin '*CRC' reconocible. ***

=== Registro 3644 (3645/4081) ===

<-- Respuesta cruda: $CFG,BAD_CRC,LOGREAD,3644,2026-00-00 219:255:255,UNKNOWN,4294967295,4294967295
*** Trama sin '*CRC' reconocible. ***

=== Registro 3645 (3646/4081) ===

<-- Respuesta cruda: $CFG,ACK,LOGREAD,3645,2026-07-30 12:15:21,SERVER_ACK,48,0
*** Trama sin '*CRC' reconocible. ***

=== Registro 3646 (3647/4081) ===

<-- Respuesta cruda: $CFG,ACK,LOGREAD,3646,2026-07-30 12:15:22,HEARTBEAT_RECEIVED,0,0
*** Trama sin '*CRC' reconocible. ***

=== Registro 3647 (3648/4081) ===

<-- Respuesta cruda: $CFG,ACK,LOGREAD,3647,2026-07-30 12:16:21,SEND_OK,0,0
*** Trama sin '*CRC' reconocible. ***

=== Registro 3648 (3649/4081) ===

<-- Respuesta cruda: $CFG,ACK,LOGREAD,3648,2026-07-30 12:16:21,SERVER_ACK,48,0
*** Trama sin '*CRC' reconocible. ***

=== Registro 3649 (3650/4081) ===

<-- Respuesta cruda: $CFG,ACK,LOGREAD,3649,2026-07-30 12:16:25,HEARTBEAT_RECEIVED,0,0
*** Trama sin '*CRC' reconocible. ***

=== Registro 3650 (3651/4081) ===

<-- Respuesta cruda: $CFG,BAD_CRC,LOGREAD,3650,2026-07-30 12:17:21,SEND_OK,0,0
*** Trama sin '*CRC' reconocible. ***

=== Registro 3651 (3652/4081) ===

<-- Respuesta cruda: $CFG,BAD_CRC,LOGREAD,3651,0000-00-77 60:17:21,SERVER_ACK,48,0
*** Trama sin '*CRC' reconocible. ***

=== Registro 3652 (3653/4081) ===

<-- Respuesta cruda: $CFG,ACK,LOGREAD,3652,2026-07-30 12:17:28,HEARTBEAT_RECEIVED,0,0
*** Trama sin '*CRC' reconocible. ***

=== Registro 3653 (3654/4081) ===

<-- Respuesta cruda: $CFG,ACK,LOGREAD,3653,2026-07-30 12:18:21,SEND_OK,0,0
*** Trama sin '*CRC' reconocible. ***

=== Registro 3654 (3655/4081) ===

<-- Respuesta cruda: $CFG,ACK,LOGREAD,3654,2026-07-30 12:18:21,SERVER_ACK,48,0
*** Trama sin '*CRC' reconocible. ***

=== Registro 3655 (3656/4081) ===

<-- Respuesta cruda: $CFG,ACK,LOGREAD,3655,2026-07-30 12:18:31,HEARTBEAT_RECEIVED,0,0
*** Trama sin '*CRC' reconocible. ***

=== Registro 3656 (3657/4081) ===

<-- Respuesta cruda: $CFG,ACK,LOGREAD,3656,2026-07-30 12:19:21,SEND_OK,0,0
*** Trama sin '*CRC' reconocible. ***

=== Registro 3657 (3658/4081) ===

<-- Respuesta cruda: $CFG,BAD_CRC,LOGREAD,3657,2026-07-30 12:19:22,SERVER_ACK,1143472176,0
*** Trama sin '*CRC' reconocible. ***

=== Registro 3658 (3659/4081) ===

<-- Respuesta cruda: $CFG,BAD_CRC,LOGREAD,3658,0000-00-24 03:19:34,HEARTBEAT_RECEIVED,0,0
*** Trama sin '*CRC' reconocible. ***

=== Registro 3659 (3660/4081) ===

<-- Respuesta cruda: $CFG,ACK,LOGREAD,3659,2026-07-30 12:20:22,SEND_OK,0,0
*** Trama sin '*CRC' reconocible. ***

=== Registro 3660 (3661/4081) ===

<-- Respuesta cruda: $CFG,ACK,LOGREAD,3660,2026-07-30 12:20:22,SERVER_ACK,48,0
*** Trama sin '*CRC' reconocible. ***

=== Registro 3661 (3662/4081) ===

<-- Respuesta cruda: $CFG,ACK,LOGREAD,3661,2026-07-30 12:20:37,HEARTBEAT_RECEIVED,0,0
*** Trama sin '*CRC' reconocible. ***

=== Registro 3662 (3663/4081) ===

<-- Respuesta cruda: $CFG,ACK,LOGREAD,3662,2026-07-30 12:21:22,SEND_OK,0,0
*** Trama sin '*CRC' reconocible. ***

=== Registro 3663 (3664/4081) ===

<-- Respuesta cruda: $CFG,ACK,LOGREAD,3663,2026-07-30 12:21:22,SERVER_ACK,48,0
*** Trama sin '*CRC' reconocible. ***

=== Registro 3664 (3665/4081) ===

<-- Respuesta cruda: $CFG,BAD_CRC,LOGREAD,3664,2026-07-30 12:21:07,SIM_PIN_REQUIRED,907417612,0
*** Trama sin '*CRC' reconocible. ***

=== Registro 3665 (3666/4081) ===

<-- Respuesta cruda: $CFG,BAD_CRC,LOGREAD,3665,0000-00-39 187:22:22,SEND_OK,0,0
*** Trama sin '*CRC' reconocible. ***

=== Registro 3666 (3667/4081) ===

<-- Respuesta cruda: $CFG,ACK,LOGREAD,3666,2026-07-30 12:22:22,SERVER_ACK,48,0
*** Trama sin '*CRC' reconocible. ***

=== Registro 3667 (3668/4081) ===

<-- Respuesta cruda: $CFG,ACK,LOGREAD,3667,2026-07-30 12:22:43,HEARTBEAT_RECEIVED,0,0
*** Trama sin '*CRC' reconocible. ***

=== Registro 3668 (3669/4081) ===

<-- Respuesta cruda: $CFG,ACK,LOGREAD,3668,2026-07-30 12:23:22,SEND_OK,0,0
*** Trama sin '*CRC' reconocible. ***

=== Registro 3669 (3670/4081) ===

<-- Respuesta cruda: $CFG,ACK,LOGREAD,3669,2026-07-30 12:23:22,SERVER_ACK,48,0
*** Trama sin '*CRC' reconocible. ***

=== Registro 3670 (3671/4081) ===

<-- Respuesta cruda: $CFG,ACK,LOGREAD,3670,2026-07-30 12:23:46,HEARTBEAT_RECEIVED,0,0
*** Trama sin '*CRC' reconocible. ***

=== Registro 3671 (3672/4081) ===

<-- Respuesta cruda: $CFG,BAD_CRC,LOGREAD,3671,0234-00-205 189:255:255,UNKNOWN,4294967295,4294967295
*** Trama sin '*CRC' reconocible. ***

=== Registro 3672 (3673/4081) ===

<-- Respuesta cruda: $CFG,ACK,LOGREAD,3672,2026-07-30 12:24:22,SERVER_ACK,48,0
*** Trama sin '*CRC' reconocible. ***

=== Registro 3673 (3674/4081) ===

<-- Respuesta cruda: $CFG,ACK,LOGREAD,3673,2026-07-30 12:24:49,HEARTBEAT_RECEIVED,0,0
*** Trama sin '*CRC' reconocible. ***

=== Registro 3674 (3675/4081) ===

<-- Respuesta cruda: $CFG,ACK,LOGREAD,3674,2026-07-30 12:25:22,SEND_OK,0,0
*** Trama sin '*CRC' reconocible. ***

=== Registro 3675 (3676/4081) ===

<-- Respuesta cruda: $CFG,ACK,LOGREAD,3675,2026-07-30 12:25:22,SERVER_ACK,48,0
*** Trama sin '*CRC' reconocible. ***

=== Registro 3676 (3677/4081) ===

<-- Respuesta cruda: $CFG,ACK,LOGREAD,3676,2026-07-30 12:25:52,HEARTBEAT_RECEIVED,0,0
*** Trama sin '*CRC' reconocible. ***

=== Registro 3677 (3678/4081) ===

<-- Respuesta cruda: $CFG,BAD_CRC,LOGREAD,3677,2026-07-30 12:26:22,SEND_OK,0,0
*** Trama sin '*CRC' reconocible. ***

=== Registro 3678 (3679/4081) ===

<-- Respuesta cruda: $CFG,BAD_CRC,LOGREAD,3678,0000-00-231 247:26:22,SERVER_ACK,48,0
*** Trama sin '*CRC' reconocible. ***

=== Registro 3679 (3680/4081) ===

<-- Respuesta cruda: $CFG,ACK,LOGREAD,3679,2026-07-30 12:26:55,HEARTBEAT_RECEIVED,0,0
*** Trama sin '*CRC' reconocible. ***

=== Registro 3680 (3681/4081) ===

<-- Respuesta cruda: $CFG,ACK,LOGREAD,3680,2026-07-30 12:27:22,SEND_OK,0,0
*** Trama sin '*CRC' reconocible. ***

=== Registro 3681 (3682/4081) ===

<-- Respuesta cruda: $CFG,ACK,LOGREAD,3681,2026-07-30 12:27:23,SERVER_ACK,48,0
*** Trama sin '*CRC' reconocible. ***

=== Registro 3682 (3683/4081) ===

<-- Respuesta cruda: $CFG,ACK,LOGREAD,3682,2026-07-30 12:27:58,HEARTBEAT_RECEIVED,0,0
*** Trama sin '*CRC' reconocible. ***

=== Registro 3683 (3684/4081) ===

<-- Respuesta cruda: $CFG,ACK,LOGREAD,3683,2026-07-30 12:28:23,SEND_OK,0,0
*** Trama sin '*CRC' reconocible. ***

=== Registro 3684 (3685/4081) ===

<-- Respuesta cruda: $CFG,BAD_CRC,LOGREAD,3684,2026-07-30 12:28:23,SERVER_ACK,1141317424,0
*** Trama sin '*CRC' reconocible. ***

=== Registro 3685 (3686/4081) ===

<-- Respuesta cruda: $CFG,BAD_CRC,LOGREAD,3685,0000-00-19 63:29:01,HEARTBEAT_RECEIVED,0,0
*** Trama sin '*CRC' reconocible. ***

=== Registro 3686 (3687/4081) ===

<-- Respuesta cruda: $CFG,ACK,LOGREAD,3686,2026-07-30 12:29:23,SEND_OK,0,0
*** Trama sin '*CRC' reconocible. ***

=== Registro 3687 (3688/4081) ===

<-- Respuesta cruda: $CFG,ACK,LOGREAD,3687,2026-07-30 12:29:23,SERVER_ACK,48,0
*** Trama sin '*CRC' reconocible. ***

=== Registro 3688 (3689/4081) ===

<-- Respuesta cruda: $CFG,ACK,LOGREAD,3688,2026-07-30 12:30:04,HEARTBEAT_RECEIVED,0,0
*** Trama sin '*CRC' reconocible. ***

=== Registro 3689 (3690/4081) ===

<-- Respuesta cruda: $CFG,ACK,LOGREAD,3689,2026-07-30 12:30:23,SEND_OK,0,0
*** Trama sin '*CRC' reconocible. ***

=== Registro 3690 (3691/4081) ===

<-- Respuesta cruda: $CFG,ACK,LOGREAD,3690,2026-07-30 12:30:23,SERVER_ACK,48,0
*** Trama sin '*CRC' reconocible. ***

=== Registro 3691 (3692/4081) ===

<-- Respuesta cruda: $CFG,BAD_CRC,LOGREAD,3691,2026-07-30 12:255:255,UNKNOWN,4294967295,4294967295
*** Trama sin '*CRC' reconocible. ***

=== Registro 3692 (3693/4081) ===

<-- Respuesta cruda: $CFG,ACK,LOGREAD,3692,2026-07-30 12:31:23,SEND_OK,0,0
*** Trama sin '*CRC' reconocible. ***

=== Registro 3693 (3694/4081) ===

<-- Respuesta cruda: $CFG,ACK,LOGREAD,3693,2026-07-30 12:31:23,SERVER_ACK,48,0
*** Trama sin '*CRC' reconocible. ***

=== Registro 3694 (3695/4081) ===

<-- Respuesta cruda: $CFG,ACK,LOGREAD,3694,2026-07-30 12:32:10,HEARTBEAT_RECEIVED,0,0
*** Trama sin '*CRC' reconocible. ***

=== Registro 3695 (3696/4081) ===

<-- Respuesta cruda: $CFG,ACK,LOGREAD,3695,2026-07-30 12:32:23,SEND_OK,0,0
*** Trama sin '*CRC' reconocible. ***

=== Registro 3696 (3697/4081) ===

<-- Respuesta cruda: $CFG,ACK,LOGREAD,3696,2026-07-30 12:32:23,SERVER_ACK,48,0
*** Trama sin '*CRC' reconocible. ***

=== Registro 3697 (3698/4081) ===

<-- Respuesta cruda: $CFG,ACK,LOGREAD,3697,2026-07-30 12:33:13,HEARTBEAT_RECEIVED,0,0
*** Trama sin '*CRC' reconocible. ***

=== Registro 3698 (3699/4081) ===

<-- Respuesta cruda: $CFG,BAD_CRC,LOGREAD,3698,0000-00-169 36:33:23,SEND_OK,0,0
*** Trama sin '*CRC' reconocible. ***

=== Registro 3699 (3700/4081) ===

<-- Respuesta cruda: $CFG,ACK,LOGREAD,3699,2026-07-30 12:33:23,SERVER_ACK,48,0
*** Trama sin '*CRC' reconocible. ***

=== Registro 3700 (3701/4081) ===

<-- Respuesta cruda: $CFG,ACK,LOGREAD,3700,2026-07-30 12:34:16,HEARTBEAT_RECEIVED,0,0
*** Trama sin '*CRC' reconocible. ***

=== Registro 3701 (3702/4081) ===

<-- Respuesta cruda: $CFG,ACK,LOGREAD,3701,2026-07-30 12:34:23,SEND_OK,0,0
*** Trama sin '*CRC' reconocible. ***

=== Registro 3702 (3703/4081) ===

<-- Respuesta cruda: $CFG,ACK,LOGREAD,3702,2026-07-30 12:34:23,SERVER_ACK,48,0
*** Trama sin '*CRC' reconocible. ***

=== Registro 3703 (3704/4081) ===

<-- Respuesta cruda: $CFG,ACK,LOGREAD,3703,2026-07-30 12:35:19,HEARTBEAT_RECEIVED,0,0
*** Trama sin '*CRC' reconocible. ***

=== Registro 3704 (3705/4081) ===

<-- Respuesta cruda: $CFG,BAD_CRC,LOGREAD,3704,2026-07-30 12:35:23,SEND_OK,0,0
*** Trama sin '*CRC' reconocible. ***

=== Registro 3705 (3706/4081) ===

<-- Respuesta cruda: $CFG,BAD_CRC,LOGREAD,3705,0000-00-230 125:35:24,SERVER_ACK,48,0
*** Trama sin '*CRC' reconocible. ***

=== Registro 3706 (3707/4081) ===

<-- Respuesta cruda: $CFG,ACK,LOGREAD,3706,2026-07-30 12:36:22,HEARTBEAT_RECEIVED,0,0
*** Trama sin '*CRC' reconocible. ***

=== Registro 3707 (3708/4081) ===

<-- Respuesta cruda: $CFG,ACK,LOGREAD,3707,2026-07-30 12:36:24,SEND_OK,0,0
*** Trama sin '*CRC' reconocible. ***

=== Registro 3708 (3709/4081) ===

<-- Respuesta cruda: $CFG,ACK,LOGREAD,3708,2026-07-30 12:36:24,SERVER_ACK,48,0
*** Trama sin '*CRC' reconocible. ***

=== Registro 3709 (3710/4081) ===

<-- Respuesta cruda: $CFG,ACK,LOGREAD,3709,2026-07-30 12:37:24,SEND_OK,0,0
*** Trama sin '*CRC' reconocible. ***

=== Registro 3710 (3711/4081) ===

<-- Respuesta cruda: $CFG,ACK,LOGREAD,3710,2026-07-30 12:37:24,SERVER_ACK,48,0
*** Trama sin '*CRC' reconocible. ***

=== Registro 3711 (3712/4081) ===

<-- Respuesta cruda: $CFG,BAD_CRC,LOGREAD,3711,2026-07-30 12:37:25,HEARTBEAT_RECEIVED,907552780,0
*** Trama sin '*CRC' reconocible. ***

=== Registro 3712 (3713/4081) ===

<-- Respuesta cruda: $CFG,BAD_CRC,LOGREAD,3712,0000-00-173 177:38:24,SEND_OK,0,0
*** Trama sin '*CRC' reconocible. ***

=== Registro 3713 (3714/4081) ===

<-- Respuesta cruda: $CFG,ACK,LOGREAD,3713,2026-07-30 12:38:24,SERVER_ACK,48,0
*** Trama sin '*CRC' reconocible. ***

=== Registro 3714 (3715/4081) ===

<-- Respuesta cruda: $CFG,ACK,LOGREAD,3714,2026-07-30 12:38:28,HEARTBEAT_RECEIVED,0,0
*** Trama sin '*CRC' reconocible. ***

=== Registro 3715 (3716/4081) ===

<-- Respuesta cruda: $CFG,ACK,LOGREAD,3715,2026-07-30 12:39:24,SEND_OK,0,0
*** Trama sin '*CRC' reconocible. ***

=== Registro 3716 (3717/4081) ===

<-- Respuesta cruda: $CFG,ACK,LOGREAD,3716,2026-07-30 12:39:24,SERVER_ACK,48,0
*** Trama sin '*CRC' reconocible. ***

=== Registro 3717 (3718/4081) ===

<-- Respuesta cruda: $CFG,ACK,LOGREAD,3717,2026-07-30 12:39:31,HEARTBEAT_RECEIVED,0,0
*** Trama sin '*CRC' reconocible. ***

=== Registro 3718 (3719/4081) ===

<-- Respuesta cruda: $CFG,BAD_CRC,LOGREAD,3718,2026-07-30 183:255:255,UNKNOWN,4294967295,4294967295
*** Trama sin '*CRC' reconocible. ***

=== Registro 3719 (3720/4081) ===

<-- Respuesta cruda: $CFG,ACK,LOGREAD,3719,2026-07-30 12:40:24,SERVER_ACK,48,0
*** Trama sin '*CRC' reconocible. ***

=== Registro 3720 (3721/4081) ===

<-- Respuesta cruda: $CFG,ACK,LOGREAD,3720,2026-07-30 12:40:34,HEARTBEAT_RECEIVED,0,0
*** Trama sin '*CRC' reconocible. ***

=== Registro 3721 (3722/4081) ===

<-- Respuesta cruda: $CFG,ACK,LOGREAD,3721,2026-07-30 12:41:24,SEND_OK,0,0
*** Trama sin '*CRC' reconocible. ***

=== Registro 3722 (3723/4081) ===

<-- Respuesta cruda: $CFG,ACK,LOGREAD,3722,2026-07-30 12:41:24,SERVER_ACK,48,0
*** Trama sin '*CRC' reconocible. ***

=== Registro 3723 (3724/4081) ===

<-- Respuesta cruda: $CFG,ACK,LOGREAD,3723,2026-07-30 12:41:37,HEARTBEAT_RECEIVED,0,0
*** Trama sin '*CRC' reconocible. ***

=== Registro 3724 (3725/4081) ===

<-- Respuesta cruda: $CFG,BAD_CRC,LOGREAD,3724,2026-07-30 12:42:24,SEND_OK,0,0
*** Trama sin '*CRC' reconocible. ***

=== Registro 3725 (3726/4081) ===

<-- Respuesta cruda: $CFG,BAD_CRC,LOGREAD,3725,0000-00-109 253:42:25,SERVER_ACK,48,0
*** Trama sin '*CRC' reconocible. ***

=== Registro 3726 (3727/4081) ===

<-- Respuesta cruda: $CFG,ACK,LOGREAD,3726,2026-07-30 12:42:40,HEARTBEAT_RECEIVED,0,0
*** Trama sin '*CRC' reconocible. ***

=== Registro 3727 (3728/4081) ===

<-- Respuesta cruda: $CFG,ACK,LOGREAD,3727,2026-07-30 12:43:24,SEND_OK,0,0
*** Trama sin '*CRC' reconocible. ***

=== Registro 3728 (3729/4081) ===

<-- Respuesta cruda: $CFG,ACK,LOGREAD,3728,2026-07-30 12:43:25,SERVER_ACK,48,0
*** Trama sin '*CRC' reconocible. ***

=== Registro 3729 (3730/4081) ===

<-- Respuesta cruda: $CFG,ACK,LOGREAD,3729,2026-07-30 12:43:43,HEARTBEAT_RECEIVED,0,0
*** Trama sin '*CRC' reconocible. ***

=== Registro 3730 (3731/4081) ===

<-- Respuesta cruda: $CFG,ACK,LOGREAD,3730,2026-07-30 12:44:25,SEND_OK,0,0
*** Trama sin '*CRC' reconocible. ***

=== Registro 3731 (3732/4081) ===

<-- Respuesta cruda: $CFG,BAD_CRC,LOGREAD,3731,2026-07-30 12:44:25,SERVER_ACK,48,0
*** Trama sin '*CRC' reconocible. ***

=== Registro 3732 (3733/4081) ===

<-- Respuesta cruda: $CFG,BAD_CRC,LOGREAD,3732,0000-00-43 226:44:46,HEARTBEAT_RECEIVED,0,0
*** Trama sin '*CRC' reconocible. ***

=== Registro 3733 (3734/4081) ===

<-- Respuesta cruda: $CFG,ACK,LOGREAD,3733,2026-07-30 12:45:25,SEND_OK,0,0
*** Trama sin '*CRC' reconocible. ***

=== Registro 3734 (3735/4081) ===

<-- Respuesta cruda: $CFG,ACK,LOGREAD,3734,2026-07-30 12:45:25,SERVER_ACK,48,0
*** Trama sin '*CRC' reconocible. ***

=== Registro 3735 (3736/4081) ===

<-- Respuesta cruda: $CFG,ACK,LOGREAD,3735,2026-07-30 12:45:49,HEARTBEAT_RECEIVED,0,0
*** Trama sin '*CRC' reconocible. ***

=== Registro 3736 (3737/4081) ===

<-- Respuesta cruda: $CFG,ACK,LOGREAD,3736,2026-07-30 12:46:25,SEND_OK,0,0
*** Trama sin '*CRC' reconocible. ***

=== Registro 3737 (3738/4081) ===

<-- Respuesta cruda: $CFG,ACK,LOGREAD,3737,2026-07-30 12:46:25,SERVER_ACK,48,0
*** Trama sin '*CRC' reconocible. ***

=== Registro 3738 (3739/4081) ===

<-- Respuesta cruda: $CFG,BAD_CRC,LOGREAD,3738,2026-07-30 12:46:52,HEARTBEAT_RECEIVED,907620620,0
*** Trama sin '*CRC' reconocible. ***

=== Registro 3739 (3740/4081) ===

<-- Respuesta cruda: $CFG,BAD_CRC,LOGREAD,3739,0000-00-105 70:47:25,SEND_OK,0,0
*** Trama sin '*CRC' reconocible. ***

=== Registro 3740 (3741/4081) ===

<-- Respuesta cruda: $CFG,ACK,LOGREAD,3740,2026-07-30 12:47:25,SERVER_ACK,48,0
*** Trama sin '*CRC' reconocible. ***

=== Registro 3741 (3742/4081) ===

<-- Respuesta cruda: $CFG,ACK,LOGREAD,3741,2026-07-30 12:47:55,HEARTBEAT_RECEIVED,0,0
*** Trama sin '*CRC' reconocible. ***

=== Registro 3742 (3743/4081) ===

<-- Respuesta cruda: $CFG,ACK,LOGREAD,3742,2026-07-30 12:48:25,SEND_OK,0,0
*** Trama sin '*CRC' reconocible. ***

=== Registro 3743 (3744/4081) ===

<-- Respuesta cruda: $CFG,ACK,LOGREAD,3743,2026-07-30 12:48:25,SERVER_ACK,48,0
*** Trama sin '*CRC' reconocible. ***

=== Registro 3744 (3745/4081) ===

<-- Respuesta cruda: $CFG,ACK,LOGREAD,3744,2026-07-30 12:48:58,HEARTBEAT_RECEIVED,0,0
*** Trama sin '*CRC' reconocible. ***

=== Registro 3745 (3746/4081) ===

<-- Respuesta cruda: $CFG,BAD_CRC,LOGREAD,3745,2026-07-121 56:255:255,UNKNOWN,4294967295,4294967295
*** Trama sin '*CRC' reconocible. ***

=== Registro 3746 (3747/4081) ===

<-- Respuesta cruda: $CFG,ACK,LOGREAD,3746,2026-07-30 12:49:25,SERVER_ACK,48,0
*** Trama sin '*CRC' reconocible. ***

=== Registro 3747 (3748/4081) ===

<-- Respuesta cruda: $CFG,ACK,LOGREAD,3747,2026-07-30 12:50:01,HEARTBEAT_RECEIVED,0,0
*** Trama sin '*CRC' reconocible. ***

=== Registro 3748 (3749/4081) ===

<-- Respuesta cruda: $CFG,ACK,LOGREAD,3748,2026-07-30 12:50:25,SEND_OK,0,0
*** Trama sin '*CRC' reconocible. ***

=== Registro 3749 (3750/4081) ===

<-- Respuesta cruda: $CFG,ACK,LOGREAD,3749,2026-07-30 12:50:26,SERVER_ACK,48,0
*** Trama sin '*CRC' reconocible. ***

=== Registro 3750 (3751/4081) ===

<-- Respuesta cruda: $CFG,ACK,LOGREAD,3750,2026-07-30 12:51:04,HEARTBEAT_RECEIVED,0,0
*** Trama sin '*CRC' reconocible. ***

=== Registro 3751 (3752/4081) ===

<-- Respuesta cruda: $CFG,BAD_CRC,LOGREAD,3751,2026-07-30 12:51:26,SEND_OK,0,0
*** Trama sin '*CRC' reconocible. ***

=== Registro 3752 (3753/4081) ===

<-- Respuesta cruda: $CFG,BAD_CRC,LOGREAD,3752,0000-00-26 170:51:26,SERVER_ACK,48,0
*** Trama sin '*CRC' reconocible. ***

=== Registro 3753 (3754/4081) ===

<-- Respuesta cruda: $CFG,ACK,LOGREAD,3753,2026-07-30 12:52:07,HEARTBEAT_RECEIVED,0,0
*** Trama sin '*CRC' reconocible. ***

=== Registro 3754 (3755/4081) ===

<-- Respuesta cruda: $CFG,ACK,LOGREAD,3754,2026-07-30 12:52:26,SEND_OK,0,0
*** Trama sin '*CRC' reconocible. ***

=== Registro 3755 (3756/4081) ===

<-- Respuesta cruda: $CFG,ACK,LOGREAD,3755,2026-07-30 12:52:26,SERVER_ACK,48,0
*** Trama sin '*CRC' reconocible. ***

=== Registro 3756 (3757/4081) ===

<-- Respuesta cruda: $CFG,ACK,LOGREAD,3756,2026-07-30 12:53:10,HEARTBEAT_RECEIVED,0,0
*** Trama sin '*CRC' reconocible. ***

=== Registro 3757 (3758/4081) ===

<-- Respuesta cruda: $CFG,ACK,LOGREAD,3757,2026-07-30 12:53:26,SEND_OK,0,0
*** Trama sin '*CRC' reconocible. ***

=== Registro 3758 (3759/4081) ===

<-- Respuesta cruda: $CFG,BAD_CRC,LOGREAD,3758,2026-07-30 12:53:26,SERVER_ACK,1140850736,0
*** Trama sin '*CRC' reconocible. ***

=== Registro 3759 (3760/4081) ===

<-- Respuesta cruda: $CFG,BAD_CRC,LOGREAD,3759,0000-00-130 93:54:14,HEARTBEAT_RECEIVED,0,0
*** Trama sin '*CRC' reconocible. ***

=== Registro 3760 (3761/4081) ===

<-- Respuesta cruda: $CFG,ACK,LOGREAD,3760,2026-07-30 12:54:26,SEND_OK,0,0
*** Trama sin '*CRC' reconocible. ***

=== Registro 3761 (3762/4081) ===

<-- Respuesta cruda: $CFG,ACK,LOGREAD,3761,2026-07-30 12:54:26,SERVER_ACK,48,0
*** Trama sin '*CRC' reconocible. ***

=== Registro 3762 (3763/4081) ===

<-- Respuesta cruda: $CFG,ACK,LOGREAD,3762,2026-07-30 12:55:16,HEARTBEAT_RECEIVED,0,0
*** Trama sin '*CRC' reconocible. ***

=== Registro 3763 (3764/4081) ===

<-- Respuesta cruda: $CFG,ACK,LOGREAD,3763,2026-07-30 12:55:26,SEND_OK,0,0
*** Trama sin '*CRC' reconocible. ***

=== Registro 3764 (3765/4081) ===

<-- Respuesta cruda: $CFG,ACK,LOGREAD,3764,2026-07-30 12:55:26,SERVER_ACK,48,0
*** Trama sin '*CRC' reconocible. ***

=== Registro 3765 (3766/4081) ===

<-- Respuesta cruda: $CFG,BAD_CRC,LOGREAD,3765,2026-07-30 12:56:19,SIM_PIN_REQUIRED,907753996,0
*** Trama sin '*CRC' reconocible. ***

=== Registro 3766 (3767/4081) ===

<-- Respuesta cruda: $CFG,BAD_CRC,LOGREAD,3766,0000-00-237 248:56:26,SEND_OK,0,0
*** Trama sin '*CRC' reconocible. ***

=== Registro 3767 (3768/4081) ===

<-- Respuesta cruda: $CFG,ACK,LOGREAD,3767,2026-07-30 12:56:27,SERVER_ACK,48,0
*** Trama sin '*CRC' reconocible. ***

=== Registro 3768 (3769/4081) ===

<-- Respuesta cruda: $CFG,ACK,LOGREAD,3768,2026-07-30 12:57:22,HEARTBEAT_RECEIVED,0,0
*** Trama sin '*CRC' reconocible. ***

=== Registro 3769 (3770/4081) ===

<-- Respuesta cruda: $CFG,ACK,LOGREAD,3769,2026-07-30 12:57:27,SEND_OK,0,0
*** Trama sin '*CRC' reconocible. ***

=== Registro 3770 (3771/4081) ===

<-- Respuesta cruda: $CFG,ACK,LOGREAD,3770,2026-07-30 12:57:27,SERVER_ACK,48,0
*** Trama sin '*CRC' reconocible. ***

=== Registro 3771 (3772/4081) ===

<-- Respuesta cruda: $CFG,ACK,LOGREAD,3771,2026-07-30 12:58:25,HEARTBEAT_RECEIVED,0,0
*** Trama sin '*CRC' reconocible. ***

=== Registro 3772 (3773/4081) ===

<-- Respuesta cruda: $CFG,BAD_CRC,LOGREAD,3772,2026-00-97 96:255:255,UNKNOWN,4294967295,4294967295
*** Trama sin '*CRC' reconocible. ***

=== Registro 3773 (3774/4081) ===

<-- Respuesta cruda: $CFG,ACK,LOGREAD,3773,2026-07-30 12:58:27,SERVER_ACK,48,0
*** Trama sin '*CRC' reconocible. ***

=== Registro 3774 (3775/4081) ===

<-- Respuesta cruda: $CFG,ACK,LOGREAD,3774,2026-07-30 12:59:27,SEND_OK,0,0
*** Trama sin '*CRC' reconocible. ***

=== Registro 3775 (3776/4081) ===

<-- Respuesta cruda: $CFG,ACK,LOGREAD,3775,2026-07-30 12:59:27,SERVER_ACK,48,0
*** Trama sin '*CRC' reconocible. ***

=== Registro 3776 (3777/4081) ===

<-- Respuesta cruda: $CFG,ACK,LOGREAD,3776,2026-07-30 12:59:28,HEARTBEAT_RECEIVED,0,0
*** Trama sin '*CRC' reconocible. ***

=== Registro 3777 (3778/4081) ===

<-- Respuesta cruda: $CFG,ACK,LOGREAD,3777,2026-07-30 13:00:27,SEND_OK,0,0
*** Trama sin '*CRC' reconocible. ***

=== Registro 3778 (3779/4081) ===

<-- Respuesta cruda: $CFG,BAD_CRC,LOGREAD,3778,2026-07-30 13:00:27,SERVER_ACK,48,0
*** Trama sin '*CRC' reconocible. ***

=== Registro 3779 (3780/4081) ===

<-- Respuesta cruda: $CFG,BAD_CRC,LOGREAD,3779,0000-00-224 82:00:31,HEARTBEAT_RECEIVED,0,0
*** Trama sin '*CRC' reconocible. ***

=== Registro 3780 (3781/4081) ===

<-- Respuesta cruda: $CFG,ACK,LOGREAD,3780,2026-07-30 13:01:27,SEND_OK,0,0
*** Trama sin '*CRC' reconocible. ***

=== Registro 3781 (3782/4081) ===

<-- Respuesta cruda: $CFG,ACK,LOGREAD,3781,2026-07-30 13:01:27,SERVER_ACK,48,0
*** Trama sin '*CRC' reconocible. ***

=== Registro 3782 (3783/4081) ===

<-- Respuesta cruda: $CFG,ACK,LOGREAD,3782,2026-07-30 13:01:34,HEARTBEAT_RECEIVED,0,0
*** Trama sin '*CRC' reconocible. ***

=== Registro 3783 (3784/4081) ===

<-- Respuesta cruda: $CFG,ACK,LOGREAD,3783,2026-07-30 13:02:27,SEND_OK,0,0
*** Trama sin '*CRC' reconocible. ***

=== Registro 3784 (3785/4081) ===

<-- Respuesta cruda: $CFG,ACK,LOGREAD,3784,2026-07-30 13:02:27,SERVER_ACK,48,0
*** Trama sin '*CRC' reconocible. ***

=== Registro 3785 (3786/4081) ===

<-- Respuesta cruda: $CFG,BAD_CRC,LOGREAD,3785,2026-07-30 13:02:37,HEARTBEAT_RECEIVED,1127088128,0
*** Trama sin '*CRC' reconocible. ***

=== Registro 3786 (3787/4081) ===

<-- Respuesta cruda: $CFG,BAD_CRC,LOGREAD,3786,0000-00-80 159:03:27,SEND_OK,0,0
*** Trama sin '*CRC' reconocible. ***

=== Registro 3787 (3788/4081) ===

<-- Respuesta cruda: $CFG,ACK,LOGREAD,3787,2026-07-30 13:03:28,SERVER_ACK,48,0
*** Trama sin '*CRC' reconocible. ***

=== Registro 3788 (3789/4081) ===

<-- Respuesta cruda: $CFG,ACK,LOGREAD,3788,2026-07-30 13:03:40,HEARTBEAT_RECEIVED,0,0
*** Trama sin '*CRC' reconocible. ***

=== Registro 3789 (3790/4081) ===

<-- Respuesta cruda: $CFG,ACK,LOGREAD,3789,2026-07-30 13:04:28,SEND_OK,0,0
*** Trama sin '*CRC' reconocible. ***

=== Registro 3790 (3791/4081) ===

<-- Respuesta cruda: $CFG,ACK,LOGREAD,3790,2026-07-30 13:04:28,SERVER_ACK,48,0
*** Trama sin '*CRC' reconocible. ***

=== Registro 3791 (3792/4081) ===

<-- Respuesta cruda: $CFG,ACK,LOGREAD,3791,2026-07-30 13:04:43,HEARTBEAT_RECEIVED,0,0
*** Trama sin '*CRC' reconocible. ***

=== Registro 3792 (3793/4081) ===

<-- Respuesta cruda: $CFG,BAD_CRC,LOGREAD,3792,2026-07-30 13:04:07,SIM_PIN_REQUIRED,908985869,0
*** Trama sin '*CRC' reconocible. ***

=== Registro 3793 (3794/4081) ===

<-- Respuesta cruda: $CFG,BAD_CRC,LOGREAD,3793,0000-00-75 132:04:46,SEND_OK,0,0
*** Trama sin '*CRC' reconocible. ***

=== Registro 3794 (3795/4081) ===

<-- Respuesta cruda: $CFG,ACK,LOGREAD,3794,2026-07-30 13:04:46,SERVER_ACK,48,0
*** Trama sin '*CRC' reconocible. ***

=== Registro 3795 (3796/4081) ===

<-- Respuesta cruda: $CFG,ACK,LOGREAD,3795,2026-07-30 13:04:46,SERVER_ACK,0,0
*** Trama sin '*CRC' reconocible. ***

=== Registro 3796 (3797/4081) ===

<-- Respuesta cruda: $CFG,ACK,LOGREAD,3796,2026-07-30 13:05:46,SEND_OK,0,0
*** Trama sin '*CRC' reconocible. ***

=== Registro 3797 (3798/4081) ===

<-- Respuesta cruda: $CFG,ACK,LOGREAD,3797,2026-07-30 13:05:47,SERVER_ACK,48,0
*** Trama sin '*CRC' reconocible. ***

=== Registro 3798 (3799/4081) ===

<-- Respuesta cruda: $CFG,ACK,LOGREAD,3798,2026-07-30 13:05:49,HEARTBEAT_RECEIVED,0,0
*** Trama sin '*CRC' reconocible. ***

=== Registro 3799 (3800/4081) ===

<-- Respuesta cruda: $CFG,BAD_CRC,LOGREAD,3799,0234-00-148 76:255:255,UNKNOWN,4294967295,4294967295
*** Trama sin '*CRC' reconocible. ***

=== Registro 3800 (3801/4081) ===

<-- Respuesta cruda: $CFG,ACK,LOGREAD,3800,2026-07-30 13:06:47,SERVER_ACK,48,0
*** Trama sin '*CRC' reconocible. ***

=== Registro 3801 (3802/4081) ===

<-- Respuesta cruda: $CFG,ACK,LOGREAD,3801,2026-07-30 13:06:52,HEARTBEAT_RECEIVED,0,0
*** Trama sin '*CRC' reconocible. ***

=== Registro 3802 (3803/4081) ===

<-- Respuesta cruda: $CFG,ACK,LOGREAD,3802,2026-07-30 13:07:47,SEND_OK,0,0
*** Trama sin '*CRC' reconocible. ***

=== Registro 3803 (3804/4081) ===

<-- Respuesta cruda: $CFG,ACK,LOGREAD,3803,2026-07-30 13:07:47,SERVER_ACK,48,0
*** Trama sin '*CRC' reconocible. ***

=== Registro 3804 (3805/4081) ===

<-- Respuesta cruda: $CFG,ACK,LOGREAD,3804,2026-07-30 13:07:55,HEARTBEAT_RECEIVED,0,0
*** Trama sin '*CRC' reconocible. ***

=== Registro 3805 (3806/4081) ===

<-- Respuesta cruda: $CFG,BAD_CRC,LOGREAD,3805,2026-07-30 13:08:47,SEND_OK,0,0
*** Trama sin '*CRC' reconocible. ***

=== Registro 3806 (3807/4081) ===

<-- Respuesta cruda: $CFG,BAD_CRC,LOGREAD,3806,0000-00-35 211:08:47,SERVER_ACK,48,0
*** Trama sin '*CRC' reconocible. ***

=== Registro 3807 (3808/4081) ===

<-- Respuesta cruda: $CFG,ACK,LOGREAD,3807,2026-07-30 13:08:58,HEARTBEAT_RECEIVED,0,0
*** Trama sin '*CRC' reconocible. ***

=== Registro 3808 (3809/4081) ===

<-- Respuesta cruda: $CFG,ACK,LOGREAD,3808,2026-07-30 13:09:47,SEND_OK,0,0
*** Trama sin '*CRC' reconocible. ***

=== Registro 3809 (3810/4081) ===

<-- Respuesta cruda: $CFG,ACK,LOGREAD,3809,2026-07-30 13:09:47,SERVER_ACK,48,0
*** Trama sin '*CRC' reconocible. ***

=== Registro 3810 (3811/4081) ===

<-- Respuesta cruda: $CFG,ACK,LOGREAD,3810,2026-07-30 13:10:01,HEARTBEAT_RECEIVED,0,0
*** Trama sin '*CRC' reconocible. ***

=== Registro 3811 (3812/4081) ===

<-- Respuesta cruda: $CFG,ACK,LOGREAD,3811,2026-07-30 13:10:47,SEND_OK,0,0
*** Trama sin '*CRC' reconocible. ***

=== Registro 3812 (3813/4081) ===

<-- Respuesta cruda: $CFG,BAD_CRC,LOGREAD,3812,2026-07-30 13:10:47,SERVER_ACK,1141509424,0
*** Trama sin '*CRC' reconocible. ***

=== Registro 3813 (3814/4081) ===

<-- Respuesta cruda: $CFG,BAD_CRC,LOGREAD,3813,0000-00-74 96:11:04,HEARTBEAT_RECEIVED,0,0
*** Trama sin '*CRC' reconocible. ***

=== Registro 3814 (3815/4081) ===

<-- Respuesta cruda: $CFG,ACK,LOGREAD,3814,2026-07-30 13:11:47,SEND_OK,0,0
*** Trama sin '*CRC' reconocible. ***

=== Registro 3815 (3816/4081) ===

<-- Respuesta cruda: $CFG,ACK,LOGREAD,3815,2026-07-30 13:11:47,SERVER_ACK,48,0
*** Trama sin '*CRC' reconocible. ***

=== Registro 3816 (3817/4081) ===

<-- Respuesta cruda: $CFG,ACK,LOGREAD,3816,2026-07-30 13:12:07,HEARTBEAT_RECEIVED,0,0
*** Trama sin '*CRC' reconocible. ***

=== Registro 3817 (3818/4081) ===

<-- Respuesta cruda: $CFG,ACK,LOGREAD,3817,2026-07-30 13:12:47,SEND_OK,0,0
*** Trama sin '*CRC' reconocible. ***

=== Registro 3818 (3819/4081) ===

<-- Respuesta cruda: $CFG,ACK,LOGREAD,3818,2026-07-30 13:12:47,SERVER_ACK,48,0
*** Trama sin '*CRC' reconocible. ***

=== Registro 3819 (3820/4081) ===

<-- Respuesta cruda: $CFG,BAD_CRC,LOGREAD,3819,2026-07-30 13:255:255,UNKNOWN,4294967295,4294967295
*** Trama sin '*CRC' reconocible. ***

=== Registro 3820 (3821/4081) ===

<-- Respuesta cruda: $CFG,ACK,LOGREAD,3820,2026-07-30 13:13:47,SEND_OK,0,0
*** Trama sin '*CRC' reconocible. ***

=== Registro 3821 (3822/4081) ===

<-- Respuesta cruda: $CFG,ACK,LOGREAD,3821,2026-07-30 13:13:48,SERVER_ACK,48,0
*** Trama sin '*CRC' reconocible. ***

=== Registro 3822 (3823/4081) ===

<-- Respuesta cruda: $CFG,ACK,LOGREAD,3822,2026-07-30 13:14:13,HEARTBEAT_RECEIVED,0,0
*** Trama sin '*CRC' reconocible. ***

=== Registro 3823 (3824/4081) ===

<-- Respuesta cruda: $CFG,ACK,LOGREAD,3823,2026-07-30 13:14:47,SEND_OK,0,0
*** Trama sin '*CRC' reconocible. ***

=== Registro 3824 (3825/4081) ===

<-- Respuesta cruda: $CFG,ACK,LOGREAD,3824,2026-07-30 13:14:48,SERVER_ACK,48,0
*** Trama sin '*CRC' reconocible. ***

=== Registro 3825 (3826/4081) ===

<-- Respuesta cruda: $CFG,ACK,LOGREAD,3825,2026-07-30 13:15:16,HEARTBEAT_RECEIVED,0,0
*** Trama sin '*CRC' reconocible. ***

=== Registro 3826 (3827/4081) ===

<-- Respuesta cruda: $CFG,BAD_CRC,LOGREAD,3826,0000-00-23 189:15:48,SEND_OK,0,0
*** Trama sin '*CRC' reconocible. ***

=== Registro 3827 (3828/4081) ===

<-- Respuesta cruda: $CFG,ACK,LOGREAD,3827,2026-07-30 13:15:48,SERVER_ACK,48,0
*** Trama sin '*CRC' reconocible. ***

=== Registro 3828 (3829/4081) ===

<-- Respuesta cruda: $CFG,ACK,LOGREAD,3828,2026-07-30 13:16:19,HEARTBEAT_RECEIVED,0,0
*** Trama sin '*CRC' reconocible. ***

=== Registro 3829 (3830/4081) ===

<-- Respuesta cruda: $CFG,ACK,LOGREAD,3829,2026-07-30 13:16:48,SEND_OK,0,0
*** Trama sin '*CRC' reconocible. ***

=== Registro 3830 (3831/4081) ===

<-- Respuesta cruda: $CFG,ACK,LOGREAD,3830,2026-07-30 13:16:48,SERVER_ACK,48,0
*** Trama sin '*CRC' reconocible. ***

=== Registro 3831 (3832/4081) ===

<-- Respuesta cruda: $CFG,ACK,LOGREAD,3831,2026-07-30 13:17:22,HEARTBEAT_RECEIVED,0,0
*** Trama sin '*CRC' reconocible. ***

=== Registro 3832 (3833/4081) ===

<-- Respuesta cruda: $CFG,BAD_CRC,LOGREAD,3832,2026-07-30 13:17:48,SEND_OK,0,12288
*** Trama sin '*CRC' reconocible. ***

=== Registro 3833 (3834/4081) ===

<-- Respuesta cruda: $CFG,BAD_CRC,LOGREAD,3833,0000-00-160 34:17:48,SERVER_ACK,48,0
*** Trama sin '*CRC' reconocible. ***

=== Registro 3834 (3835/4081) ===

<-- Respuesta cruda: $CFG,ACK,LOGREAD,3834,2026-07-30 13:18:25,HEARTBEAT_RECEIVED,0,0
*** Trama sin '*CRC' reconocible. ***

=== Registro 3835 (3836/4081) ===

<-- Respuesta cruda: $CFG,ACK,LOGREAD,3835,2026-07-30 13:18:48,SEND_OK,0,0
*** Trama sin '*CRC' reconocible. ***

=== Registro 3836 (3837/4081) ===

<-- Respuesta cruda: $CFG,ACK,LOGREAD,3836,2026-07-30 13:18:48,SERVER_ACK,48,0
*** Trama sin '*CRC' reconocible. ***

=== Registro 3837 (3838/4081) ===

<-- Respuesta cruda: $CFG,ACK,LOGREAD,3837,2026-07-30 13:19:28,HEARTBEAT_RECEIVED,0,0
*** Trama sin '*CRC' reconocible. ***

=== Registro 3838 (3839/4081) ===

<-- Respuesta cruda: $CFG,ACK,LOGREAD,3838,2026-07-30 13:19:48,SEND_OK,0,0
*** Trama sin '*CRC' reconocible. ***

=== Registro 3839 (3840/4081) ===

<-- Respuesta cruda: $CFG,BAD_CRC,LOGREAD,3839,2026-07-30 13:19:48,SERVER_ACK,1143281165,0
*** Trama sin '*CRC' reconocible. ***

=== Registro 3840 (3841/4081) ===

<-- Respuesta cruda: $CFG,BAD_CRC,LOGREAD,3840,0000-00-100 104:20:31,HEARTBEAT_RECEIVED,0,0
*** Trama sin '*CRC' reconocible. ***

=== Registro 3841 (3842/4081) ===

<-- Respuesta cruda: $CFG,ACK,LOGREAD,3841,2026-07-30 13:20:48,SEND_OK,0,0
*** Trama sin '*CRC' reconocible. ***

=== Registro 3842 (3843/4081) ===

<-- Respuesta cruda: $CFG,ACK,LOGREAD,3842,2026-07-30 13:20:48,SERVER_ACK,48,0
*** Trama sin '*CRC' reconocible. ***

=== Registro 3843 (3844/4081) ===

<-- Respuesta cruda: $CFG,ACK,LOGREAD,3843,2026-07-30 13:21:34,HEARTBEAT_RECEIVED,0,0
*** Trama sin '*CRC' reconocible. ***

=== Registro 3844 (3845/4081) ===

<-- Respuesta cruda: $CFG,ACK,LOGREAD,3844,2026-07-30 13:21:48,SEND_OK,0,0
*** Trama sin '*CRC' reconocible. ***

=== Registro 3845 (3846/4081) ===

<-- Respuesta cruda: $CFG,ACK,LOGREAD,3845,2026-07-30 13:21:49,SERVER_ACK,48,0
*** Trama sin '*CRC' reconocible. ***

=== Registro 3846 (3847/4081) ===

<-- Respuesta cruda: $CFG,BAD_CRC,LOGREAD,3846,2026-07-30 43:255:255,UNKNOWN,4294967295,4294967295
*** Trama sin '*CRC' reconocible. ***

=== Registro 3847 (3848/4081) ===

<-- Respuesta cruda: $CFG,ACK,LOGREAD,3847,2026-07-30 13:22:49,SEND_OK,0,0
*** Trama sin '*CRC' reconocible. ***

=== Registro 3848 (3849/4081) ===

<-- Respuesta cruda: $CFG,ACK,LOGREAD,3848,2026-07-30 13:22:49,SERVER_ACK,48,0
*** Trama sin '*CRC' reconocible. ***

=== Registro 3849 (3850/4081) ===

<-- Respuesta cruda: $CFG,ACK,LOGREAD,3849,2026-07-30 13:23:40,HEARTBEAT_RECEIVED,0,0
*** Trama sin '*CRC' reconocible. ***

=== Registro 3850 (3851/4081) ===

<-- Respuesta cruda: $CFG,ACK,LOGREAD,3850,2026-07-30 13:23:49,SEND_OK,0,0
*** Trama sin '*CRC' reconocible. ***

=== Registro 3851 (3852/4081) ===

<-- Respuesta cruda: $CFG,ACK,LOGREAD,3851,2026-07-30 13:23:49,SERVER_ACK,48,0
*** Trama sin '*CRC' reconocible. ***

=== Registro 3852 (3853/4081) ===

<-- Respuesta cruda: $CFG,BAD_CRC,LOGREAD,3852,2026-07-30 13:24:43,HEARTBEAT_RECEIVED,0,0
*** Trama sin '*CRC' reconocible. ***

=== Registro 3853 (3854/4081) ===

<-- Respuesta cruda: $CFG,BAD_CRC,LOGREAD,3853,0000-00-52 226:24:49,SEND_OK,0,0
*** Trama sin '*CRC' reconocible. ***

=== Registro 3854 (3855/4081) ===

<-- Respuesta cruda: $CFG,ACK,LOGREAD,3854,2026-07-30 13:24:49,SERVER_ACK,48,0
*** Trama sin '*CRC' reconocible. ***

=== Registro 3855 (3856/4081) ===

<-- Respuesta cruda: $CFG,ACK,LOGREAD,3855,2026-07-30 13:25:46,HEARTBEAT_RECEIVED,0,0
*** Trama sin '*CRC' reconocible. ***

=== Registro 3856 (3857/4081) ===

<-- Respuesta cruda: $CFG,ACK,LOGREAD,3856,2026-07-30 13:25:49,SEND_OK,0,0
*** Trama sin '*CRC' reconocible. ***

=== Registro 3857 (3858/4081) ===

<-- Respuesta cruda: $CFG,ACK,LOGREAD,3857,2026-07-30 13:25:49,SERVER_ACK,48,0
*** Trama sin '*CRC' reconocible. ***

=== Registro 3858 (3859/4081) ===

<-- Respuesta cruda: $CFG,ACK,LOGREAD,3858,2026-07-30 13:26:49,SEND_OK,0,0
*** Trama sin '*CRC' reconocible. ***

=== Registro 3859 (3860/4081) ===

<-- Respuesta cruda: $CFG,BAD_CRC,LOGREAD,3859,2026-07-30 13:26:49,SERVER_ACK,48,0
*** Trama sin '*CRC' reconocible. ***

=== Registro 3860 (3861/4081) ===

<-- Respuesta cruda: $CFG,BAD_CRC,LOGREAD,3860,0000-00-168 128:26:49,HEARTBEAT_RECEIVED,0,0
*** Trama sin '*CRC' reconocible. ***

=== Registro 3861 (3862/4081) ===

<-- Respuesta cruda: $CFG,ACK,LOGREAD,3861,2026-07-30 13:27:49,SEND_OK,0,0
*** Trama sin '*CRC' reconocible. ***

=== Registro 3862 (3863/4081) ===

<-- Respuesta cruda: $CFG,ACK,LOGREAD,3862,2026-07-30 13:27:49,SERVER_ACK,48,0
*** Trama sin '*CRC' reconocible. ***

=== Registro 3863 (3864/4081) ===

<-- Respuesta cruda: $CFG,ACK,LOGREAD,3863,2026-07-30 13:27:52,HEARTBEAT_RECEIVED,0,0
*** Trama sin '*CRC' reconocible. ***

=== Registro 3864 (3865/4081) ===

<-- Respuesta cruda: $CFG,ACK,LOGREAD,3864,2026-07-30 13:28:49,SEND_OK,0,0
*** Trama sin '*CRC' reconocible. ***

=== Registro 3865 (3866/4081) ===

<-- Respuesta cruda: $CFG,ACK,LOGREAD,3865,2026-07-30 13:28:49,SERVER_ACK,48,0
*** Trama sin '*CRC' reconocible. ***

=== Registro 3866 (3867/4081) ===

<-- Respuesta cruda: $CFG,BAD_CRC,LOGREAD,3866,2026-07-30 13:28:55,HEARTBEAT_RECEIVED,909254413,0
*** Trama sin '*CRC' reconocible. ***

=== Registro 3867 (3868/4081) ===

<-- Respuesta cruda: $CFG,BAD_CRC,LOGREAD,3867,0000-00-50 13:29:49,SEND_OK,0,0
*** Trama sin '*CRC' reconocible. ***

=== Registro 3868 (3869/4081) ===

<-- Respuesta cruda: $CFG,ACK,LOGREAD,3868,2026-07-30 13:29:50,SERVER_ACK,48,0
*** Trama sin '*CRC' reconocible. ***

=== Registro 3869 (3870/4081) ===

<-- Respuesta cruda: $CFG,ACK,LOGREAD,3869,2026-07-30 13:29:58,HEARTBEAT_RECEIVED,0,0
*** Trama sin '*CRC' reconocible. ***

=== Registro 3870 (3871/4081) ===

<-- Respuesta cruda: $CFG,ACK,LOGREAD,3870,2026-07-30 13:30:50,SEND_OK,0,0
*** Trama sin '*CRC' reconocible. ***

=== Registro 3871 (3872/4081) ===

<-- Respuesta cruda: $CFG,ACK,LOGREAD,3871,2026-07-30 13:30:50,SERVER_ACK,48,0
*** Trama sin '*CRC' reconocible. ***

=== Registro 3872 (3873/4081) ===

<-- Respuesta cruda: $CFG,ACK,LOGREAD,3872,2026-07-30 13:31:01,HEARTBEAT_RECEIVED,0,0
*** Trama sin '*CRC' reconocible. ***

=== Registro 3873 (3874/4081) ===

<-- Respuesta cruda: $CFG,BAD_CRC,LOGREAD,3873,2026-07-84 68:255:255,UNKNOWN,4294967295,4294967295
*** Trama sin '*CRC' reconocible. ***

=== Registro 3874 (3875/4081) ===

<-- Respuesta cruda: $CFG,ACK,LOGREAD,3874,2026-07-30 13:31:50,SERVER_ACK,48,0
*** Trama sin '*CRC' reconocible. ***

=== Registro 3875 (3876/4081) ===

<-- Respuesta cruda: $CFG,ACK,LOGREAD,3875,2026-07-30 13:32:04,HEARTBEAT_RECEIVED,0,0
*** Trama sin '*CRC' reconocible. ***

=== Registro 3876 (3877/4081) ===

<-- Respuesta cruda: $CFG,ACK,LOGREAD,3876,2026-07-30 13:32:50,SEND_OK,0,0
*** Trama sin '*CRC' reconocible. ***

=== Registro 3877 (3878/4081) ===

<-- Respuesta cruda: $CFG,ACK,LOGREAD,3877,2026-07-30 13:32:50,SERVER_ACK,48,0
*** Trama sin '*CRC' reconocible. ***

=== Registro 3878 (3879/4081) ===

<-- Respuesta cruda: $CFG,ACK,LOGREAD,3878,2026-07-30 13:33:07,HEARTBEAT_RECEIVED,0,0
*** Trama sin '*CRC' reconocible. ***

=== Registro 3879 (3880/4081) ===

<-- Respuesta cruda: $CFG,BAD_CRC,LOGREAD,3879,2026-07-30 13:33:50,SEND_OK,0,0
*** Trama sin '*CRC' reconocible. ***

=== Registro 3880 (3881/4081) ===

<-- Respuesta cruda: $CFG,BAD_CRC,LOGREAD,3880,0000-00-227 219:33:50,SERVER_ACK,48,0
*** Trama sin '*CRC' reconocible. ***

=== Registro 3881 (3882/4081) ===

<-- Respuesta cruda: $CFG,ACK,LOGREAD,3881,2026-07-30 13:34:10,HEARTBEAT_RECEIVED,0,0
*** Trama sin '*CRC' reconocible. ***

=== Registro 3882 (3883/4081) ===

<-- Respuesta cruda: $CFG,ACK,LOGREAD,3882,2026-07-30 13:34:50,SEND_OK,0,0
*** Trama sin '*CRC' reconocible. ***

=== Registro 3883 (3884/4081) ===

<-- Respuesta cruda: $CFG,ACK,LOGREAD,3883,2026-07-30 13:34:50,SERVER_ACK,48,0
*** Trama sin '*CRC' reconocible. ***

=== Registro 3884 (3885/4081) ===

<-- Respuesta cruda: $CFG,ACK,LOGREAD,3884,2026-07-30 13:35:13,HEARTBEAT_RECEIVED,0,0
*** Trama sin '*CRC' reconocible. ***

=== Registro 3885 (3886/4081) ===

<-- Respuesta cruda: $CFG,ACK,LOGREAD,3885,2026-07-30 13:35:50,SEND_OK,0,0
*** Trama sin '*CRC' reconocible. ***

=== Registro 3886 (3887/4081) ===

<-- Respuesta cruda: $CFG,BAD_CRC,LOGREAD,3886,2026-07-30 13:35:50,SERVER_ACK,1140850736,0
*** Trama sin '*CRC' reconocible. ***

=== Registro 3887 (3888/4081) ===

<-- Respuesta cruda: $CFG,BAD_CRC,LOGREAD,3887,0000-00-41 182:36:16,HEARTBEAT_RECEIVED,0,0
*** Trama sin '*CRC' reconocible. ***

=== Registro 3888 (3889/4081) ===

<-- Respuesta cruda: $CFG,ACK,LOGREAD,3888,2026-07-30 13:36:50,SEND_OK,0,0
*** Trama sin '*CRC' reconocible. ***

=== Registro 3889 (3890/4081) ===

<-- Respuesta cruda: $CFG,ACK,LOGREAD,3889,2026-07-30 13:36:50,SERVER_ACK,48,0
*** Trama sin '*CRC' reconocible. ***

=== Registro 3890 (3891/4081) ===

<-- Respuesta cruda: $CFG,ACK,LOGREAD,3890,2026-07-30 13:37:19,HEARTBEAT_RECEIVED,0,0
*** Trama sin '*CRC' reconocible. ***

=== Registro 3891 (3892/4081) ===

<-- Respuesta cruda: $CFG,ACK,LOGREAD,3891,2026-07-30 13:37:50,SEND_OK,0,0
*** Trama sin '*CRC' reconocible. ***

=== Registro 3892 (3893/4081) ===

<-- Respuesta cruda: $CFG,ACK,LOGREAD,3892,2026-07-30 13:37:51,SERVER_ACK,48,0
*** Trama sin '*CRC' reconocible. ***

=== Registro 3893 (3894/4081) ===

<-- Respuesta cruda: $CFG,BAD_CRC,LOGREAD,3893,2026-07-30 13:38:22,SIM_PIN_REQUIRED,909322253,0
*** Trama sin '*CRC' reconocible. ***

=== Registro 3894 (3895/4081) ===

<-- Respuesta cruda: $CFG,BAD_CRC,LOGREAD,3894,0000-00-192 132:38:51,SEND_OK,0,0
*** Trama sin '*CRC' reconocible. ***

=== Registro 3895 (3896/4081) ===

<-- Respuesta cruda: $CFG,ACK,LOGREAD,3895,2026-07-30 13:38:51,SERVER_ACK,48,0
*** Trama sin '*CRC' reconocible. ***

=== Registro 3896 (3897/4081) ===

<-- Respuesta cruda: $CFG,ACK,LOGREAD,3896,2026-07-30 13:39:25,HEARTBEAT_RECEIVED,0,0
*** Trama sin '*CRC' reconocible. ***

=== Registro 3897 (3898/4081) ===

<-- Respuesta cruda: $CFG,ACK,LOGREAD,3897,2026-07-30 13:39:51,SEND_OK,0,0
*** Trama sin '*CRC' reconocible. ***

=== Registro 3898 (3899/4081) ===

<-- Respuesta cruda: $CFG,ACK,LOGREAD,3898,2026-07-30 13:39:51,SERVER_ACK,48,0
*** Trama sin '*CRC' reconocible. ***

=== Registro 3899 (3900/4081) ===

<-- Respuesta cruda: $CFG,ACK,LOGREAD,3899,2026-07-30 13:40:28,HEARTBEAT_RECEIVED,0,0
*** Trama sin '*CRC' reconocible. ***

=== Registro 3900 (3901/4081) ===

<-- Respuesta cruda: $CFG,BAD_CRC,LOGREAD,3900,2026-00-42 130:255:255,UNKNOWN,4294967295,4294967295
*** Trama sin '*CRC' reconocible. ***

=== Registro 3901 (3902/4081) ===

<-- Respuesta cruda: $CFG,ACK,LOGREAD,3901,2026-07-30 13:40:51,SERVER_ACK,48,0
*** Trama sin '*CRC' reconocible. ***

=== Registro 3902 (3903/4081) ===

<-- Respuesta cruda: $CFG,ACK,LOGREAD,3902,2026-07-30 13:41:31,HEARTBEAT_RECEIVED,0,0
*** Trama sin '*CRC' reconocible. ***

=== Registro 3903 (3904/4081) ===

<-- Respuesta cruda: $CFG,ACK,LOGREAD,3903,2026-07-30 13:41:51,SEND_OK,0,0
*** Trama sin '*CRC' reconocible. ***

=== Registro 3904 (3905/4081) ===

<-- Respuesta cruda: $CFG,ACK,LOGREAD,3904,2026-07-30 13:41:51,SERVER_ACK,48,0
*** Trama sin '*CRC' reconocible. ***

=== Registro 3905 (3906/4081) ===

<-- Respuesta cruda: $CFG,ACK,LOGREAD,3905,2026-07-30 13:42:34,HEARTBEAT_RECEIVED,0,0
*** Trama sin '*CRC' reconocible. ***

=== Registro 3906 (3907/4081) ===

<-- Respuesta cruda: $CFG,BAD_CRC,LOGREAD,3906,2026-07-30 13:42:51,SEND_OK,0,0
*** Trama sin '*CRC' reconocible. ***

=== Registro 3907 (3908/4081) ===

<-- Respuesta cruda: $CFG,BAD_CRC,LOGREAD,3907,0000-00-73 16:42:51,SERVER_ACK,48,0
*** Trama sin '*CRC' reconocible. ***

=== Registro 3908 (3909/4081) ===

<-- Respuesta cruda: $CFG,ACK,LOGREAD,3908,2026-07-30 13:43:37,HEARTBEAT_RECEIVED,0,0
*** Trama sin '*CRC' reconocible. ***

=== Registro 3909 (3910/4081) ===

<-- Respuesta cruda: $CFG,ACK,LOGREAD,3909,2026-07-30 13:43:51,SEND_OK,0,0
*** Trama sin '*CRC' reconocible. ***

=== Registro 3910 (3911/4081) ===

<-- Respuesta cruda: $CFG,ACK,LOGREAD,3910,2026-07-30 13:43:51,SERVER_ACK,48,0
*** Trama sin '*CRC' reconocible. ***

=== Registro 3911 (3912/4081) ===

<-- Respuesta cruda: $CFG,ACK,LOGREAD,3911,2026-07-30 13:44:40,HEARTBEAT_RECEIVED,0,0
*** Trama sin '*CRC' reconocible. ***

=== Registro 3912 (3913/4081) ===

<-- Respuesta cruda: $CFG,ACK,LOGREAD,3912,2026-07-30 13:44:51,SEND_OK,0,0
*** Trama sin '*CRC' reconocible. ***

=== Registro 3913 (3914/4081) ===

<-- Respuesta cruda: $CFG,BAD_CRC,LOGREAD,3913,2026-07-30 13:44:51,SERVER_ACK,1144062000,0
*** Trama sin '*CRC' reconocible. ***

=== Registro 3914 (3915/4081) ===

<-- Respuesta cruda: $CFG,BAD_CRC,LOGREAD,3914,0000-00-51 45:45:43,HEARTBEAT_RECEIVED,0,0
*** Trama sin '*CRC' reconocible. ***

=== Registro 3915 (3916/4081) ===

<-- Respuesta cruda: $CFG,ACK,LOGREAD,3915,2026-07-30 13:45:51,SEND_OK,0,0
*** Trama sin '*CRC' reconocible. ***

=== Registro 3916 (3917/4081) ===

<-- Respuesta cruda: $CFG,ACK,LOGREAD,3916,2026-07-30 13:45:52,SERVER_ACK,48,0
*** Trama sin '*CRC' reconocible. ***

=== Registro 3917 (3918/4081) ===

<-- Respuesta cruda: $CFG,ACK,LOGREAD,3917,2026-07-30 13:46:46,HEARTBEAT_RECEIVED,0,0
*** Trama sin '*CRC' reconocible. ***

=== Registro 3918 (3919/4081) ===

<-- Respuesta cruda: $CFG,ACK,LOGREAD,3918,2026-07-30 13:46:52,SEND_OK,0,0
*** Trama sin '*CRC' reconocible. ***

=== Registro 3919 (3920/4081) ===

<-- Respuesta cruda: $CFG,ACK,LOGREAD,3919,2026-07-30 13:46:52,SERVER_ACK,48,0
*** Trama sin '*CRC' reconocible. ***

=== Registro 3920 (3921/4081) ===

<-- Respuesta cruda: $CFG,BAD_CRC,LOGREAD,3920,2026-07-30 13:47:07,SIM_PIN_REQUIRED,1177825549,12288
*** Trama sin '*CRC' reconocible. ***

=== Registro 3921 (3922/4081) ===

<-- Respuesta cruda: $CFG,BAD_CRC,LOGREAD,3921,0000-00-173 27:47:52,SEND_OK,0,0
*** Trama sin '*CRC' reconocible. ***

=== Registro 3922 (3923/4081) ===

<-- Respuesta cruda: $CFG,ACK,LOGREAD,3922,2026-07-30 13:47:52,SERVER_ACK,48,0
*** Trama sin '*CRC' reconocible. ***

=== Registro 3923 (3924/4081) ===

<-- Respuesta cruda: $CFG,ACK,LOGREAD,3923,2026-07-30 13:48:52,SEND_OK,0,0
*** Trama sin '*CRC' reconocible. ***

=== Registro 3924 (3925/4081) ===

<-- Respuesta cruda: $CFG,ACK,LOGREAD,3924,2026-07-30 13:48:52,SERVER_ACK,48,0
*** Trama sin '*CRC' reconocible. ***

=== Registro 3925 (3926/4081) ===

<-- Respuesta cruda: $CFG,ACK,LOGREAD,3925,2026-07-30 13:48:52,HEARTBEAT_RECEIVED,0,0
*** Trama sin '*CRC' reconocible. ***

=== Registro 3926 (3927/4081) ===

<-- Respuesta cruda: $CFG,ACK,LOGREAD,3926,2026-07-30 13:49:52,SEND_OK,0,0
*** Trama sin '*CRC' reconocible. ***

=== Registro 3927 (3928/4081) ===

<-- Respuesta cruda: $CFG,BAD_CRC,LOGREAD,3927,0234-00-71 29:255:255,UNKNOWN,4294967295,4294967295
*** Trama sin '*CRC' reconocible. ***

=== Registro 3928 (3929/4081) ===

<-- Respuesta cruda: $CFG,ACK,LOGREAD,3928,2026-07-30 13:49:55,HEARTBEAT_RECEIVED,0,0
*** Trama sin '*CRC' reconocible. ***

=== Registro 3929 (3930/4081) ===

<-- Respuesta cruda: $CFG,ACK,LOGREAD,3929,2026-07-30 13:50:52,SEND_OK,0,0
*** Trama sin '*CRC' reconocible. ***

=== Registro 3930 (3931/4081) ===

<-- Respuesta cruda: $CFG,ACK,LOGREAD,3930,2026-07-30 13:50:52,SERVER_ACK,48,0
*** Trama sin '*CRC' reconocible. ***

=== Registro 3931 (3932/4081) ===

<-- Respuesta cruda: $CFG,ACK,LOGREAD,3931,2026-07-30 13:50:58,HEARTBEAT_RECEIVED,0,0
*** Trama sin '*CRC' reconocible. ***

=== Registro 3932 (3933/4081) ===

<-- Respuesta cruda: $CFG,ACK,LOGREAD,3932,2026-07-30 13:51:52,SEND_OK,0,0
*** Trama sin '*CRC' reconocible. ***

=== Registro 3933 (3934/4081) ===

<-- Respuesta cruda: $CFG,BAD_CRC,LOGREAD,3933,2026-07-30 13:51:52,SERVER_ACK,48,0
*** Trama sin '*CRC' reconocible. ***

=== Registro 3934 (3935/4081) ===

<-- Respuesta cruda: $CFG,BAD_CRC,LOGREAD,3934,0000-00-13 12:52:01,HEARTBEAT_RECEIVED,0,0
*** Trama sin '*CRC' reconocible. ***

=== Registro 3935 (3936/4081) ===

<-- Respuesta cruda: $CFG,ACK,LOGREAD,3935,2026-07-30 13:52:52,SEND_OK,0,0
*** Trama sin '*CRC' reconocible. ***

=== Registro 3936 (3937/4081) ===

<-- Respuesta cruda: $CFG,ACK,LOGREAD,3936,2026-07-30 13:52:53,SERVER_ACK,48,0
*** Trama sin '*CRC' reconocible. ***

=== Registro 3937 (3938/4081) ===

<-- Respuesta cruda: $CFG,ACK,LOGREAD,3937,2026-07-30 13:53:04,HEARTBEAT_RECEIVED,0,0
*** Trama sin '*CRC' reconocible. ***

=== Registro 3938 (3939/4081) ===

<-- Respuesta cruda: $CFG,ACK,LOGREAD,3938,2026-07-30 13:53:53,SEND_OK,0,0
*** Trama sin '*CRC' reconocible. ***

=== Registro 3939 (3940/4081) ===

<-- Respuesta cruda: $CFG,ACK,LOGREAD,3939,2026-07-30 13:53:53,SERVER_ACK,48,0
*** Trama sin '*CRC' reconocible. ***

=== Registro 3940 (3941/4081) ===

<-- Respuesta cruda: $CFG,BAD_CRC,LOGREAD,3940,2026-07-30 13:54:07,HEARTBEAT_RECEIVED,909457408,0
*** Trama sin '*CRC' reconocible. ***

=== Registro 3941 (3942/4081) ===

<-- Respuesta cruda: $CFG,BAD_CRC,LOGREAD,3941,0000-00-100 66:54:53,SEND_OK,0,0
*** Trama sin '*CRC' reconocible. ***

=== Registro 3942 (3943/4081) ===

<-- Respuesta cruda: $CFG,ACK,LOGREAD,3942,2026-07-30 13:54:53,SERVER_ACK,48,0
*** Trama sin '*CRC' reconocible. ***

=== Registro 3943 (3944/4081) ===

<-- Respuesta cruda: $CFG,ACK,LOGREAD,3943,2026-07-30 13:55:11,HEARTBEAT_RECEIVED,0,0
*** Trama sin '*CRC' reconocible. ***

=== Registro 3944 (3945/4081) ===

<-- Respuesta cruda: $CFG,ACK,LOGREAD,3944,2026-07-30 13:55:53,SEND_OK,0,0
*** Trama sin '*CRC' reconocible. ***

=== Registro 3945 (3946/4081) ===

<-- Respuesta cruda: $CFG,ACK,LOGREAD,3945,2026-07-30 13:55:53,SERVER_ACK,48,0
*** Trama sin '*CRC' reconocible. ***

=== Registro 3946 (3947/4081) ===

<-- Respuesta cruda: $CFG,ACK,LOGREAD,3946,2026-07-30 13:56:14,HEARTBEAT_RECEIVED,0,0
*** Trama sin '*CRC' reconocible. ***

=== Registro 3947 (3948/4081) ===

<-- Respuesta cruda: $CFG,BAD_CRC,LOGREAD,3947,2026-07-30 13:255:255,UNKNOWN,4294967295,4294967295
*** Trama sin '*CRC' reconocible. ***

=== Registro 3948 (3949/4081) ===

<-- Respuesta cruda: $CFG,ACK,LOGREAD,3948,2026-07-30 13:56:53,SERVER_ACK,48,0
*** Trama sin '*CRC' reconocible. ***

=== Registro 3949 (3950/4081) ===

<-- Respuesta cruda: $CFG,ACK,LOGREAD,3949,2026-07-30 13:57:17,HEARTBEAT_RECEIVED,0,0
*** Trama sin '*CRC' reconocible. ***

=== Registro 3950 (3951/4081) ===

<-- Respuesta cruda: $CFG,ACK,LOGREAD,3950,2026-07-30 13:57:53,SEND_OK,0,0
*** Trama sin '*CRC' reconocible. ***

=== Registro 3951 (3952/4081) ===

<-- Respuesta cruda: $CFG,ACK,LOGREAD,3951,2026-07-30 13:57:53,SERVER_ACK,48,0
*** Trama sin '*CRC' reconocible. ***

=== Registro 3952 (3953/4081) ===

<-- Respuesta cruda: $CFG,ACK,LOGREAD,3952,2026-07-30 13:58:20,HEARTBEAT_RECEIVED,0,0
*** Trama sin '*CRC' reconocible. ***

=== Registro 3953 (3954/4081) ===

<-- Respuesta cruda: $CFG,ACK,LOGREAD,3953,2026-07-30 13:58:53,SEND_OK,0,0
*** Trama sin '*CRC' reconocible. ***

=== Registro 3954 (3955/4081) ===

<-- Respuesta cruda: $CFG,BAD_CRC,LOGREAD,3954,0000-00-62 46:58:54,SERVER_ACK,48,0
*** Trama sin '*CRC' reconocible. ***

=== Registro 3955 (3956/4081) ===

<-- Respuesta cruda: $CFG,ACK,LOGREAD,3955,2026-07-30 13:59:23,HEARTBEAT_RECEIVED,0,0
*** Trama sin '*CRC' reconocible. ***

=== Registro 3956 (3957/4081) ===

<-- Respuesta cruda: $CFG,ACK,LOGREAD,3956,2026-07-30 13:59:54,SEND_OK,0,0
*** Trama sin '*CRC' reconocible. ***

=== Registro 3957 (3958/4081) ===

<-- Respuesta cruda: $CFG,ACK,LOGREAD,3957,2026-07-30 13:59:54,SERVER_ACK,48,0
*** Trama sin '*CRC' reconocible. ***

=== Registro 3958 (3959/4081) ===

<-- Respuesta cruda: $CFG,ACK,LOGREAD,3958,2026-07-30 14:00:26,HEARTBEAT_RECEIVED,0,0
*** Trama sin '*CRC' reconocible. ***

=== Registro 3959 (3960/4081) ===

<-- Respuesta cruda: $CFG,ACK,LOGREAD,3959,2026-07-30 14:00:54,SEND_OK,0,0
*** Trama sin '*CRC' reconocible. ***

=== Registro 3960 (3961/4081) ===

<-- Respuesta cruda: $CFG,BAD_CRC,LOGREAD,3960,2026-07-30 14:00:54,SERVER_ACK,48,0
*** Trama sin '*CRC' reconocible. ***

=== Registro 3961 (3962/4081) ===

<-- Respuesta cruda: $CFG,BAD_CRC,LOGREAD,3961,0000-00-196 111:01:29,HEARTBEAT_RECEIVED,0,0
*** Trama sin '*CRC' reconocible. ***

=== Registro 3962 (3963/4081) ===

<-- Respuesta cruda: $CFG,ACK,LOGREAD,3962,2026-07-30 14:01:54,SEND_OK,0,0
*** Trama sin '*CRC' reconocible. ***

=== Registro 3963 (3964/4081) ===

<-- Respuesta cruda: $CFG,ACK,LOGREAD,3963,2026-07-30 14:01:54,SERVER_ACK,48,0
*** Trama sin '*CRC' reconocible. ***

=== Registro 3964 (3965/4081) ===

<-- Respuesta cruda: $CFG,ACK,LOGREAD,3964,2026-07-30 14:02:32,HEARTBEAT_RECEIVED,0,0
*** Trama sin '*CRC' reconocible. ***

=== Registro 3965 (3966/4081) ===

<-- Respuesta cruda: $CFG,ACK,LOGREAD,3965,2026-07-30 14:02:54,SEND_OK,0,0
*** Trama sin '*CRC' reconocible. ***

=== Registro 3966 (3967/4081) ===

<-- Respuesta cruda: $CFG,ACK,LOGREAD,3966,2026-07-30 14:02:54,SERVER_ACK,48,0
*** Trama sin '*CRC' reconocible. ***

=== Registro 3967 (3968/4081) ===

<-- Respuesta cruda: $CFG,BAD_CRC,LOGREAD,3967,2026-07-30 14:03:35,HEARTBEAT_RECEIVED,909509902,0
*** Trama sin '*CRC' reconocible. ***

=== Registro 3968 (3969/4081) ===

<-- Respuesta cruda: $CFG,BAD_CRC,LOGREAD,3968,0000-00-194 185:03:54,SEND_OK,0,0
*** Trama sin '*CRC' reconocible. ***

=== Registro 3969 (3970/4081) ===

<-- Respuesta cruda: $CFG,ACK,LOGREAD,3969,2026-07-30 14:03:54,SERVER_ACK,48,0
*** Trama sin '*CRC' reconocible. ***

=== Registro 3970 (3971/4081) ===

<-- Respuesta cruda: $CFG,ACK,LOGREAD,3970,2026-07-30 14:04:38,HEARTBEAT_RECEIVED,0,0
*** Trama sin '*CRC' reconocible. ***

=== Registro 3971 (3972/4081) ===

<-- Respuesta cruda: $CFG,ACK,LOGREAD,3971,2026-07-30 14:04:54,SEND_OK,0,0
*** Trama sin '*CRC' reconocible. ***

=== Registro 3972 (3973/4081) ===

<-- Respuesta cruda: $CFG,ACK,LOGREAD,3972,2026-07-30 14:04:54,SERVER_ACK,48,0
*** Trama sin '*CRC' reconocible. ***

=== Registro 3973 (3974/4081) ===

<-- Respuesta cruda: $CFG,ACK,LOGREAD,3973,2026-07-30 14:05:41,HEARTBEAT_RECEIVED,0,0
*** Trama sin '*CRC' reconocible. ***

=== Registro 3974 (3975/4081) ===

<-- Respuesta cruda: $CFG,BAD_CRC,LOGREAD,3974,2026-07-30 103:255:255,UNKNOWN,4294967295,4294967295
*** Trama sin '*CRC' reconocible. ***

=== Registro 3975 (3976/4081) ===

<-- Respuesta cruda: $CFG,ACK,LOGREAD,3975,2026-07-30 14:05:55,SERVER_ACK,48,0
*** Trama sin '*CRC' reconocible. ***

=== Registro 3976 (3977/4081) ===

<-- Respuesta cruda: $CFG,ACK,LOGREAD,3976,2026-07-30 14:06:44,HEARTBEAT_RECEIVED,0,0
*** Trama sin '*CRC' reconocible. ***

=== Registro 3977 (3978/4081) ===

<-- Respuesta cruda: $CFG,ACK,LOGREAD,3977,2026-07-30 14:06:55,SEND_OK,0,0
*** Trama sin '*CRC' reconocible. ***

=== Registro 3978 (3979/4081) ===

<-- Respuesta cruda: $CFG,ACK,LOGREAD,3978,2026-07-30 14:06:55,SERVER_ACK,48,0
*** Trama sin '*CRC' reconocible. ***

=== Registro 3979 (3980/4081) ===

<-- Respuesta cruda: $CFG,ACK,LOGREAD,3979,2026-07-30 14:07:47,HEARTBEAT_RECEIVED,0,0
*** Trama sin '*CRC' reconocible. ***

=== Registro 3980 (3981/4081) ===

<-- Respuesta cruda: $CFG,BAD_CRC,LOGREAD,3980,2026-07-30 14:07:55,SEND_OK,0,0
*** Trama sin '*CRC' reconocible. ***

=== Registro 3981 (3982/4081) ===

<-- Respuesta cruda: $CFG,BAD_CRC,LOGREAD,3981,0000-00-170 238:07:55,SERVER_ACK,48,0
*** Trama sin '*CRC' reconocible. ***

=== Registro 3982 (3983/4081) ===

<-- Respuesta cruda: $CFG,ACK,LOGREAD,3982,2026-07-30 14:08:50,HEARTBEAT_RECEIVED,0,0
*** Trama sin '*CRC' reconocible. ***

=== Registro 3983 (3984/4081) ===

<-- Respuesta cruda: $CFG,ACK,LOGREAD,3983,2026-07-30 14:08:55,SEND_OK,0,0
*** Trama sin '*CRC' reconocible. ***

=== Registro 3984 (3985/4081) ===

<-- Respuesta cruda: $CFG,ACK,LOGREAD,3984,2026-07-30 14:08:55,SERVER_ACK,48,0
*** Trama sin '*CRC' reconocible. ***

=== Registro 3985 (3986/4081) ===

<-- Respuesta cruda: $CFG,ACK,LOGREAD,3985,2026-07-30 14:09:53,HEARTBEAT_RECEIVED,0,0
*** Trama sin '*CRC' reconocible. ***

=== Registro 3986 (3987/4081) ===

<-- Respuesta cruda: $CFG,ACK,LOGREAD,3986,2026-07-30 14:09:55,SEND_OK,0,0
*** Trama sin '*CRC' reconocible. ***

=== Registro 3987 (3988/4081) ===

<-- Respuesta cruda: $CFG,BAD_CRC,LOGREAD,3987,2026-07-30 14:09:55,SERVER_ACK,48,0
*** Trama sin '*CRC' reconocible. ***

=== Registro 3988 (3989/4081) ===

<-- Respuesta cruda: $CFG,BAD_CRC,LOGREAD,3988,0000-00-86 121:10:55,SEND_OK,0,0
*** Trama sin '*CRC' reconocible. ***

=== Registro 3989 (3990/4081) ===

<-- Respuesta cruda: $CFG,ACK,LOGREAD,3989,2026-07-30 14:10:55,SERVER_ACK,48,0
*** Trama sin '*CRC' reconocible. ***

=== Registro 3990 (3991/4081) ===

<-- Respuesta cruda: $CFG,ACK,LOGREAD,3990,2026-07-30 14:10:56,HEARTBEAT_RECEIVED,0,0
*** Trama sin '*CRC' reconocible. ***

=== Registro 3991 (3992/4081) ===

<-- Respuesta cruda: $CFG,ACK,LOGREAD,3991,2026-07-30 14:11:55,SEND_OK,0,0
*** Trama sin '*CRC' reconocible. ***

=== Registro 3992 (3993/4081) ===

<-- Respuesta cruda: $CFG,ACK,LOGREAD,3992,2026-07-30 14:11:55,SERVER_ACK,48,0
*** Trama sin '*CRC' reconocible. ***

=== Registro 3993 (3994/4081) ===

<-- Respuesta cruda: $CFG,ACK,LOGREAD,3993,2026-07-30 14:11:59,HEARTBEAT_RECEIVED,0,0
*** Trama sin '*CRC' reconocible. ***

=== Registro 3994 (3995/4081) ===

<-- Respuesta cruda: $CFG,BAD_CRC,LOGREAD,3994,2026-07-30 14:12:55,SEND_OK,1178078734,12288
*** Trama sin '*CRC' reconocible. ***

=== Registro 3995 (3996/4081) ===

<-- Respuesta cruda: $CFG,BAD_CRC,LOGREAD,3995,0000-00-210 109:12:55,SERVER_ACK,48,0
*** Trama sin '*CRC' reconocible. ***

=== Registro 3996 (3997/4081) ===

<-- Respuesta cruda: $CFG,ACK,LOGREAD,3996,2026-07-30 14:13:02,HEARTBEAT_RECEIVED,0,0
*** Trama sin '*CRC' reconocible. ***

=== Registro 3997 (3998/4081) ===

<-- Respuesta cruda: $CFG,ACK,LOGREAD,3997,2026-07-30 14:13:55,SEND_OK,0,0
*** Trama sin '*CRC' reconocible. ***

=== Registro 3998 (3999/4081) ===

<-- Respuesta cruda: $CFG,ACK,LOGREAD,3998,2026-07-30 14:13:56,SERVER_ACK,48,0
*** Trama sin '*CRC' reconocible. ***

=== Registro 3999 (4000/4081) ===

<-- Respuesta cruda: $CFG,ACK,LOGREAD,3999,2026-07-30 14:14:05,HEARTBEAT_RECEIVED,0,0
*** Trama sin '*CRC' reconocible. ***

=== Registro 4000 (4001/4081) ===

<-- Respuesta cruda: $CFG,ACK,LOGREAD,4000,2026-07-30 14:14:56,SEND_OK,0,0
*** Trama sin '*CRC' reconocible. ***

=== Registro 4001 (4002/4081) ===

<-- Respuesta cruda: $CFG,BAD_CRC,LOGREAD,4001,2026-07-20 74:255:255,UNKNOWN,4294967295,4294967295
*** Trama sin '*CRC' reconocible. ***

=== Registro 4002 (4003/4081) ===

<-- Respuesta cruda: $CFG,ACK,LOGREAD,4002,2026-07-30 14:15:08,HEARTBEAT_RECEIVED,0,0
*** Trama sin '*CRC' reconocible. ***

=== Registro 4003 (4004/4081) ===

<-- Respuesta cruda: $CFG,ACK,LOGREAD,4003,2026-07-30 14:15:56,SEND_OK,0,0
*** Trama sin '*CRC' reconocible. ***

=== Registro 4004 (4005/4081) ===

<-- Respuesta cruda: $CFG,ACK,LOGREAD,4004,2026-07-30 14:15:56,SERVER_ACK,48,0
*** Trama sin '*CRC' reconocible. ***

=== Registro 4005 (4006/4081) ===

<-- Respuesta cruda: $CFG,ACK,LOGREAD,4005,2026-07-30 14:16:11,HEARTBEAT_RECEIVED,0,0
*** Trama sin '*CRC' reconocible. ***

=== Registro 4006 (4007/4081) ===

<-- Respuesta cruda: $CFG,ACK,LOGREAD,4006,2026-07-30 14:16:56,SEND_OK,0,0
*** Trama sin '*CRC' reconocible. ***

=== Registro 4007 (4008/4081) ===

<-- Respuesta cruda: $CFG,BAD_CRC,LOGREAD,4007,2026-07-30 14:16:56,SERVER_ACK,48,0
*** Trama sin '*CRC' reconocible. ***

=== Registro 4008 (4009/4081) ===

<-- Respuesta cruda: $CFG,BAD_CRC,LOGREAD,4008,0000-00-110 142:17:14,HEARTBEAT_RECEIVED,0,0
*** Trama sin '*CRC' reconocible. ***

=== Registro 4009 (4010/4081) ===

<-- Respuesta cruda: $CFG,ACK,LOGREAD,4009,2026-07-30 14:17:56,SEND_OK,0,0
*** Trama sin '*CRC' reconocible. ***

=== Registro 4010 (4011/4081) ===

<-- Respuesta cruda: $CFG,ACK,LOGREAD,4010,2026-07-30 14:17:56,SERVER_ACK,48,0
*** Trama sin '*CRC' reconocible. ***

=== Registro 4011 (4012/4081) ===

<-- Respuesta cruda: $CFG,ACK,LOGREAD,4011,2026-07-30 14:18:17,HEARTBEAT_RECEIVED,0,0
*** Trama sin '*CRC' reconocible. ***

=== Registro 4012 (4013/4081) ===

<-- Respuesta cruda: $CFG,ACK,LOGREAD,4012,2026-07-30 14:18:56,SEND_OK,0,0
*** Trama sin '*CRC' reconocible. ***

=== Registro 4013 (4014/4081) ===

<-- Respuesta cruda: $CFG,ACK,LOGREAD,4013,2026-07-30 14:18:56,SERVER_ACK,48,0
*** Trama sin '*CRC' reconocible. ***

=== Registro 4014 (4015/4081) ===

<-- Respuesta cruda: $CFG,BAD_CRC,LOGREAD,4014,2026-07-30 14:19:20,HEARTBEAT_RECEIVED,905969664,0
*** Trama sin '*CRC' reconocible. ***

=== Registro 4015 (4016/4081) ===

<-- Respuesta cruda: $CFG,BAD_CRC,LOGREAD,4015,0000-00-232 221:19:56,SEND_OK,0,0
*** Trama sin '*CRC' reconocible. ***

=== Registro 4016 (4017/4081) ===

<-- Respuesta cruda: $CFG,ACK,LOGREAD,4016,2026-07-30 14:19:56,SERVER_ACK,48,0
*** Trama sin '*CRC' reconocible. ***

=== Registro 4017 (4018/4081) ===

<-- Respuesta cruda: $CFG,ACK,LOGREAD,4017,2026-07-30 14:20:23,HEARTBEAT_RECEIVED,0,0
*** Trama sin '*CRC' reconocible. ***

=== Registro 4018 (4019/4081) ===

<-- Respuesta cruda: $CFG,ACK,LOGREAD,4018,2026-07-30 14:20:56,SEND_OK,0,0
*** Trama sin '*CRC' reconocible. ***

=== Registro 4019 (4020/4081) ===

<-- Respuesta cruda: $CFG,ACK,LOGREAD,4019,2026-07-30 14:20:56,SERVER_ACK,48,0
*** Trama sin '*CRC' reconocible. ***

=== Registro 4020 (4021/4081) ===

<-- Respuesta cruda: $CFG,ACK,LOGREAD,4020,2026-07-30 14:21:26,HEARTBEAT_RECEIVED,0,0
*** Trama sin '*CRC' reconocible. ***

=== Registro 4021 (4022/4081) ===

<-- Respuesta cruda: $CFG,BAD_CRC,LOGREAD,4021,2026-07-30 14:21:56,SIM_PIN_REQUIRED,1178146574,12288
*** Trama sin '*CRC' reconocible. ***

=== Registro 4022 (4023/4081) ===

<-- Respuesta cruda: $CFG,BAD_CRC,LOGREAD,4022,0000-00-22 154:21:57,SERVER_ACK,48,0
*** Trama sin '*CRC' reconocible. ***

=== Registro 4023 (4024/4081) ===

<-- Respuesta cruda: $CFG,ACK,LOGREAD,4023,2026-07-30 14:22:29,HEARTBEAT_RECEIVED,0,0
*** Trama sin '*CRC' reconocible. ***

=== Registro 4024 (4025/4081) ===

<-- Respuesta cruda: $CFG,ACK,LOGREAD,4024,2026-07-30 14:22:57,SEND_OK,0,0
*** Trama sin '*CRC' reconocible. ***

=== Registro 4025 (4026/4081) ===

<-- Respuesta cruda: $CFG,ACK,LOGREAD,4025,2026-07-30 14:22:57,SERVER_ACK,48,0
*** Trama sin '*CRC' reconocible. ***

=== Registro 4026 (4027/4081) ===

<-- Respuesta cruda: $CFG,ACK,LOGREAD,4026,2026-07-30 14:23:31,HEARTBEAT_RECEIVED,0,0
*** Trama sin '*CRC' reconocible. ***

=== Registro 4027 (4028/4081) ===

<-- Respuesta cruda: $CFG,ACK,LOGREAD,4027,2026-07-30 14:23:57,SEND_OK,0,0
*** Trama sin '*CRC' reconocible. ***

=== Registro 4028 (4029/4081) ===

<-- Respuesta cruda: $CFG,BAD_CRC,LOGREAD,4028,2026-00-128 138:255:255,UNKNOWN,4294967295,4294967295
*** Trama sin '*CRC' reconocible. ***

=== Registro 4029 (4030/4081) ===

<-- Respuesta cruda: $CFG,ACK,LOGREAD,4029,2026-07-30 14:24:35,HEARTBEAT_RECEIVED,0,0
*** Trama sin '*CRC' reconocible. ***

=== Registro 4030 (4031/4081) ===

<-- Respuesta cruda: $CFG,ACK,LOGREAD,4030,2026-07-30 14:24:57,SEND_OK,0,0
*** Trama sin '*CRC' reconocible. ***

=== Registro 4031 (4032/4081) ===

<-- Respuesta cruda: $CFG,ACK,LOGREAD,4031,2026-07-30 14:24:57,SERVER_ACK,48,0
*** Trama sin '*CRC' reconocible. ***

=== Registro 4032 (4033/4081) ===

<-- Respuesta cruda: $CFG,ACK,LOGREAD,4032,2026-07-30 14:25:38,HEARTBEAT_RECEIVED,0,0
*** Trama sin '*CRC' reconocible. ***

=== Registro 4033 (4034/4081) ===

<-- Respuesta cruda: $CFG,ACK,LOGREAD,4033,2026-07-30 14:25:57,SEND_OK,0,0
*** Trama sin '*CRC' reconocible. ***

=== Registro 4034 (4035/4081) ===

<-- Respuesta cruda: $CFG,BAD_CRC,LOGREAD,4034,2026-07-30 14:25:57,SERVER_ACK,48,0
*** Trama sin '*CRC' reconocible. ***

=== Registro 4035 (4036/4081) ===

<-- Respuesta cruda: $CFG,BAD_CRC,LOGREAD,4035,0000-00-247 96:26:41,HEARTBEAT_RECEIVED,0,0
*** Trama sin '*CRC' reconocible. ***

=== Registro 4036 (4037/4081) ===

<-- Respuesta cruda: $CFG,ACK,LOGREAD,4036,2026-07-30 14:26:57,SEND_OK,0,0
*** Trama sin '*CRC' reconocible. ***

=== Registro 4037 (4038/4081) ===

<-- Respuesta cruda: $CFG,ACK,LOGREAD,4037,2026-07-30 14:26:57,SERVER_ACK,48,0
*** Trama sin '*CRC' reconocible. ***

=== Registro 4038 (4039/4081) ===

<-- Respuesta cruda: $CFG,ACK,LOGREAD,4038,2026-07-30 14:27:43,HEARTBEAT_RECEIVED,0,0
*** Trama sin '*CRC' reconocible. ***

=== Registro 4039 (4040/4081) ===

<-- Respuesta cruda: $CFG,ACK,LOGREAD,4039,2026-07-30 14:27:57,SEND_OK,0,0
*** Trama sin '*CRC' reconocible. ***

=== Registro 4040 (4041/4081) ===

<-- Respuesta cruda: $CFG,ACK,LOGREAD,4040,2026-07-30 14:27:57,SERVER_ACK,48,0
*** Trama sin '*CRC' reconocible. ***

=== Registro 4041 (4042/4081) ===

<-- Respuesta cruda: $CFG,BAD_CRC,LOGREAD,4041,2026-07-30 14:28:46,HEARTBEAT_RECEIVED,909770752,0
*** Trama sin '*CRC' reconocible. ***

=== Registro 4042 (4043/4081) ===

<-- Respuesta cruda: $CFG,BAD_CRC,LOGREAD,4042,0000-00-108 99:28:57,SEND_OK,0,0
*** Trama sin '*CRC' reconocible. ***

=== Registro 4043 (4044/4081) ===

<-- Respuesta cruda: $CFG,ACK,LOGREAD,4043,2026-07-30 14:28:57,SERVER_ACK,48,0
*** Trama sin '*CRC' reconocible. ***

=== Registro 4044 (4045/4081) ===

<-- Respuesta cruda: $CFG,ACK,LOGREAD,4044,2026-07-30 14:29:50,HEARTBEAT_RECEIVED,0,0
*** Trama sin '*CRC' reconocible. ***

=== Registro 4045 (4046/4081) ===

<-- Respuesta cruda: $CFG,ACK,LOGREAD,4045,2026-07-30 14:29:57,SEND_OK,0,0
*** Trama sin '*CRC' reconocible. ***

=== Registro 4046 (4047/4081) ===

<-- Respuesta cruda: $CFG,ACK,LOGREAD,4046,2026-07-30 14:29:58,SERVER_ACK,48,0
*** Trama sin '*CRC' reconocible. ***

=== Registro 4047 (4048/4081) ===

<-- Respuesta cruda: $CFG,ACK,LOGREAD,4047,2026-07-30 14:30:53,HEARTBEAT_RECEIVED,0,0
*** Trama sin '*CRC' reconocible. ***

=== Registro 4048 (4049/4081) ===

<-- Respuesta cruda: $CFG,BAD_CRC,LOGREAD,4048,2026-07-30 14:30:07,SIM_PIN_REQUIRED,1144659982,0
*** Trama sin '*CRC' reconocible. ***

=== Registro 4049 (4050/4081) ===

<-- Respuesta cruda: $CFG,BAD_CRC,LOGREAD,4049,0000-00-01 43:30:58,SERVER_ACK,48,0
*** Trama sin '*CRC' reconocible. ***

=== Registro 4050 (4051/4081) ===

<-- Respuesta cruda: $CFG,ACK,LOGREAD,4050,2026-07-30 14:31:56,HEARTBEAT_RECEIVED,0,0
*** Trama sin '*CRC' reconocible. ***

=== Registro 4051 (4052/4081) ===

<-- Respuesta cruda: $CFG,ACK,LOGREAD,4051,2026-07-30 14:31:58,SEND_OK,0,0
*** Trama sin '*CRC' reconocible. ***

=== Registro 4052 (4053/4081) ===

<-- Respuesta cruda: $CFG,ACK,LOGREAD,4052,2026-07-30 14:31:58,SERVER_ACK,48,0
*** Trama sin '*CRC' reconocible. ***

=== Registro 4053 (4054/4081) ===

<-- Respuesta cruda: $CFG,ACK,LOGREAD,4053,2026-07-30 14:32:58,SEND_OK,0,0
*** Trama sin '*CRC' reconocible. ***

=== Registro 4054 (4055/4081) ===

<-- Respuesta cruda: $CFG,ACK,LOGREAD,4054,2026-07-30 14:32:58,SERVER_ACK,48,0
*** Trama sin '*CRC' reconocible. ***

=== Registro 4055 (4056/4081) ===

<-- Respuesta cruda: $CFG,BAD_CRC,LOGREAD,4055,0234-00-234 90:255:255,UNKNOWN,4294967295,4294967295
*** Trama sin '*CRC' reconocible. ***

=== Registro 4056 (4057/4081) ===

<-- Respuesta cruda: $CFG,ACK,LOGREAD,4056,2026-07-30 14:33:58,SEND_OK,0,0
*** Trama sin '*CRC' reconocible. ***

=== Registro 4057 (4058/4081) ===

<-- Respuesta cruda: $CFG,ACK,LOGREAD,4057,2026-07-30 14:33:58,SERVER_ACK,48,0
*** Trama sin '*CRC' reconocible. ***

=== Registro 4058 (4059/4081) ===

<-- Respuesta cruda: $CFG,ACK,LOGREAD,4058,2026-07-30 14:34:01,HEARTBEAT_RECEIVED,0,0
*** Trama sin '*CRC' reconocible. ***

=== Registro 4059 (4060/4081) ===

<-- Respuesta cruda: $CFG,ACK,LOGREAD,4059,2026-07-30 14:34:58,SEND_OK,0,0
*** Trama sin '*CRC' reconocible. ***

=== Registro 4060 (4061/4081) ===

<-- Respuesta cruda: $CFG,ACK,LOGREAD,4060,2026-07-30 14:34:58,SERVER_ACK,48,0
*** Trama sin '*CRC' reconocible. ***

=== Registro 4061 (4062/4081) ===

<-- Respuesta cruda: $CFG,BAD_CRC,LOGREAD,4061,2026-07-30 14:35:05,HEARTBEAT_RECEIVED,0,0
*** Trama sin '*CRC' reconocible. ***

=== Registro 4062 (4063/4081) ===

<-- Respuesta cruda: $CFG,BAD_CRC,LOGREAD,4062,0000-00-171 36:35:58,SEND_OK,0,0
*** Trama sin '*CRC' reconocible. ***

=== Registro 4063 (4064/4081) ===

<-- Respuesta cruda: $CFG,ACK,LOGREAD,4063,2026-07-30 14:35:58,SERVER_ACK,48,0
*** Trama sin '*CRC' reconocible. ***

=== Registro 4064 (4065/4081) ===

<-- Respuesta cruda: $CFG,ACK,LOGREAD,4064,2026-07-30 14:36:08,HEARTBEAT_RECEIVED,0,0
*** Trama sin '*CRC' reconocible. ***

=== Registro 4065 (4066/4081) ===

<-- Respuesta cruda: $CFG,ACK,LOGREAD,4065,2026-07-30 14:36:58,SEND_OK,0,0
*** Trama sin '*CRC' reconocible. ***

=== Registro 4066 (4067/4081) ===

<-- Respuesta cruda: $CFG,ACK,LOGREAD,4066,2026-07-30 14:36:59,SERVER_ACK,48,0
*** Trama sin '*CRC' reconocible. ***

=== Registro 4067 (4068/4081) ===

<-- Respuesta cruda: $CFG,ACK,LOGREAD,4067,2026-07-30 14:37:10,HEARTBEAT_RECEIVED,0,0
*** Trama sin '*CRC' reconocible. ***

=== Registro 4068 (4069/4081) ===

<-- Respuesta cruda: $CFG,BAD_CRC,LOGREAD,4068,2026-07-30 14:37:58,SEND_OK,1178281728,12288
*** Trama sin '*CRC' reconocible. ***

=== Registro 4069 (4070/4081) ===

<-- Respuesta cruda: $CFG,BAD_CRC,LOGREAD,4069,0000-00-85 99:37:59,SERVER_ACK,48,0
*** Trama sin '*CRC' reconocible. ***

=== Registro 4070 (4071/4081) ===

<-- Respuesta cruda: $CFG,ACK,LOGREAD,4070,2026-07-30 14:38:13,HEARTBEAT_RECEIVED,0,0
*** Trama sin '*CRC' reconocible. ***

=== Registro 4071 (4072/4081) ===

<-- Respuesta cruda: $CFG,ACK,LOGREAD,4071,2026-07-30 14:38:59,SEND_OK,0,0
*** Trama sin '*CRC' reconocible. ***

=== Registro 4072 (4073/4081) ===

<-- Respuesta cruda: $CFG,ACK,LOGREAD,4072,2026-07-30 14:38:59,SERVER_ACK,48,0
*** Trama sin '*CRC' reconocible. ***

=== Registro 4073 (4074/4081) ===

<-- Respuesta cruda: $CFG,ACK,LOGREAD,4073,2026-07-30 14:39:16,HEARTBEAT_RECEIVED,0,0
*** Trama sin '*CRC' reconocible. ***

=== Registro 4074 (4075/4081) ===

<-- Respuesta cruda: $CFG,ACK,LOGREAD,4074,2026-07-30 14:39:59,SEND_OK,0,0
*** Trama sin '*CRC' reconocible. ***

=== Registro 4075 (4076/4081) ===

<-- Respuesta cruda: $CFG,BAD_CRC,LOGREAD,4075,2026-07-30 14:255:255,UNKNOWN,4294967295,4294967295
*** Trama sin '*CRC' reconocible. ***

=== Registro 4076 (4077/4081) ===

<-- Respuesta cruda: $CFG,ACK,LOGREAD,4076,2026-07-30 14:40:20,HEARTBEAT_RECEIVED,0,0
*** Trama sin '*CRC' reconocible. ***

=== Registro 4077 (4078/4081) ===

<-- Respuesta cruda: $CFG,ACK,LOGREAD,4077,2026-07-30 14:40:59,SEND_OK,0,0
*** Trama sin '*CRC' reconocible. ***

=== Registro 4078 (4079/4081) ===

<-- Respuesta cruda: $CFG,ACK,LOGREAD,4078,2026-07-30 14:40:59,SERVER_ACK,48,0
*** Trama sin '*CRC' reconocible. ***

=== Registro 4079 (4080/4081) ===

<-- Respuesta cruda: $CFG,ACK,LOGREAD,4079,2026-07-30 14:41:50,RS232_TIMEOUT,0,0
*** Trama sin '*CRC' reconocible. ***

=== Registro 4080 (4081/4081) ===

<-- Respuesta cruda: $CFG,ERROR,LOGINDEX*5252
ERROR -> Log Index fuera de rango

--- Fin del rango: 0 OK, 1 error(es), 0 timeout(s) de 4081 solicitados ---

==================== BKP-A7670SA - Configuración ====================
 1) Leer configuración
 2) Escribir configuración
 3) Guardar en FLASH
 4) Restaurar valores de fábrica
 5) Reiniciar STM32
 6) Reiniciar BKP-A7670SA (módem)
 7) Información del LOG
 8) Lectura del LOG
 9) Borrado del LOG
10) Salir
11) Conectar
12) Exit (volver a modo NORMAL)
13) Leer rango de registros de LOG
=======================================================================

Seleccione una opción: 
--- Exit (volver a modo NORMAL) ---
Ingrese los 4 dígitos de password de configuración: 
<-- Respuesta cruda: [MODO] NORMAL

[HB-RX] @@HB[2800][0x02][0x1B][0xFE][0x00][0x1B]

[RS232-ACK] enviado, status=0

[HB-RX] @@HB[2800][0x02][0x1B][0xFE][0x00][0x1B]

[RS232-ACK] enviado, status=0

[HB-RX] @@HB[2800][0x02][0x1B][0xFE][0x00][0x1B]

[RS232-ACK] enviado, status=0
El equipo volvió a modo NORMAL.

==================== BKP-A7670SA - Configuración ====================
 1) Leer configuración
 2) Escribir configuración
 3) Guardar en FLASH
 4) Restaurar valores de fábrica
 5) Reiniciar STM32
 6) Reiniciar BKP-A7670SA (módem)
 7) Información del LOG
 8) Lectura del LOG
 9) Borrado del LOG
10) Salir
11) Conectar
12) Exit (volver a modo NORMAL)
13) Leer rango de registros de LOG
=======================================================================

Seleccione una opción: 
Cerrando conexión y saliendo del script.
(Esto solo cierra el puerto serie local; el equipo permanece en el modo en que estaba. Usar la opción 12 si querés que el equipo confirme la vuelta a modo NORMAL antes de salir.)
