Abriendo /dev/ttyACM0 @ 9600 bps...

==================== BKP-A7670SA - Configuración ====================
 1) Leer configuración
 2) Escribir configuración
 3) Guardar en FLASH
 4) Restaurar valores de fábrica
 5) Reiniciar STM32
 6) Reiniciar BKP-A7670SA (módem)
 7) Información del LOG
 8) Lectura del LOG
 9) Borrado del LOG
10) Salir
11) Conectar
12) Exit (volver a modo NORMAL)
13) Leer rango de registros de LOG
=======================================================================

Seleccione una opción: 
--- Conectar ---

<-- Respuesta cruda: [MODO] CONFIG
Conectado.

==================== BKP-A7670SA - Configuración ====================
 1) Leer configuración
 2) Escribir configuración
 3) Guardar en FLASH
 4) Restaurar valores de fábrica
 5) Reiniciar STM32
 6) Reiniciar BKP-A7670SA (módem)
 7) Información del LOG
 8) Lectura del LOG
 9) Borrado del LOG
10) Salir
11) Conectar
12) Exit (volver a modo NORMAL)
13) Leer rango de registros de LOG
=======================================================================

Seleccione una opción: 
--- Información del LOG ---
Ingrese los 4 dígitos de password de configuración: 
<-- Respuesta cruda: $CFG,ACK,LOGINFO,4080,14
*** Trama sin '*CRC' reconocible. ***

==================== BKP-A7670SA - Configuración ====================
 1) Leer configuración
 2) Escribir configuración
 3) Guardar en FLASH
 4) Restaurar valores de fábrica
 5) Reiniciar STM32
 6) Reiniciar BKP-A7670SA (módem)
 7) Información del LOG
 8) Lectura del LOG
 9) Borrado del LOG
10) Salir
11) Conectar
12) Exit (volver a modo NORMAL)
13) Leer rango de registros de LOG
=======================================================================

Seleccione una opción: 
--- Lectura de rango de registros de LOG ---
Índice inicial: Índice final (>= 0): Ingrese los 4 dígitos de password de configuración: 
Leyendo 1001 registro(s), de 0 a 1000...

=== Registro 0 (1/1001) ===

<-- Respuesta cruda: $CFG,BAD_CRC,LOGREAD,0,7454-68-00 00:00:00,UNKNOWN,1459617792,117959307
*** Trama sin '*CRC' reconocible. ***

=== Registro 1 (2/1001) ===

<-- Respuesta cruda: $CFG,BAD_CRC,LOGREAD,1,7199-54-00 00:00:00,UNKNOWN,1610612736,117959249
*** Trama sin '*CRC' reconocible. ***

=== Registro 2 (3/1001) ===

<-- Respuesta cruda: $CFG,BAD_CRC,LOGREAD,2,7199-70-00 48:00:00,UNKNOWN,1023410176,117959368
*** Trama sin '*CRC' reconocible. ***

=== Registro 3 (4/1001) ===

<-- Respuesta cruda: $CFG,BAD_CRC,LOGREAD,3,8223-68-00 00:00:00,UNKNOWN,3841982464,117959260
*** Trama sin '*CRC' reconocible. ***

=== Registro 4 (5/1001) ===

<-- Respuesta cruda: $CFG,BAD_CRC,LOGREAD,4,7200-54-00 00:00:00,UNKNOWN,1929379840,117959195
*** Trama sin '*CRC' reconocible. ***

=== Registro 5 (6/1001) ===

<-- Respuesta cruda: $CFG,BAD_CRC,LOGREAD,5,7456-70-00 04:34:41,HEARTBEAT_RECEIVED,0,0
*** Trama sin '*CRC' reconocible. ***

=== Registro 6 (7/1001) ===

<-- Respuesta cruda: $CFG,BAD_CRC,LOGREAD,6,8992-68-00 00:00:00,UNKNOWN,201326592,117959278
*** Trama sin '*CRC' reconocible. ***

=== Registro 7 (8/1001) ===

<-- Respuesta cruda: $CFG,BAD_CRC,LOGREAD,7,7201-54-00 00:00:00,UNKNOWN,100663296,117959192
*** Trama sin '*CRC' reconocible. ***

=== Registro 8 (9/1001) ===

<-- Respuesta cruda: $CFG,BAD_CRC,LOGREAD,8,7457-70-00 48:00:00,UNKNOWN,301989888,117959257
*** Trama sin '*CRC' reconocible. ***

=== Registro 9 (10/1001) ===

<-- Respuesta cruda: $CFG,BAD_CRC,LOGREAD,9,9761-68-00 00:00:00,UNKNOWN,1996488704,117959396
*** Trama sin '*CRC' reconocible. ***

=== Registro 10 (11/1001) ===

<-- Respuesta cruda: $CFG,BAD_CRC,LOGREAD,10,7458-54-00 00:00:00,UNKNOWN,3489660928,117959365
*** Trama sin '*CRC' reconocible. ***

=== Registro 11 (12/1001) ===

<-- Respuesta cruda: $CFG,BAD_CRC,LOGREAD,11,7458-70-00 48:00:00,UNKNOWN,2365587456,117959260
*** Trama sin '*CRC' reconocible. ***

=== Registro 12 (13/1001) ===

<-- Respuesta cruda: $CFG,BAD_CRC,LOGREAD,12,0000-00-63 173:29:51,GPRS_READY,0,117959168
*** Trama sin '*CRC' reconocible. ***

=== Registro 13 (14/1001) ===

<-- Respuesta cruda: $CFG,BAD_CRC,LOGREAD,13,7459-54-00 00:00:00,UNKNOWN,2768240640,117959366
*** Trama sin '*CRC' reconocible. ***

=== Registro 14 (15/1001) ===

<-- Respuesta cruda: $CFG,BAD_CRC,LOGREAD,14,7459-70-00 48:00:00,UNKNOWN,4160749568,117959263
*** Trama sin '*CRC' reconocible. ***

=== Registro 15 (16/1001) ===

<-- Respuesta cruda: $CFG,BAD_CRC,LOGREAD,15,11299-68-00 00:00:00,UNKNOWN,2684354560,117959392
*** Trama sin '*CRC' reconocible. ***

=== Registro 16 (17/1001) ===

<-- Respuesta cruda: $CFG,BAD_CRC,LOGREAD,16,7460-54-00 00:00:00,UNKNOWN,3992977408,117959374
*** Trama sin '*CRC' reconocible. ***

=== Registro 17 (18/1001) ===

<-- Respuesta cruda: $CFG,BAD_CRC,LOGREAD,17,7460-70-00 48:00:00,UNKNOWN,3003121664,117959255
*** Trama sin '*CRC' reconocible. ***

=== Registro 18 (19/1001) ===

<-- Respuesta cruda: $CFG,BAD_CRC,LOGREAD,18,12068-68-00 00:00:00,UNKNOWN,285212672,0
*** Trama sin '*CRC' reconocible. ***

=== Registro 19 (20/1001) ===

<-- Respuesta cruda: $CFG,BAD_CRC,LOGREAD,19,7461-54-00 00:00:00,UNKNOWN,2600468480,117959373
*** Trama sin '*CRC' reconocible. ***

=== Registro 20 (21/1001) ===

<-- Respuesta cruda: $CFG,BAD_CRC,LOGREAD,20,7461-70-00 48:00:00,UNKNOWN,3321888768,117959252
*** Trama sin '*CRC' reconocible. ***

=== Registro 21 (22/1001) ===

<-- Respuesta cruda: $CFG,BAD_CRC,LOGREAD,21,12837-68-00 00:00:00,UNKNOWN,3640655872,117959405
*** Trama sin '*CRC' reconocible. ***

=== Registro 22 (23/1001) ===

<-- Respuesta cruda: $CFG,BAD_CRC,LOGREAD,22,7462-54-00 00:00:00,UNKNOWN,67108864,117959368
*** Trama sin '*CRC' reconocible. ***

=== Registro 23 (24/1001) ===

<-- Respuesta cruda: $CFG,BAD_CRC,LOGREAD,23,7462-70-00 48:00:00,UNKNOWN,1493172224,117959249
*** Trama sin '*CRC' reconocible. ***

=== Registro 24 (25/1001) ===

<-- Respuesta cruda: $CFG,BAD_CRC,LOGREAD,24,13606-68-00 00:00:00,UNKNOWN,4211081216,117959361
*** Trama sin '*CRC' reconocible. ***

=== Registro 25 (26/1001) ===

<-- Respuesta cruda: $CFG,BAD_CRC,LOGREAD,25,7463-54-00 00:00:00,UNKNOWN,48,0
*** Trama sin '*CRC' reconocible. ***

=== Registro 26 (27/1001) ===

<-- Respuesta cruda: $CFG,BAD_CRC,LOGREAD,26,7719-70-00 48:00:00,UNKNOWN,3590324224,117959210
*** Trama sin '*CRC' reconocible. ***

=== Registro 27 (28/1001) ===

<-- Respuesta cruda: $CFG,BAD_CRC,LOGREAD,27,14375-68-00 00:00:00,UNKNOWN,234881024,117959401
*** Trama sin '*CRC' reconocible. ***

=== Registro 28 (29/1001) ===

<-- Respuesta cruda: $CFG,BAD_CRC,LOGREAD,28,7464-54-00 00:00:00,UNKNOWN,2449473536,117959384
*** Trama sin '*CRC' reconocible. ***

=== Registro 29 (30/1001) ===

<-- Respuesta cruda: $CFG,BAD_CRC,LOGREAD,29,7720-70-00 48:00:00,UNKNOWN,889192448,117959225
*** Trama sin '*CRC' reconocible. ***

=== Registro 30 (31/1001) ===

<-- Respuesta cruda: $CFG,BAD_CRC,LOGREAD,30,15144-68-00 00:00:00,UNKNOWN,385875968,117959298
*** Trama sin '*CRC' reconocible. ***

=== Registro 31 (32/1001) ===

<-- Respuesta cruda: $CFG,BAD_CRC,LOGREAD,31,7721-54-00 00:00:00,UNKNOWN,486539264,117959331
*** Trama sin '*CRC' reconocible. ***

=== Registro 32 (33/1001) ===

<-- Respuesta cruda: $CFG,BAD_CRC,LOGREAD,32,7721-70-22 04:44:08,HEARTBEAT_RECEIVED,0,0
*** Trama sin '*CRC' reconocible. ***

=== Registro 33 (34/1001) ===

<-- Respuesta cruda: $CFG,BAD_CRC,LOGREAD,33,0554-68-00 00:00:00,UNKNOWN,2097152000,117959169
*** Trama sin '*CRC' reconocible. ***

=== Registro 34 (35/1001) ===

<-- Respuesta cruda: $CFG,BAD_CRC,LOGREAD,34,7722-54-00 00:00:00,UNKNOWN,2181038080,117959334
*** Trama sin '*CRC' reconocible. ***

=== Registro 35 (36/1001) ===

<-- Respuesta cruda: $CFG,BAD_CRC,LOGREAD,35,7722-70-00 48:00:00,UNKNOWN,3741319168,117959231
*** Trama sin '*CRC' reconocible. ***

=== Registro 36 (37/1001) ===

<-- Respuesta cruda: $CFG,BAD_CRC,LOGREAD,36,1323-68-00 00:00:00,UNKNOWN,3036676096,117959211
*** Trama sin '*CRC' reconocible. ***

=== Registro 37 (38/1001) ===

<-- Respuesta cruda: $CFG,BAD_CRC,LOGREAD,37,7723-54-00 00:00:00,UNKNOWN,4143972352,117959333
*** Trama sin '*CRC' reconocible. ***

=== Registro 38 (39/1001) ===

<-- Respuesta cruda: $CFG,BAD_CRC,LOGREAD,38,7723-70-00 48:00:00,UNKNOWN,2852126720,117959228
*** Trama sin '*CRC' reconocible. ***

=== Registro 39 (40/1001) ===

<-- Respuesta cruda: $CFG,BAD_CRC,LOGREAD,39,0000-00-147 112:35:13,SERVER_ACK,48,117959168
*** Trama sin '*CRC' reconocible. ***

=== Registro 40 (41/1001) ===

<-- Respuesta cruda: $CFG,BAD_CRC,LOGREAD,40,7724-54-00 00:00:00,UNKNOWN,3154116608,117959341
*** Trama sin '*CRC' reconocible. ***

=== Registro 41 (42/1001) ===

<-- Respuesta cruda: $CFG,BAD_CRC,LOGREAD,41,7724-70-00 48:00:00,UNKNOWN,3774873600,117959220
*** Trama sin '*CRC' reconocible. ***

=== Registro 42 (43/1001) ===

<-- Respuesta cruda: $CFG,BAD_CRC,LOGREAD,42,2861-68-00 00:00:00,UNKNOWN,4043309056,117959283
*** Trama sin '*CRC' reconocible. ***

=== Registro 43 (44/1001) ===

<-- Respuesta cruda: $CFG,BAD_CRC,LOGREAD,43,7725-54-00 00:00:00,UNKNOWN,3372220416,117959342
*** Trama sin '*CRC' reconocible. ***

=== Registro 44 (45/1001) ===

<-- Respuesta cruda: $CFG,BAD_CRC,LOGREAD,44,7981-70-00 48:00:00,UNKNOWN,3707764736,117959407
*** Trama sin '*CRC' reconocible. ***

=== Registro 45 (46/1001) ===

<-- Respuesta cruda: $CFG,BAD_CRC,LOGREAD,45,3630-68-00 00:00:00,UNKNOWN,0,0
*** Trama sin '*CRC' reconocible. ***

=== Registro 46 (47/1001) ===

<-- Respuesta cruda: $CFG,BAD_CRC,LOGREAD,46,7726-54-00 00:00:00,UNKNOWN,1442840576,117959339
*** Trama sin '*CRC' reconocible. ***

=== Registro 47 (48/1001) ===

<-- Respuesta cruda: $CFG,BAD_CRC,LOGREAD,47,7982-70-00 48:00:00,UNKNOWN,1107296256,117959402
*** Trama sin '*CRC' reconocible. ***

=== Registro 48 (49/1001) ===

<-- Respuesta cruda: $CFG,BAD_CRC,LOGREAD,48,4399-68-00 00:00:00,UNKNOWN,452984832,117959202
*** Trama sin '*CRC' reconocible. ***

=== Registro 49 (50/1001) ===

<-- Respuesta cruda: $CFG,BAD_CRC,LOGREAD,49,7983-54-00 00:00:00,UNKNOWN,1778384896,117959280
*** Trama sin '*CRC' reconocible. ***

=== Registro 50 (51/1001) ===

<-- Respuesta cruda: $CFG,BAD_CRC,LOGREAD,50,7983-70-00 48:00:00,UNKNOWN,922746880,117959401
*** Trama sin '*CRC' reconocible. ***

=== Registro 51 (52/1001) ===

<-- Respuesta cruda: $CFG,BAD_CRC,LOGREAD,51,5168-68-00 00:00:00,UNKNOWN,2785017856,117959311
*** Trama sin '*CRC' reconocible. ***

=== Registro 52 (53/1001) ===

<-- Respuesta cruda: $CFG,BAD_CRC,LOGREAD,52,7984-54-00 00:00:00,SERVER_ACK,48,0
*** Trama sin '*CRC' reconocible. ***

=== Registro 53 (54/1001) ===

<-- Respuesta cruda: $CFG,BAD_CRC,LOGREAD,53,7984-70-00 48:00:00,UNKNOWN,2214592512,117959373
*** Trama sin '*CRC' reconocible. ***

=== Registro 54 (55/1001) ===

<-- Respuesta cruda: $CFG,BAD_CRC,LOGREAD,54,5937-68-00 00:00:00,UNKNOWN,687865856,117959412
*** Trama sin '*CRC' reconocible. ***

=== Registro 55 (56/1001) ===

<-- Respuesta cruda: $CFG,BAD_CRC,LOGREAD,55,7985-54-00 00:00:00,UNKNOWN,2885681152,117959255
*** Trama sin '*CRC' reconocible. ***

=== Registro 56 (57/1001) ===

<-- Respuesta cruda: $CFG,BAD_CRC,LOGREAD,56,7985-70-00 48:00:00,UNKNOWN,4043309056,117959374
*** Trama sin '*CRC' reconocible. ***

=== Registro 57 (58/1001) ===

<-- Respuesta cruda: $CFG,BAD_CRC,LOGREAD,57,6706-68-00 00:00:00,UNKNOWN,905969664,117959386
*** Trama sin '*CRC' reconocible. ***

=== Registro 58 (59/1001) ===

<-- Respuesta cruda: $CFG,BAD_CRC,LOGREAD,58,7986-54-00 00:00:00,UNKNOWN,855638016,117959250
*** Trama sin '*CRC' reconocible. ***

=== Registro 59 (60/1001) ===

<-- Respuesta cruda: $CFG,BAD_CRC,LOGREAD,59,7986-07-22 04:53:31,SEND_OK,0,0
*** Trama sin '*CRC' reconocible. ***

=== Registro 60 (61/1001) ===

<-- Respuesta cruda: $CFG,BAD_CRC,LOGREAD,60,7475-68-00 00:00:00,UNKNOWN,4261412864,117959408
*** Trama sin '*CRC' reconocible. ***

=== Registro 61 (62/1001) ===

<-- Respuesta cruda: $CFG,BAD_CRC,LOGREAD,61,7987-54-00 00:00:00,UNKNOWN,1174405120,117959249
*** Trama sin '*CRC' reconocible. ***

=== Registro 62 (63/1001) ===

<-- Respuesta cruda: $CFG,BAD_CRC,LOGREAD,62,7987-70-00 48:00:00,UNKNOWN,452984832,117959368
*** Trama sin '*CRC' reconocible. ***

=== Registro 63 (64/1001) ===

<-- Respuesta cruda: $CFG,BAD_CRC,LOGREAD,63,7988-54-00 00:00:00,UNKNOWN,218103808,117959257
*** Trama sin '*CRC' reconocible. ***

=== Registro 64 (65/1001) ===

<-- Respuesta cruda: $CFG,BAD_CRC,LOGREAD,64,7988-70-00 48:00:00,UNKNOWN,1342177280,117959360
*** Trama sin '*CRC' reconocible. ***

=== Registro 65 (66/1001) ===

<-- Respuesta cruda: $CFG,BAD_CRC,LOGREAD,65,8244-68-00 00:00:00,UNKNOWN,1912602624,518700
*** Trama sin '*CRC' reconocible. ***

=== Registro 66 (67/1001) ===

<-- Respuesta cruda: $CFG,BAD_CRC,LOGREAD,66,0000-00-124 195:43:36,SERVER_ACK,48,117959168
*** Trama sin '*CRC' reconocible. ***

=== Registro 67 (68/1001) ===

<-- Respuesta cruda: $CFG,BAD_CRC,LOGREAD,67,8245-70-00 48:00:00,UNKNOWN,1358954496,117959351
*** Trama sin '*CRC' reconocible. ***

=== Registro 68 (69/1001) ===

<-- Respuesta cruda: $CFG,BAD_CRC,LOGREAD,68,9013-68-00 00:00:00,UNKNOWN,4244635648,117959255
*** Trama sin '*CRC' reconocible. ***

=== Registro 69 (70/1001) ===

<-- Respuesta cruda: $CFG,BAD_CRC,LOGREAD,69,8246-54-00 00:00:00,UNKNOWN,2466250752,117959211
*** Trama sin '*CRC' reconocible. ***

=== Registro 70 (71/1001) ===

<-- Respuesta cruda: $CFG,BAD_CRC,LOGREAD,70,8246-70-00 48:00:00,UNKNOWN,3456106496,117959346
*** Trama sin '*CRC' reconocible. ***

=== Registro 71 (72/1001) ===

<-- Respuesta cruda: $CFG,BAD_CRC,LOGREAD,71,9782-68-00 00:00:00,UNKNOWN,1811939328,117959387
*** Trama sin '*CRC' reconocible. ***

=== Registro 72 (73/1001) ===

<-- Respuesta cruda: $CFG,BAD_CRC,LOGREAD,72,8247-54-00 00:00:00,UNKNOWN,0,0
*** Trama sin '*CRC' reconocible. ***

=== Registro 73 (74/1001) ===

<-- Respuesta cruda: $CFG,BAD_CRC,LOGREAD,73,8247-70-00 48:00:00,UNKNOWN,3137339392,117959345
*** Trama sin '*CRC' reconocible. ***

=== Registro 74 (75/1001) ===

<-- Respuesta cruda: $CFG,BAD_CRC,LOGREAD,74,10551-68-00 00:00:00,UNKNOWN,704643072,117959251
*** Trama sin '*CRC' reconocible. ***

=== Registro 75 (76/1001) ===

<-- Respuesta cruda: $CFG,BAD_CRC,LOGREAD,75,8248-54-00 00:00:00,UNKNOWN,83886080,117959227
*** Trama sin '*CRC' reconocible. ***

=== Registro 76 (77/1001) ===

<-- Respuesta cruda: $CFG,BAD_CRC,LOGREAD,76,8248-70-00 48:00:00,UNKNOWN,1476395008,117959330
*** Trama sin '*CRC' reconocible. ***

=== Registro 77 (78/1001) ===

<-- Respuesta cruda: $CFG,BAD_CRC,LOGREAD,77,11320-68-00 00:00:00,UNKNOWN,3338665984,117959369
*** Trama sin '*CRC' reconocible. ***

=== Registro 78 (79/1001) ===

<-- Respuesta cruda: $CFG,BAD_CRC,LOGREAD,78,8249-54-00 00:00:00,UNKNOWN,1879048192,117959224
*** Trama sin '*CRC' reconocible. ***

=== Registro 79 (80/1001) ===

<-- Respuesta cruda: $CFG,BAD_CRC,LOGREAD,79,8249-70-00 48:00:53,HEARTBEAT_RECEIVED,0,0
*** Trama sin '*CRC' reconocible. ***

=== Registro 80 (81/1001) ===

<-- Respuesta cruda: $CFG,BAD_CRC,LOGREAD,80,12089-68-00 00:00:00,UNKNOWN,1207959552,117959346
*** Trama sin '*CRC' reconocible. ***

=== Registro 81 (82/1001) ===

<-- Respuesta cruda: $CFG,BAD_CRC,LOGREAD,81,8250-54-00 00:00:00,UNKNOWN,4009754624,117959229
*** Trama sin '*CRC' reconocible. ***

=== Registro 82 (83/1001) ===

<-- Respuesta cruda: $CFG,BAD_CRC,LOGREAD,82,8250-70-00 48:00:00,UNKNOWN,2986344448,117959332
*** Trama sin '*CRC' reconocible. ***

=== Registro 83 (84/1001) ===

<-- Respuesta cruda: $CFG,BAD_CRC,LOGREAD,83,12858-68-00 00:00:00,UNKNOWN,1778384896,117959369
*** Trama sin '*CRC' reconocible. ***

=== Registro 84 (85/1001) ===

<-- Respuesta cruda: $CFG,BAD_CRC,LOGREAD,84,8251-54-00 00:00:00,UNKNOWN,2583691264,117959230
*** Trama sin '*CRC' reconocible. ***

=== Registro 85 (86/1001) ===

<-- Respuesta cruda: $CFG,BAD_CRC,LOGREAD,85,8507-70-00 48:00:00,UNKNOWN,2382364672,117959295
*** Trama sin '*CRC' reconocible. ***

=== Registro 86 (87/1001) ===

<-- Respuesta cruda: $CFG,BAD_CRC,LOGREAD,86,1851-07-22 05:02:33,SEND_OK,0,0
*** Trama sin '*CRC' reconocible. ***

=== Registro 87 (88/1001) ===

<-- Respuesta cruda: $CFG,BAD_CRC,LOGREAD,87,8192-54-00 00:00:00,UNKNOWN,1040187392,117959228
*** Trama sin '*CRC' reconocible. ***

=== Registro 88 (89/1001) ===

<-- Respuesta cruda: $CFG,BAD_CRC,LOGREAD,88,8448-70-00 48:00:00,UNKNOWN,704643072,117959293
*** Trama sin '*CRC' reconocible. ***

=== Registro 89 (90/1001) ===

<-- Respuesta cruda: $CFG,BAD_CRC,LOGREAD,89,14336-68-00 00:00:00,UNKNOWN,2248146944,117959370
*** Trama sin '*CRC' reconocible. ***

=== Registro 90 (91/1001) ===

<-- Respuesta cruda: $CFG,BAD_CRC,LOGREAD,90,8449-54-00 00:00:00,UNKNOWN,33554432,117959399
*** Trama sin '*CRC' reconocible. ***

=== Registro 91 (92/1001) ===

<-- Respuesta cruda: $CFG,BAD_CRC,LOGREAD,91,8449-70-00 48:00:00,UNKNOWN,1593835520,117959294
*** Trama sin '*CRC' reconocible. ***

=== Registro 92 (93/1001) ===

<-- Respuesta cruda: $CFG,BAD_CRC,LOGREAD,92,15105-68-00 00:00:00,UNKNOWN,150994944,60081
*** Trama sin '*CRC' reconocible. ***

=== Registro 93 (94/1001) ===

<-- Respuesta cruda: $CFG,BAD_CRC,LOGREAD,93,0000-00-168 74:52:37,SERVER_ACK,48,117959168
*** Trama sin '*CRC' reconocible. ***

=== Registro 94 (95/1001) ===

<-- Respuesta cruda: $CFG,BAD_CRC,LOGREAD,94,8450-70-00 48:00:00,UNKNOWN,3221225472,117959291
*** Trama sin '*CRC' reconocible. ***

=== Registro 95 (96/1001) ===

<-- Respuesta cruda: $CFG,BAD_CRC,LOGREAD,95,0515-68-00 00:00:00,UNKNOWN,1660944384,117959218
*** Trama sin '*CRC' reconocible. ***

=== Registro 96 (97/1001) ===

<-- Respuesta cruda: $CFG,BAD_CRC,LOGREAD,96,8451-54-00 00:00:00,UNKNOWN,3892314112,117959393
*** Trama sin '*CRC' reconocible. ***

=== Registro 97 (98/1001) ===

<-- Respuesta cruda: $CFG,BAD_CRC,LOGREAD,97,8451-70-00 48:00:00,UNKNOWN,3036676096,117959288
*** Trama sin '*CRC' reconocible. ***

=== Registro 98 (99/1001) ===

<-- Respuesta cruda: $CFG,BAD_CRC,LOGREAD,98,1284-68-00 00:00:00,UNKNOWN,2499805184,117959187
*** Trama sin '*CRC' reconocible. ***

=== Registro 99 (100/1001) ===

<-- Respuesta cruda: $CFG,BAD_CRC,LOGREAD,99,8452-54-00 00:00:00,UNKNOWN,0,0
*** Trama sin '*CRC' reconocible. ***

=== Registro 100 (101/1001) ===

<-- Respuesta cruda: $CFG,BAD_CRC,LOGREAD,100,8452-70-00 48:00:00,UNKNOWN,4261412864,117959280
*** Trama sin '*CRC' reconocible. ***

=== Registro 101 (102/1001) ===

<-- Respuesta cruda: $CFG,BAD_CRC,LOGREAD,101,2053-68-00 00:00:00,UNKNOWN,1610612736,117959227
*** Trama sin '*CRC' reconocible. ***

=== Registro 102 (103/1001) ===

<-- Respuesta cruda: $CFG,BAD_CRC,LOGREAD,102,8453-54-00 00:00:00,UNKNOWN,3590324224,117959402
*** Trama sin '*CRC' reconocible. ***

=== Registro 103 (104/1001) ===

<-- Respuesta cruda: $CFG,BAD_CRC,LOGREAD,103,8453-70-00 48:00:00,UNKNOWN,2332033024,117959283
*** Trama sin '*CRC' reconocible. ***

=== Registro 104 (105/1001) ===

<-- Respuesta cruda: $CFG,BAD_CRC,LOGREAD,104,2822-68-00 00:00:00,UNKNOWN,83886080,117959238
*** Trama sin '*CRC' reconocible. ***

=== Registro 105 (106/1001) ===

<-- Respuesta cruda: $CFG,BAD_CRC,LOGREAD,105,8454-54-00 00:00:00,UNKNOWN,1224736768,117959407
*** Trama sin '*CRC' reconocible. ***

=== Registro 106 (107/1001) ===

<-- Respuesta cruda: $CFG,BAD_CRC,LOGREAD,106,8710-70-00 48:09:20,HEARTBEAT_RECEIVED,0,0
*** Trama sin '*CRC' reconocible. ***

=== Registro 107 (108/1001) ===

<-- Respuesta cruda: $CFG,BAD_CRC,LOGREAD,107,3591-68-00 00:00:00,UNKNOWN,2113929216,117959372
*** Trama sin '*CRC' reconocible. ***

=== Registro 108 (109/1001) ===

<-- Respuesta cruda: $CFG,BAD_CRC,LOGREAD,108,8455-54-00 00:00:00,UNKNOWN,1006632960,117959404
*** Trama sin '*CRC' reconocible. ***

=== Registro 109 (110/1001) ===

<-- Respuesta cruda: $CFG,BAD_CRC,LOGREAD,109,8711-70-00 48:00:00,UNKNOWN,2600468480,117959181
*** Trama sin '*CRC' reconocible. ***

=== Registro 110 (111/1001) ===

<-- Respuesta cruda: $CFG,BAD_CRC,LOGREAD,110,4360-68-00 00:00:00,UNKNOWN,2466250752,117959169
*** Trama sin '*CRC' reconocible. ***

=== Registro 111 (112/1001) ===

<-- Respuesta cruda: $CFG,BAD_CRC,LOGREAD,111,8712-54-00 00:00:00,UNKNOWN,620756992,117959303
*** Trama sin '*CRC' reconocible. ***

=== Registro 112 (113/1001) ===

<-- Respuesta cruda: $CFG,BAD_CRC,LOGREAD,112,8712-70-00 48:00:00,UNKNOWN,2013265920,117959198
*** Trama sin '*CRC' reconocible. ***

=== Registro 113 (114/1001) ===

<-- Respuesta cruda: $CFG,BAD_CRC,LOGREAD,113,0000-00-57 134:59:38,SERVER_ACK,48,117959168
*** Trama sin '*CRC' reconocible. ***

=== Registro 114 (115/1001) ===

<-- Respuesta cruda: $CFG,BAD_CRC,LOGREAD,114,8713-54-00 00:00:00,UNKNOWN,1342177280,117959300
*** Trama sin '*CRC' reconocible. ***

=== Registro 115 (116/1001) ===

<-- Respuesta cruda: $CFG,BAD_CRC,LOGREAD,115,8713-70-00 48:00:00,UNKNOWN,218103808,117959197
*** Trama sin '*CRC' reconocible. ***

=== Registro 116 (117/1001) ===

<-- Respuesta cruda: $CFG,BAD_CRC,LOGREAD,116,5898-68-00 00:00:00,UNKNOWN,2365587456,117959414
*** Trama sin '*CRC' reconocible. ***

=== Registro 117 (118/1001) ===

<-- Respuesta cruda: $CFG,BAD_CRC,LOGREAD,117,8714-54-00 00:00:00,UNKNOWN,3472883712,117959297
*** Trama sin '*CRC' reconocible. ***

=== Registro 118 (119/1001) ===

<-- Respuesta cruda: $CFG,BAD_CRC,LOGREAD,118,8714-70-00 48:00:00,UNKNOWN,2449473536,117959192
*** Trama sin '*CRC' reconocible. ***

=== Registro 119 (120/1001) ===

<-- Respuesta cruda: $CFG,BAD_CRC,LOGREAD,119,6667-68-00 00:00:00,UNKNOWN,2013265920,222
*** Trama sin '*CRC' reconocible. ***

=== Registro 120 (121/1001) ===

<-- Respuesta cruda: $CFG,BAD_CRC,LOGREAD,120,8715-54-00 00:00:00,UNKNOWN,3120562176,117959298
*** Trama sin '*CRC' reconocible. ***

=== Registro 121 (122/1001) ===

<-- Respuesta cruda: $CFG,BAD_CRC,LOGREAD,121,8715-70-00 48:00:00,UNKNOWN,3875536896,117959195
*** Trama sin '*CRC' reconocible. ***

=== Registro 122 (123/1001) ===

<-- Respuesta cruda: $CFG,BAD_CRC,LOGREAD,122,7436-68-00 00:00:00,UNKNOWN,2382364672,117959423
*** Trama sin '*CRC' reconocible. ***

=== Registro 123 (124/1001) ===

<-- Respuesta cruda: $CFG,BAD_CRC,LOGREAD,123,8716-54-00 00:00:00,UNKNOWN,4043309056,117959306
*** Trama sin '*CRC' reconocible. ***

=== Registro 124 (125/1001) ===

<-- Respuesta cruda: $CFG,BAD_CRC,LOGREAD,124,8716-70-00 48:00:00,UNKNOWN,2885681152,117959187
*** Trama sin '*CRC' reconocible. ***

=== Registro 125 (126/1001) ===

<-- Respuesta cruda: $CFG,BAD_CRC,LOGREAD,125,8205-68-00 00:00:00,UNKNOWN,1006632960,117959208
*** Trama sin '*CRC' reconocible. ***

=== Registro 126 (127/1001) ===

<-- Respuesta cruda: $CFG,BAD_CRC,LOGREAD,126,8717-54-00 00:00:00,UNKNOWN,0,0
*** Trama sin '*CRC' reconocible. ***

=== Registro 127 (128/1001) ===

<-- Respuesta cruda: $CFG,BAD_CRC,LOGREAD,127,8718-54-00 00:00:00,UNKNOWN,452984832,117959308
*** Trama sin '*CRC' reconocible. ***

=== Registro 128 (129/1001) ===

<-- Respuesta cruda: $CFG,BAD_CRC,LOGREAD,128,8974-70-00 48:00:00,UNKNOWN,251658240,117959373
*** Trama sin '*CRC' reconocible. ***

=== Registro 129 (130/1001) ===

<-- Respuesta cruda: $CFG,BAD_CRC,LOGREAD,129,8974-68-00 00:00:00,UNKNOWN,1493172224,117959253
*** Trama sin '*CRC' reconocible. ***

=== Registro 130 (131/1001) ===

<-- Respuesta cruda: $CFG,BAD_CRC,LOGREAD,130,8975-54-00 00:00:00,UNKNOWN,654311424,117959255
*** Trama sin '*CRC' reconocible. ***

=== Registro 131 (132/1001) ===

<-- Respuesta cruda: $CFG,BAD_CRC,LOGREAD,131,8975-70-00 48:00:00,UNKNOWN,2046820352,117959374
*** Trama sin '*CRC' reconocible. ***

=== Registro 132 (133/1001) ===

<-- Respuesta cruda: $CFG,BAD_CRC,LOGREAD,132,9743-68-00 00:00:00,UNKNOWN,570425344,117959391
*** Trama sin '*CRC' reconocible. ***

=== Registro 133 (134/1001) ===

<-- Respuesta cruda: $CFG,BAD_CRC,LOGREAD,133,8976-54-00 05:18:47,HEARTBEAT_RECEIVED,0,0
*** Trama sin '*CRC' reconocible. ***

=== Registro 134 (135/1001) ===

<-- Respuesta cruda: $CFG,BAD_CRC,LOGREAD,134,8976-70-00 48:00:00,UNKNOWN,3372220416,117959402
*** Trama sin '*CRC' reconocible. ***

=== Registro 135 (136/1001) ===

<-- Respuesta cruda: $CFG,BAD_CRC,LOGREAD,135,10512-68-00 00:00:00,UNKNOWN,2717908992,117959280
*** Trama sin '*CRC' reconocible. ***

=== Registro 136 (137/1001) ===

<-- Respuesta cruda: $CFG,BAD_CRC,LOGREAD,136,8977-54-00 00:00:00,UNKNOWN,3774873600,117959280
*** Trama sin '*CRC' reconocible. ***

=== Registro 137 (138/1001) ===

<-- Respuesta cruda: $CFG,BAD_CRC,LOGREAD,137,8977-70-00 48:00:00,UNKNOWN,3154116608,117959401
*** Trama sin '*CRC' reconocible. ***

=== Registro 138 (139/1001) ===

<-- Respuesta cruda: $CFG,BAD_CRC,LOGREAD,138,11281-68-00 00:00:00,UNKNOWN,3640655872,117959418
*** Trama sin '*CRC' reconocible. ***

=== Registro 139 (140/1001) ===

<-- Respuesta cruda: $CFG,BAD_CRC,LOGREAD,139,8978-54-00 00:00:00,UNKNOWN,2113929216,117959285
*** Trama sin '*CRC' reconocible. ***

=== Registro 140 (141/1001) ===

<-- Respuesta cruda: $CFG,BAD_CRC,LOGREAD,140,0000-00-61 19:08:40,SERVER_ACK,48,117959168
*** Trama sin '*CRC' reconocible. ***

=== Registro 141 (142/1001) ===

<-- Respuesta cruda: $CFG,BAD_CRC,LOGREAD,141,8979-54-00 00:00:00,UNKNOWN,184549376,117959286
*** Trama sin '*CRC' reconocible. ***

=== Registro 142 (143/1001) ===

<-- Respuesta cruda: $CFG,BAD_CRC,LOGREAD,142,8979-70-00 48:00:00,UNKNOWN,1442840576,117959407
*** Trama sin '*CRC' reconocible. ***

=== Registro 143 (144/1001) ===

<-- Respuesta cruda: $CFG,BAD_CRC,LOGREAD,143,4372-65-00 00:00:00,UNKNOWN,3472883712,117959394
*** Trama sin '*CRC' reconocible. ***

=== Registro 144 (145/1001) ===

<-- Respuesta cruda: $CFG,BAD_CRC,LOGREAD,144,8980-54-00 00:00:00,UNKNOWN,1073741824,117959294
*** Trama sin '*CRC' reconocible. ***

=== Registro 145 (146/1001) ===

<-- Respuesta cruda: $CFG,BAD_CRC,LOGREAD,145,9236-70-00 48:00:00,UNKNOWN,2684354560,117959374
*** Trama sin '*CRC' reconocible. ***

=== Registro 146 (147/1001) ===

<-- Respuesta cruda: $CFG,BAD_CRC,LOGREAD,146,1813-67-00 00:00:00,UNKNOWN,4177526784,0
*** Trama sin '*CRC' reconocible. ***

=== Registro 147 (148/1001) ===

<-- Respuesta cruda: $CFG,BAD_CRC,LOGREAD,147,1813-66-00 00:00:00,UNKNOWN,3154116608,117959412
*** Trama sin '*CRC' reconocible. ***

=== Registro 148 (149/1001) ===

<-- Respuesta cruda: $CFG,BAD_CRC,LOGREAD,148,1813-54-00 00:00:00,UNKNOWN,134217728,117959302
*** Trama sin '*CRC' reconocible. ***

=== Registro 149 (150/1001) ===

<-- Respuesta cruda: $CFG,BAD_CRC,LOGREAD,149,2069-70-00 48:00:00,UNKNOWN,1711276032,117959316
*** Trama sin '*CRC' reconocible. ***

=== Registro 150 (151/1001) ===

<-- Respuesta cruda: $CFG,BAD_CRC,LOGREAD,150,2069-70-00 00:00:00,UNKNOWN,3120562176,117959378
*** Trama sin '*CRC' reconocible. ***

=== Registro 151 (152/1001) ===

<-- Respuesta cruda: $CFG,BAD_CRC,LOGREAD,151,14613-67-00 00:00:00,UNKNOWN,3288334336,117959223
*** Trama sin '*CRC' reconocible. ***

=== Registro 152 (153/1001) ===

<-- Respuesta cruda: $CFG,BAD_CRC,LOGREAD,152,14613-54-00 00:00:00,UNKNOWN,889192448,117959210
*** Trama sin '*CRC' reconocible. ***

=== Registro 153 (154/1001) ===

<-- Respuesta cruda: $CFG,BAD_CRC,LOGREAD,153,14869-70-00 48:00:00,UNKNOWN,0,0
*** Trama sin '*CRC' reconocible. ***

=== Registro 154 (155/1001) ===

<-- Respuesta cruda: $CFG,BAD_CRC,LOGREAD,154,14869-70-00 00:00:00,UNKNOWN,1308622848,117959309
*** Trama sin '*CRC' reconocible. ***

=== Registro 155 (156/1001) ===

<-- Respuesta cruda: $CFG,BAD_CRC,LOGREAD,155,14870-54-00 00:00:00,UNKNOWN,1342177280,117959255
*** Trama sin '*CRC' reconocible. ***

=== Registro 156 (157/1001) ===

<-- Respuesta cruda: $CFG,BAD_CRC,LOGREAD,156,14870-70-00 48:00:00,UNKNOWN,218103808,117959374
*** Trama sin '*CRC' reconocible. ***

=== Registro 157 (158/1001) ===

<-- Respuesta cruda: $CFG,BAD_CRC,LOGREAD,157,0279-68-00 00:00:00,UNKNOWN,486539264,117959280
*** Trama sin '*CRC' reconocible. ***

=== Registro 158 (159/1001) ===

<-- Respuesta cruda: $CFG,BAD_CRC,LOGREAD,158,14871-54-00 00:00:00,UNKNOWN,620756992,117959252
*** Trama sin '*CRC' reconocible. ***

=== Registro 159 (160/1001) ===

<-- Respuesta cruda: $CFG,BAD_CRC,LOGREAD,159,14871-70-00 48:00:00,UNKNOWN,2013265920,117959373
*** Trama sin '*CRC' reconocible. ***

=== Registro 160 (161/1001) ===

<-- Respuesta cruda: $CFG,BAD_CRC,LOGREAD,160,1048-68-22 05:26:58,SEND_OK,0,0
*** Trama sin '*CRC' reconocible. ***

=== Registro 161 (162/1001) ===

<-- Respuesta cruda: $CFG,BAD_CRC,LOGREAD,161,14872-54-00 00:00:00,UNKNOWN,3321888768,117959239
*** Trama sin '*CRC' reconocible. ***

=== Registro 162 (163/1001) ===

<-- Respuesta cruda: $CFG,BAD_CRC,LOGREAD,162,14872-70-00 48:00:00,UNKNOWN,2600468480,117959390
*** Trama sin '*CRC' reconocible. ***

=== Registro 163 (164/1001) ===

<-- Respuesta cruda: $CFG,BAD_CRC,LOGREAD,163,1817-68-00 00:00:00,UNKNOWN,2130706432,117959313
*** Trama sin '*CRC' reconocible. ***

=== Registro 164 (165/1001) ===

<-- Respuesta cruda: $CFG,BAD_CRC,LOGREAD,164,14873-54-00 00:00:00,UNKNOWN,3003121664,117959236
*** Trama sin '*CRC' reconocible. ***

=== Registro 165 (166/1001) ===

<-- Respuesta cruda: $CFG,BAD_CRC,LOGREAD,165,14873-70-00 48:00:00,UNKNOWN,3992977408,117959389
*** Trama sin '*CRC' reconocible. ***

=== Registro 166 (167/1001) ===

<-- Respuesta cruda: $CFG,BAD_CRC,LOGREAD,166,2586-68-00 00:00:00,UNKNOWN,1610612736,117959359
*** Trama sin '*CRC' reconocible. ***

=== Registro 167 (168/1001) ===

<-- Respuesta cruda: $CFG,BAD_CRC,LOGREAD,167,0000-00-249 228:17:41,SERVER_ACK,48,117959168
*** Trama sin '*CRC' reconocible. ***

=== Registro 168 (169/1001) ===

<-- Respuesta cruda: $CFG,BAD_CRC,LOGREAD,168,0539-70-00 48:00:00,UNKNOWN,3439329280,117959302
*** Trama sin '*CRC' reconocible. ***

=== Registro 169 (170/1001) ===

<-- Respuesta cruda: $CFG,BAD_CRC,LOGREAD,169,3355-68-00 00:00:00,UNKNOWN,2818572288,117959317
*** Trama sin '*CRC' reconocible. ***

=== Registro 170 (171/1001) ===

<-- Respuesta cruda: $CFG,BAD_CRC,LOGREAD,170,14875-54-00 00:00:00,UNKNOWN,1493172224,117959234
*** Trama sin '*CRC' reconocible. ***

=== Registro 171 (172/1001) ===

<-- Respuesta cruda: $CFG,BAD_CRC,LOGREAD,171,14875-70-00 48:00:00,UNKNOWN,67108864,117959387
*** Trama sin '*CRC' reconocible. ***

=== Registro 172 (173/1001) ===

<-- Respuesta cruda: $CFG,BAD_CRC,LOGREAD,172,4124-68-00 00:00:00,UNKNOWN,1577058304,117959395
*** Trama sin '*CRC' reconocible. ***

=== Registro 173 (174/1001) ===

<-- Respuesta cruda: $CFG,BAD_CRC,LOGREAD,173,14876-54-00 00:00:00,UNKNOWN,0,0
*** Trama sin '*CRC' reconocible. ***

=== Registro 174 (175/1001) ===

<-- Respuesta cruda: $CFG,BAD_CRC,LOGREAD,174,14876-70-00 48:00:00,UNKNOWN,1325400064,117959379
*** Trama sin '*CRC' reconocible. ***

=== Registro 175 (176/1001) ===

<-- Respuesta cruda: $CFG,BAD_CRC,LOGREAD,175,4893-68-00 00:00:00,UNKNOWN,3506438144,117959320
*** Trama sin '*CRC' reconocible. ***

=== Registro 176 (177/1001) ===

<-- Respuesta cruda: $CFG,BAD_CRC,LOGREAD,176,14877-54-00 00:00:00,UNKNOWN,1728053248,117959241
*** Trama sin '*CRC' reconocible. ***

=== Registro 177 (178/1001) ===

<-- Respuesta cruda: $CFG,BAD_CRC,LOGREAD,177,14877-70-00 48:00:00,UNKNOWN,973078528,117959376
*** Trama sin '*CRC' reconocible. ***

=== Registro 178 (179/1001) ===

<-- Respuesta cruda: $CFG,BAD_CRC,LOGREAD,178,5662-68-00 00:00:00,UNKNOWN,1073741824,117959188
*** Trama sin '*CRC' reconocible. ***

=== Registro 179 (180/1001) ===

<-- Respuesta cruda: $CFG,BAD_CRC,LOGREAD,179,14878-54-00 00:00:00,UNKNOWN,4160749568,117959244
*** Trama sin '*CRC' reconocible. ***

=== Registro 180 (181/1001) ===

<-- Respuesta cruda: $CFG,BAD_CRC,LOGREAD,180,14878-70-00 48:00:00,HEARTBEAT_RECEIVED,0,0
*** Trama sin '*CRC' reconocible. ***

=== Registro 181 (182/1001) ===

<-- Respuesta cruda: $CFG,BAD_CRC,LOGREAD,181,6431-68-00 00:00:00,UNKNOWN,100663296,117959324
*** Trama sin '*CRC' reconocible. ***

=== Registro 182 (183/1001) ===

<-- Respuesta cruda: $CFG,BAD_CRC,LOGREAD,182,14879-54-00 00:00:00,UNKNOWN,2365587456,117959247
*** Trama sin '*CRC' reconocible. ***

=== Registro 183 (184/1001) ===

<-- Respuesta cruda: $CFG,BAD_CRC,LOGREAD,183,15135-70-00 48:00:00,UNKNOWN,2566914048,117959182
*** Trama sin '*CRC' reconocible. ***

=== Registro 184 (185/1001) ===

<-- Respuesta cruda: $CFG,BAD_CRC,LOGREAD,184,7200-68-00 00:00:00,UNKNOWN,452984832,117959263
*** Trama sin '*CRC' reconocible. ***

=== Registro 185 (186/1001) ===

<-- Respuesta cruda: $CFG,BAD_CRC,LOGREAD,185,14880-54-00 00:00:00,UNKNOWN,2650800128,117959173
*** Trama sin '*CRC' reconocible. ***

=== Registro 186 (187/1001) ===

<-- Respuesta cruda: $CFG,BAD_CRC,LOGREAD,186,15136-70-00 48:00:00,UNKNOWN,2315255808,117959236
*** Trama sin '*CRC' reconocible. ***

=== Registro 187 (188/1001) ===

<-- Respuesta cruda: $CFG,BAD_CRC,LOGREAD,187,7969-07-22 05:35:59,SEND_OK,0,0
*** Trama sin '*CRC' reconocible. ***

=== Registro 188 (189/1001) ===

<-- Respuesta cruda: $CFG,BAD_CRC,LOGREAD,188,15137-54-00 00:00:00,UNKNOWN,2717908992,117959390
*** Trama sin '*CRC' reconocible. ***

=== Registro 189 (190/1001) ===

<-- Respuesta cruda: $CFG,BAD_CRC,LOGREAD,189,15137-70-00 48:00:00,UNKNOWN,4278190080,117959239
*** Trama sin '*CRC' reconocible. ***

=== Registro 190 (191/1001) ===

<-- Respuesta cruda: $CFG,BAD_CRC,LOGREAD,190,8738-68-00 00:00:00,UNKNOWN,3422552064,117959413
*** Trama sin '*CRC' reconocible. ***

=== Registro 191 (192/1001) ===

<-- Respuesta cruda: $CFG,BAD_CRC,LOGREAD,191,15138-54-00 00:00:00,UNKNOWN,1023410176,117959387
*** Trama sin '*CRC' reconocible. ***

=== Registro 192 (193/1001) ===

<-- Respuesta cruda: $CFG,BAD_CRC,LOGREAD,192,15138-70-00 48:00:00,UNKNOWN,1610612736,117959234
*** Trama sin '*CRC' reconocible. ***

=== Registro 193 (194/1001) ===

<-- Respuesta cruda: $CFG,BAD_CRC,LOGREAD,193,9507-68-00 00:00:00,UNKNOWN,67108864,518879
*** Trama sin '*CRC' reconocible. ***

=== Registro 194 (195/1001) ===

<-- Respuesta cruda: $CFG,BAD_CRC,LOGREAD,194,0000-00-55 28:26:56,HEARTBEAT_RECEIVED,0,117959168
*** Trama sin '*CRC' reconocible. ***

=== Registro 195 (196/1001) ===

<-- Respuesta cruda: $CFG,BAD_CRC,LOGREAD,195,15139-70-00 48:00:00,UNKNOWN,352321536,117959233
*** Trama sin '*CRC' reconocible. ***

=== Registro 196 (197/1001) ===

<-- Respuesta cruda: $CFG,BAD_CRC,LOGREAD,196,10276-68-00 00:00:00,UNKNOWN,3472883712,117959420
*** Trama sin '*CRC' reconocible. ***

=== Registro 197 (198/1001) ===

<-- Respuesta cruda: $CFG,BAD_CRC,LOGREAD,197,15140-54-00 00:00:00,UNKNOWN,50331648,117959376
*** Trama sin '*CRC' reconocible. ***

=== Registro 198 (199/1001) ===

<-- Respuesta cruda: $CFG,BAD_CRC,LOGREAD,198,15140-70-00 48:00:00,UNKNOWN,1577058304,117959241
*** Trama sin '*CRC' reconocible. ***

=== Registro 199 (200/1001) ===

<-- Respuesta cruda: $CFG,BAD_CRC,LOGREAD,199,11045-68-00 00:00:00,UNKNOWN,1073741824,117959303
*** Trama sin '*CRC' reconocible. ***

=== Registro 200 (201/1001) ===

<-- Respuesta cruda: $CFG,BAD_CRC,LOGREAD,200,15141-54-00 00:00:00,UNKNOWN,0,0
*** Trama sin '*CRC' reconocible. ***

=== Registro 201 (202/1001) ===

<-- Respuesta cruda: $CFG,BAD_CRC,LOGREAD,201,15141-70-00 48:00:00,UNKNOWN,721420288,117959242
*** Trama sin '*CRC' reconocible. ***

=== Registro 202 (203/1001) ===

<-- Respuesta cruda: $CFG,BAD_CRC,LOGREAD,202,11814-68-00 00:00:00,UNKNOWN,3506438144,117959179
*** Trama sin '*CRC' reconocible. ***

=== Registro 203 (204/1001) ===

<-- Respuesta cruda: $CFG,BAD_CRC,LOGREAD,203,15142-54-00 00:00:00,UNKNOWN,3909091328,117959382
*** Trama sin '*CRC' reconocible. ***

=== Registro 204 (205/1001) ===

<-- Respuesta cruda: $CFG,BAD_CRC,LOGREAD,204,0039-70-00 48:00:00,UNKNOWN,4060086272,117959273
*** Trama sin '*CRC' reconocible. ***

=== Registro 205 (206/1001) ===

<-- Respuesta cruda: $CFG,BAD_CRC,LOGREAD,205,12583-68-00 00:00:00,UNKNOWN,2852126720,117959382
*** Trama sin '*CRC' reconocible. ***

=== Registro 206 (207/1001) ===

<-- Respuesta cruda: $CFG,BAD_CRC,LOGREAD,206,15143-54-00 00:00:00,UNKNOWN,2617245696,117959381
*** Trama sin '*CRC' reconocible. ***

=== Registro 207 (208/1001) ===

<-- Respuesta cruda: $CFG,BAD_CRC,LOGREAD,207,0040-70-00 48:00:58,HEARTBEAT_RECEIVED,0,0
*** Trama sin '*CRC' reconocible. ***

=== Registro 208 (209/1001) ===

<-- Respuesta cruda: $CFG,BAD_CRC,LOGREAD,208,13352-68-00 00:00:00,UNKNOWN,1191182336,117959244
*** Trama sin '*CRC' reconocible. ***

=== Registro 209 (210/1001) ===

<-- Respuesta cruda: $CFG,BAD_CRC,LOGREAD,209,0041-54-00 00:00:00,UNKNOWN,956301312,117959392
*** Trama sin '*CRC' reconocible. ***

=== Registro 210 (211/1001) ===

<-- Respuesta cruda: $CFG,BAD_CRC,LOGREAD,210,0041-70-00 48:00:00,UNKNOWN,1677721600,117959289
*** Trama sin '*CRC' reconocible. ***

=== Registro 211 (212/1001) ===

<-- Respuesta cruda: $CFG,BAD_CRC,LOGREAD,211,14121-68-00 00:00:00,UNKNOWN,3355443200,117959223
*** Trama sin '*CRC' reconocible. ***

=== Registro 212 (213/1001) ===

<-- Respuesta cruda: $CFG,BAD_CRC,LOGREAD,212,0042-54-00 00:00:00,UNKNOWN,2785017856,117959397
*** Trama sin '*CRC' reconocible. ***

=== Registro 213 (214/1001) ===

<-- Respuesta cruda: $CFG,BAD_CRC,LOGREAD,213,0042-70-00 48:00:00,UNKNOWN,4211081216,117959292
*** Trama sin '*CRC' reconocible. ***

=== Registro 214 (215/1001) ===

<-- Respuesta cruda: $CFG,BAD_CRC,LOGREAD,214,1834-07-22 05:45:00,SERVER_ACK,48,0
*** Trama sin '*CRC' reconocible. ***

=== Registro 215 (216/1001) ===

<-- Respuesta cruda: $CFG,BAD_CRC,LOGREAD,215,0043-54-00 00:00:00,UNKNOWN,3539992576,117959398
*** Trama sin '*CRC' reconocible. ***

=== Registro 216 (217/1001) ===

<-- Respuesta cruda: $CFG,BAD_CRC,LOGREAD,216,0043-70-00 48:00:00,UNKNOWN,2382364672,117959295
*** Trama sin '*CRC' reconocible. ***

=== Registro 217 (218/1001) ===

<-- Respuesta cruda: $CFG,BAD_CRC,LOGREAD,217,0044-54-00 00:00:00,UNKNOWN,2550136832,117959406
*** Trama sin '*CRC' reconocible. ***

=== Registro 218 (219/1001) ===

<-- Respuesta cruda: $CFG,BAD_CRC,LOGREAD,218,0044-70-00 48:00:00,UNKNOWN,3305111552,117959287
*** Trama sin '*CRC' reconocible. ***

=== Registro 219 (220/1001) ===

<-- Respuesta cruda: $CFG,BAD_CRC,LOGREAD,219,0300-68-00 00:00:00,UNKNOWN,3657433088,117959223
*** Trama sin '*CRC' reconocible. ***

=== Registro 220 (221/1001) ===

<-- Respuesta cruda: $CFG,BAD_CRC,LOGREAD,220,0045-54-00 00:00:00,UNKNOWN,3976200192,60141
*** Trama sin '*CRC' reconocible. ***

=== Registro 221 (222/1001) ===

<-- Respuesta cruda: $CFG,BAD_CRC,LOGREAD,221,0000-00-254 133:36:23,HEARTBEAT_RECEIVED,0,117959168
*** Trama sin '*CRC' reconocible. ***

=== Registro 222 (223/1001) ===

<-- Respuesta cruda: $CFG,BAD_CRC,LOGREAD,222,1069-68-00 00:00:00,UNKNOWN,2701131776,117959357
*** Trama sin '*CRC' reconocible. ***

=== Registro 223 (224/1001) ===

<-- Respuesta cruda: $CFG,BAD_CRC,LOGREAD,223,0046-54-00 00:00:00,UNKNOWN,1912602624,117959400
*** Trama sin '*CRC' reconocible. ***

=== Registro 224 (225/1001) ===

<-- Respuesta cruda: $CFG,BAD_CRC,LOGREAD,224,0302-70-00 48:00:00,UNKNOWN,1711276032,117959337
*** Trama sin '*CRC' reconocible. ***

=== Registro 225 (226/1001) ===

<-- Respuesta cruda: $CFG,BAD_CRC,LOGREAD,225,1838-68-00 00:00:00,UNKNOWN,3288334336,117959360
*** Trama sin '*CRC' reconocible. ***

=== Registro 226 (227/1001) ===

<-- Respuesta cruda: $CFG,BAD_CRC,LOGREAD,226,0303-54-00 00:00:00,UNKNOWN,1308622848,117959219
*** Trama sin '*CRC' reconocible. ***

=== Registro 227 (228/1001) ===

<-- Respuesta cruda: $CFG,BAD_CRC,LOGREAD,227,0303-70-00 48:00:00,UNKNOWN,0,0
*** Trama sin '*CRC' reconocible. ***

=== Registro 228 (229/1001) ===

<-- Respuesta cruda: $CFG,BAD_CRC,LOGREAD,228,2607-68-00 00:00:00,UNKNOWN,822083584,117959400
*** Trama sin '*CRC' reconocible. ***

=== Registro 229 (230/1001) ===

<-- Respuesta cruda: $CFG,BAD_CRC,LOGREAD,229,0304-54-00 00:00:00,UNKNOWN,4244635648,117959191
*** Trama sin '*CRC' reconocible. ***

=== Registro 230 (231/1001) ===

<-- Respuesta cruda: $CFG,BAD_CRC,LOGREAD,230,0304-70-00 48:00:00,UNKNOWN,2684354560,117959310
*** Trama sin '*CRC' reconocible. ***

=== Registro 231 (232/1001) ===

<-- Respuesta cruda: $CFG,BAD_CRC,LOGREAD,231,3376-68-00 00:00:00,UNKNOWN,1056964608,117959397
*** Trama sin '*CRC' reconocible. ***

=== Registro 232 (233/1001) ===

<-- Respuesta cruda: $CFG,BAD_CRC,LOGREAD,232,0305-54-00 00:00:00,UNKNOWN,2281701376,117959188
*** Trama sin '*CRC' reconocible. ***

=== Registro 233 (234/1001) ===

<-- Respuesta cruda: $CFG,BAD_CRC,LOGREAD,233,0305-70-00 48:00:00,UNKNOWN,3573547008,117959309
*** Trama sin '*CRC' reconocible. ***

=== Registro 234 (235/1001) ===

<-- Respuesta cruda: $CFG,BAD_CRC,LOGREAD,234,4145-68-00 00:51:29,CID_RECEIVED,0,0
*** Trama sin '*CRC' reconocible. ***

=== Registro 235 (236/1001) ===

<-- Respuesta cruda: $CFG,BAD_CRC,LOGREAD,235,0306-54-00 00:00:00,UNKNOWN,385875968,117959185
*** Trama sin '*CRC' reconocible. ***

=== Registro 236 (237/1001) ===

<-- Respuesta cruda: $CFG,BAD_CRC,LOGREAD,236,0306-70-00 48:00:00,UNKNOWN,1241513984,117959304
*** Trama sin '*CRC' reconocible. ***

=== Registro 237 (238/1001) ===

<-- Respuesta cruda: $CFG,BAD_CRC,LOGREAD,237,4914-68-00 00:00:00,UNKNOWN,2449473536,117959397
*** Trama sin '*CRC' reconocible. ***

=== Registro 238 (239/1001) ===

<-- Respuesta cruda: $CFG,BAD_CRC,LOGREAD,238,0307-54-00 00:00:00,UNKNOWN,1644167168,117959186
*** Trama sin '*CRC' reconocible. ***

=== Registro 239 (240/1001) ===

<-- Respuesta cruda: $CFG,BAD_CRC,LOGREAD,239,0307-70-00 48:00:00,UNKNOWN,1056964608,117959307
*** Trama sin '*CRC' reconocible. ***

=== Registro 240 (241/1001) ===

<-- Respuesta cruda: $CFG,BAD_CRC,LOGREAD,240,5683-68-00 00:00:00,UNKNOWN,3909091328,117959279
*** Trama sin '*CRC' reconocible. ***

=== Registro 241 (242/1001) ===

<-- Respuesta cruda: $CFG,BAD_CRC,LOGREAD,241,0000-00-70 25:42:44,SERVER_ACK,48,117959168
*** Trama sin '*CRC' reconocible. ***

=== Registro 242 (243/1001) ===

<-- Respuesta cruda: $CFG,BAD_CRC,LOGREAD,242,7475-54-00 00:00:00,UNKNOWN,2516582400,117959348
*** Trama sin '*CRC' reconocible. ***

=== Registro 243 (244/1001) ===

<-- Respuesta cruda: $CFG,BAD_CRC,LOGREAD,243,7475-70-00 48:00:00,UNKNOWN,3405774848,117959213
*** Trama sin '*CRC' reconocible. ***

=== Registro 244 (245/1001) ===

<-- Respuesta cruda: $CFG,BAD_CRC,LOGREAD,244,7475-70-00 00:00:00,UNKNOWN,385875968,117959275
*** Trama sin '*CRC' reconocible. ***

=== Registro 245 (246/1001) ===

<-- Respuesta cruda: $CFG,BAD_CRC,LOGREAD,245,7476-54-00 00:00:00,UNKNOWN,3707764736,117959356
*** Trama sin '*CRC' reconocible. ***

=== Registro 246 (247/1001) ===

<-- Respuesta cruda: $CFG,BAD_CRC,LOGREAD,246,7732-70-00 48:00:00,UNKNOWN,2046820352,117959261
*** Trama sin '*CRC' reconocible. ***

=== Registro 247 (248/1001) ===

<-- Respuesta cruda: $CFG,BAD_CRC,LOGREAD,247,8500-68-00 00:00:00,UNKNOWN,1476395008,177
*** Trama sin '*CRC' reconocible. ***

=== Registro 248 (249/1001) ===

<-- Respuesta cruda: $CFG,BAD_CRC,LOGREAD,248,7477-54-00 00:00:00,UNKNOWN,2818572288,117959359
*** Trama sin '*CRC' reconocible. ***

=== Registro 249 (250/1001) ===

<-- Respuesta cruda: $CFG,BAD_CRC,LOGREAD,249,7733-70-00 48:00:00,UNKNOWN,251658240,117959262
*** Trama sin '*CRC' reconocible. ***

=== Registro 250 (251/1001) ===

<-- Respuesta cruda: $CFG,BAD_CRC,LOGREAD,250,9269-68-00 00:00:00,UNKNOWN,587202560,117959227
*** Trama sin '*CRC' reconocible. ***

=== Registro 251 (252/1001) ===

<-- Respuesta cruda: $CFG,BAD_CRC,LOGREAD,251,7734-54-00 00:00:00,UNKNOWN,3439329280,117959362
*** Trama sin '*CRC' reconocible. ***

=== Registro 252 (253/1001) ===

<-- Respuesta cruda: $CFG,BAD_CRC,LOGREAD,252,7734-70-00 48:00:00,UNKNOWN,2415919104,117959259
*** Trama sin '*CRC' reconocible. ***

=== Registro 253 (254/1001) ===

<-- Respuesta cruda: $CFG,BAD_CRC,LOGREAD,253,10038-68-00 00:00:00,UNKNOWN,1174405120,117959238
*** Trama sin '*CRC' reconocible. ***

=== Registro 254 (255/1001) ===

<-- Respuesta cruda: $CFG,BAD_CRC,LOGREAD,254,7735-54-00 00:00:00,UNKNOWN,48,0
*** Trama sin '*CRC' reconocible. ***

=== Registro 255 (256/1001) ===

<-- Respuesta cruda: $CFG,BAD_CRC,LOGREAD,255,7735-70-00 48:00:00,UNKNOWN,3841982464,117959256
*** Trama sin '*CRC' reconocible. ***

=== Registro 256 (257/1001) ===

<-- Respuesta cruda: $CFG,BAD_CRC,LOGREAD,256,10807-68-00 00:00:00,UNKNOWN,3003121664,117959278
*** Trama sin '*CRC' reconocible. ***

=== Registro 257 (258/1001) ===

<-- Respuesta cruda: $CFG,BAD_CRC,LOGREAD,257,7736-54-00 00:00:00,UNKNOWN,1526726656,117959378
*** Trama sin '*CRC' reconocible. ***

=== Registro 258 (259/1001) ===

<-- Respuesta cruda: $CFG,BAD_CRC,LOGREAD,258,8760-70-00 48:00:00,UNKNOWN,2281701376,117959239
*** Trama sin '*CRC' reconocible. ***

=== Registro 259 (260/1001) ===

<-- Respuesta cruda: $CFG,BAD_CRC,LOGREAD,259,11576-68-00 00:00:00,UNKNOWN,3976200192,117959252
*** Trama sin '*CRC' reconocible. ***

=== Registro 260 (261/1001) ===

<-- Respuesta cruda: $CFG,BAD_CRC,LOGREAD,260,7737-54-00 00:00:00,UNKNOWN,771751936,117959377
*** Trama sin '*CRC' reconocible. ***

=== Registro 261 (262/1001) ===

<-- Respuesta cruda: $CFG,BAD_CRC,LOGREAD,261,7737-70-00 05:59:54,HEARTBEAT_RECEIVED,0,0
*** Trama sin '*CRC' reconocible. ***

=== Registro 262 (263/1001) ===

<-- Respuesta cruda: $CFG,BAD_CRC,LOGREAD,262,12345-68-00 00:00:00,UNKNOWN,620756992,117959209
*** Trama sin '*CRC' reconocible. ***

=== Registro 263 (264/1001) ===

<-- Respuesta cruda: $CFG,BAD_CRC,LOGREAD,263,7738-54-00 00:00:00,UNKNOWN,2969567232,117959380
*** Trama sin '*CRC' reconocible. ***

=== Registro 264 (265/1001) ===

<-- Respuesta cruda: $CFG,BAD_CRC,LOGREAD,264,7738-70-00 48:00:00,UNKNOWN,3959422976,117959245
*** Trama sin '*CRC' reconocible. ***

=== Registro 265 (266/1001) ===

<-- Respuesta cruda: $CFG,BAD_CRC,LOGREAD,265,13114-68-00 00:00:00,UNKNOWN,1073741824,117959252
*** Trama sin '*CRC' reconocible. ***

=== Registro 266 (267/1001) ===

<-- Respuesta cruda: $CFG,BAD_CRC,LOGREAD,266,7739-54-00 00:00:00,UNKNOWN,3288334336,117959383
*** Trama sin '*CRC' reconocible. ***

=== Registro 267 (268/1001) ===

<-- Respuesta cruda: $CFG,BAD_CRC,LOGREAD,267,7995-70-00 48:00:00,UNKNOWN,3489660928,117959318
*** Trama sin '*CRC' reconocible. ***

=== Registro 268 (269/1001) ===

<-- Respuesta cruda: $CFG,BAD_CRC,LOGREAD,268,0000-00-52 104:51:01,SEND_OK,0,117959168
*** Trama sin '*CRC' reconocible. ***

=== Registro 269 (270/1001) ===

<-- Respuesta cruda: $CFG,BAD_CRC,LOGREAD,269,7936-54-00 00:00:00,UNKNOWN,4009754624,117959303
*** Trama sin '*CRC' reconocible. ***

=== Registro 270 (271/1001) ===

<-- Respuesta cruda: $CFG,BAD_CRC,LOGREAD,270,7936-70-00 48:00:00,UNKNOWN,2986344448,117959198
*** Trama sin '*CRC' reconocible. ***

=== Registro 271 (272/1001) ===

<-- Respuesta cruda: $CFG,BAD_CRC,LOGREAD,271,14592-68-00 00:00:00,UNKNOWN,1778384896,117959389
*** Trama sin '*CRC' reconocible. ***

=== Registro 272 (273/1001) ===

<-- Respuesta cruda: $CFG,BAD_CRC,LOGREAD,272,7937-54-00 00:00:00,UNKNOWN,2583691264,117959300
*** Trama sin '*CRC' reconocible. ***

=== Registro 273 (274/1001) ===

<-- Respuesta cruda: $CFG,BAD_CRC,LOGREAD,273,7937-70-00 48:00:00,UNKNOWN,3338665984,117959197
*** Trama sin '*CRC' reconocible. ***

=== Registro 274 (275/1001) ===

<-- Respuesta cruda: $CFG,BAD_CRC,LOGREAD,274,0002-68-00 00:00:00,UNKNOWN,0,0
*** Trama sin '*CRC' reconocible. ***

=== Registro 275 (276/1001) ===

<-- Respuesta cruda: $CFG,BAD_CRC,LOGREAD,275,7938-54-00 00:00:00,UNKNOWN,83886080,117959297
*** Trama sin '*CRC' reconocible. ***

=== Registro 276 (277/1001) ===

<-- Respuesta cruda: $CFG,BAD_CRC,LOGREAD,276,7938-70-00 48:00:00,UNKNOWN,1476395008,117959192
*** Trama sin '*CRC' reconocible. ***

=== Registro 277 (278/1001) ===

<-- Respuesta cruda: $CFG,BAD_CRC,LOGREAD,277,7683-65-00 00:00:00,UNKNOWN,1107296256,117959321
*** Trama sin '*CRC' reconocible. ***

=== Registro 278 (279/1001) ===

<-- Respuesta cruda: $CFG,BAD_CRC,LOGREAD,278,7939-54-00 00:00:00,UNKNOWN,1879048192,117959298
*** Trama sin '*CRC' reconocible. ***

=== Registro 279 (280/1001) ===

<-- Respuesta cruda: $CFG,BAD_CRC,LOGREAD,279,7939-70-00 48:00:00,UNKNOWN,754974720,117959195
*** Trama sin '*CRC' reconocible. ***

=== Registro 280 (281/1001) ===

<-- Respuesta cruda: $CFG,BAD_CRC,LOGREAD,280,2564-67-00 00:00:00,UNKNOWN,4177526784,117959243
*** Trama sin '*CRC' reconocible. ***

=== Registro 281 (282/1001) ===

<-- Respuesta cruda: $CFG,BAD_CRC,LOGREAD,281,2564-66-00 00:00:00,UNKNOWN,0,0
*** Trama sin '*CRC' reconocible. ***

=== Registro 282 (283/1001) ===

<-- Respuesta cruda: $CFG,BAD_CRC,LOGREAD,282,2564-54-00 00:00:00,UNKNOWN,134217728,117959254
*** Trama sin '*CRC' reconocible. ***

=== Registro 283 (284/1001) ===

<-- Respuesta cruda: $CFG,BAD_CRC,LOGREAD,283,2564-70-00 48:00:00,UNKNOWN,1426063360,117959375
*** Trama sin '*CRC' reconocible. ***

=== Registro 284 (285/1001) ===

<-- Respuesta cruda: $CFG,BAD_CRC,LOGREAD,284,2564-70-00 00:00:00,UNKNOWN,2298478592,117959305
*** Trama sin '*CRC' reconocible. ***

=== Registro 285 (286/1001) ===

<-- Respuesta cruda: $CFG,BAD_CRC,LOGREAD,285,0005-67-00 00:00:00,UNKNOWN,2969567232,117959242
*** Trama sin '*CRC' reconocible. ***

=== Registro 286 (287/1001) ===

<-- Respuesta cruda: $CFG,BAD_CRC,LOGREAD,286,0005-54-00 00:00:00,UNKNOWN,1073741824,117959255
*** Trama sin '*CRC' reconocible. ***

=== Registro 287 (288/1001) ===

<-- Respuesta cruda: $CFG,BAD_CRC,LOGREAD,287,0005-70-00 48:00:00,UNKNOWN,486539264,117959374
*** Trama sin '*CRC' reconocible. ***

=== Registro 288 (289/1001) ===

<-- Respuesta cruda: $CFG,BAD_CRC,LOGREAD,288,0005-70-22 06:08:00,SEND_OK,0,0
*** Trama sin '*CRC' reconocible. ***

=== Registro 289 (290/1001) ===

<-- Respuesta cruda: $CFG,BAD_CRC,LOGREAD,289,0006-54-00 00:00:00,UNKNOWN,3741319168,117959250
*** Trama sin '*CRC' reconocible. ***

=== Registro 290 (291/1001) ===

<-- Respuesta cruda: $CFG,BAD_CRC,LOGREAD,290,0006-70-00 48:00:00,UNKNOWN,2181038080,117959371
*** Trama sin '*CRC' reconocible. ***

=== Registro 291 (292/1001) ===

<-- Respuesta cruda: $CFG,BAD_CRC,LOGREAD,291,1030-68-00 00:00:00,UNKNOWN,2466250752,117959170
*** Trama sin '*CRC' reconocible. ***

=== Registro 292 (293/1001) ===

<-- Respuesta cruda: $CFG,BAD_CRC,LOGREAD,292,0007-54-00 00:00:00,UNKNOWN,2852126720,117959249
*** Trama sin '*CRC' reconocible. ***

=== Registro 293 (294/1001) ===

<-- Respuesta cruda: $CFG,BAD_CRC,LOGREAD,293,0263-70-00 48:00:00,UNKNOWN,3187671040,117959184
*** Trama sin '*CRC' reconocible. ***

=== Registro 294 (295/1001) ===

<-- Respuesta cruda: $CFG,BAD_CRC,LOGREAD,294,1799-68-00 00:00:00,UNKNOWN,469762048,117959289
*** Trama sin '*CRC' reconocible. ***

=== Registro 295 (296/1001) ===

<-- Respuesta cruda: $CFG,BAD_CRC,LOGREAD,295,0000-00-206 43:00:03,SEND_OK,0,117959168
*** Trama sin '*CRC' reconocible. ***

=== Registro 296 (297/1001) ===

<-- Respuesta cruda: $CFG,BAD_CRC,LOGREAD,296,0264-70-00 48:00:00,UNKNOWN,1560281088,117959171
*** Trama sin '*CRC' reconocible. ***

=== Registro 297 (298/1001) ===

<-- Respuesta cruda: $CFG,BAD_CRC,LOGREAD,297,2568-68-00 00:00:00,UNKNOWN,2130706432,117959233
*** Trama sin '*CRC' reconocible. ***

=== Registro 298 (299/1001) ===

<-- Respuesta cruda: $CFG,BAD_CRC,LOGREAD,298,0265-54-00 00:00:00,UNKNOWN,1962934272,117959321
*** Trama sin '*CRC' reconocible. ***

=== Registro 299 (300/1001) ===

<-- Respuesta cruda: $CFG,BAD_CRC,LOGREAD,299,0265-70-00 48:00:00,UNKNOWN,671088640,117959168
*** Trama sin '*CRC' reconocible. ***

=== Registro 300 (301/1001) ===

<-- Respuesta cruda: $CFG,BAD_CRC,LOGREAD,300,3337-68-00 00:00:00,UNKNOWN,3070230528,117959275
*** Trama sin '*CRC' reconocible. ***

=== Registro 301 (302/1001) ===

<-- Respuesta cruda: $CFG,BAD_CRC,LOGREAD,301,0266-54-00 00:00:00,UNKNOWN,0,0
*** Trama sin '*CRC' reconocible. ***

=== Registro 302 (303/1001) ===

<-- Respuesta cruda: $CFG,BAD_CRC,LOGREAD,302,0266-70-00 48:00:00,UNKNOWN,3070230528,117959173
*** Trama sin '*CRC' reconocible. ***

=== Registro 303 (304/1001) ===

<-- Respuesta cruda: $CFG,BAD_CRC,LOGREAD,303,4106-68-00 00:00:00,UNKNOWN,2499805184,117959184
*** Trama sin '*CRC' reconocible. ***

=== Registro 304 (305/1001) ===

<-- Respuesta cruda: $CFG,BAD_CRC,LOGREAD,304,0267-54-00 00:00:00,UNKNOWN,2667577344,117959327
*** Trama sin '*CRC' reconocible. ***

=== Registro 305 (306/1001) ===

<-- Respuesta cruda: $CFG,BAD_CRC,LOGREAD,305,0267-70-00 48:00:00,UNKNOWN,3254779904,117959174
*** Trama sin '*CRC' reconocible. ***

=== Registro 306 (307/1001) ===

<-- Respuesta cruda: $CFG,BAD_CRC,LOGREAD,306,4875-68-00 00:00:00,UNKNOWN,436207616,117959275
*** Trama sin '*CRC' reconocible. ***

=== Registro 307 (308/1001) ===

<-- Respuesta cruda: $CFG,BAD_CRC,LOGREAD,307,0268-54-00 00:00:00,UNKNOWN,3556769792,117959319
*** Trama sin '*CRC' reconocible. ***

=== Registro 308 (309/1001) ===

<-- Respuesta cruda: $CFG,BAD_CRC,LOGREAD,308,0268-70-00 48:00:00,HEARTBEAT_RECEIVED,0,0
*** Trama sin '*CRC' reconocible. ***

=== Registro 309 (310/1001) ===

<-- Respuesta cruda: $CFG,BAD_CRC,LOGREAD,309,5644-68-00 00:00:00,UNKNOWN,1593835520,117959402
*** Trama sin '*CRC' reconocible. ***

=== Registro 310 (311/1001) ===

<-- Respuesta cruda: $CFG,BAD_CRC,LOGREAD,310,0269-54-00 00:00:00,UNKNOWN,2701131776,117959316
*** Trama sin '*CRC' reconocible. ***

=== Registro 311 (312/1001) ===

<-- Respuesta cruda: $CFG,BAD_CRC,LOGREAD,311,0269-70-00 48:00:00,UNKNOWN,4227858432,117959181
*** Trama sin '*CRC' reconocible. ***

=== Registro 312 (313/1001) ===

<-- Respuesta cruda: $CFG,BAD_CRC,LOGREAD,312,6413-68-00 00:00:00,UNKNOWN,419430400,117959266
*** Trama sin '*CRC' reconocible. ***

=== Registro 313 (314/1001) ===

<-- Respuesta cruda: $CFG,BAD_CRC,LOGREAD,313,0270-54-00 00:00:00,UNKNOWN,1040187392,117959313
*** Trama sin '*CRC' reconocible. ***

=== Registro 314 (315/1001) ===

<-- Respuesta cruda: $CFG,BAD_CRC,LOGREAD,314,0526-70-00 48:00:00,UNKNOWN,2566914048,117959280
*** Trama sin '*CRC' reconocible. ***

=== Registro 315 (316/1001) ===

<-- Respuesta cruda: $CFG,BAD_CRC,LOGREAD,315,7182-07-22 06:17:02,SEND_OK,0,0
*** Trama sin '*CRC' reconocible. ***

=== Registro 316 (317/1001) ===

<-- Respuesta cruda: $CFG,BAD_CRC,LOGREAD,316,0527-54-00 00:00:00,UNKNOWN,2969567232,117959402
*** Trama sin '*CRC' reconocible. ***

=== Registro 317 (318/1001) ===

<-- Respuesta cruda: $CFG,BAD_CRC,LOGREAD,317,0527-70-00 48:00:00,UNKNOWN,3959422976,117959283
*** Trama sin '*CRC' reconocible. ***

=== Registro 318 (319/1001) ===

<-- Respuesta cruda: $CFG,BAD_CRC,LOGREAD,318,7951-68-00 00:00:00,UNKNOWN,117440512,117959317
*** Trama sin '*CRC' reconocible. ***

=== Registro 319 (320/1001) ===

<-- Respuesta cruda: $CFG,BAD_CRC,LOGREAD,319,0528-54-00 00:00:00,UNKNOWN,33554432,117959374
*** Trama sin '*CRC' reconocible. ***

=== Registro 320 (321/1001) ===

<-- Respuesta cruda: $CFG,BAD_CRC,LOGREAD,320,0528-70-00 48:00:00,UNKNOWN,1593835520,117959255
*** Trama sin '*CRC' reconocible. ***

=== Registro 321 (322/1001) ===

<-- Respuesta cruda: $CFG,BAD_CRC,LOGREAD,321,8720-68-00 00:00:00,UNKNOWN,1929379840,518757
*** Trama sin '*CRC' reconocible. ***

=== Registro 322 (323/1001) ===

<-- Respuesta cruda: $CFG,BAD_CRC,LOGREAD,322,0000-00-231 194:09:04,SEND_OK,0,117959168
*** Trama sin '*CRC' reconocible. ***

=== Registro 323 (324/1001) ===

<-- Respuesta cruda: $CFG,BAD_CRC,LOGREAD,323,0529-70-00 48:00:00,UNKNOWN,704643072,117959252
*** Trama sin '*CRC' reconocible. ***

=== Registro 324 (325/1001) ===

<-- Respuesta cruda: $CFG,BAD_CRC,LOGREAD,324,9489-68-00 00:00:00,UNKNOWN,3137339392,117959247
*** Trama sin '*CRC' reconocible. ***

=== Registro 325 (326/1001) ===

<-- Respuesta cruda: $CFG,BAD_CRC,LOGREAD,325,0530-54-00 00:00:00,UNKNOWN,3892314112,117959368
*** Trama sin '*CRC' reconocible. ***

=== Registro 326 (327/1001) ===

<-- Respuesta cruda: $CFG,BAD_CRC,LOGREAD,326,0530-70-00 48:00:00,UNKNOWN,3036676096,117959249
*** Trama sin '*CRC' reconocible. ***

=== Registro 327 (328/1001) ===

<-- Respuesta cruda: $CFG,BAD_CRC,LOGREAD,327,10258-68-00 00:00:00,UNKNOWN,2751463424,117959265
*** Trama sin '*CRC' reconocible. ***

=== Registro 328 (329/1001) ===

<-- Respuesta cruda: $CFG,BAD_CRC,LOGREAD,328,0531-54-00 00:00:00,UNKNOWN,0,0
*** Trama sin '*CRC' reconocible. ***

=== Registro 329 (330/1001) ===

<-- Respuesta cruda: $CFG,BAD_CRC,LOGREAD,329,0531-70-00 48:00:00,UNKNOWN,3221225472,117959250
*** Trama sin '*CRC' reconocible. ***

=== Registro 330 (331/1001) ===

<-- Respuesta cruda: $CFG,BAD_CRC,LOGREAD,330,11027-68-00 00:00:00,UNKNOWN,721420288,117959194
*** Trama sin '*CRC' reconocible. ***

=== Registro 331 (332/1001) ===

<-- Respuesta cruda: $CFG,BAD_CRC,LOGREAD,331,0532-54-00 00:00:00,UNKNOWN,3590324224,117959363
*** Trama sin '*CRC' reconocible. ***

=== Registro 332 (333/1001) ===

<-- Respuesta cruda: $CFG,BAD_CRC,LOGREAD,332,0788-70-00 48:00:00,UNKNOWN,3254779904,117959298
*** Trama sin '*CRC' reconocible. ***

=== Registro 333 (334/1001) ===

<-- Respuesta cruda: $CFG,BAD_CRC,LOGREAD,333,11796-68-00 00:00:00,UNKNOWN,1845493760,117959323
*** Trama sin '*CRC' reconocible. ***

=== Registro 334 (335/1001) ===

<-- Respuesta cruda: $CFG,BAD_CRC,LOGREAD,334,0533-54-00 00:00:00,UNKNOWN,2734686208,117959360
*** Trama sin '*CRC' reconocible. ***

=== Registro 335 (336/1001) ===

<-- Respuesta cruda: $CFG,BAD_CRC,LOGREAD,335,0789-70-00 48:00:03,SEND_OK,0,0
*** Trama sin '*CRC' reconocible. ***

=== Registro 336 (337/1001) ===

<-- Respuesta cruda: $CFG,BAD_CRC,LOGREAD,336,12565-68-00 00:00:00,UNKNOWN,352321536,117959238
*** Trama sin '*CRC' reconocible. ***

=== Registro 337 (338/1001) ===

<-- Respuesta cruda: $CFG,BAD_CRC,LOGREAD,337,0790-54-00 00:00:00,UNKNOWN,1962934272,117959197
*** Trama sin '*CRC' reconocible. ***

=== Registro 338 (339/1001) ===

<-- Respuesta cruda: $CFG,BAD_CRC,LOGREAD,338,0790-70-00 48:00:00,UNKNOWN,671088640,117959300
*** Trama sin '*CRC' reconocible. ***

=== Registro 339 (340/1001) ===

<-- Respuesta cruda: $CFG,BAD_CRC,LOGREAD,339,13334-68-00 00:00:00,UNKNOWN,2214592512,117959370
*** Trama sin '*CRC' reconocible. ***

=== Registro 340 (341/1001) ===

<-- Respuesta cruda: $CFG,BAD_CRC,LOGREAD,340,0791-54-00 00:00:00,UNKNOWN,0,117959198
*** Trama sin '*CRC' reconocible. ***

=== Registro 341 (342/1001) ===

<-- Respuesta cruda: $CFG,BAD_CRC,LOGREAD,341,14103-68-00 00:00:00,UNKNOWN,184549376,117959345
*** Trama sin '*CRC' reconocible. ***

=== Registro 342 (343/1001) ===

<-- Respuesta cruda: $CFG,BAD_CRC,LOGREAD,342,1816-07-22 06:26:03,SERVER_ACK,48,0
*** Trama sin '*CRC' reconocible. ***

=== Registro 343 (344/1001) ===

<-- Respuesta cruda: $CFG,BAD_CRC,LOGREAD,343,0792-70-00 48:00:00,UNKNOWN,3187671040,117959316
*** Trama sin '*CRC' reconocible. ***

=== Registro 344 (345/1001) ===

<-- Respuesta cruda: $CFG,BAD_CRC,LOGREAD,344,14872-68-00 00:00:00,UNKNOWN,1744830464,117959305
*** Trama sin '*CRC' reconocible. ***

=== Registro 345 (346/1001) ===

<-- Respuesta cruda: $CFG,BAD_CRC,LOGREAD,345,0793-54-00 00:00:00,UNKNOWN,2516582400,117959182
*** Trama sin '*CRC' reconocible. ***

=== Registro 346 (347/1001) ===

<-- Respuesta cruda: $CFG,BAD_CRC,LOGREAD,346,0793-70-00 48:00:00,UNKNOWN,3405774848,117959319
*** Trama sin '*CRC' reconocible. ***

=== Registro 347 (348/1001) ===

<-- Respuesta cruda: $CFG,BAD_CRC,LOGREAD,347,0026-68-00 00:00:00,UNKNOWN,4160749568,117959282
*** Trama sin '*CRC' reconocible. ***

=== Registro 348 (349/1001) ===

<-- Respuesta cruda: $CFG,BAD_CRC,LOGREAD,348,0538-54-00 00:00:00,UNKNOWN,1073741824,60115
*** Trama sin '*CRC' reconocible. ***

=== Registro 349 (350/1001) ===

<-- Respuesta cruda: $CFG,BAD_CRC,LOGREAD,349,0000-00-243 07:18:06,SERVER_ACK,48,117959168
*** Trama sin '*CRC' reconocible. ***

=== Registro 350 (351/1001) ===

<-- Respuesta cruda: $CFG,BAD_CRC,LOGREAD,350,0795-54-00 00:00:00,UNKNOWN,2080374784,117959176
*** Trama sin '*CRC' reconocible. ***

=== Registro 351 (352/1001) ===

<-- Respuesta cruda: $CFG,BAD_CRC,LOGREAD,351,0795-68-00 00:00:00,UNKNOWN,1996488704,117959177
*** Trama sin '*CRC' reconocible. ***

=== Registro 352 (353/1001) ===

<-- Respuesta cruda: $CFG,BAD_CRC,LOGREAD,352,1563-70-00 48:00:00,UNKNOWN,788529152,117959192
*** Trama sin '*CRC' reconocible. ***

=== Registro 353 (354/1001) ===

<-- Respuesta cruda: $CFG,BAD_CRC,LOGREAD,353,0796-54-00 00:00:00,UNKNOWN,922746880,117959168
*** Trama sin '*CRC' reconocible. ***

=== Registro 354 (355/1001) ===

<-- Respuesta cruda: $CFG,BAD_CRC,LOGREAD,354,0796-70-00 48:00:00,UNKNOWN,1778384896,117959321
*** Trama sin '*CRC' reconocible. ***

=== Registro 355 (356/1001) ===

<-- Respuesta cruda: $CFG,BAD_CRC,LOGREAD,355,1564-68-00 00:00:00,UNKNOWN,0,0
*** Trama sin '*CRC' reconocible. ***

=== Registro 356 (357/1001) ===

<-- Respuesta cruda: $CFG,BAD_CRC,LOGREAD,356,0797-54-00 00:00:00,UNKNOWN,1107296256,117959171
*** Trama sin '*CRC' reconocible. ***

=== Registro 357 (358/1001) ===

<-- Respuesta cruda: $CFG,BAD_CRC,LOGREAD,357,0797-70-00 48:00:00,UNKNOWN,520093696,117959322
*** Trama sin '*CRC' reconocible. ***

=== Registro 358 (359/1001) ===

<-- Respuesta cruda: $CFG,BAD_CRC,LOGREAD,358,2333-68-00 00:00:00,UNKNOWN,1946157056,117959168
*** Trama sin '*CRC' reconocible. ***

=== Registro 359 (360/1001) ===

<-- Respuesta cruda: $CFG,BAD_CRC,LOGREAD,359,0798-54-00 00:00:00,UNKNOWN,3707764736,117959174
*** Trama sin '*CRC' reconocible. ***

=== Registro 360 (361/1001) ===

<-- Respuesta cruda: $CFG,BAD_CRC,LOGREAD,360,0798-70-00 48:00:00,UNKNOWN,2147483648,117959327
*** Trama sin '*CRC' reconocible. ***

=== Registro 361 (362/1001) ===

<-- Respuesta cruda: $CFG,BAD_CRC,LOGREAD,361,3102-68-00 00:00:00,UNKNOWN,3841982464,117959308
*** Trama sin '*CRC' reconocible. ***

=== Registro 362 (363/1001) ===

<-- Respuesta cruda: $CFG,BAD_CRC,LOGREAD,362,0799-54-00 00:33:04,SERVER_ACK,48,0
*** Trama sin '*CRC' reconocible. ***

=== Registro 363 (364/1001) ===

<-- Respuesta cruda: $CFG,BAD_CRC,LOGREAD,363,0799-70-00 48:00:00,UNKNOWN,4110417920,117959324
*** Trama sin '*CRC' reconocible. ***

=== Registro 364 (365/1001) ===

<-- Respuesta cruda: $CFG,BAD_CRC,LOGREAD,364,3871-68-00 00:00:00,UNKNOWN,1778384896,117959415
*** Trama sin '*CRC' reconocible. ***

=== Registro 365 (366/1001) ===

<-- Respuesta cruda: $CFG,BAD_CRC,LOGREAD,365,0800-54-00 00:00:00,UNKNOWN,3137339392,117959247
*** Trama sin '*CRC' reconocible. ***

=== Registro 366 (367/1001) ===

<-- Respuesta cruda: $CFG,BAD_CRC,LOGREAD,366,1056-70-00 48:00:00,UNKNOWN,1526726656,117959423
*** Trama sin '*CRC' reconocible. ***

=== Registro 367 (368/1001) ===

<-- Respuesta cruda: $CFG,BAD_CRC,LOGREAD,367,4640-68-00 00:00:00,UNKNOWN,3288334336,117959363
*** Trama sin '*CRC' reconocible. ***

=== Registro 368 (369/1001) ===

<-- Respuesta cruda: $CFG,BAD_CRC,LOGREAD,368,0801-54-00 00:00:00,UNKNOWN,3456106496,117959244
*** Trama sin '*CRC' reconocible. ***

=== Registro 369 (370/1001) ===

<-- Respuesta cruda: $CFG,BAD_CRC,LOGREAD,369,0000-00-172 36:23:44,HEARTBEAT_RECEIVED,0,117959168
*** Trama sin '*CRC' reconocible. ***

=== Registro 370 (371/1001) ===

<-- Respuesta cruda: $CFG,BAD_CRC,LOGREAD,370,5409-68-00 00:00:00,UNKNOWN,201326592,117959401
*** Trama sin '*CRC' reconocible. ***

=== Registro 371 (372/1001) ===

<-- Respuesta cruda: $CFG,BAD_CRC,LOGREAD,371,1058-54-00 00:00:00,UNKNOWN,3959422976,117959264
*** Trama sin '*CRC' reconocible. ***

=== Registro 372 (373/1001) ===

<-- Respuesta cruda: $CFG,BAD_CRC,LOGREAD,372,6178-68-00 00:00:00,UNKNOWN,318767104,117959367
*** Trama sin '*CRC' reconocible. ***

=== Registro 373 (374/1001) ===

<-- Respuesta cruda: $CFG,BAD_CRC,LOGREAD,373,7970-67-00 00:00:00,UNKNOWN,1409286144,117959410
*** Trama sin '*CRC' reconocible. ***

=== Registro 374 (375/1001) ===

<-- Respuesta cruda: $CFG,BAD_CRC,LOGREAD,374,7970-54-00 00:00:00,UNKNOWN,2768240640,117959407
*** Trama sin '*CRC' reconocible. ***

=== Registro 375 (376/1001) ===

<-- Respuesta cruda: $CFG,BAD_CRC,LOGREAD,375,8226-70-00 48:00:00,UNKNOWN,2348810240,2
*** Trama sin '*CRC' reconocible. ***

=== Registro 376 (377/1001) ===

<-- Respuesta cruda: $CFG,BAD_CRC,LOGREAD,376,8226-70-00 00:00:00,UNKNOWN,1342177280,117959236
*** Trama sin '*CRC' reconocible. ***

=== Registro 377 (378/1001) ===

<-- Respuesta cruda: $CFG,BAD_CRC,LOGREAD,377,8227-54-00 00:00:00,UNKNOWN,2751463424,117959320
*** Trama sin '*CRC' reconocible. ***

=== Registro 378 (379/1001) ===

<-- Respuesta cruda: $CFG,BAD_CRC,LOGREAD,378,8227-70-00 48:00:00,UNKNOWN,4177526784,117959169
*** Trama sin '*CRC' reconocible. ***

=== Registro 379 (380/1001) ===

<-- Respuesta cruda: $CFG,BAD_CRC,LOGREAD,379,8995-68-00 00:00:00,UNKNOWN,1426063360,117959393
*** Trama sin '*CRC' reconocible. ***

=== Registro 380 (381/1001) ===

<-- Respuesta cruda: $CFG,BAD_CRC,LOGREAD,380,8228-54-00 00:00:00,UNKNOWN,4009754624,117959312
*** Trama sin '*CRC' reconocible. ***

=== Registro 381 (382/1001) ===

<-- Respuesta cruda: $CFG,BAD_CRC,LOGREAD,381,8228-70-00 48:00:00,UNKNOWN,2986344448,117959177
*** Trama sin '*CRC' reconocible. ***

=== Registro 382 (383/1001) ===

<-- Respuesta cruda: $CFG,BAD_CRC,LOGREAD,382,9764-68-00 00:00:00,UNKNOWN,0,0
*** Trama sin '*CRC' reconocible. ***

=== Registro 383 (384/1001) ===

<-- Respuesta cruda: $CFG,BAD_CRC,LOGREAD,383,8229-54-00 00:00:00,UNKNOWN,2583691264,117959315
*** Trama sin '*CRC' reconocible. ***

=== Registro 384 (385/1001) ===

<-- Respuesta cruda: $CFG,BAD_CRC,LOGREAD,384,8229-70-00 48:00:00,UNKNOWN,3338665984,117959178
*** Trama sin '*CRC' reconocible. ***

=== Registro 385 (386/1001) ===

<-- Respuesta cruda: $CFG,BAD_CRC,LOGREAD,385,10533-68-00 00:00:00,UNKNOWN,1442840576,117959400
*** Trama sin '*CRC' reconocible. ***

=== Registro 386 (387/1001) ===

<-- Respuesta cruda: $CFG,BAD_CRC,LOGREAD,386,8230-54-00 00:00:00,UNKNOWN,83886080,117959318
*** Trama sin '*CRC' reconocible. ***

=== Registro 387 (388/1001) ===

<-- Respuesta cruda: $CFG,BAD_CRC,LOGREAD,387,8230-70-00 48:00:00,UNKNOWN,1476395008,117959183
*** Trama sin '*CRC' reconocible. ***

=== Registro 388 (389/1001) ===

<-- Respuesta cruda: $CFG,BAD_CRC,LOGREAD,388,11302-68-00 00:00:00,UNKNOWN,3338665984,117959268
*** Trama sin '*CRC' reconocible. ***

=== Registro 389 (390/1001) ===

<-- Respuesta cruda: $CFG,BAD_CRC,LOGREAD,389,8231-54-00 06:41:33,SERVER_ACK,48,0
*** Trama sin '*CRC' reconocible. ***

=== Registro 390 (391/1001) ===

<-- Respuesta cruda: $CFG,BAD_CRC,LOGREAD,390,8743-70-00 48:00:00,UNKNOWN,2650800128,117959340
*** Trama sin '*CRC' reconocible. ***

=== Registro 391 (392/1001) ===

<-- Respuesta cruda: $CFG,BAD_CRC,LOGREAD,391,12071-68-00 00:00:00,UNKNOWN,1207959552,117959199
*** Trama sin '*CRC' reconocible. ***

=== Registro 392 (393/1001) ===

<-- Respuesta cruda: $CFG,BAD_CRC,LOGREAD,392,8232-54-00 00:00:00,UNKNOWN,2466250752,117959302
*** Trama sin '*CRC' reconocible. ***

=== Registro 393 (394/1001) ===

<-- Respuesta cruda: $CFG,BAD_CRC,LOGREAD,393,8488-70-00 48:00:00,UNKNOWN,2264924160,117959367
*** Trama sin '*CRC' reconocible. ***

=== Registro 394 (395/1001) ===

<-- Respuesta cruda: $CFG,BAD_CRC,LOGREAD,394,12840-68-00 00:00:00,UNKNOWN,369098752,117959282
*** Trama sin '*CRC' reconocible. ***

=== Registro 395 (396/1001) ===

<-- Respuesta cruda: $CFG,BAD_CRC,LOGREAD,395,8489-54-00 00:00:00,UNKNOWN,2936012800,117959261
*** Trama sin '*CRC' reconocible. ***

=== Registro 396 (397/1001) ===

<-- Respuesta cruda: $CFG,BAD_CRC,LOGREAD,396,0000-00-158 225:26:58,CID_RECEIVED,0,117959168
*** Trama sin '*CRC' reconocible. ***

=== Registro 397 (398/1001) ===

<-- Respuesta cruda: $CFG,BAD_CRC,LOGREAD,397,13609-68-00 00:00:00,UNKNOWN,3724541952,117959256
*** Trama sin '*CRC' reconocible. ***

=== Registro 398 (399/1001) ===

<-- Respuesta cruda: $CFG,BAD_CRC,LOGREAD,398,8490-54-00 00:00:00,UNKNOWN,805306368,117959256
*** Trama sin '*CRC' reconocible. ***

=== Registro 399 (400/1001) ===

<-- Respuesta cruda: $CFG,BAD_CRC,LOGREAD,399,8490-70-00 48:00:00,UNKNOWN,1828716544,117959361
*** Trama sin '*CRC' reconocible. ***

=== Registro 400 (401/1001) ===

<-- Respuesta cruda: $CFG,BAD_CRC,LOGREAD,400,14378-68-00 00:00:00,UNKNOWN,3238002688,117959286
*** Trama sin '*CRC' reconocible. ***

=== Registro 401 (402/1001) ===

<-- Respuesta cruda: $CFG,BAD_CRC,LOGREAD,401,8491-54-00 00:00:00,UNKNOWN,1157627904,117959259
*** Trama sin '*CRC' reconocible. ***

=== Registro 402 (403/1001) ===

<-- Respuesta cruda: $CFG,BAD_CRC,LOGREAD,402,8491-70-00 48:00:00,UNKNOWN,402653184,0
*** Trama sin '*CRC' reconocible. ***

=== Registro 403 (404/1001) ===

<-- Respuesta cruda: $CFG,BAD_CRC,LOGREAD,403,15147-68-00 00:00:00,UNKNOWN,1308622848,117959181
*** Trama sin '*CRC' reconocible. ***

=== Registro 404 (405/1001) ===

<-- Respuesta cruda: $CFG,BAD_CRC,LOGREAD,404,8492-54-00 00:00:00,UNKNOWN,234881024,117959251
*** Trama sin '*CRC' reconocible. ***

=== Registro 405 (406/1001) ===

<-- Respuesta cruda: $CFG,BAD_CRC,LOGREAD,405,8492-70-00 48:00:00,UNKNOWN,1392508928,117959370
*** Trama sin '*CRC' reconocible. ***

=== Registro 406 (407/1001) ===

<-- Respuesta cruda: $CFG,BAD_CRC,LOGREAD,406,0557-68-00 00:00:00,UNKNOWN,4026531840,117959299
*** Trama sin '*CRC' reconocible. ***

=== Registro 407 (408/1001) ===

<-- Respuesta cruda: $CFG,BAD_CRC,LOGREAD,407,8493-54-00 00:00:00,UNKNOWN,2063597568,117959248
*** Trama sin '*CRC' reconocible. ***

=== Registro 408 (409/1001) ===

<-- Respuesta cruda: $CFG,BAD_CRC,LOGREAD,408,8493-70-00 48:00:00,UNKNOWN,637534208,117959369
*** Trama sin '*CRC' reconocible. ***

=== Registro 409 (410/1001) ===

<-- Respuesta cruda: $CFG,BAD_CRC,LOGREAD,409,8238-65-00 00:00:00,UNKNOWN,0,0
*** Trama sin '*CRC' reconocible. ***

=== Registro 410 (411/1001) ===

<-- Respuesta cruda: $CFG,BAD_CRC,LOGREAD,410,8494-54-00 00:00:00,UNKNOWN,3825205248,117959253
*** Trama sin '*CRC' reconocible. ***

=== Registro 411 (412/1001) ===

<-- Respuesta cruda: $CFG,BAD_CRC,LOGREAD,411,8750-70-00 48:00:00,UNKNOWN,1124073472,117959348
*** Trama sin '*CRC' reconocible. ***

=== Registro 412 (413/1001) ===

<-- Respuesta cruda: $CFG,BAD_CRC,LOGREAD,412,3119-67-00 00:00:00,UNKNOWN,2583691264,117959370
*** Trama sin '*CRC' reconocible. ***

=== Registro 413 (414/1001) ===

<-- Respuesta cruda: $CFG,BAD_CRC,LOGREAD,413,3119-66-00 00:00:00,UNKNOWN,3741319168,117959333
*** Trama sin '*CRC' reconocible. ***

=== Registro 414 (415/1001) ===

<-- Respuesta cruda: $CFG,BAD_CRC,LOGREAD,414,3119-54-00 00:00:00,UNKNOWN,1795162112,117959383
*** Trama sin '*CRC' reconocible. ***

=== Registro 415 (416/1001) ===

<-- Respuesta cruda: $CFG,BAD_CRC,LOGREAD,415,3375-70-00 48:00:00,UNKNOWN,2130706432,117959318
*** Trama sin '*CRC' reconocible. ***

=== Registro 416 (417/1001) ===

<-- Respuesta cruda: $CFG,BAD_CRC,LOGREAD,416,3375-70-22 06:49:06,HEARTBEAT_RECEIVED,0,0
*** Trama sin '*CRC' reconocible. ***

=== Registro 417 (418/1001) ===

<-- Respuesta cruda: $CFG,BAD_CRC,LOGREAD,417,0560-67-00 00:00:00,UNKNOWN,1392508928,117959357
*** Trama sin '*CRC' reconocible. ***

=== Registro 418 (419/1001) ===

<-- Respuesta cruda: $CFG,BAD_CRC,LOGREAD,418,0560-54-00 00:00:00,UNKNOWN,2717908992,117959328
*** Trama sin '*CRC' reconocible. ***

=== Registro 419 (420/1001) ===

<-- Respuesta cruda: $CFG,BAD_CRC,LOGREAD,419,0816-70-00 48:00:00,UNKNOWN,3053453312,117959393
*** Trama sin '*CRC' reconocible. ***

=== Registro 420 (421/1001) ===

<-- Respuesta cruda: $CFG,BAD_CRC,LOGREAD,420,0816-70-00 00:00:00,UNKNOWN,1778384896,117959335
*** Trama sin '*CRC' reconocible. ***

=== Registro 421 (422/1001) ===

<-- Respuesta cruda: $CFG,BAD_CRC,LOGREAD,421,0817-54-00 00:00:00,UNKNOWN,2650800128,117959291
*** Trama sin '*CRC' reconocible. ***

=== Registro 422 (423/1001) ===

<-- Respuesta cruda: $CFG,BAD_CRC,LOGREAD,422,0817-70-00 48:00:00,UNKNOWN,3271557120,117959394
*** Trama sin '*CRC' reconocible. ***

=== Registro 423 (424/1001) ===

<-- Respuesta cruda: $CFG,BAD_CRC,LOGREAD,423,0000-00-31 115:31:35,HEARTBEAT_RECEIVED,0,117959168
*** Trama sin '*CRC' reconocible. ***

=== Registro 424 (425/1001) ===

<-- Respuesta cruda: $CFG,BAD_CRC,LOGREAD,424,0818-54-00 00:00:00,UNKNOWN,16777216,117959294
*** Trama sin '*CRC' reconocible. ***

=== Registro 425 (426/1001) ===

<-- Respuesta cruda: $CFG,BAD_CRC,LOGREAD,425,0818-70-00 48:00:00,UNKNOWN,1543503872,117959399
*** Trama sin '*CRC' reconocible. ***

=== Registro 426 (427/1001) ===

<-- Respuesta cruda: $CFG,BAD_CRC,LOGREAD,426,2354-68-00 00:00:00,UNKNOWN,922746880,117959293
*** Trama sin '*CRC' reconocible. ***

=== Registro 427 (428/1001) ===

<-- Respuesta cruda: $CFG,BAD_CRC,LOGREAD,427,0819-54-00 00:00:00,UNKNOWN,1946157056,117959293
*** Trama sin '*CRC' reconocible. ***

=== Registro 428 (429/1001) ===

<-- Respuesta cruda: $CFG,BAD_CRC,LOGREAD,428,0819-70-00 48:00:00,UNKNOWN,687865856,117959396
*** Trama sin '*CRC' reconocible. ***

=== Registro 429 (430/1001) ===

<-- Respuesta cruda: $CFG,BAD_CRC,LOGREAD,429,3123-68-00 00:00:00,UNKNOWN,0,0
*** Trama sin '*CRC' reconocible. ***

=== Registro 430 (431/1001) ===

<-- Respuesta cruda: $CFG,BAD_CRC,LOGREAD,430,0820-54-00 00:00:00,UNKNOWN,1056964608,117959285
*** Trama sin '*CRC' reconocible. ***

=== Registro 431 (432/1001) ===

<-- Respuesta cruda: $CFG,BAD_CRC,LOGREAD,431,0820-70-00 48:00:00,UNKNOWN,1644167168,117959404
*** Trama sin '*CRC' reconocible. ***

=== Registro 432 (433/1001) ===

<-- Respuesta cruda: $CFG,BAD_CRC,LOGREAD,432,3892-68-00 00:00:00,UNKNOWN,4244635648,117959303
*** Trama sin '*CRC' reconocible. ***

=== Registro 433 (434/1001) ===

<-- Respuesta cruda: $CFG,BAD_CRC,LOGREAD,433,0821-54-00 00:00:00,UNKNOWN,1241513984,117959286
*** Trama sin '*CRC' reconocible. ***

=== Registro 434 (435/1001) ===

<-- Respuesta cruda: $CFG,BAD_CRC,LOGREAD,434,1077-70-00 48:00:00,UNKNOWN,2852126720,117959366
*** Trama sin '*CRC' reconocible. ***

=== Registro 435 (436/1001) ===

<-- Respuesta cruda: $CFG,BAD_CRC,LOGREAD,435,4661-68-00 00:00:00,UNKNOWN,889192448,117959418
*** Trama sin '*CRC' reconocible. ***

=== Registro 436 (437/1001) ===

<-- Respuesta cruda: $CFG,BAD_CRC,LOGREAD,436,0822-54-00 00:00:00,SERVER_ACK,48,0
*** Trama sin '*CRC' reconocible. ***

=== Registro 437 (438/1001) ===

<-- Respuesta cruda: $CFG,BAD_CRC,LOGREAD,437,1078-70-00 48:00:00,UNKNOWN,889192448,117959363
*** Trama sin '*CRC' reconocible. ***

=== Registro 438 (439/1001) ===

<-- Respuesta cruda: $CFG,BAD_CRC,LOGREAD,438,5430-68-00 00:00:00,UNKNOWN,385875968,117959382
*** Trama sin '*CRC' reconocible. ***

=== Registro 439 (440/1001) ===

<-- Respuesta cruda: $CFG,BAD_CRC,LOGREAD,439,1079-54-00 00:00:00,UNKNOWN,486539264,117959257
*** Trama sin '*CRC' reconocible. ***

=== Registro 440 (441/1001) ===

<-- Respuesta cruda: $CFG,BAD_CRC,LOGREAD,440,1079-70-00 48:00:00,UNKNOWN,1073741824,117959360
*** Trama sin '*CRC' reconocible. ***

=== Registro 441 (442/1001) ===

<-- Respuesta cruda: $CFG,BAD_CRC,LOGREAD,441,6199-68-00 00:00:00,UNKNOWN,3791650816,117959422
*** Trama sin '*CRC' reconocible. ***

=== Registro 442 (443/1001) ===

<-- Respuesta cruda: $CFG,BAD_CRC,LOGREAD,442,1080-54-00 00:00:00,UNKNOWN,4261412864,117959242
*** Trama sin '*CRC' reconocible. ***

=== Registro 443 (444/1001) ===

<-- Respuesta cruda: $CFG,BAD_CRC,LOGREAD,443,1080-07-22 06:58:33,HEARTBEAT_RECEIVED,0,0
*** Trama sin '*CRC' reconocible. ***

=== Registro 444 (445/1001) ===

<-- Respuesta cruda: $CFG,BAD_CRC,LOGREAD,444,6968-68-00 00:00:00,UNKNOWN,4211081216,117959317
*** Trama sin '*CRC' reconocible. ***

=== Registro 445 (446/1001) ===

<-- Respuesta cruda: $CFG,BAD_CRC,LOGREAD,445,1081-54-00 00:00:00,UNKNOWN,2332033024,117959241
*** Trama sin '*CRC' reconocible. ***

=== Registro 446 (447/1001) ===

<-- Respuesta cruda: $CFG,BAD_CRC,LOGREAD,446,1081-70-00 48:00:00,UNKNOWN,3590324224,117959376
*** Trama sin '*CRC' reconocible. ***

=== Registro 447 (448/1001) ===

<-- Respuesta cruda: $CFG,BAD_CRC,LOGREAD,447,7737-68-00 00:00:00,UNKNOWN,2147483648,117959199
*** Trama sin '*CRC' reconocible. ***

=== Registro 448 (449/1001) ===

<-- Respuesta cruda: $CFG,BAD_CRC,LOGREAD,448,1082-54-00 00:00:00,UNKNOWN,335544320,117959244
*** Trama sin '*CRC' reconocible. ***

=== Registro 449 (450/1001) ===

<-- Respuesta cruda: $CFG,BAD_CRC,LOGREAD,449,1082-70-00 48:00:00,UNKNOWN,1224736768,518869
*** Trama sin '*CRC' reconocible. ***

=== Registro 450 (451/1001) ===

<-- Respuesta cruda: $CFG,BAD_CRC,LOGREAD,450,0000-00-92 234:40:15,SERVER_ACK,48,117959168
*** Trama sin '*CRC' reconocible. ***

=== Registro 451 (452/1001) ===

<-- Respuesta cruda: $CFG,BAD_CRC,LOGREAD,451,1083-54-00 00:00:00,UNKNOWN,1627389952,117959247
*** Trama sin '*CRC' reconocible. ***

=== Registro 452 (453/1001) ===

<-- Respuesta cruda: $CFG,BAD_CRC,LOGREAD,452,9275-68-00 00:00:00,UNKNOWN,268435456,117959396
*** Trama sin '*CRC' reconocible. ***

=== Registro 453 (454/1001) ===

<-- Respuesta cruda: $CFG,BAD_CRC,LOGREAD,453,1024-54-00 00:00:00,UNKNOWN,3305111552,117959245
*** Trama sin '*CRC' reconocible. ***

=== Registro 454 (455/1001) ===

<-- Respuesta cruda: $CFG,BAD_CRC,LOGREAD,454,1280-70-00 48:00:00,UNKNOWN,3506438144,117959180
*** Trama sin '*CRC' reconocible. ***

=== Registro 455 (456/1001) ===

<-- Respuesta cruda: $CFG,BAD_CRC,LOGREAD,455,9984-68-00 00:00:00,UNKNOWN,1308622848,117959326
*** Trama sin '*CRC' reconocible. ***

=== Registro 456 (457/1001) ===

<-- Respuesta cruda: $CFG,BAD_CRC,LOGREAD,456,1025-54-00 00:00:00,UNKNOWN,0,0
*** Trama sin '*CRC' reconocible. ***

=== Registro 457 (458/1001) ===

<-- Respuesta cruda: $CFG,BAD_CRC,LOGREAD,457,1281-70-00 48:00:00,UNKNOWN,2751463424,117959183
*** Trama sin '*CRC' reconocible. ***

=== Registro 458 (459/1001) ===

<-- Respuesta cruda: $CFG,BAD_CRC,LOGREAD,458,10753-68-00 00:00:00,UNKNOWN,3137339392,117959350
*** Trama sin '*CRC' reconocible. ***

=== Registro 459 (460/1001) ===

<-- Respuesta cruda: $CFG,BAD_CRC,LOGREAD,459,1282-54-00 00:00:00,UNKNOWN,1711276032,117959315
*** Trama sin '*CRC' reconocible. ***

=== Registro 460 (461/1001) ===

<-- Respuesta cruda: $CFG,BAD_CRC,LOGREAD,460,1282-70-00 48:00:00,UNKNOWN,989855744,117959178
*** Trama sin '*CRC' reconocible. ***

=== Registro 461 (462/1001) ===

<-- Respuesta cruda: $CFG,BAD_CRC,LOGREAD,461,11522-68-00 00:00:00,UNKNOWN,2566914048,117959322
*** Trama sin '*CRC' reconocible. ***

=== Registro 462 (463/1001) ===

<-- Respuesta cruda: $CFG,BAD_CRC,LOGREAD,462,1283-54-00 00:00:00,UNKNOWN,318767104,117959312
*** Trama sin '*CRC' reconocible. ***

=== Registro 463 (464/1001) ===

<-- Respuesta cruda: $CFG,BAD_CRC,LOGREAD,463,1283-70-00 48:00:21,SERVER_ACK,0,0
*** Trama sin '*CRC' reconocible. ***

=== Registro 464 (465/1001) ===

<-- Respuesta cruda: $CFG,BAD_CRC,LOGREAD,464,12291-68-00 00:00:00,UNKNOWN,1358954496,117959399
*** Trama sin '*CRC' reconocible. ***

=== Registro 465 (466/1001) ===

<-- Respuesta cruda: $CFG,BAD_CRC,LOGREAD,465,1284-54-00 00:00:00,UNKNOWN,1476395008,117959320
*** Trama sin '*CRC' reconocible. ***

=== Registro 466 (467/1001) ===

<-- Respuesta cruda: $CFG,BAD_CRC,LOGREAD,466,1284-70-00 48:00:00,UNKNOWN,83886080,117959169
*** Trama sin '*CRC' reconocible. ***

=== Registro 467 (468/1001) ===

<-- Respuesta cruda: $CFG,BAD_CRC,LOGREAD,467,5380-67-00 00:00:00,UNKNOWN,2483027968,117959376
*** Trama sin '*CRC' reconocible. ***

=== Registro 468 (469/1001) ===

<-- Respuesta cruda: $CFG,BAD_CRC,LOGREAD,468,5380-54-00 00:00:00,UNKNOWN,1694498816,117959373
*** Trama sin '*CRC' reconocible. ***

=== Registro 469 (470/1001) ===

<-- Respuesta cruda: $CFG,BAD_CRC,LOGREAD,469,5380-70-00 48:00:00,UNKNOWN,939524096,117959252
*** Trama sin '*CRC' reconocible. ***

=== Registro 470 (471/1001) ===

<-- Respuesta cruda: $CFG,BAD_CRC,LOGREAD,470,1796-07-22 07:07:22,SEND_OK,0,0
*** Trama sin '*CRC' reconocible. ***

=== Registro 471 (472/1001) ===

<-- Respuesta cruda: $CFG,BAD_CRC,LOGREAD,471,5637-54-00 00:00:00,UNKNOWN,3925868544,117959350
*** Trama sin '*CRC' reconocible. ***

=== Registro 472 (473/1001) ===

<-- Respuesta cruda: $CFG,BAD_CRC,LOGREAD,472,5637-70-00 48:00:00,UNKNOWN,3070230528,117959215
*** Trama sin '*CRC' reconocible. ***

=== Registro 473 (474/1001) ===

<-- Respuesta cruda: $CFG,BAD_CRC,LOGREAD,473,6149-68-00 00:00:00,UNKNOWN,2600468480,117959396
*** Trama sin '*CRC' reconocible. ***

=== Registro 474 (475/1001) ===

<-- Respuesta cruda: $CFG,BAD_CRC,LOGREAD,474,5638-54-00 00:00:00,UNKNOWN,1962934272,117959347
*** Trama sin '*CRC' reconocible. ***

=== Registro 475 (476/1001) ===

<-- Respuesta cruda: $CFG,BAD_CRC,LOGREAD,475,5638-70-00 48:00:00,UNKNOWN,671088640,117959210
*** Trama sin '*CRC' reconocible. ***

=== Registro 476 (477/1001) ===

<-- Respuesta cruda: $CFG,BAD_CRC,LOGREAD,476,6918-68-00 00:00:00,UNKNOWN,4261412864,60057
*** Trama sin '*CRC' reconocible. ***

=== Registro 477 (478/1001) ===

<-- Respuesta cruda: $CFG,BAD_CRC,LOGREAD,477,0000-00-104 212:47:35,SEND_OK,0,117959168
*** Trama sin '*CRC' reconocible. ***

=== Registro 478 (479/1001) ===

<-- Respuesta cruda: $CFG,BAD_CRC,LOGREAD,478,5639-70-00 48:00:00,UNKNOWN,1560281088,117959209
*** Trama sin '*CRC' reconocible. ***

=== Registro 479 (480/1001) ===

<-- Respuesta cruda: $CFG,BAD_CRC,LOGREAD,479,7687-68-00 00:00:00,UNKNOWN,2231369728,117959187
*** Trama sin '*CRC' reconocible. ***

=== Registro 480 (481/1001) ===

<-- Respuesta cruda: $CFG,BAD_CRC,LOGREAD,480,5640-54-00 00:00:00,UNKNOWN,3808428032,117959331
*** Trama sin '*CRC' reconocible. ***

=== Registro 481 (482/1001) ===

<-- Respuesta cruda: $CFG,BAD_CRC,LOGREAD,481,5640-70-00 48:00:00,UNKNOWN,3187671040,117959226
*** Trama sin '*CRC' reconocible. ***

=== Registro 482 (483/1001) ===

<-- Respuesta cruda: $CFG,BAD_CRC,LOGREAD,482,8712-68-00 00:00:00,UNKNOWN,3892314112,117959180
*** Trama sin '*CRC' reconocible. ***

=== Registro 483 (484/1001) ===

<-- Respuesta cruda: $CFG,BAD_CRC,LOGREAD,483,5641-54-00 00:00:00,UNKNOWN,0,0
*** Trama sin '*CRC' reconocible. ***

=== Registro 484 (485/1001) ===

<-- Respuesta cruda: $CFG,BAD_CRC,LOGREAD,484,6665-70-00 48:00:00,UNKNOWN,33554432,117959370
*** Trama sin '*CRC' reconocible. ***

=== Registro 485 (486/1001) ===

<-- Respuesta cruda: $CFG,BAD_CRC,LOGREAD,485,9225-68-00 00:00:00,UNKNOWN,1761607680,117959422
*** Trama sin '*CRC' reconocible. ***

=== Registro 486 (487/1001) ===

<-- Respuesta cruda: $CFG,BAD_CRC,LOGREAD,486,5642-54-00 00:00:00,UNKNOWN,150994944,117959333
*** Trama sin '*CRC' reconocible. ***

=== Registro 487 (488/1001) ===

<-- Respuesta cruda: $CFG,BAD_CRC,LOGREAD,487,7178-70-00 48:00:00,UNKNOWN,1761607680,117959230
*** Trama sin '*CRC' reconocible. ***

=== Registro 488 (489/1001) ===

<-- Respuesta cruda: $CFG,BAD_CRC,LOGREAD,488,9994-68-00 00:00:00,UNKNOWN,201326592,117959299
*** Trama sin '*CRC' reconocible. ***

=== Registro 489 (490/1001) ===

<-- Respuesta cruda: $CFG,BAD_CRC,LOGREAD,489,5643-54-00 00:00:00,UNKNOWN,2080374784,117959334
*** Trama sin '*CRC' reconocible. ***

=== Registro 490 (491/1001) ===

<-- Respuesta cruda: $CFG,BAD_CRC,LOGREAD,490,5899-70-00 48:13:48,HEARTBEAT_RECEIVED,0,0
*** Trama sin '*CRC' reconocible. ***

=== Registro 491 (492/1001) ===

<-- Respuesta cruda: $CFG,BAD_CRC,LOGREAD,491,11019-68-00 00:00:00,UNKNOWN,2952790016,117959283
*** Trama sin '*CRC' reconocible. ***

=== Registro 492 (493/1001) ===

<-- Respuesta cruda: $CFG,BAD_CRC,LOGREAD,492,5900-54-00 00:00:00,UNKNOWN,2113929216,117959286
*** Trama sin '*CRC' reconocible. ***

=== Registro 493 (494/1001) ===

<-- Respuesta cruda: $CFG,BAD_CRC,LOGREAD,493,5900-70-00 48:00:00,UNKNOWN,587202560,117959407
*** Trama sin '*CRC' reconocible. ***

=== Registro 494 (495/1001) ===

<-- Respuesta cruda: $CFG,BAD_CRC,LOGREAD,494,11788-68-00 00:00:00,UNKNOWN,4110417920,117959410
*** Trama sin '*CRC' reconocible. ***

=== Registro 495 (496/1001) ===

<-- Respuesta cruda: $CFG,BAD_CRC,LOGREAD,495,5901-54-00 00:00:00,UNKNOWN,184549376,117959285
*** Trama sin '*CRC' reconocible. ***

=== Registro 496 (497/1001) ===

<-- Respuesta cruda: $CFG,BAD_CRC,LOGREAD,496,5901-70-00 48:00:00,UNKNOWN,1442840576,117959404
*** Trama sin '*CRC' reconocible. ***

=== Registro 497 (498/1001) ===

<-- Respuesta cruda: $CFG,BAD_CRC,LOGREAD,497,0000-00-189 169:52:38,SERVER_ACK,48,117959168
*** Trama sin '*CRC' reconocible. ***

=== Registro 498 (499/1001) ===

<-- Respuesta cruda: $CFG,BAD_CRC,LOGREAD,498,5902-54-00 00:00:00,UNKNOWN,2483027968,117959280
*** Trama sin '*CRC' reconocible. ***

=== Registro 499 (500/1001) ===

<-- Respuesta cruda: $CFG,BAD_CRC,LOGREAD,499,5902-70-00 48:00:00,UNKNOWN,3372220416,117959401
*** Trama sin '*CRC' reconocible. ***

=== Registro 500 (501/1001) ===

<-- Respuesta cruda: $CFG,BAD_CRC,LOGREAD,500,13326-68-00 00:00:00,UNKNOWN,520093696,117959331
*** Trama sin '*CRC' reconocible. ***

=== Registro 501 (502/1001) ===

<-- Respuesta cruda: $CFG,BAD_CRC,LOGREAD,501,5903-54-00 00:00:00,UNKNOWN,3774873600,117959283
*** Trama sin '*CRC' reconocible. ***

=== Registro 502 (503/1001) ===

<-- Respuesta cruda: $CFG,BAD_CRC,LOGREAD,502,5903-70-00 48:00:00,UNKNOWN,3154116608,117959402
*** Trama sin '*CRC' reconocible. ***

=== Registro 503 (504/1001) ===

<-- Respuesta cruda: $CFG,BAD_CRC,LOGREAD,503,14095-68-00 00:00:00,UNKNOWN,2415919104,216
*** Trama sin '*CRC' reconocible. ***

=== Registro 504 (505/1001) ===

<-- Respuesta cruda: $CFG,BAD_CRC,LOGREAD,504,5904-54-00 00:00:00,UNKNOWN,1375731712,117959255
*** Trama sin '*CRC' reconocible. ***

=== Registro 505 (506/1001) ===

<-- Respuesta cruda: $CFG,BAD_CRC,LOGREAD,505,5904-70-00 48:00:00,UNKNOWN,251658240,117959374
*** Trama sin '*CRC' reconocible. ***

=== Registro 506 (507/1001) ===

<-- Respuesta cruda: $CFG,BAD_CRC,LOGREAD,506,14864-68-00 00:00:00,UNKNOWN,2734686208,117959383
*** Trama sin '*CRC' reconocible. ***

=== Registro 507 (508/1001) ===

<-- Respuesta cruda: $CFG,BAD_CRC,LOGREAD,507,5905-54-00 00:00:00,UNKNOWN,654311424,117959252
*** Trama sin '*CRC' reconocible. ***

=== Registro 508 (509/1001) ===

<-- Respuesta cruda: $CFG,BAD_CRC,LOGREAD,508,6161-70-00 48:00:00,UNKNOWN,1224736768,117959238
*** Trama sin '*CRC' reconocible. ***

=== Registro 509 (510/1001) ===

<-- Respuesta cruda: $CFG,BAD_CRC,LOGREAD,509,10257-67-00 00:00:00,UNKNOWN,2717908992,117959229
*** Trama sin '*CRC' reconocible. ***

=== Registro 510 (511/1001) ===

<-- Respuesta cruda: $CFG,BAD_CRC,LOGREAD,510,10257-54-00 00:00:00,UNKNOWN,48,0
*** Trama sin '*CRC' reconocible. ***

=== Registro 511 (512/1001) ===

<-- Respuesta cruda: $CFG,BAD_CRC,LOGREAD,511,10257-70-00 48:00:00,UNKNOWN,234881024,117959353
*** Trama sin '*CRC' reconocible. ***

=== Registro 512 (513/1001) ===

<-- Respuesta cruda: $CFG,BAD_CRC,LOGREAD,512,10257-70-00 00:00:00,UNKNOWN,3523215360,117959423
*** Trama sin '*CRC' reconocible. ***

=== Registro 513 (514/1001) ===

<-- Respuesta cruda: $CFG,BAD_CRC,LOGREAD,513,10258-54-00 00:00:00,UNKNOWN,3422552064,117959205
*** Trama sin '*CRC' reconocible. ***

=== Registro 514 (515/1001) ===

<-- Respuesta cruda: $CFG,BAD_CRC,LOGREAD,514,10258-70-00 48:00:00,UNKNOWN,2432696320,117959356
*** Trama sin '*CRC' reconocible. ***

=== Registro 515 (516/1001) ===

<-- Respuesta cruda: $CFG,BAD_CRC,LOGREAD,515,11282-68-00 00:00:00,UNKNOWN,2147483648,117959285
*** Trama sin '*CRC' reconocible. ***

=== Registro 516 (517/1001) ===

<-- Respuesta cruda: $CFG,BAD_CRC,LOGREAD,516,10259-54-00 00:00:00,UNKNOWN,3103784960,117959206
*** Trama sin '*CRC' reconocible. ***

=== Registro 517 (518/1001) ===

<-- Respuesta cruda: $CFG,BAD_CRC,LOGREAD,517,10515-70-00 07:21:53,HEARTBEAT_RECEIVED,0,0
*** Trama sin '*CRC' reconocible. ***

=== Registro 518 (519/1001) ===

<-- Respuesta cruda: $CFG,BAD_CRC,LOGREAD,518,12051-68-00 00:00:00,UNKNOWN,251658240,117959182
*** Trama sin '*CRC' reconocible. ***

=== Registro 519 (520/1001) ===

<-- Respuesta cruda: $CFG,BAD_CRC,LOGREAD,519,10260-54-00 00:00:00,UNKNOWN,4060086272,117959214
*** Trama sin '*CRC' reconocible. ***

=== Registro 520 (521/1001) ===

<-- Respuesta cruda: $CFG,BAD_CRC,LOGREAD,520,10516-70-00 48:00:00,UNKNOWN,3858759680,117959279
*** Trama sin '*CRC' reconocible. ***

=== Registro 521 (522/1001) ===

<-- Respuesta cruda: $CFG,BAD_CRC,LOGREAD,521,12820-68-00 00:00:00,UNKNOWN,4177526784,117959288
*** Trama sin '*CRC' reconocible. ***

=== Registro 522 (523/1001) ===

<-- Respuesta cruda: $CFG,BAD_CRC,LOGREAD,522,10517-54-00 00:00:00,UNKNOWN,3456106496,117959413
*** Trama sin '*CRC' reconocible. ***

=== Registro 523 (524/1001) ===

<-- Respuesta cruda: $CFG,BAD_CRC,LOGREAD,523,10517-70-00 48:00:00,UNKNOWN,2466250752,117959276
*** Trama sin '*CRC' reconocible. ***

=== Registro 524 (525/1001) ===

<-- Respuesta cruda: $CFG,BAD_CRC,LOGREAD,524,0000-00-132 48:53:00,SERVER_ACK,48,117959168
*** Trama sin '*CRC' reconocible. ***

=== Registro 525 (526/1001) ===

<-- Respuesta cruda: $CFG,BAD_CRC,LOGREAD,525,10518-54-00 00:00:00,UNKNOWN,1358954496,117959408
*** Trama sin '*CRC' reconocible. ***

=== Registro 526 (527/1001) ===

<-- Respuesta cruda: $CFG,BAD_CRC,LOGREAD,526,10518-70-00 48:00:00,UNKNOWN,201326592,117959273
*** Trama sin '*CRC' reconocible. ***

=== Registro 527 (528/1001) ===

<-- Respuesta cruda: $CFG,BAD_CRC,LOGREAD,527,14358-68-00 00:00:00,UNKNOWN,771751936,117959292
*** Trama sin '*CRC' reconocible. ***

=== Registro 528 (529/1001) ===

<-- Respuesta cruda: $CFG,BAD_CRC,LOGREAD,528,10519-54-00 00:00:00,UNKNOWN,603979776,117959411
*** Trama sin '*CRC' reconocible. ***

=== Registro 529 (530/1001) ===

<-- Respuesta cruda: $CFG,BAD_CRC,LOGREAD,529,10519-70-00 48:00:00,UNKNOWN,2030043136,117959274
*** Trama sin '*CRC' reconocible. ***

=== Registro 530 (531/1001) ===

<-- Respuesta cruda: $CFG,BAD_CRC,LOGREAD,530,15127-68-00 00:00:00,UNKNOWN,2701131776,0
*** Trama sin '*CRC' reconocible. ***

=== Registro 531 (532/1001) ===

<-- Respuesta cruda: $CFG,BAD_CRC,LOGREAD,531,10520-54-00 00:00:00,UNKNOWN,3338665984,117959392
*** Trama sin '*CRC' reconocible. ***

=== Registro 532 (533/1001) ===

<-- Respuesta cruda: $CFG,BAD_CRC,LOGREAD,532,10520-70-00 48:00:00,UNKNOWN,2583691264,117959289
*** Trama sin '*CRC' reconocible. ***

=== Registro 533 (534/1001) ===

<-- Respuesta cruda: $CFG,BAD_CRC,LOGREAD,533,0537-68-00 00:00:00,UNKNOWN,3070230528,117959314
*** Trama sin '*CRC' reconocible. ***

=== Registro 534 (535/1001) ===

<-- Respuesta cruda: $CFG,BAD_CRC,LOGREAD,534,10521-54-00 00:00:00,UNKNOWN,2986344448,117959395
*** Trama sin '*CRC' reconocible. ***

=== Registro 535 (536/1001) ===

<-- Respuesta cruda: $CFG,BAD_CRC,LOGREAD,535,10521-70-00 48:00:00,UNKNOWN,4009754624,117959290
*** Trama sin '*CRC' reconocible. ***

=== Registro 536 (537/1001) ===

<-- Respuesta cruda: $CFG,BAD_CRC,LOGREAD,536,1050-68-00 00:00:00,UNKNOWN,3690987520,117959270
*** Trama sin '*CRC' reconocible. ***

=== Registro 537 (538/1001) ===

<-- Respuesta cruda: $CFG,BAD_CRC,LOGREAD,537,10522-54-00 00:00:00,UNKNOWN,48,0
*** Trama sin '*CRC' reconocible. ***

=== Registro 538 (539/1001) ===

<-- Respuesta cruda: $CFG,BAD_CRC,LOGREAD,538,10522-70-00 48:00:00,UNKNOWN,1879048192,117959295
*** Trama sin '*CRC' reconocible. ***

=== Registro 539 (540/1001) ===

<-- Respuesta cruda: $CFG,BAD_CRC,LOGREAD,539,1819-68-00 00:00:00,UNKNOWN,1392508928,117959197
*** Trama sin '*CRC' reconocible. ***

=== Registro 540 (541/1001) ===

<-- Respuesta cruda: $CFG,BAD_CRC,LOGREAD,540,10523-54-00 00:00:00,UNKNOWN,1476395008,117959397
*** Trama sin '*CRC' reconocible. ***

=== Registro 541 (542/1001) ===

<-- Respuesta cruda: $CFG,BAD_CRC,LOGREAD,541,10523-70-00 48:00:00,UNKNOWN,83886080,117959292
*** Trama sin '*CRC' reconocible. ***

=== Registro 542 (543/1001) ===

<-- Respuesta cruda: $CFG,BAD_CRC,LOGREAD,542,2588-68-00 00:00:00,UNKNOWN,2550136832,117959230
*** Trama sin '*CRC' reconocible. ***

=== Registro 543 (544/1001) ===

<-- Respuesta cruda: $CFG,BAD_CRC,LOGREAD,543,10524-54-00 00:00:00,UNKNOWN,318767104,117959405
*** Trama sin '*CRC' reconocible. ***

=== Registro 544 (545/1001) ===

<-- Respuesta cruda: $CFG,BAD_CRC,LOGREAD,544,10524-70-22 07:30:15,SERVER_ACK,48,0
*** Trama sin '*CRC' reconocible. ***

=== Registro 545 (546/1001) ===

<-- Respuesta cruda: $CFG,BAD_CRC,LOGREAD,545,10269-65-00 00:00:00,UNKNOWN,1409286144,117959413
*** Trama sin '*CRC' reconocible. ***

=== Registro 546 (547/1001) ===

<-- Respuesta cruda: $CFG,BAD_CRC,LOGREAD,546,10525-54-00 00:00:00,UNKNOWN,1711276032,117959406
*** Trama sin '*CRC' reconocible. ***

=== Registro 547 (548/1001) ===

<-- Respuesta cruda: $CFG,BAD_CRC,LOGREAD,547,10525-70-00 48:00:00,UNKNOWN,989855744,117959287
*** Trama sin '*CRC' reconocible. ***

=== Registro 548 (549/1001) ===

<-- Respuesta cruda: $CFG,BAD_CRC,LOGREAD,548,3870-67-00 00:00:00,UNKNOWN,2248146944,117959341
*** Trama sin '*CRC' reconocible. ***

=== Registro 549 (550/1001) ===

<-- Respuesta cruda: $CFG,BAD_CRC,LOGREAD,549,3870-66-00 00:00:00,UNKNOWN,3271557120,117959362
*** Trama sin '*CRC' reconocible. ***

=== Registro 550 (551/1001) ===

<-- Respuesta cruda: $CFG,BAD_CRC,LOGREAD,550,3870-54-00 00:00:00,UNKNOWN,1996488704,117959344
*** Trama sin '*CRC' reconocible. ***

=== Registro 551 (552/1001) ===

<-- Respuesta cruda: $CFG,BAD_CRC,LOGREAD,551,0000-00-117 109:59:29,SEND_OK,0,117959168
*** Trama sin '*CRC' reconocible. ***

=== Registro 552 (553/1001) ===

<-- Respuesta cruda: $CFG,BAD_CRC,LOGREAD,552,3870-70-00 00:00:00,UNKNOWN,4127195136,117959279
*** Trama sin '*CRC' reconocible. ***

=== Registro 553 (554/1001) ===

<-- Respuesta cruda: $CFG,BAD_CRC,LOGREAD,553,1311-67-00 00:00:00,UNKNOWN,3456106496,117959340
*** Trama sin '*CRC' reconocible. ***

=== Registro 554 (555/1001) ===

<-- Respuesta cruda: $CFG,BAD_CRC,LOGREAD,554,1311-54-00 00:00:00,UNKNOWN,1056964608,117959345
*** Trama sin '*CRC' reconocible. ***

=== Registro 555 (556/1001) ===

<-- Respuesta cruda: $CFG,BAD_CRC,LOGREAD,555,1567-70-00 48:00:00,UNKNOWN,2550136832,117959248
*** Trama sin '*CRC' reconocible. ***

=== Registro 556 (557/1001) ===

<-- Respuesta cruda: $CFG,BAD_CRC,LOGREAD,556,1567-70-00 00:00:00,UNKNOWN,1140850688,117959190
*** Trama sin '*CRC' reconocible. ***

=== Registro 557 (558/1001) ===

<-- Respuesta cruda: $CFG,BAD_CRC,LOGREAD,557,1568-54-00 00:00:00,UNKNOWN,0,0
*** Trama sin '*CRC' reconocible. ***

=== Registro 558 (559/1001) ===

<-- Respuesta cruda: $CFG,BAD_CRC,LOGREAD,558,1568-70-00 48:00:00,UNKNOWN,2332033024,117959194
*** Trama sin '*CRC' reconocible. ***

=== Registro 559 (560/1001) ===

<-- Respuesta cruda: $CFG,BAD_CRC,LOGREAD,559,2336-68-00 00:00:00,UNKNOWN,3992977408,117959177
*** Trama sin '*CRC' reconocible. ***

=== Registro 560 (561/1001) ===

<-- Respuesta cruda: $CFG,BAD_CRC,LOGREAD,560,1569-54-00 00:00:00,UNKNOWN,2734686208,117959296
*** Trama sin '*CRC' reconocible. ***

=== Registro 561 (562/1001) ===

<-- Respuesta cruda: $CFG,BAD_CRC,LOGREAD,561,1825-70-00 48:00:00,UNKNOWN,3070230528,117959361
*** Trama sin '*CRC' reconocible. ***

=== Registro 562 (563/1001) ===

<-- Respuesta cruda: $CFG,BAD_CRC,LOGREAD,562,3105-68-00 00:00:00,UNKNOWN,2499805184,117959299
*** Trama sin '*CRC' reconocible. ***

=== Registro 563 (564/1001) ===

<-- Respuesta cruda: $CFG,BAD_CRC,LOGREAD,563,1570-54-00 00:00:00,UNKNOWN,1006632960,117959301
*** Trama sin '*CRC' reconocible. ***

=== Registro 564 (565/1001) ===

<-- Respuesta cruda: $CFG,BAD_CRC,LOGREAD,564,3874-68-00 00:00:00,SEND_OK,0,0
*** Trama sin '*CRC' reconocible. ***

=== Registro 565 (566/1001) ===

<-- Respuesta cruda: $CFG,BAD_CRC,LOGREAD,565,1827-54-00 00:00:00,UNKNOWN,0,117959262
*** Trama sin '*CRC' reconocible. ***

=== Registro 566 (567/1001) ===

<-- Respuesta cruda: $CFG,BAD_CRC,LOGREAD,566,1827-70-00 48:00:00,UNKNOWN,1560281088,117959367
*** Trama sin '*CRC' reconocible. ***

=== Registro 567 (568/1001) ===

<-- Respuesta cruda: $CFG,BAD_CRC,LOGREAD,567,4643-68-00 00:00:00,UNKNOWN,939524096,117959299
*** Trama sin '*CRC' reconocible. ***

=== Registro 568 (569/1001) ===

<-- Respuesta cruda: $CFG,BAD_CRC,LOGREAD,568,1828-54-00 00:00:00,UNKNOWN,1258291200,117959254
*** Trama sin '*CRC' reconocible. ***

=== Registro 569 (570/1001) ===

<-- Respuesta cruda: $CFG,BAD_CRC,LOGREAD,569,1828-70-00 48:00:00,UNKNOWN,369098752,117959375
*** Trama sin '*CRC' reconocible. ***

=== Registro 570 (571/1001) ===

<-- Respuesta cruda: $CFG,BAD_CRC,LOGREAD,570,5412-68-00 00:00:00,UNKNOWN,3456106496,117959330
*** Trama sin '*CRC' reconocible. ***

=== Registro 571 (572/1001) ===

<-- Respuesta cruda: $CFG,BAD_CRC,LOGREAD,571,1829-07-22 07:39:07,SERVER_ACK,48,0
*** Trama sin '*CRC' reconocible. ***

=== Registro 572 (573/1001) ===

<-- Respuesta cruda: $CFG,BAD_CRC,LOGREAD,572,1829-70-00 48:00:00,UNKNOWN,1660944384,117959372
*** Trama sin '*CRC' reconocible. ***

=== Registro 573 (574/1001) ===

<-- Respuesta cruda: $CFG,BAD_CRC,LOGREAD,573,6181-68-00 00:00:00,UNKNOWN,989855744,117959306
*** Trama sin '*CRC' reconocible. ***

=== Registro 574 (575/1001) ===

<-- Respuesta cruda: $CFG,BAD_CRC,LOGREAD,574,1830-54-00 00:00:00,UNKNOWN,2701131776,117959248
*** Trama sin '*CRC' reconocible. ***

=== Registro 575 (576/1001) ===

<-- Respuesta cruda: $CFG,BAD_CRC,LOGREAD,575,1830-70-00 48:00:00,UNKNOWN,4227858432,117959369
*** Trama sin '*CRC' reconocible. ***

=== Registro 576 (577/1001) ===

<-- Respuesta cruda: $CFG,BAD_CRC,LOGREAD,576,6950-68-00 00:00:00,UNKNOWN,1577058304,117959415
*** Trama sin '*CRC' reconocible. ***

=== Registro 577 (578/1001) ===

<-- Respuesta cruda: $CFG,BAD_CRC,LOGREAD,577,1831-54-00 00:00:00,UNKNOWN,3556769792,518739
*** Trama sin '*CRC' reconocible. ***

=== Registro 578 (579/1001) ===

<-- Respuesta cruda: $CFG,BAD_CRC,LOGREAD,578,0000-00-148 131:07:22,HEARTBEAT_RECEIVED,0,117959168
*** Trama sin '*CRC' reconocible. ***

=== Registro 579 (580/1001) ===

<-- Respuesta cruda: $CFG,BAD_CRC,LOGREAD,579,7719-68-00 00:00:00,UNKNOWN,620756992,117959293
*** Trama sin '*CRC' reconocible. ***

=== Registro 580 (581/1001) ===

<-- Respuesta cruda: $CFG,BAD_CRC,LOGREAD,580,1832-54-00 00:00:00,UNKNOWN,922746880,117959232
*** Trama sin '*CRC' reconocible. ***

=== Registro 581 (582/1001) ===

<-- Respuesta cruda: $CFG,BAD_CRC,LOGREAD,581,2344-70-00 48:00:00,UNKNOWN,268435456,117959306
*** Trama sin '*CRC' reconocible. ***

=== Registro 582 (583/1001) ===

<-- Respuesta cruda: $CFG,BAD_CRC,LOGREAD,582,8488-68-00 00:00:00,UNKNOWN,2986344448,117959194
*** Trama sin '*CRC' reconocible. ***

=== Registro 583 (584/1001) ===

<-- Respuesta cruda: $CFG,BAD_CRC,LOGREAD,583,1833-54-00 00:00:00,UNKNOWN,1107296256,117959235
*** Trama sin '*CRC' reconocible. ***

=== Registro 584 (585/1001) ===

<-- Respuesta cruda: $CFG,BAD_CRC,LOGREAD,584,2089-70-00 48:00:00,UNKNOWN,0,0
*** Trama sin '*CRC' reconocible. ***

=== Registro 585 (586/1001) ===

<-- Respuesta cruda: $CFG,BAD_CRC,LOGREAD,585,9257-68-00 00:00:00,UNKNOWN,3372220416,117959312
*** Trama sin '*CRC' reconocible. ***

=== Registro 586 (587/1001) ===

<-- Respuesta cruda: $CFG,BAD_CRC,LOGREAD,586,2090-54-00 00:00:00,UNKNOWN,3992977408,117959373
*** Trama sin '*CRC' reconocible. ***

=== Registro 587 (588/1001) ===

<-- Respuesta cruda: $CFG,BAD_CRC,LOGREAD,587,2090-70-00 48:00:00,UNKNOWN,3003121664,117959252
*** Trama sin '*CRC' reconocible. ***

=== Registro 588 (589/1001) ===

<-- Respuesta cruda: $CFG,BAD_CRC,LOGREAD,588,10026-68-00 00:00:00,UNKNOWN,2885681152,117959405
*** Trama sin '*CRC' reconocible. ***

=== Registro 589 (590/1001) ===

<-- Respuesta cruda: $CFG,BAD_CRC,LOGREAD,589,2091-54-00 00:00:00,UNKNOWN,2600468480,117959374
*** Trama sin '*CRC' reconocible. ***

=== Registro 590 (591/1001) ===

<-- Respuesta cruda: $CFG,BAD_CRC,LOGREAD,590,2091-70-00 48:00:00,UNKNOWN,3321888768,117959255
*** Trama sin '*CRC' reconocible. ***

=== Registro 591 (592/1001) ===

<-- Respuesta cruda: $CFG,BAD_CRC,LOGREAD,591,10795-68-00 00:00:08,SEND_OK,0,0
*** Trama sin '*CRC' reconocible. ***

=== Registro 592 (593/1001) ===

<-- Respuesta cruda: $CFG,BAD_CRC,LOGREAD,592,2092-54-00 00:00:00,UNKNOWN,3489660928,117959366
*** Trama sin '*CRC' reconocible. ***

=== Registro 593 (594/1001) ===

<-- Respuesta cruda: $CFG,BAD_CRC,LOGREAD,593,2092-70-00 48:00:00,UNKNOWN,2365587456,117959263
*** Trama sin '*CRC' reconocible. ***

=== Registro 594 (595/1001) ===

<-- Respuesta cruda: $CFG,BAD_CRC,LOGREAD,594,11564-68-00 00:00:00,UNKNOWN,2936012800,117959396
*** Trama sin '*CRC' reconocible. ***

=== Registro 595 (596/1001) ===

<-- Respuesta cruda: $CFG,BAD_CRC,LOGREAD,595,2093-54-00 00:00:00,UNKNOWN,2768240640,117959365
*** Trama sin '*CRC' reconocible. ***

=== Registro 596 (597/1001) ===

<-- Respuesta cruda: $CFG,BAD_CRC,LOGREAD,596,2093-70-00 48:00:00,UNKNOWN,4160749568,117959260
*** Trama sin '*CRC' reconocible. ***

=== Registro 597 (598/1001) ===

<-- Respuesta cruda: $CFG,BAD_CRC,LOGREAD,597,12333-68-00 00:00:00,UNKNOWN,1728053248,117959321
*** Trama sin '*CRC' reconocible. ***

=== Registro 598 (599/1001) ===

<-- Respuesta cruda: $CFG,BAD_CRC,LOGREAD,598,1838-07-22 07:48:09,SERVER_ACK,48,0
*** Trama sin '*CRC' reconocible. ***

=== Registro 599 (600/1001) ===

<-- Respuesta cruda: $CFG,BAD_CRC,LOGREAD,599,2094-70-00 48:00:00,UNKNOWN,1728053248,117959257
*** Trama sin '*CRC' reconocible. ***

=== Registro 600 (601/1001) ===

<-- Respuesta cruda: $CFG,BAD_CRC,LOGREAD,600,13102-68-00 00:00:00,UNKNOWN,33554432,117959396
*** Trama sin '*CRC' reconocible. ***

=== Registro 601 (602/1001) ===

<-- Respuesta cruda: $CFG,BAD_CRC,LOGREAD,601,2095-54-00 00:00:00,UNKNOWN,1325400064,117959363
*** Trama sin '*CRC' reconocible. ***

=== Registro 602 (603/1001) ===

<-- Respuesta cruda: $CFG,BAD_CRC,LOGREAD,602,2351-70-00 48:00:00,UNKNOWN,1526726656,117959298
*** Trama sin '*CRC' reconocible. ***

=== Registro 603 (604/1001) ===

<-- Respuesta cruda: $CFG,BAD_CRC,LOGREAD,603,13871-68-00 00:00:00,UNKNOWN,2030043136,117959278
*** Trama sin '*CRC' reconocible. ***

=== Registro 604 (605/1001) ===

<-- Respuesta cruda: $CFG,BAD_CRC,LOGREAD,604,2096-54-00 00:00:00,UNKNOWN,4227858432,60135
*** Trama sin '*CRC' reconocible. ***

=== Registro 605 (606/1001) ===

<-- Respuesta cruda: $CFG,BAD_CRC,LOGREAD,605,0000-00-227 125:13:29,SEND_OK,0,117959168
*** Trama sin '*CRC' reconocible. ***

=== Registro 606 (607/1001) ===

<-- Respuesta cruda: $CFG,BAD_CRC,LOGREAD,606,14640-68-00 00:00:00,UNKNOWN,4177526784,117959361
*** Trama sin '*CRC' reconocible. ***

=== Registro 607 (608/1001) ===

<-- Respuesta cruda: $CFG,BAD_CRC,LOGREAD,607,2353-54-00 00:00:00,UNKNOWN,3221225472,117959228
*** Trama sin '*CRC' reconocible. ***

=== Registro 608 (609/1001) ===

<-- Respuesta cruda: $CFG,BAD_CRC,LOGREAD,608,2353-70-00 48:00:00,UNKNOWN,2634022912,117959333
*** Trama sin '*CRC' reconocible. ***

=== Registro 609 (610/1001) ===

<-- Respuesta cruda: $CFG,BAD_CRC,LOGREAD,609,0050-68-00 00:00:00,UNKNOWN,2466250752,117959234
*** Trama sin '*CRC' reconocible. ***

=== Registro 610 (611/1001) ===

<-- Respuesta cruda: $CFG,BAD_CRC,LOGREAD,610,2354-54-00 00:00:00,UNKNOWN,1593835520,117959225
*** Trama sin '*CRC' reconocible. ***

=== Registro 611 (612/1001) ===

<-- Respuesta cruda: $CFG,BAD_CRC,LOGREAD,611,2354-70-00 48:00:00,UNKNOWN,907088128,117959168
*** Trama sin '*CRC' reconocible. ***

=== Registro 612 (613/1001) ===

<-- Respuesta cruda: $CFG,BAD_CRC,LOGREAD,612,0819-68-00 00:00:00,UNKNOWN,469762048,117959225
*** Trama sin '*CRC' reconocible. ***

=== Registro 613 (614/1001) ===

<-- Respuesta cruda: $CFG,BAD_CRC,LOGREAD,613,2355-54-00 00:00:00,UNKNOWN,704643072,117959226
*** Trama sin '*CRC' reconocible. ***

=== Registro 614 (615/1001) ===

<-- Respuesta cruda: $CFG,BAD_CRC,LOGREAD,614,2355-70-00 48:00:00,UNKNOWN,1996488704,117959331
*** Trama sin '*CRC' reconocible. ***

=== Registro 615 (616/1001) ===

<-- Respuesta cruda: $CFG,BAD_CRC,LOGREAD,615,1588-68-00 00:00:00,UNKNOWN,1493172224,184
*** Trama sin '*CRC' reconocible. ***

=== Registro 616 (617/1001) ===

<-- Respuesta cruda: $CFG,ACK,LOGREAD,616,2026-07-21 13:17:17,CID_RECEIVED,0,0
*** Trama sin '*CRC' reconocible. ***

=== Registro 617 (618/1001) ===

<-- Respuesta cruda: $CFG,ACK,LOGREAD,617,2026-07-21 13:17:17,RS232_RESTORED,0,0
*** Trama sin '*CRC' reconocible. ***

=== Registro 618 (619/1001) ===

<-- Respuesta cruda: $CFG,BAD_CRC,LOGREAD,618,2026-07-21 13:255:255,UNKNOWN,4294967295,4294967295
*** Trama sin '*CRC' reconocible. ***

=== Registro 619 (620/1001) ===

<-- Respuesta cruda: $CFG,ACK,LOGREAD,619,2026-07-21 13:17:17,SERVER_ACK,48,0
*** Trama sin '*CRC' reconocible. ***

=== Registro 620 (621/1001) ===

<-- Respuesta cruda: $CFG,ACK,LOGREAD,620,2026-07-21 13:17:17,SERVER_ACK,0,0
*** Trama sin '*CRC' reconocible. ***

=== Registro 621 (622/1001) ===

<-- Respuesta cruda: $CFG,ACK,LOGREAD,621,2026-07-21 13:18:18,SEND_OK,0,0
*** Trama sin '*CRC' reconocible. ***

=== Registro 622 (623/1001) ===

<-- Respuesta cruda: $CFG,ACK,LOGREAD,622,2026-07-21 13:18:18,SERVER_ACK,48,0
*** Trama sin '*CRC' reconocible. ***

=== Registro 623 (624/1001) ===

<-- Respuesta cruda: $CFG,ACK,LOGREAD,623,2026-07-21 13:18:21,HEARTBEAT_RECEIVED,0,0
*** Trama sin '*CRC' reconocible. ***

=== Registro 624 (625/1001) ===

<-- Respuesta cruda: $CFG,ACK,LOGREAD,624,2026-07-21 13:19:18,SEND_OK,0,0
*** Trama sin '*CRC' reconocible. ***

=== Registro 625 (626/1001) ===

<-- Respuesta cruda: $CFG,BAD_CRC,LOGREAD,625,0000-00-159 69:19:18,SERVER_ACK,48,0
*** Trama sin '*CRC' reconocible. ***

=== Registro 626 (627/1001) ===

<-- Respuesta cruda: $CFG,ACK,LOGREAD,626,2026-07-21 13:19:24,HEARTBEAT_RECEIVED,0,0
*** Trama sin '*CRC' reconocible. ***

=== Registro 627 (628/1001) ===

<-- Respuesta cruda: $CFG,ACK,LOGREAD,627,2026-07-21 13:20:18,SEND_OK,0,0
*** Trama sin '*CRC' reconocible. ***

=== Registro 628 (629/1001) ===

<-- Respuesta cruda: $CFG,ACK,LOGREAD,628,2026-07-21 13:20:18,SERVER_ACK,48,0
*** Trama sin '*CRC' reconocible. ***

=== Registro 629 (630/1001) ===

<-- Respuesta cruda: $CFG,ACK,LOGREAD,629,2026-07-21 13:20:27,HEARTBEAT_RECEIVED,0,0
*** Trama sin '*CRC' reconocible. ***

=== Registro 630 (631/1001) ===

<-- Respuesta cruda: $CFG,ACK,LOGREAD,630,2026-07-21 13:21:18,SEND_OK,0,0
*** Trama sin '*CRC' reconocible. ***

=== Registro 631 (632/1001) ===

<-- Respuesta cruda: $CFG,BAD_CRC,LOGREAD,631,2026-07-21 13:21:18,SERVER_ACK,48,0
*** Trama sin '*CRC' reconocible. ***

=== Registro 632 (633/1001) ===

<-- Respuesta cruda: $CFG,BAD_CRC,LOGREAD,632,0000-00-144 213:21:30,HEARTBEAT_RECEIVED,0,0
*** Trama sin '*CRC' reconocible. ***

=== Registro 633 (634/1001) ===

<-- Respuesta cruda: $CFG,ACK,LOGREAD,633,2026-07-21 13:22:18,SEND_OK,0,0
*** Trama sin '*CRC' reconocible. ***

=== Registro 634 (635/1001) ===

<-- Respuesta cruda: $CFG,ACK,LOGREAD,634,2026-07-21 13:22:18,SERVER_ACK,48,0
*** Trama sin '*CRC' reconocible. ***

=== Registro 635 (636/1001) ===

<-- Respuesta cruda: $CFG,ACK,LOGREAD,635,2026-07-21 13:22:33,HEARTBEAT_RECEIVED,0,0
*** Trama sin '*CRC' reconocible. ***

=== Registro 636 (637/1001) ===

<-- Respuesta cruda: $CFG,ACK,LOGREAD,636,2026-07-21 13:23:18,SEND_OK,0,0
*** Trama sin '*CRC' reconocible. ***

=== Registro 637 (638/1001) ===

<-- Respuesta cruda: $CFG,ACK,LOGREAD,637,2026-07-21 13:23:19,SERVER_ACK,48,0
*** Trama sin '*CRC' reconocible. ***

=== Registro 638 (639/1001) ===

<-- Respuesta cruda: $CFG,BAD_CRC,LOGREAD,638,2026-07-21 13:23:36,HEARTBEAT_RECEIVED,907155981,0
*** Trama sin '*CRC' reconocible. ***

=== Registro 639 (640/1001) ===

<-- Respuesta cruda: $CFG,BAD_CRC,LOGREAD,639,0000-00-33 207:24:18,SEND_OK,0,0
*** Trama sin '*CRC' reconocible. ***

=== Registro 640 (641/1001) ===

<-- Respuesta cruda: $CFG,ACK,LOGREAD,640,2026-07-21 13:24:19,SERVER_ACK,48,0
*** Trama sin '*CRC' reconocible. ***

=== Registro 641 (642/1001) ===

<-- Respuesta cruda: $CFG,ACK,LOGREAD,641,2026-07-21 13:24:39,HEARTBEAT_RECEIVED,0,0
*** Trama sin '*CRC' reconocible. ***

=== Registro 642 (643/1001) ===

<-- Respuesta cruda: $CFG,ACK,LOGREAD,642,2026-07-21 13:25:19,SEND_OK,0,0
*** Trama sin '*CRC' reconocible. ***

=== Registro 643 (644/1001) ===

<-- Respuesta cruda: $CFG,ACK,LOGREAD,643,2026-07-21 13:25:19,SERVER_ACK,48,0
*** Trama sin '*CRC' reconocible. ***

=== Registro 644 (645/1001) ===

<-- Respuesta cruda: $CFG,ACK,LOGREAD,644,2026-07-21 13:25:42,HEARTBEAT_RECEIVED,0,0
*** Trama sin '*CRC' reconocible. ***

=== Registro 645 (646/1001) ===

<-- Respuesta cruda: $CFG,BAD_CRC,LOGREAD,645,2026-07-21 196:255:255,UNKNOWN,4294967295,4294967295
*** Trama sin '*CRC' reconocible. ***

=== Registro 646 (647/1001) ===

<-- Respuesta cruda: $CFG,ACK,LOGREAD,646,2026-07-21 13:26:18,SERVER_ACK,48,0
*** Trama sin '*CRC' reconocible. ***

=== Registro 647 (648/1001) ===

<-- Respuesta cruda: $CFG,ACK,LOGREAD,647,2026-07-21 13:26:44,HEARTBEAT_RECEIVED,0,0
*** Trama sin '*CRC' reconocible. ***

=== Registro 648 (649/1001) ===

<-- Respuesta cruda: $CFG,ACK,LOGREAD,648,2026-07-21 13:27:18,SEND_OK,0,0
*** Trama sin '*CRC' reconocible. ***

=== Registro 649 (650/1001) ===

<-- Respuesta cruda: $CFG,ACK,LOGREAD,649,2026-07-21 13:27:18,SERVER_ACK,48,0
*** Trama sin '*CRC' reconocible. ***

=== Registro 650 (651/1001) ===

<-- Respuesta cruda: $CFG,ACK,LOGREAD,650,2026-07-21 13:27:48,HEARTBEAT_RECEIVED,0,0
*** Trama sin '*CRC' reconocible. ***

=== Registro 651 (652/1001) ===

<-- Respuesta cruda: $CFG,BAD_CRC,LOGREAD,651,2026-07-21 13:28:18,SEND_OK,0,0
*** Trama sin '*CRC' reconocible. ***

=== Registro 652 (653/1001) ===

<-- Respuesta cruda: $CFG,BAD_CRC,LOGREAD,652,0000-00-225 131:28:19,SERVER_ACK,48,0
*** Trama sin '*CRC' reconocible. ***

=== Registro 653 (654/1001) ===

<-- Respuesta cruda: $CFG,ACK,LOGREAD,653,2026-07-21 13:28:51,HEARTBEAT_RECEIVED,0,0
*** Trama sin '*CRC' reconocible. ***

=== Registro 654 (655/1001) ===

<-- Respuesta cruda: $CFG,ACK,LOGREAD,654,2026-07-21 13:29:18,SEND_OK,0,0
*** Trama sin '*CRC' reconocible. ***

=== Registro 655 (656/1001) ===

<-- Respuesta cruda: $CFG,ACK,LOGREAD,655,2026-07-21 13:29:19,SERVER_ACK,48,0
*** Trama sin '*CRC' reconocible. ***

=== Registro 656 (657/1001) ===

<-- Respuesta cruda: $CFG,ACK,LOGREAD,656,2026-07-21 13:29:54,HEARTBEAT_RECEIVED,0,0
*** Trama sin '*CRC' reconocible. ***

=== Registro 657 (658/1001) ===

<-- Respuesta cruda: $CFG,ACK,LOGREAD,657,2026-07-21 13:30:19,SEND_OK,0,0
*** Trama sin '*CRC' reconocible. ***

=== Registro 658 (659/1001) ===

<-- Respuesta cruda: $CFG,BAD_CRC,LOGREAD,658,2026-07-21 13:30:19,SERVER_ACK,48,0
*** Trama sin '*CRC' reconocible. ***

=== Registro 659 (660/1001) ===

<-- Respuesta cruda: $CFG,BAD_CRC,LOGREAD,659,0000-00-153 04:30:57,HEARTBEAT_RECEIVED,0,0
*** Trama sin '*CRC' reconocible. ***

=== Registro 660 (661/1001) ===

<-- Respuesta cruda: $CFG,ACK,LOGREAD,660,2026-07-21 13:31:19,SEND_OK,0,0
*** Trama sin '*CRC' reconocible. ***

=== Registro 661 (662/1001) ===

<-- Respuesta cruda: $CFG,ACK,LOGREAD,661,2026-07-21 13:31:19,SERVER_ACK,48,0
*** Trama sin '*CRC' reconocible. ***

=== Registro 662 (663/1001) ===

<-- Respuesta cruda: $CFG,ACK,LOGREAD,662,2026-07-21 13:32:00,HEARTBEAT_RECEIVED,0,0
*** Trama sin '*CRC' reconocible. ***

=== Registro 663 (664/1001) ===

<-- Respuesta cruda: $CFG,ACK,LOGREAD,663,2026-07-21 13:32:19,SEND_OK,0,0
*** Trama sin '*CRC' reconocible. ***

=== Registro 664 (665/1001) ===

<-- Respuesta cruda: $CFG,ACK,LOGREAD,664,2026-07-21 13:32:19,SERVER_ACK,48,0
*** Trama sin '*CRC' reconocible. ***

=== Registro 665 (666/1001) ===

<-- Respuesta cruda: $CFG,BAD_CRC,LOGREAD,665,2026-07-21 13:33:03,HEARTBEAT_RECEIVED,907223821,0
*** Trama sin '*CRC' reconocible. ***

=== Registro 666 (667/1001) ===

<-- Respuesta cruda: $CFG,BAD_CRC,LOGREAD,666,0000-00-69 86:33:19,SEND_OK,0,0
*** Trama sin '*CRC' reconocible. ***

=== Registro 667 (668/1001) ===

<-- Respuesta cruda: $CFG,ACK,LOGREAD,667,2026-07-21 13:33:19,SERVER_ACK,48,0
*** Trama sin '*CRC' reconocible. ***

=== Registro 668 (669/1001) ===

<-- Respuesta cruda: $CFG,ACK,LOGREAD,668,2026-07-21 13:34:06,HEARTBEAT_RECEIVED,0,0
*** Trama sin '*CRC' reconocible. ***

=== Registro 669 (670/1001) ===

<-- Respuesta cruda: $CFG,ACK,LOGREAD,669,2026-07-21 13:34:19,SEND_OK,0,0
*** Trama sin '*CRC' reconocible. ***

=== Registro 670 (671/1001) ===

<-- Respuesta cruda: $CFG,ACK,LOGREAD,670,2026-07-21 13:34:19,SERVER_ACK,48,0
*** Trama sin '*CRC' reconocible. ***

=== Registro 671 (672/1001) ===

<-- Respuesta cruda: $CFG,ACK,LOGREAD,671,2026-07-21 13:35:09,HEARTBEAT_RECEIVED,0,0
*** Trama sin '*CRC' reconocible. ***

=== Registro 672 (673/1001) ===

<-- Respuesta cruda: $CFG,BAD_CRC,LOGREAD,672,2026-07-198 116:255:255,UNKNOWN,4294967295,4294967295
*** Trama sin '*CRC' reconocible. ***

=== Registro 673 (674/1001) ===

<-- Respuesta cruda: $CFG,ACK,LOGREAD,673,2026-07-21 13:35:20,SERVER_ACK,48,0
*** Trama sin '*CRC' reconocible. ***

=== Registro 674 (675/1001) ===

<-- Respuesta cruda: $CFG,ACK,LOGREAD,674,2026-07-21 13:36:12,HEARTBEAT_RECEIVED,0,0
*** Trama sin '*CRC' reconocible. ***

=== Registro 675 (676/1001) ===

<-- Respuesta cruda: $CFG,ACK,LOGREAD,675,2026-07-21 13:36:19,SEND_OK,0,0
*** Trama sin '*CRC' reconocible. ***

=== Registro 676 (677/1001) ===

<-- Respuesta cruda: $CFG,ACK,LOGREAD,676,2026-07-21 13:36:20,SERVER_ACK,48,0
*** Trama sin '*CRC' reconocible. ***

=== Registro 677 (678/1001) ===

<-- Respuesta cruda: $CFG,ACK,LOGREAD,677,2026-07-21 13:37:15,HEARTBEAT_RECEIVED,0,0
*** Trama sin '*CRC' reconocible. ***

=== Registro 678 (679/1001) ===

<-- Respuesta cruda: $CFG,BAD_CRC,LOGREAD,678,2026-07-21 13:37:20,SEND_OK,0,0
*** Trama sin '*CRC' reconocible. ***

=== Registro 679 (680/1001) ===

<-- Respuesta cruda: $CFG,BAD_CRC,LOGREAD,679,0000-00-148 211:37:20,SERVER_ACK,48,0
*** Trama sin '*CRC' reconocible. ***

=== Registro 680 (681/1001) ===

<-- Respuesta cruda: $CFG,ACK,LOGREAD,680,2026-07-21 13:38:18,HEARTBEAT_RECEIVED,0,0
*** Trama sin '*CRC' reconocible. ***

=== Registro 681 (682/1001) ===

<-- Respuesta cruda: $CFG,ACK,LOGREAD,681,2026-07-21 13:38:20,SEND_OK,0,0
*** Trama sin '*CRC' reconocible. ***

=== Registro 682 (683/1001) ===

<-- Respuesta cruda: $CFG,ACK,LOGREAD,682,2026-07-21 13:38:20,SERVER_ACK,48,0
*** Trama sin '*CRC' reconocible. ***

=== Registro 683 (684/1001) ===

<-- Respuesta cruda: $CFG,ACK,LOGREAD,683,2026-07-21 13:39:20,SEND_OK,0,0
*** Trama sin '*CRC' reconocible. ***

=== Registro 684 (685/1001) ===

<-- Respuesta cruda: $CFG,ACK,LOGREAD,684,2026-07-21 13:39:21,SERVER_ACK,48,0
*** Trama sin '*CRC' reconocible. ***

=== Registro 685 (686/1001) ===

<-- Respuesta cruda: $CFG,BAD_CRC,LOGREAD,685,2026-07-21 13:39:22,HEARTBEAT_RECEIVED,905969664,0
*** Trama sin '*CRC' reconocible. ***

=== Registro 686 (687/1001) ===

<-- Respuesta cruda: $CFG,BAD_CRC,LOGREAD,686,0000-00-37 103:40:20,SEND_OK,0,0
*** Trama sin '*CRC' reconocible. ***

=== Registro 687 (688/1001) ===

<-- Respuesta cruda: $CFG,ACK,LOGREAD,687,2026-07-21 13:40:20,SERVER_ACK,48,0
*** Trama sin '*CRC' reconocible. ***

=== Registro 688 (689/1001) ===

<-- Respuesta cruda: $CFG,ACK,LOGREAD,688,2026-07-21 13:40:24,HEARTBEAT_RECEIVED,0,0
*** Trama sin '*CRC' reconocible. ***

=== Registro 689 (690/1001) ===

<-- Respuesta cruda: $CFG,ACK,LOGREAD,689,2026-07-21 13:41:20,SEND_OK,0,0
*** Trama sin '*CRC' reconocible. ***

=== Registro 690 (691/1001) ===

<-- Respuesta cruda: $CFG,ACK,LOGREAD,690,2026-07-21 13:41:20,SERVER_ACK,48,0
*** Trama sin '*CRC' reconocible. ***

=== Registro 691 (692/1001) ===

<-- Respuesta cruda: $CFG,ACK,LOGREAD,691,2026-07-21 13:41:27,HEARTBEAT_RECEIVED,0,0
*** Trama sin '*CRC' reconocible. ***

=== Registro 692 (693/1001) ===

<-- Respuesta cruda: $CFG,BAD_CRC,LOGREAD,692,2026-07-21 13:42:20,SIM_PIN_REQUIRED,1175792653,12288
*** Trama sin '*CRC' reconocible. ***

=== Registro 693 (694/1001) ===

<-- Respuesta cruda: $CFG,BAD_CRC,LOGREAD,693,0000-00-15 45:42:21,SERVER_ACK,48,0
*** Trama sin '*CRC' reconocible. ***

=== Registro 694 (695/1001) ===

<-- Respuesta cruda: $CFG,ACK,LOGREAD,694,2026-07-21 13:42:30,HEARTBEAT_RECEIVED,0,0
*** Trama sin '*CRC' reconocible. ***

=== Registro 695 (696/1001) ===

<-- Respuesta cruda: $CFG,ACK,LOGREAD,695,2026-07-21 13:43:20,SEND_OK,0,0
*** Trama sin '*CRC' reconocible. ***

=== Registro 696 (697/1001) ===

<-- Respuesta cruda: $CFG,ACK,LOGREAD,696,2026-07-21 13:43:21,SERVER_ACK,48,0
*** Trama sin '*CRC' reconocible. ***

=== Registro 697 (698/1001) ===

<-- Respuesta cruda: $CFG,ACK,LOGREAD,697,2026-07-21 13:43:34,HEARTBEAT_RECEIVED,0,0
*** Trama sin '*CRC' reconocible. ***

=== Registro 698 (699/1001) ===

<-- Respuesta cruda: $CFG,ACK,LOGREAD,698,2026-07-21 13:44:21,SEND_OK,0,0
*** Trama sin '*CRC' reconocible. ***

=== Registro 699 (700/1001) ===

<-- Respuesta cruda: $CFG,BAD_CRC,LOGREAD,699,2026-00-229 43:255:255,UNKNOWN,4294967295,4294967295
*** Trama sin '*CRC' reconocible. ***

=== Registro 700 (701/1001) ===

<-- Respuesta cruda: $CFG,ACK,LOGREAD,700,2026-07-21 13:44:36,HEARTBEAT_RECEIVED,0,0
*** Trama sin '*CRC' reconocible. ***

=== Registro 701 (702/1001) ===

<-- Respuesta cruda: $CFG,ACK,LOGREAD,701,2026-07-21 13:45:21,SEND_OK,0,0
*** Trama sin '*CRC' reconocible. ***

=== Registro 702 (703/1001) ===

<-- Respuesta cruda: $CFG,ACK,LOGREAD,702,2026-07-21 13:45:21,SERVER_ACK,48,0
*** Trama sin '*CRC' reconocible. ***

=== Registro 703 (704/1001) ===

<-- Respuesta cruda: $CFG,ACK,LOGREAD,703,2026-07-21 13:45:39,HEARTBEAT_RECEIVED,0,0
*** Trama sin '*CRC' reconocible. ***

=== Registro 704 (705/1001) ===

<-- Respuesta cruda: $CFG,ACK,LOGREAD,704,2026-07-21 13:46:21,SEND_OK,0,0
*** Trama sin '*CRC' reconocible. ***

=== Registro 705 (706/1001) ===

<-- Respuesta cruda: $CFG,BAD_CRC,LOGREAD,705,2026-07-21 13:46:21,SERVER_ACK,48,0
*** Trama sin '*CRC' reconocible. ***

=== Registro 706 (707/1001) ===

<-- Respuesta cruda: $CFG,BAD_CRC,LOGREAD,706,0000-00-188 77:46:43,CID_RECEIVED,0,0
*** Trama sin '*CRC' reconocible. ***

=== Registro 707 (708/1001) ===

<-- Respuesta cruda: $CFG,ACK,LOGREAD,707,2026-07-21 13:46:43,SEND_OK,0,0
*** Trama sin '*CRC' reconocible. ***

=== Registro 708 (709/1001) ===

<-- Respuesta cruda: $CFG,ACK,LOGREAD,708,2026-07-21 13:46:43,SERVER_ACK,48,0
*** Trama sin '*CRC' reconocible. ***

=== Registro 709 (710/1001) ===

<-- Respuesta cruda: $CFG,ACK,LOGREAD,709,2026-07-21 13:46:43,SERVER_ACK,0,0
*** Trama sin '*CRC' reconocible. ***

=== Registro 710 (711/1001) ===

<-- Respuesta cruda: $CFG,ACK,LOGREAD,710,2026-07-21 13:47:43,SEND_OK,0,0
*** Trama sin '*CRC' reconocible. ***

=== Registro 711 (712/1001) ===

<-- Respuesta cruda: $CFG,ACK,LOGREAD,711,2026-07-21 13:47:43,SERVER_ACK,48,0
*** Trama sin '*CRC' reconocible. ***

=== Registro 712 (713/1001) ===

<-- Respuesta cruda: $CFG,BAD_CRC,LOGREAD,712,2026-07-21 13:47:47,HEARTBEAT_RECEIVED,908853248,0
*** Trama sin '*CRC' reconocible. ***

=== Registro 713 (714/1001) ===

<-- Respuesta cruda: $CFG,BAD_CRC,LOGREAD,713,0000-00-20 22:48:43,SEND_OK,0,0
*** Trama sin '*CRC' reconocible. ***

=== Registro 714 (715/1001) ===

<-- Respuesta cruda: $CFG,ACK,LOGREAD,714,2026-07-21 13:48:43,SERVER_ACK,48,0
*** Trama sin '*CRC' reconocible. ***

=== Registro 715 (716/1001) ===

<-- Respuesta cruda: $CFG,ACK,LOGREAD,715,2026-07-21 13:48:49,HEARTBEAT_RECEIVED,0,0
*** Trama sin '*CRC' reconocible. ***

=== Registro 716 (717/1001) ===

<-- Respuesta cruda: $CFG,ACK,LOGREAD,716,2026-07-21 13:49:43,SEND_OK,0,0
*** Trama sin '*CRC' reconocible. ***

=== Registro 717 (718/1001) ===

<-- Respuesta cruda: $CFG,ACK,LOGREAD,717,2026-07-21 13:49:44,SERVER_ACK,48,0
*** Trama sin '*CRC' reconocible. ***

=== Registro 718 (719/1001) ===

<-- Respuesta cruda: $CFG,ACK,LOGREAD,718,2026-07-21 13:49:53,HEARTBEAT_RECEIVED,0,0
*** Trama sin '*CRC' reconocible. ***

=== Registro 719 (720/1001) ===

<-- Respuesta cruda: $CFG,BAD_CRC,LOGREAD,719,2026-07-21 13:50:07,SIM_PIN_REQUIRED,1177302029,12288
*** Trama sin '*CRC' reconocible. ***

=== Registro 720 (721/1001) ===

<-- Respuesta cruda: $CFG,BAD_CRC,LOGREAD,720,0000-00-119 132:50:44,SERVER_ACK,48,0
*** Trama sin '*CRC' reconocible. ***

=== Registro 721 (722/1001) ===

<-- Respuesta cruda: $CFG,ACK,LOGREAD,721,2026-07-21 13:50:56,HEARTBEAT_RECEIVED,0,0
*** Trama sin '*CRC' reconocible. ***

=== Registro 722 (723/1001) ===

<-- Respuesta cruda: $CFG,ACK,LOGREAD,722,2026-07-21 13:51:44,SEND_OK,0,0
*** Trama sin '*CRC' reconocible. ***

=== Registro 723 (724/1001) ===

<-- Respuesta cruda: $CFG,ACK,LOGREAD,723,2026-07-21 13:51:44,SERVER_ACK,48,0
*** Trama sin '*CRC' reconocible. ***

=== Registro 724 (725/1001) ===

<-- Respuesta cruda: $CFG,ACK,LOGREAD,724,2026-07-21 13:51:59,HEARTBEAT_RECEIVED,0,0
*** Trama sin '*CRC' reconocible. ***

=== Registro 725 (726/1001) ===

<-- Respuesta cruda: $CFG,ACK,LOGREAD,725,2026-07-21 13:52:44,SEND_OK,0,0
*** Trama sin '*CRC' reconocible. ***

=== Registro 726 (727/1001) ===

<-- Respuesta cruda: $CFG,BAD_CRC,LOGREAD,726,0234-00-157 130:255:255,UNKNOWN,4294967295,4294967295
*** Trama sin '*CRC' reconocible. ***

=== Registro 727 (728/1001) ===

<-- Respuesta cruda: $CFG,ACK,LOGREAD,727,2026-07-21 13:53:02,HEARTBEAT_RECEIVED,0,0
*** Trama sin '*CRC' reconocible. ***

=== Registro 728 (729/1001) ===

<-- Respuesta cruda: $CFG,ACK,LOGREAD,728,2026-07-21 13:53:44,SEND_OK,0,0
*** Trama sin '*CRC' reconocible. ***

=== Registro 729 (730/1001) ===

<-- Respuesta cruda: $CFG,ACK,LOGREAD,729,2026-07-21 13:53:44,SERVER_ACK,48,0
*** Trama sin '*CRC' reconocible. ***

=== Registro 730 (731/1001) ===

<-- Respuesta cruda: $CFG,ACK,LOGREAD,730,2026-07-21 13:54:05,HEARTBEAT_RECEIVED,0,0
*** Trama sin '*CRC' reconocible. ***

=== Registro 731 (732/1001) ===

<-- Respuesta cruda: $CFG,ACK,LOGREAD,731,2026-07-21 13:54:44,SEND_OK,0,0
*** Trama sin '*CRC' reconocible. ***

=== Registro 732 (733/1001) ===

<-- Respuesta cruda: $CFG,BAD_CRC,LOGREAD,732,2026-07-21 13:54:44,SERVER_ACK,48,0
*** Trama sin '*CRC' reconocible. ***

=== Registro 733 (734/1001) ===

<-- Respuesta cruda: $CFG,BAD_CRC,LOGREAD,733,0000-00-225 03:55:08,HEARTBEAT_RECEIVED,0,0
*** Trama sin '*CRC' reconocible. ***

=== Registro 734 (735/1001) ===

<-- Respuesta cruda: $CFG,ACK,LOGREAD,734,2026-07-21 13:55:44,SEND_OK,0,0
*** Trama sin '*CRC' reconocible. ***

=== Registro 735 (736/1001) ===

<-- Respuesta cruda: $CFG,ACK,LOGREAD,735,2026-07-21 13:55:45,SERVER_ACK,48,0
*** Trama sin '*CRC' reconocible. ***

=== Registro 736 (737/1001) ===

<-- Respuesta cruda: $CFG,ACK,LOGREAD,736,2026-07-21 13:56:11,HEARTBEAT_RECEIVED,0,0
*** Trama sin '*CRC' reconocible. ***

=== Registro 737 (738/1001) ===

<-- Respuesta cruda: $CFG,ACK,LOGREAD,737,2026-07-21 13:56:44,SEND_OK,0,0
*** Trama sin '*CRC' reconocible. ***

=== Registro 738 (739/1001) ===

<-- Respuesta cruda: $CFG,ACK,LOGREAD,738,2026-07-21 13:56:45,SERVER_ACK,48,0
*** Trama sin '*CRC' reconocible. ***

=== Registro 739 (740/1001) ===

<-- Respuesta cruda: $CFG,BAD_CRC,LOGREAD,739,2026-07-21 13:57:14,HEARTBEAT_RECEIVED,1108556544,0
*** Trama sin '*CRC' reconocible. ***

=== Registro 740 (741/1001) ===

<-- Respuesta cruda: $CFG,BAD_CRC,LOGREAD,740,0000-00-09 08:57:45,SEND_OK,0,0
*** Trama sin '*CRC' reconocible. ***

=== Registro 741 (742/1001) ===

<-- Respuesta cruda: $CFG,ACK,LOGREAD,741,2026-07-21 13:57:45,SERVER_ACK,48,0
*** Trama sin '*CRC' reconocible. ***

=== Registro 742 (743/1001) ===

<-- Respuesta cruda: $CFG,ACK,LOGREAD,742,2026-07-21 13:58:44,RS232_TIMEOUT,0,0
*** Trama sin '*CRC' reconocible. ***

=== Registro 743 (744/1001) ===

<-- Respuesta cruda: $CFG,ACK,LOGREAD,743,2026-07-21 13:58:45,SEND_OK,0,0
*** Trama sin '*CRC' reconocible. ***

=== Registro 744 (745/1001) ===

<-- Respuesta cruda: $CFG,ACK,LOGREAD,744,2026-07-21 13:58:45,SERVER_ACK,48,0
*** Trama sin '*CRC' reconocible. ***

=== Registro 745 (746/1001) ===

<-- Respuesta cruda: $CFG,ACK,LOGREAD,745,2026-07-21 13:59:19,CID_RECEIVED,0,0
*** Trama sin '*CRC' reconocible. ***

=== Registro 746 (747/1001) ===

<-- Respuesta cruda: $CFG,BAD_CRC,LOGREAD,746,2026-07-21 13:255:255,UNKNOWN,4294967295,4294967295
*** Trama sin '*CRC' reconocible. ***

=== Registro 747 (748/1001) ===

<-- Respuesta cruda: $CFG,ACK,LOGREAD,747,2026-07-21 13:59:19,SEND_OK,0,0
*** Trama sin '*CRC' reconocible. ***

=== Registro 748 (749/1001) ===

<-- Respuesta cruda: $CFG,ACK,LOGREAD,748,2026-07-21 13:59:20,SERVER_ACK,48,0
*** Trama sin '*CRC' reconocible. ***

=== Registro 749 (750/1001) ===

<-- Respuesta cruda: $CFG,ACK,LOGREAD,749,2026-07-21 13:59:20,SERVER_ACK,0,0
*** Trama sin '*CRC' reconocible. ***

=== Registro 750 (751/1001) ===

<-- Respuesta cruda: $CFG,ACK,LOGREAD,750,2026-07-21 14:00:09,CID_RECEIVED,0,0
*** Trama sin '*CRC' reconocible. ***

=== Registro 751 (752/1001) ===

<-- Respuesta cruda: $CFG,ACK,LOGREAD,751,2026-07-21 14:00:09,SEND_OK,0,0
*** Trama sin '*CRC' reconocible. ***

=== Registro 752 (753/1001) ===

<-- Respuesta cruda: $CFG,ACK,LOGREAD,752,2026-07-21 14:00:10,SERVER_ACK,48,0
*** Trama sin '*CRC' reconocible. ***

=== Registro 753 (754/1001) ===

<-- Respuesta cruda: $CFG,BAD_CRC,LOGREAD,753,0000-00-196 141:00:10,SERVER_ACK,0,0
*** Trama sin '*CRC' reconocible. ***

=== Registro 754 (755/1001) ===

<-- Respuesta cruda: $CFG,ACK,LOGREAD,754,2026-07-21 14:01:10,SEND_OK,0,0
*** Trama sin '*CRC' reconocible. ***

=== Registro 755 (756/1001) ===

<-- Respuesta cruda: $CFG,ACK,LOGREAD,755,2026-07-21 14:01:10,SERVER_ACK,48,0
*** Trama sin '*CRC' reconocible. ***

=== Registro 756 (757/1001) ===

<-- Respuesta cruda: $CFG,ACK,LOGREAD,756,2026-07-21 14:01:13,HEARTBEAT_RECEIVED,0,0
*** Trama sin '*CRC' reconocible. ***

=== Registro 757 (758/1001) ===

<-- Respuesta cruda: $CFG,ACK,LOGREAD,757,2026-07-21 14:02:10,SEND_OK,0,0
*** Trama sin '*CRC' reconocible. ***

=== Registro 758 (759/1001) ===

<-- Respuesta cruda: $CFG,ACK,LOGREAD,758,2026-07-21 14:02:10,SERVER_ACK,48,0
*** Trama sin '*CRC' reconocible. ***

=== Registro 759 (760/1001) ===

<-- Respuesta cruda: $CFG,BAD_CRC,LOGREAD,759,2026-07-21 14:02:16,HEARTBEAT_RECEIVED,0,0
*** Trama sin '*CRC' reconocible. ***

=== Registro 760 (761/1001) ===

<-- Respuesta cruda: $CFG,BAD_CRC,LOGREAD,760,0000-00-132 211:03:10,SEND_OK,0,0
*** Trama sin '*CRC' reconocible. ***

=== Registro 761 (762/1001) ===

<-- Respuesta cruda: $CFG,ACK,LOGREAD,761,2026-07-21 14:03:10,SERVER_ACK,48,0
*** Trama sin '*CRC' reconocible. ***

=== Registro 762 (763/1001) ===

<-- Respuesta cruda: $CFG,ACK,LOGREAD,762,2026-07-21 14:03:19,HEARTBEAT_RECEIVED,0,0
*** Trama sin '*CRC' reconocible. ***

=== Registro 763 (764/1001) ===

<-- Respuesta cruda: $CFG,ACK,LOGREAD,763,2026-07-21 14:04:10,SEND_OK,0,0
*** Trama sin '*CRC' reconocible. ***

=== Registro 764 (765/1001) ===

<-- Respuesta cruda: $CFG,ACK,LOGREAD,764,2026-07-21 14:04:11,SERVER_ACK,48,0
*** Trama sin '*CRC' reconocible. ***

=== Registro 765 (766/1001) ===

<-- Respuesta cruda: $CFG,ACK,LOGREAD,765,2026-07-21 14:04:22,HEARTBEAT_RECEIVED,0,0
*** Trama sin '*CRC' reconocible. ***

=== Registro 766 (767/1001) ===

<-- Respuesta cruda: $CFG,BAD_CRC,LOGREAD,766,2026-07-21 14:05:10,SEND_OK,1175127822,12288
*** Trama sin '*CRC' reconocible. ***

=== Registro 767 (768/1001) ===

<-- Respuesta cruda: $CFG,BAD_CRC,LOGREAD,767,0000-00-122 148:05:11,SERVER_ACK,48,0
*** Trama sin '*CRC' reconocible. ***

=== Registro 768 (769/1001) ===

<-- Respuesta cruda: $CFG,ACK,LOGREAD,768,2026-07-21 14:05:25,HEARTBEAT_RECEIVED,0,0
*** Trama sin '*CRC' reconocible. ***

=== Registro 769 (770/1001) ===

<-- Respuesta cruda: $CFG,ACK,LOGREAD,769,2026-07-21 14:06:11,SEND_OK,0,0
*** Trama sin '*CRC' reconocible. ***

=== Registro 770 (771/1001) ===

<-- Respuesta cruda: $CFG,ACK,LOGREAD,770,2026-07-21 14:06:11,SERVER_ACK,48,0
*** Trama sin '*CRC' reconocible. ***

=== Registro 771 (772/1001) ===

<-- Respuesta cruda: $CFG,ACK,LOGREAD,771,2026-07-21 14:06:28,HEARTBEAT_RECEIVED,0,0
*** Trama sin '*CRC' reconocible. ***

=== Registro 772 (773/1001) ===

<-- Respuesta cruda: $CFG,ACK,LOGREAD,772,2026-07-21 14:07:11,SEND_OK,0,0
*** Trama sin '*CRC' reconocible. ***

=== Registro 773 (774/1001) ===

<-- Respuesta cruda: $CFG,BAD_CRC,LOGREAD,773,2026-07-21 132:255:255,UNKNOWN,4294967295,4294967295
*** Trama sin '*CRC' reconocible. ***

=== Registro 774 (775/1001) ===

<-- Respuesta cruda: $CFG,ACK,LOGREAD,774,2026-07-21 14:07:31,HEARTBEAT_RECEIVED,0,0
*** Trama sin '*CRC' reconocible. ***

=== Registro 775 (776/1001) ===

<-- Respuesta cruda: $CFG,ACK,LOGREAD,775,2026-07-21 14:08:11,SEND_OK,0,0
*** Trama sin '*CRC' reconocible. ***

=== Registro 776 (777/1001) ===

<-- Respuesta cruda: $CFG,ACK,LOGREAD,776,2026-07-21 14:08:11,SERVER_ACK,48,0
*** Trama sin '*CRC' reconocible. ***

=== Registro 777 (778/1001) ===

<-- Respuesta cruda: $CFG,ACK,LOGREAD,777,2026-07-21 14:08:34,HEARTBEAT_RECEIVED,0,0
*** Trama sin '*CRC' reconocible. ***

=== Registro 778 (779/1001) ===

<-- Respuesta cruda: $CFG,ACK,LOGREAD,778,2026-07-21 14:09:11,SEND_OK,0,0
*** Trama sin '*CRC' reconocible. ***

=== Registro 779 (780/1001) ===

<-- Respuesta cruda: $CFG,BAD_CRC,LOGREAD,779,2026-07-21 14:09:11,SERVER_ACK,48,0
*** Trama sin '*CRC' reconocible. ***

=== Registro 780 (781/1001) ===

<-- Respuesta cruda: $CFG,BAD_CRC,LOGREAD,780,0000-00-42 176:09:37,HEARTBEAT_RECEIVED,0,0
*** Trama sin '*CRC' reconocible. ***

=== Registro 781 (782/1001) ===

<-- Respuesta cruda: $CFG,ACK,LOGREAD,781,2026-07-21 14:10:11,SEND_OK,0,0
*** Trama sin '*CRC' reconocible. ***

=== Registro 782 (783/1001) ===

<-- Respuesta cruda: $CFG,ACK,LOGREAD,782,2026-07-21 14:10:11,SERVER_ACK,48,0
*** Trama sin '*CRC' reconocible. ***

=== Registro 783 (784/1001) ===

<-- Respuesta cruda: $CFG,ACK,LOGREAD,783,2026-07-21 14:10:40,HEARTBEAT_RECEIVED,0,0
*** Trama sin '*CRC' reconocible. ***

=== Registro 784 (785/1001) ===

<-- Respuesta cruda: $CFG,ACK,LOGREAD,784,2026-07-21 14:11:11,SEND_OK,0,0
*** Trama sin '*CRC' reconocible. ***

=== Registro 785 (786/1001) ===

<-- Respuesta cruda: $CFG,ACK,LOGREAD,785,2026-07-21 14:11:12,SERVER_ACK,48,0
*** Trama sin '*CRC' reconocible. ***

=== Registro 786 (787/1001) ===

<-- Respuesta cruda: $CFG,BAD_CRC,LOGREAD,786,2026-07-21 14:11:43,HEARTBEAT_RECEIVED,0,0
*** Trama sin '*CRC' reconocible. ***

=== Registro 787 (788/1001) ===

<-- Respuesta cruda: $CFG,BAD_CRC,LOGREAD,787,0000-00-71 60:12:11,SEND_OK,0,0
*** Trama sin '*CRC' reconocible. ***

=== Registro 788 (789/1001) ===

<-- Respuesta cruda: $CFG,ACK,LOGREAD,788,2026-07-21 14:12:12,SERVER_ACK,48,0
*** Trama sin '*CRC' reconocible. ***

=== Registro 789 (790/1001) ===

<-- Respuesta cruda: $CFG,ACK,LOGREAD,789,2026-07-21 14:12:46,HEARTBEAT_RECEIVED,0,0
*** Trama sin '*CRC' reconocible. ***

=== Registro 790 (791/1001) ===

<-- Respuesta cruda: $CFG,ACK,LOGREAD,790,2026-07-21 14:13:12,SEND_OK,0,0
*** Trama sin '*CRC' reconocible. ***

=== Registro 791 (792/1001) ===

<-- Respuesta cruda: $CFG,ACK,LOGREAD,791,2026-07-21 14:13:12,SERVER_ACK,48,0
*** Trama sin '*CRC' reconocible. ***

=== Registro 792 (793/1001) ===

<-- Respuesta cruda: $CFG,ACK,LOGREAD,792,2026-07-21 14:13:49,HEARTBEAT_RECEIVED,0,0
*** Trama sin '*CRC' reconocible. ***

=== Registro 793 (794/1001) ===

<-- Respuesta cruda: $CFG,BAD_CRC,LOGREAD,793,2026-07-21 14:14:12,SEND_OK,1175195662,12288
*** Trama sin '*CRC' reconocible. ***

=== Registro 794 (795/1001) ===

<-- Respuesta cruda: $CFG,BAD_CRC,LOGREAD,794,0000-00-220 130:14:12,SERVER_ACK,48,0
*** Trama sin '*CRC' reconocible. ***

=== Registro 795 (796/1001) ===

<-- Respuesta cruda: $CFG,ACK,LOGREAD,795,2026-07-21 14:14:53,HEARTBEAT_RECEIVED,0,0
*** Trama sin '*CRC' reconocible. ***

=== Registro 796 (797/1001) ===

<-- Respuesta cruda: $CFG,ACK,LOGREAD,796,2026-07-21 14:15:12,SEND_OK,0,0
*** Trama sin '*CRC' reconocible. ***

=== Registro 797 (798/1001) ===

<-- Respuesta cruda: $CFG,ACK,LOGREAD,797,2026-07-21 14:15:12,SERVER_ACK,48,0
*** Trama sin '*CRC' reconocible. ***

=== Registro 798 (799/1001) ===

<-- Respuesta cruda: $CFG,ACK,LOGREAD,798,2026-07-21 14:15:56,HEARTBEAT_RECEIVED,0,0
*** Trama sin '*CRC' reconocible. ***

=== Registro 799 (800/1001) ===

<-- Respuesta cruda: $CFG,ACK,LOGREAD,799,2026-07-21 14:16:12,SEND_OK,0,0
*** Trama sin '*CRC' reconocible. ***

=== Registro 800 (801/1001) ===

<-- Respuesta cruda: $CFG,BAD_CRC,LOGREAD,800,2026-07-127 92:255:255,UNKNOWN,4294967295,4294967295
*** Trama sin '*CRC' reconocible. ***

=== Registro 801 (802/1001) ===

<-- Respuesta cruda: $CFG,ACK,LOGREAD,801,2026-07-21 14:16:59,HEARTBEAT_RECEIVED,0,0
*** Trama sin '*CRC' reconocible. ***

=== Registro 802 (803/1001) ===

<-- Respuesta cruda: $CFG,ACK,LOGREAD,802,2026-07-21 14:17:12,SEND_OK,0,0
*** Trama sin '*CRC' reconocible. ***

=== Registro 803 (804/1001) ===

<-- Respuesta cruda: $CFG,ACK,LOGREAD,803,2026-07-21 14:17:12,SERVER_ACK,48,0
*** Trama sin '*CRC' reconocible. ***

=== Registro 804 (805/1001) ===

<-- Respuesta cruda: $CFG,ACK,LOGREAD,804,2026-07-21 14:18:02,HEARTBEAT_RECEIVED,0,0
*** Trama sin '*CRC' reconocible. ***

=== Registro 805 (806/1001) ===

<-- Respuesta cruda: $CFG,ACK,LOGREAD,805,2026-07-21 14:18:12,SEND_OK,0,0
*** Trama sin '*CRC' reconocible. ***

=== Registro 806 (807/1001) ===

<-- Respuesta cruda: $CFG,BAD_CRC,LOGREAD,806,2026-07-21 14:18:13,SERVER_ACK,48,0
*** Trama sin '*CRC' reconocible. ***

=== Registro 807 (808/1001) ===

<-- Respuesta cruda: $CFG,BAD_CRC,LOGREAD,807,0000-00-150 61:19:05,HEARTBEAT_RECEIVED,0,0
*** Trama sin '*CRC' reconocible. ***

=== Registro 808 (809/1001) ===

<-- Respuesta cruda: $CFG,ACK,LOGREAD,808,2026-07-21 14:19:13,SEND_OK,0,0
*** Trama sin '*CRC' reconocible. ***

=== Registro 809 (810/1001) ===

<-- Respuesta cruda: $CFG,ACK,LOGREAD,809,2026-07-21 14:19:13,SERVER_ACK,48,0
*** Trama sin '*CRC' reconocible. ***

=== Registro 810 (811/1001) ===

<-- Respuesta cruda: $CFG,ACK,LOGREAD,810,2026-07-21 14:20:08,HEARTBEAT_RECEIVED,0,0
*** Trama sin '*CRC' reconocible. ***

=== Registro 811 (812/1001) ===

<-- Respuesta cruda: $CFG,ACK,LOGREAD,811,2026-07-21 14:20:13,SEND_OK,0,0
*** Trama sin '*CRC' reconocible. ***

=== Registro 812 (813/1001) ===

<-- Respuesta cruda: $CFG,ACK,LOGREAD,812,2026-07-21 14:20:13,SERVER_ACK,48,0
*** Trama sin '*CRC' reconocible. ***

=== Registro 813 (814/1001) ===

<-- Respuesta cruda: $CFG,BAD_CRC,LOGREAD,813,2026-07-21 14:21:11,HEARTBEAT_RECEIVED,1174405120,12288
*** Trama sin '*CRC' reconocible. ***

=== Registro 814 (815/1001) ===

<-- Respuesta cruda: $CFG,BAD_CRC,LOGREAD,814,0000-00-222 82:21:13,SEND_OK,0,0
*** Trama sin '*CRC' reconocible. ***

=== Registro 815 (816/1001) ===

<-- Respuesta cruda: $CFG,ACK,LOGREAD,815,2026-07-21 14:21:13,SERVER_ACK,48,0
*** Trama sin '*CRC' reconocible. ***

=== Registro 816 (817/1001) ===

<-- Respuesta cruda: $CFG,ACK,LOGREAD,816,2026-07-21 14:22:13,SEND_OK,0,0
*** Trama sin '*CRC' reconocible. ***

=== Registro 817 (818/1001) ===

<-- Respuesta cruda: $CFG,ACK,LOGREAD,817,2026-07-21 14:22:13,SERVER_ACK,48,0
*** Trama sin '*CRC' reconocible. ***

=== Registro 818 (819/1001) ===

<-- Respuesta cruda: $CFG,ACK,LOGREAD,818,2026-07-21 14:22:14,HEARTBEAT_RECEIVED,0,0
*** Trama sin '*CRC' reconocible. ***

=== Registro 819 (820/1001) ===

<-- Respuesta cruda: $CFG,ACK,LOGREAD,819,2026-07-21 14:23:13,SEND_OK,0,0
*** Trama sin '*CRC' reconocible. ***

=== Registro 820 (821/1001) ===

<-- Respuesta cruda: $CFG,BAD_CRC,LOGREAD,820,2026-07-21 14:23:13,SIM_PIN_REQUIRED,1142364430,0
*** Trama sin '*CRC' reconocible. ***

=== Registro 821 (822/1001) ===

<-- Respuesta cruda: $CFG,BAD_CRC,LOGREAD,821,0000-00-30 141:23:17,HEARTBEAT_RECEIVED,0,0
*** Trama sin '*CRC' reconocible. ***

=== Registro 822 (823/1001) ===

<-- Respuesta cruda: $CFG,ACK,LOGREAD,822,2026-07-21 14:24:13,SEND_OK,0,0
*** Trama sin '*CRC' reconocible. ***

=== Registro 823 (824/1001) ===

<-- Respuesta cruda: $CFG,ACK,LOGREAD,823,2026-07-21 14:24:14,SERVER_ACK,48,0
*** Trama sin '*CRC' reconocible. ***

=== Registro 824 (825/1001) ===

<-- Respuesta cruda: $CFG,ACK,LOGREAD,824,2026-07-21 14:24:20,HEARTBEAT_RECEIVED,0,0
*** Trama sin '*CRC' reconocible. ***

=== Registro 825 (826/1001) ===

<-- Respuesta cruda: $CFG,ACK,LOGREAD,825,2026-07-21 14:25:13,SEND_OK,0,0
*** Trama sin '*CRC' reconocible. ***

=== Registro 826 (827/1001) ===

<-- Respuesta cruda: $CFG,ACK,LOGREAD,826,2026-07-21 14:25:14,SERVER_ACK,48,0
*** Trama sin '*CRC' reconocible. ***

=== Registro 827 (828/1001) ===

<-- Respuesta cruda: $CFG,BAD_CRC,LOGREAD,827,2026-00-128 81:255:255,UNKNOWN,4294967295,4294967295
*** Trama sin '*CRC' reconocible. ***

=== Registro 828 (829/1001) ===

<-- Respuesta cruda: $CFG,ACK,LOGREAD,828,2026-07-21 14:26:13,SEND_OK,0,0
*** Trama sin '*CRC' reconocible. ***

=== Registro 829 (830/1001) ===

<-- Respuesta cruda: $CFG,ACK,LOGREAD,829,2026-07-21 14:26:13,SERVER_ACK,48,0
*** Trama sin '*CRC' reconocible. ***

=== Registro 830 (831/1001) ===

<-- Respuesta cruda: $CFG,ACK,LOGREAD,830,2026-07-21 14:26:25,HEARTBEAT_RECEIVED,0,0
*** Trama sin '*CRC' reconocible. ***

=== Registro 831 (832/1001) ===

<-- Respuesta cruda: $CFG,ACK,LOGREAD,831,2026-07-21 14:27:13,SEND_OK,0,0
*** Trama sin '*CRC' reconocible. ***

=== Registro 832 (833/1001) ===

<-- Respuesta cruda: $CFG,ACK,LOGREAD,832,2026-07-21 14:27:13,SERVER_ACK,48,0
*** Trama sin '*CRC' reconocible. ***

=== Registro 833 (834/1001) ===

<-- Respuesta cruda: $CFG,BAD_CRC,LOGREAD,833,2026-07-21 14:27:28,HEARTBEAT_RECEIVED,0,0
*** Trama sin '*CRC' reconocible. ***

=== Registro 834 (835/1001) ===

<-- Respuesta cruda: $CFG,BAD_CRC,LOGREAD,834,0000-00-13 48:28:13,SEND_OK,0,0
*** Trama sin '*CRC' reconocible. ***

=== Registro 835 (836/1001) ===

<-- Respuesta cruda: $CFG,ACK,LOGREAD,835,2026-07-21 14:28:13,SERVER_ACK,48,0
*** Trama sin '*CRC' reconocible. ***

=== Registro 836 (837/1001) ===

<-- Respuesta cruda: $CFG,ACK,LOGREAD,836,2026-07-21 14:28:31,HEARTBEAT_RECEIVED,0,0
*** Trama sin '*CRC' reconocible. ***

=== Registro 837 (838/1001) ===

<-- Respuesta cruda: $CFG,ACK,LOGREAD,837,2026-07-21 14:29:13,SEND_OK,0,0
*** Trama sin '*CRC' reconocible. ***

=== Registro 838 (839/1001) ===

<-- Respuesta cruda: $CFG,ACK,LOGREAD,838,2026-07-21 14:29:14,SERVER_ACK,48,0
*** Trama sin '*CRC' reconocible. ***

=== Registro 839 (840/1001) ===

<-- Respuesta cruda: $CFG,ACK,LOGREAD,839,2026-07-21 14:29:34,HEARTBEAT_RECEIVED,0,0
*** Trama sin '*CRC' reconocible. ***

=== Registro 840 (841/1001) ===

<-- Respuesta cruda: $CFG,BAD_CRC,LOGREAD,840,2026-07-21 14:29:41,CID_RECEIVED,908722176,0
*** Trama sin '*CRC' reconocible. ***

=== Registro 841 (842/1001) ===

<-- Respuesta cruda: $CFG,BAD_CRC,LOGREAD,841,0000-00-236 83:29:41,SEND_OK,0,0
*** Trama sin '*CRC' reconocible. ***

=== Registro 842 (843/1001) ===

<-- Respuesta cruda: $CFG,ACK,LOGREAD,842,2026-07-21 14:29:41,SERVER_ACK,48,0
*** Trama sin '*CRC' reconocible. ***

=== Registro 843 (844/1001) ===

<-- Respuesta cruda: $CFG,ACK,LOGREAD,843,2026-07-21 14:29:41,SERVER_ACK,0,0
*** Trama sin '*CRC' reconocible. ***

=== Registro 844 (845/1001) ===

<-- Respuesta cruda: $CFG,ACK,LOGREAD,844,2026-07-21 14:30:41,SEND_OK,0,0
*** Trama sin '*CRC' reconocible. ***

=== Registro 845 (846/1001) ===

<-- Respuesta cruda: $CFG,ACK,LOGREAD,845,2026-07-21 14:30:42,SERVER_ACK,48,0
*** Trama sin '*CRC' reconocible. ***

=== Registro 846 (847/1001) ===

<-- Respuesta cruda: $CFG,ACK,LOGREAD,846,2026-07-21 14:30:45,HEARTBEAT_RECEIVED,0,0
*** Trama sin '*CRC' reconocible. ***

=== Registro 847 (848/1001) ===

<-- Respuesta cruda: $CFG,BAD_CRC,LOGREAD,847,2026-07-21 14:31:07,SIM_PIN_REQUIRED,1177166094,12288
*** Trama sin '*CRC' reconocible. ***

=== Registro 848 (849/1001) ===

<-- Respuesta cruda: $CFG,BAD_CRC,LOGREAD,848,0000-00-215 131:31:42,SERVER_ACK,48,0
*** Trama sin '*CRC' reconocible. ***

=== Registro 849 (850/1001) ===

<-- Respuesta cruda: $CFG,ACK,LOGREAD,849,2026-07-21 14:31:48,HEARTBEAT_RECEIVED,0,0
*** Trama sin '*CRC' reconocible. ***

=== Registro 850 (851/1001) ===

<-- Respuesta cruda: $CFG,ACK,LOGREAD,850,2026-07-21 14:32:42,SEND_OK,0,0
*** Trama sin '*CRC' reconocible. ***

=== Registro 851 (852/1001) ===

<-- Respuesta cruda: $CFG,ACK,LOGREAD,851,2026-07-21 14:32:42,SERVER_ACK,48,0
*** Trama sin '*CRC' reconocible. ***

=== Registro 852 (853/1001) ===

<-- Respuesta cruda: $CFG,ACK,LOGREAD,852,2026-07-21 14:32:51,HEARTBEAT_RECEIVED,0,0
*** Trama sin '*CRC' reconocible. ***

=== Registro 853 (854/1001) ===

<-- Respuesta cruda: $CFG,ACK,LOGREAD,853,2026-07-21 14:33:42,SEND_OK,0,0
*** Trama sin '*CRC' reconocible. ***

=== Registro 854 (855/1001) ===

<-- Respuesta cruda: $CFG,BAD_CRC,LOGREAD,854,0234-00-61 133:255:255,UNKNOWN,4294967295,4294967295
*** Trama sin '*CRC' reconocible. ***

=== Registro 855 (856/1001) ===

<-- Respuesta cruda: $CFG,ACK,LOGREAD,855,2026-07-21 14:33:54,HEARTBEAT_RECEIVED,0,0
*** Trama sin '*CRC' reconocible. ***

=== Registro 856 (857/1001) ===

<-- Respuesta cruda: $CFG,ACK,LOGREAD,856,2026-07-21 14:34:42,SEND_OK,0,0
*** Trama sin '*CRC' reconocible. ***

=== Registro 857 (858/1001) ===

<-- Respuesta cruda: $CFG,ACK,LOGREAD,857,2026-07-21 14:34:42,SERVER_ACK,48,0
*** Trama sin '*CRC' reconocible. ***

=== Registro 858 (859/1001) ===

<-- Respuesta cruda: $CFG,ACK,LOGREAD,858,2026-07-21 14:34:57,HEARTBEAT_RECEIVED,0,0
*** Trama sin '*CRC' reconocible. ***

=== Registro 859 (860/1001) ===

<-- Respuesta cruda: $CFG,ACK,LOGREAD,859,2026-07-21 14:35:42,SEND_OK,0,0
*** Trama sin '*CRC' reconocible. ***

=== Registro 860 (861/1001) ===

<-- Respuesta cruda: $CFG,BAD_CRC,LOGREAD,860,2026-07-21 14:35:42,SERVER_ACK,48,0
*** Trama sin '*CRC' reconocible. ***

=== Registro 861 (862/1001) ===

<-- Respuesta cruda: $CFG,BAD_CRC,LOGREAD,861,0000-00-121 74:36:00,HEARTBEAT_RECEIVED,0,0
*** Trama sin '*CRC' reconocible. ***

=== Registro 862 (863/1001) ===

<-- Respuesta cruda: $CFG,ACK,LOGREAD,862,2026-07-21 14:36:42,SEND_OK,0,0
*** Trama sin '*CRC' reconocible. ***

=== Registro 863 (864/1001) ===

<-- Respuesta cruda: $CFG,ACK,LOGREAD,863,2026-07-21 14:36:43,SERVER_ACK,48,0
*** Trama sin '*CRC' reconocible. ***

=== Registro 864 (865/1001) ===

<-- Respuesta cruda: $CFG,ACK,LOGREAD,864,2026-07-21 14:37:03,HEARTBEAT_RECEIVED,0,0
*** Trama sin '*CRC' reconocible. ***

=== Registro 865 (866/1001) ===

<-- Respuesta cruda: $CFG,ACK,LOGREAD,865,2026-07-21 14:37:42,SEND_OK,0,0
*** Trama sin '*CRC' reconocible. ***

=== Registro 866 (867/1001) ===

<-- Respuesta cruda: $CFG,ACK,LOGREAD,866,2026-07-21 14:37:43,SERVER_ACK,48,0
*** Trama sin '*CRC' reconocible. ***

=== Registro 867 (868/1001) ===

<-- Respuesta cruda: $CFG,BAD_CRC,LOGREAD,867,2026-07-21 14:38:06,HEARTBEAT_RECEIVED,908797952,0
*** Trama sin '*CRC' reconocible. ***

=== Registro 868 (869/1001) ===

<-- Respuesta cruda: $CFG,BAD_CRC,LOGREAD,868,0000-00-30 218:38:43,SEND_OK,0,0
*** Trama sin '*CRC' reconocible. ***

=== Registro 869 (870/1001) ===

<-- Respuesta cruda: $CFG,ACK,LOGREAD,869,2026-07-21 14:38:43,SERVER_ACK,48,0
*** Trama sin '*CRC' reconocible. ***

=== Registro 870 (871/1001) ===

<-- Respuesta cruda: $CFG,ACK,LOGREAD,870,2026-07-21 14:39:09,HEARTBEAT_RECEIVED,0,0
*** Trama sin '*CRC' reconocible. ***

=== Registro 871 (872/1001) ===

<-- Respuesta cruda: $CFG,ACK,LOGREAD,871,2026-07-21 14:39:43,SEND_OK,0,0
*** Trama sin '*CRC' reconocible. ***

=== Registro 872 (873/1001) ===

<-- Respuesta cruda: $CFG,ACK,LOGREAD,872,2026-07-21 14:39:43,SERVER_ACK,48,0
*** Trama sin '*CRC' reconocible. ***

=== Registro 873 (874/1001) ===

<-- Respuesta cruda: $CFG,ACK,LOGREAD,873,2026-07-21 14:40:12,HEARTBEAT_RECEIVED,0,0
*** Trama sin '*CRC' reconocible. ***

=== Registro 874 (875/1001) ===

<-- Respuesta cruda: $CFG,BAD_CRC,LOGREAD,874,2026-07-21 14:255:255,UNKNOWN,4294967295,4294967295
*** Trama sin '*CRC' reconocible. ***

=== Registro 875 (876/1001) ===

<-- Respuesta cruda: $CFG,ACK,LOGREAD,875,2026-07-21 14:40:43,SERVER_ACK,48,0
*** Trama sin '*CRC' reconocible. ***

=== Registro 876 (877/1001) ===

<-- Respuesta cruda: $CFG,ACK,LOGREAD,876,2026-07-21 14:41:15,HEARTBEAT_RECEIVED,0,0
*** Trama sin '*CRC' reconocible. ***

=== Registro 877 (878/1001) ===

<-- Respuesta cruda: $CFG,ACK,LOGREAD,877,2026-07-21 14:41:43,SEND_OK,0,0
*** Trama sin '*CRC' reconocible. ***

=== Registro 878 (879/1001) ===

<-- Respuesta cruda: $CFG,ACK,LOGREAD,878,2026-07-21 14:41:43,SERVER_ACK,48,0
*** Trama sin '*CRC' reconocible. ***

=== Registro 879 (880/1001) ===

<-- Respuesta cruda: $CFG,ACK,LOGREAD,879,2026-07-21 14:42:18,HEARTBEAT_RECEIVED,0,0
*** Trama sin '*CRC' reconocible. ***

=== Registro 880 (881/1001) ===

<-- Respuesta cruda: $CFG,ACK,LOGREAD,880,2026-07-21 14:42:43,SEND_OK,0,0
*** Trama sin '*CRC' reconocible. ***

=== Registro 881 (882/1001) ===

<-- Respuesta cruda: $CFG,BAD_CRC,LOGREAD,881,0000-00-42 103:42:44,SERVER_ACK,48,0
*** Trama sin '*CRC' reconocible. ***

=== Registro 882 (883/1001) ===

<-- Respuesta cruda: $CFG,ACK,LOGREAD,882,2026-07-21 14:43:21,HEARTBEAT_RECEIVED,0,0
*** Trama sin '*CRC' reconocible. ***

=== Registro 883 (884/1001) ===

<-- Respuesta cruda: $CFG,ACK,LOGREAD,883,2026-07-21 14:43:43,SEND_OK,0,0
*** Trama sin '*CRC' reconocible. ***

=== Registro 884 (885/1001) ===

<-- Respuesta cruda: $CFG,ACK,LOGREAD,884,2026-07-21 14:43:44,SERVER_ACK,48,0
*** Trama sin '*CRC' reconocible. ***

=== Registro 885 (886/1001) ===

<-- Respuesta cruda: $CFG,ACK,LOGREAD,885,2026-07-21 14:44:24,HEARTBEAT_RECEIVED,0,0
*** Trama sin '*CRC' reconocible. ***

=== Registro 886 (887/1001) ===

<-- Respuesta cruda: $CFG,ACK,LOGREAD,886,2026-07-21 14:44:44,SEND_OK,0,0
*** Trama sin '*CRC' reconocible. ***

=== Registro 887 (888/1001) ===

<-- Respuesta cruda: $CFG,BAD_CRC,LOGREAD,887,2026-07-21 14:44:44,SERVER_ACK,48,0
*** Trama sin '*CRC' reconocible. ***

=== Registro 888 (889/1001) ===

<-- Respuesta cruda: $CFG,BAD_CRC,LOGREAD,888,0000-00-99 209:45:27,HEARTBEAT_RECEIVED,0,0
*** Trama sin '*CRC' reconocible. ***

=== Registro 889 (890/1001) ===

<-- Respuesta cruda: $CFG,ACK,LOGREAD,889,2026-07-21 14:45:44,SEND_OK,0,0
*** Trama sin '*CRC' reconocible. ***

=== Registro 890 (891/1001) ===

<-- Respuesta cruda: $CFG,ACK,LOGREAD,890,2026-07-21 14:45:44,SERVER_ACK,48,0
*** Trama sin '*CRC' reconocible. ***

=== Registro 891 (892/1001) ===

<-- Respuesta cruda: $CFG,ACK,LOGREAD,891,2026-07-21 14:46:30,HEARTBEAT_RECEIVED,0,0
*** Trama sin '*CRC' reconocible. ***

=== Registro 892 (893/1001) ===

<-- Respuesta cruda: $CFG,ACK,LOGREAD,892,2026-07-21 14:46:44,SEND_OK,0,0
*** Trama sin '*CRC' reconocible. ***

=== Registro 893 (894/1001) ===

<-- Respuesta cruda: $CFG,ACK,LOGREAD,893,2026-07-21 14:46:44,SERVER_ACK,48,0
*** Trama sin '*CRC' reconocible. ***

=== Registro 894 (895/1001) ===

<-- Respuesta cruda: $CFG,BAD_CRC,LOGREAD,894,2026-07-21 14:47:33,HEARTBEAT_RECEIVED,908865806,0
*** Trama sin '*CRC' reconocible. ***

=== Registro 895 (896/1001) ===

<-- Respuesta cruda: $CFG,BAD_CRC,LOGREAD,895,0000-00-46 220:47:44,SEND_OK,0,0
*** Trama sin '*CRC' reconocible. ***

=== Registro 896 (897/1001) ===

<-- Respuesta cruda: $CFG,ACK,LOGREAD,896,2026-07-21 14:47:44,SERVER_ACK,48,0
*** Trama sin '*CRC' reconocible. ***

=== Registro 897 (898/1001) ===

<-- Respuesta cruda: $CFG,ACK,LOGREAD,897,2026-07-21 14:48:36,HEARTBEAT_RECEIVED,0,0
*** Trama sin '*CRC' reconocible. ***

=== Registro 898 (899/1001) ===

<-- Respuesta cruda: $CFG,ACK,LOGREAD,898,2026-07-21 14:48:44,SEND_OK,0,0
*** Trama sin '*CRC' reconocible. ***

=== Registro 899 (900/1001) ===

<-- Respuesta cruda: $CFG,ACK,LOGREAD,899,2026-07-21 14:48:44,SERVER_ACK,48,0
*** Trama sin '*CRC' reconocible. ***

=== Registro 900 (901/1001) ===

<-- Respuesta cruda: $CFG,ACK,LOGREAD,900,2026-07-21 14:49:39,HEARTBEAT_RECEIVED,0,0
*** Trama sin '*CRC' reconocible. ***

=== Registro 901 (902/1001) ===

<-- Respuesta cruda: $CFG,BAD_CRC,LOGREAD,901,2026-07-21 155:255:255,UNKNOWN,4294967295,4294967295
*** Trama sin '*CRC' reconocible. ***

=== Registro 902 (903/1001) ===

<-- Respuesta cruda: $CFG,ACK,LOGREAD,902,2026-07-21 14:49:45,SERVER_ACK,48,0
*** Trama sin '*CRC' reconocible. ***

=== Registro 903 (904/1001) ===

<-- Respuesta cruda: $CFG,ACK,LOGREAD,903,2026-07-21 14:50:42,HEARTBEAT_RECEIVED,0,0
*** Trama sin '*CRC' reconocible. ***

=== Registro 904 (905/1001) ===

<-- Respuesta cruda: $CFG,ACK,LOGREAD,904,2026-07-21 14:50:44,SEND_OK,0,0
*** Trama sin '*CRC' reconocible. ***

=== Registro 905 (906/1001) ===

<-- Respuesta cruda: $CFG,ACK,LOGREAD,905,2026-07-21 14:50:45,SERVER_ACK,48,0
*** Trama sin '*CRC' reconocible. ***

=== Registro 906 (907/1001) ===

<-- Respuesta cruda: $CFG,ACK,LOGREAD,906,2026-07-21 14:51:45,SEND_OK,0,0
*** Trama sin '*CRC' reconocible. ***

=== Registro 907 (908/1001) ===

<-- Respuesta cruda: $CFG,BAD_CRC,LOGREAD,907,2026-07-21 14:51:45,SERVER_ACK,48,0
*** Trama sin '*CRC' reconocible. ***

=== Registro 908 (909/1001) ===

<-- Respuesta cruda: $CFG,BAD_CRC,LOGREAD,908,0000-00-255 14:51:45,HEARTBEAT_RECEIVED,0,0
*** Trama sin '*CRC' reconocible. ***

=== Registro 909 (910/1001) ===

<-- Respuesta cruda: $CFG,ACK,LOGREAD,909,2026-07-21 14:52:45,SEND_OK,0,0
*** Trama sin '*CRC' reconocible. ***

=== Registro 910 (911/1001) ===

<-- Respuesta cruda: $CFG,ACK,LOGREAD,910,2026-07-21 14:52:45,SERVER_ACK,48,0
*** Trama sin '*CRC' reconocible. ***

=== Registro 911 (912/1001) ===

<-- Respuesta cruda: $CFG,ACK,LOGREAD,911,2026-07-21 14:52:48,HEARTBEAT_RECEIVED,0,0
*** Trama sin '*CRC' reconocible. ***

=== Registro 912 (913/1001) ===

<-- Respuesta cruda: $CFG,ACK,LOGREAD,912,2026-07-21 14:53:45,SEND_OK,0,0
*** Trama sin '*CRC' reconocible. ***

=== Registro 913 (914/1001) ===

<-- Respuesta cruda: $CFG,ACK,LOGREAD,913,2026-07-21 14:53:45,SERVER_ACK,48,0
*** Trama sin '*CRC' reconocible. ***

=== Registro 914 (915/1001) ===

<-- Respuesta cruda: $CFG,BAD_CRC,LOGREAD,914,2026-07-21 14:53:51,HEARTBEAT_RECEIVED,0,0
*** Trama sin '*CRC' reconocible. ***

=== Registro 915 (916/1001) ===

<-- Respuesta cruda: $CFG,BAD_CRC,LOGREAD,915,0000-00-186 28:54:45,SEND_OK,0,0
*** Trama sin '*CRC' reconocible. ***

=== Registro 916 (917/1001) ===

<-- Respuesta cruda: $CFG,ACK,LOGREAD,916,2026-07-21 14:54:45,SERVER_ACK,48,0
*** Trama sin '*CRC' reconocible. ***

=== Registro 917 (918/1001) ===

<-- Respuesta cruda: $CFG,ACK,LOGREAD,917,2026-07-21 14:54:54,HEARTBEAT_RECEIVED,0,0
*** Trama sin '*CRC' reconocible. ***

=== Registro 918 (919/1001) ===

<-- Respuesta cruda: $CFG,ACK,LOGREAD,918,2026-07-21 14:55:45,SEND_OK,0,0
*** Trama sin '*CRC' reconocible. ***

=== Registro 919 (920/1001) ===

<-- Respuesta cruda: $CFG,ACK,LOGREAD,919,2026-07-21 14:55:45,SERVER_ACK,48,0
*** Trama sin '*CRC' reconocible. ***

=== Registro 920 (921/1001) ===

<-- Respuesta cruda: $CFG,ACK,LOGREAD,920,2026-07-21 14:55:57,HEARTBEAT_RECEIVED,0,0
*** Trama sin '*CRC' reconocible. ***

=== Registro 921 (922/1001) ===

<-- Respuesta cruda: $CFG,BAD_CRC,LOGREAD,921,2026-07-21 14:56:45,SEND_OK,1177434638,12288
*** Trama sin '*CRC' reconocible. ***

=== Registro 922 (923/1001) ===

<-- Respuesta cruda: $CFG,BAD_CRC,LOGREAD,922,0000-00-247 251:56:46,SERVER_ACK,48,0
*** Trama sin '*CRC' reconocible. ***

=== Registro 923 (924/1001) ===

<-- Respuesta cruda: $CFG,ACK,LOGREAD,923,2026-07-21 14:57:00,HEARTBEAT_RECEIVED,0,0
*** Trama sin '*CRC' reconocible. ***

=== Registro 924 (925/1001) ===

<-- Respuesta cruda: $CFG,ACK,LOGREAD,924,2026-07-21 14:57:45,SEND_OK,0,0
*** Trama sin '*CRC' reconocible. ***

=== Registro 925 (926/1001) ===

<-- Respuesta cruda: $CFG,ACK,LOGREAD,925,2026-07-21 14:57:46,SERVER_ACK,48,0
*** Trama sin '*CRC' reconocible. ***

=== Registro 926 (927/1001) ===

<-- Respuesta cruda: $CFG,ACK,LOGREAD,926,2026-07-21 14:58:03,HEARTBEAT_RECEIVED,0,0
*** Trama sin '*CRC' reconocible. ***

=== Registro 927 (928/1001) ===

<-- Respuesta cruda: $CFG,ACK,LOGREAD,927,2026-07-21 14:58:46,SEND_OK,0,0
*** Trama sin '*CRC' reconocible. ***

=== Registro 928 (929/1001) ===

<-- Respuesta cruda: $CFG,BAD_CRC,LOGREAD,928,2026-07-38 250:255:255,UNKNOWN,4294967295,4294967295
*** Trama sin '*CRC' reconocible. ***

=== Registro 929 (930/1001) ===

<-- Respuesta cruda: $CFG,ACK,LOGREAD,929,2026-07-21 14:59:06,HEARTBEAT_RECEIVED,0,0
*** Trama sin '*CRC' reconocible. ***

=== Registro 930 (931/1001) ===

<-- Respuesta cruda: $CFG,ACK,LOGREAD,930,2026-07-21 14:59:46,SEND_OK,0,0
*** Trama sin '*CRC' reconocible. ***

=== Registro 931 (932/1001) ===

<-- Respuesta cruda: $CFG,ACK,LOGREAD,931,2026-07-21 14:59:46,SERVER_ACK,48,0
*** Trama sin '*CRC' reconocible. ***

=== Registro 932 (933/1001) ===

<-- Respuesta cruda: $CFG,ACK,LOGREAD,932,2026-07-21 15:00:09,HEARTBEAT_RECEIVED,0,0
*** Trama sin '*CRC' reconocible. ***

=== Registro 933 (934/1001) ===

<-- Respuesta cruda: $CFG,ACK,LOGREAD,933,2026-07-21 15:00:46,SEND_OK,0,0
*** Trama sin '*CRC' reconocible. ***

=== Registro 934 (935/1001) ===

<-- Respuesta cruda: $CFG,BAD_CRC,LOGREAD,934,2026-07-21 15:00:46,SERVER_ACK,48,0
*** Trama sin '*CRC' reconocible. ***

=== Registro 935 (936/1001) ===

<-- Respuesta cruda: $CFG,BAD_CRC,LOGREAD,935,0000-00-97 107:01:12,HEARTBEAT_RECEIVED,0,0
*** Trama sin '*CRC' reconocible. ***

=== Registro 936 (937/1001) ===

<-- Respuesta cruda: $CFG,ACK,LOGREAD,936,2026-07-21 15:01:46,SEND_OK,0,0
*** Trama sin '*CRC' reconocible. ***

=== Registro 937 (938/1001) ===

<-- Respuesta cruda: $CFG,ACK,LOGREAD,937,2026-07-21 15:01:46,SERVER_ACK,48,0
*** Trama sin '*CRC' reconocible. ***

=== Registro 938 (939/1001) ===

<-- Respuesta cruda: $CFG,ACK,LOGREAD,938,2026-07-21 15:02:15,HEARTBEAT_RECEIVED,0,0
*** Trama sin '*CRC' reconocible. ***

=== Registro 939 (940/1001) ===

<-- Respuesta cruda: $CFG,ACK,LOGREAD,939,2026-07-21 15:02:46,SEND_OK,0,0
*** Trama sin '*CRC' reconocible. ***

=== Registro 940 (941/1001) ===

<-- Respuesta cruda: $CFG,ACK,LOGREAD,940,2026-07-21 15:02:46,SERVER_ACK,48,0
*** Trama sin '*CRC' reconocible. ***

=== Registro 941 (942/1001) ===

<-- Respuesta cruda: $CFG,BAD_CRC,LOGREAD,941,2026-07-21 15:03:18,HEARTBEAT_RECEIVED,905969664,0
*** Trama sin '*CRC' reconocible. ***

=== Registro 942 (943/1001) ===

<-- Respuesta cruda: $CFG,BAD_CRC,LOGREAD,942,0000-00-147 181:03:46,SEND_OK,0,0
*** Trama sin '*CRC' reconocible. ***

=== Registro 943 (944/1001) ===

<-- Respuesta cruda: $CFG,ACK,LOGREAD,943,2026-07-21 15:03:47,SERVER_ACK,48,0
*** Trama sin '*CRC' reconocible. ***

=== Registro 944 (945/1001) ===

<-- Respuesta cruda: $CFG,ACK,LOGREAD,944,2026-07-21 15:04:21,HEARTBEAT_RECEIVED,0,0
*** Trama sin '*CRC' reconocible. ***

=== Registro 945 (946/1001) ===

<-- Respuesta cruda: $CFG,ACK,LOGREAD,945,2026-07-21 15:04:46,SEND_OK,0,0
*** Trama sin '*CRC' reconocible. ***

=== Registro 946 (947/1001) ===

<-- Respuesta cruda: $CFG,ACK,LOGREAD,946,2026-07-21 15:04:47,SERVER_ACK,48,0
*** Trama sin '*CRC' reconocible. ***

=== Registro 947 (948/1001) ===

<-- Respuesta cruda: $CFG,ACK,LOGREAD,947,2026-07-21 15:05:24,HEARTBEAT_RECEIVED,0,0
*** Trama sin '*CRC' reconocible. ***

=== Registro 948 (949/1001) ===

<-- Respuesta cruda: $CFG,BAD_CRC,LOGREAD,948,2026-07-21 15:05:47,SIM_PIN_REQUIRED,1177487119,12288
*** Trama sin '*CRC' reconocible. ***

=== Registro 949 (950/1001) ===

<-- Respuesta cruda: $CFG,BAD_CRC,LOGREAD,949,0000-00-36 42:05:47,SERVER_ACK,48,0
*** Trama sin '*CRC' reconocible. ***

=== Registro 950 (951/1001) ===

<-- Respuesta cruda: $CFG,ACK,LOGREAD,950,2026-07-21 15:06:27,HEARTBEAT_RECEIVED,0,0
*** Trama sin '*CRC' reconocible. ***

=== Registro 951 (952/1001) ===

<-- Respuesta cruda: $CFG,ACK,LOGREAD,951,2026-07-21 15:06:47,SEND_OK,0,0
*** Trama sin '*CRC' reconocible. ***

=== Registro 952 (953/1001) ===

<-- Respuesta cruda: $CFG,ACK,LOGREAD,952,2026-07-21 15:06:47,SERVER_ACK,48,0
*** Trama sin '*CRC' reconocible. ***

=== Registro 953 (954/1001) ===

<-- Respuesta cruda: $CFG,ACK,LOGREAD,953,2026-07-21 15:07:30,HEARTBEAT_RECEIVED,0,0
*** Trama sin '*CRC' reconocible. ***

=== Registro 954 (955/1001) ===

<-- Respuesta cruda: $CFG,ACK,LOGREAD,954,2026-07-21 15:07:47,SEND_OK,0,0
*** Trama sin '*CRC' reconocible. ***

=== Registro 955 (956/1001) ===

<-- Respuesta cruda: $CFG,BAD_CRC,LOGREAD,955,2026-00-178 58:255:255,UNKNOWN,4294967295,4294967295
*** Trama sin '*CRC' reconocible. ***

=== Registro 956 (957/1001) ===

<-- Respuesta cruda: $CFG,ACK,LOGREAD,956,2026-07-21 15:08:33,HEARTBEAT_RECEIVED,0,0
*** Trama sin '*CRC' reconocible. ***

=== Registro 957 (958/1001) ===

<-- Respuesta cruda: $CFG,ACK,LOGREAD,957,2026-07-21 15:08:47,SEND_OK,0,0
*** Trama sin '*CRC' reconocible. ***

=== Registro 958 (959/1001) ===

<-- Respuesta cruda: $CFG,ACK,LOGREAD,958,2026-07-21 15:08:47,SERVER_ACK,48,0
*** Trama sin '*CRC' reconocible. ***

=== Registro 959 (960/1001) ===

<-- Respuesta cruda: $CFG,ACK,LOGREAD,959,2026-07-21 15:09:36,HEARTBEAT_RECEIVED,0,0
*** Trama sin '*CRC' reconocible. ***

=== Registro 960 (961/1001) ===

<-- Respuesta cruda: $CFG,ACK,LOGREAD,960,2026-07-21 15:09:47,SEND_OK,0,0
*** Trama sin '*CRC' reconocible. ***

=== Registro 961 (962/1001) ===

<-- Respuesta cruda: $CFG,BAD_CRC,LOGREAD,961,2026-07-21 15:09:47,SERVER_ACK,48,0
*** Trama sin '*CRC' reconocible. ***

=== Registro 962 (963/1001) ===

<-- Respuesta cruda: $CFG,BAD_CRC,LOGREAD,962,0000-00-246 12:10:39,HEARTBEAT_RECEIVED,0,0
*** Trama sin '*CRC' reconocible. ***

=== Registro 963 (964/1001) ===

<-- Respuesta cruda: $CFG,ACK,LOGREAD,963,2026-07-21 15:10:47,SEND_OK,0,0
*** Trama sin '*CRC' reconocible. ***

=== Registro 964 (965/1001) ===

<-- Respuesta cruda: $CFG,ACK,LOGREAD,964,2026-07-21 15:10:48,SERVER_ACK,48,0
*** Trama sin '*CRC' reconocible. ***

=== Registro 965 (966/1001) ===

<-- Respuesta cruda: $CFG,ACK,LOGREAD,965,2026-07-21 15:11:42,HEARTBEAT_RECEIVED,0,0
*** Trama sin '*CRC' reconocible. ***

=== Registro 966 (967/1001) ===

<-- Respuesta cruda: $CFG,ACK,LOGREAD,966,2026-07-21 15:11:47,SEND_OK,0,0
*** Trama sin '*CRC' reconocible. ***

=== Registro 967 (968/1001) ===

<-- Respuesta cruda: $CFG,ACK,LOGREAD,967,2026-07-21 15:11:48,SERVER_ACK,48,0
*** Trama sin '*CRC' reconocible. ***

=== Registro 968 (969/1001) ===

<-- Respuesta cruda: $CFG,BAD_CRC,LOGREAD,968,2026-07-21 15:12:45,HEARTBEAT_RECEIVED,1177550848,12288
*** Trama sin '*CRC' reconocible. ***

=== Registro 969 (970/1001) ===

<-- Respuesta cruda: $CFG,BAD_CRC,LOGREAD,969,0000-00-247 236:12:48,SEND_OK,0,0
*** Trama sin '*CRC' reconocible. ***

=== Registro 970 (971/1001) ===

<-- Respuesta cruda: $CFG,ACK,LOGREAD,970,2026-07-21 15:12:48,SERVER_ACK,48,0
*** Trama sin '*CRC' reconocible. ***

=== Registro 971 (972/1001) ===

<-- Respuesta cruda: $CFG,ACK,LOGREAD,971,2026-07-21 15:13:48,SEND_OK,0,0
*** Trama sin '*CRC' reconocible. ***

=== Registro 972 (973/1001) ===

<-- Respuesta cruda: $CFG,ACK,LOGREAD,972,2026-07-21 15:13:48,SERVER_ACK,48,0
*** Trama sin '*CRC' reconocible. ***

=== Registro 973 (974/1001) ===

<-- Respuesta cruda: $CFG,ACK,LOGREAD,973,2026-07-21 15:13:48,HEARTBEAT_RECEIVED,0,0
*** Trama sin '*CRC' reconocible. ***

=== Registro 974 (975/1001) ===

<-- Respuesta cruda: $CFG,ACK,LOGREAD,974,2026-07-21 15:14:48,SEND_OK,0,0
*** Trama sin '*CRC' reconocible. ***

=== Registro 975 (976/1001) ===

<-- Respuesta cruda: $CFG,BAD_CRC,LOGREAD,975,2026-07-21 15:14:07,SIM_PIN_REQUIRED,1144590351,0
*** Trama sin '*CRC' reconocible. ***

=== Registro 976 (977/1001) ===

<-- Respuesta cruda: $CFG,BAD_CRC,LOGREAD,976,0000-00-160 41:14:51,HEARTBEAT_RECEIVED,0,0
*** Trama sin '*CRC' reconocible. ***

=== Registro 977 (978/1001) ===

<-- Respuesta cruda: $CFG,ACK,LOGREAD,977,2026-07-21 15:15:48,SEND_OK,0,0
*** Trama sin '*CRC' reconocible. ***

=== Registro 978 (979/1001) ===

<-- Respuesta cruda: $CFG,ACK,LOGREAD,978,2026-07-21 15:15:48,SERVER_ACK,48,0
*** Trama sin '*CRC' reconocible. ***

=== Registro 979 (980/1001) ===

<-- Respuesta cruda: $CFG,ACK,LOGREAD,979,2026-07-21 15:15:54,HEARTBEAT_RECEIVED,0,0
*** Trama sin '*CRC' reconocible. ***

=== Registro 980 (981/1001) ===

<-- Respuesta cruda: $CFG,ACK,LOGREAD,980,2026-07-21 15:16:48,SEND_OK,0,0
*** Trama sin '*CRC' reconocible. ***

=== Registro 981 (982/1001) ===

<-- Respuesta cruda: $CFG,ACK,LOGREAD,981,2026-07-21 15:16:49,SERVER_ACK,48,0
*** Trama sin '*CRC' reconocible. ***

=== Registro 982 (983/1001) ===

<-- Respuesta cruda: $CFG,BAD_CRC,LOGREAD,982,0234-00-248 248:255:255,UNKNOWN,4294967295,4294967295
*** Trama sin '*CRC' reconocible. ***

=== Registro 983 (984/1001) ===

<-- Respuesta cruda: $CFG,ACK,LOGREAD,983,2026-07-21 15:17:48,SEND_OK,0,0
*** Trama sin '*CRC' reconocible. ***

=== Registro 984 (985/1001) ===

<-- Respuesta cruda: $CFG,ACK,LOGREAD,984,2026-07-21 15:17:49,SERVER_ACK,48,0
*** Trama sin '*CRC' reconocible. ***

=== Registro 985 (986/1001) ===

<-- Respuesta cruda: $CFG,ACK,LOGREAD,985,2026-07-21 15:18:01,HEARTBEAT_RECEIVED,0,0
*** Trama sin '*CRC' reconocible. ***

=== Registro 986 (987/1001) ===

<-- Respuesta cruda: $CFG,ACK,LOGREAD,986,2026-07-21 15:18:49,SEND_OK,0,0
*** Trama sin '*CRC' reconocible. ***

=== Registro 987 (988/1001) ===

<-- Respuesta cruda: $CFG,ACK,LOGREAD,987,2026-07-21 15:18:49,SERVER_ACK,48,0
*** Trama sin '*CRC' reconocible. ***

=== Registro 988 (989/1001) ===

<-- Respuesta cruda: $CFG,BAD_CRC,LOGREAD,988,2026-07-21 15:19:04,HEARTBEAT_RECEIVED,0,0
*** Trama sin '*CRC' reconocible. ***

=== Registro 989 (990/1001) ===

<-- Respuesta cruda: $CFG,BAD_CRC,LOGREAD,989,0000-00-132 132:19:49,SEND_OK,0,0
*** Trama sin '*CRC' reconocible. ***

=== Registro 990 (991/1001) ===

<-- Respuesta cruda: $CFG,ACK,LOGREAD,990,2026-07-21 15:19:49,SERVER_ACK,48,0
*** Trama sin '*CRC' reconocible. ***

=== Registro 991 (992/1001) ===

<-- Respuesta cruda: $CFG,ACK,LOGREAD,991,2026-07-21 15:20:06,HEARTBEAT_RECEIVED,0,0
*** Trama sin '*CRC' reconocible. ***

=== Registro 992 (993/1001) ===

<-- Respuesta cruda: $CFG,ACK,LOGREAD,992,2026-07-21 15:20:49,SEND_OK,0,0
*** Trama sin '*CRC' reconocible. ***

=== Registro 993 (994/1001) ===

<-- Respuesta cruda: $CFG,ACK,LOGREAD,993,2026-07-21 15:20:49,SERVER_ACK,48,0
*** Trama sin '*CRC' reconocible. ***

=== Registro 994 (995/1001) ===

<-- Respuesta cruda: $CFG,ACK,LOGREAD,994,2026-07-21 15:21:10,HEARTBEAT_RECEIVED,0,0
*** Trama sin '*CRC' reconocible. ***

=== Registro 995 (996/1001) ===

<-- Respuesta cruda: $CFG,BAD_CRC,LOGREAD,995,2026-07-21 15:21:49,SEND_OK,1177163264,0
*** Trama sin '*CRC' reconocible. ***

=== Registro 996 (997/1001) ===

<-- Respuesta cruda: $CFG,BAD_CRC,LOGREAD,996,0000-00-211 209:21:49,SERVER_ACK,48,0
*** Trama sin '*CRC' reconocible. ***

=== Registro 997 (998/1001) ===

<-- Respuesta cruda: $CFG,ACK,LOGREAD,997,2026-07-21 15:22:40,RS232_TIMEOUT,0,0
*** Trama sin '*CRC' reconocible. ***

=== Registro 998 (999/1001) ===

<-- Respuesta cruda: $CFG,ACK,LOGREAD,998,2026-07-21 15:22:42,CID_RECEIVED,0,0
*** Trama sin '*CRC' reconocible. ***

=== Registro 999 (1000/1001) ===

<-- Respuesta cruda: $CFG,ACK,LOGREAD,999,2026-07-21 15:22:42,RS232_RESTORED,0,0
*** Trama sin '*CRC' reconocible. ***

=== Registro 1000 (1001/1001) ===

<-- Respuesta cruda: $CFG,ACK,LOGREAD,1000,2026-07-21 15:22:42,SEND_OK,0,0
*** Trama sin '*CRC' reconocible. ***

--- Fin del rango: 0 OK, 0 error(es), 0 timeout(s) de 1001 solicitados ---

==================== BKP-A7670SA - Configuración ====================
 1) Leer configuración
 2) Escribir configuración
 3) Guardar en FLASH
 4) Restaurar valores de fábrica
 5) Reiniciar STM32
 6) Reiniciar BKP-A7670SA (módem)
 7) Información del LOG
 8) Lectura del LOG
 9) Borrado del LOG
10) Salir
11) Conectar
12) Exit (volver a modo NORMAL)
13) Leer rango de registros de LOG
=======================================================================

Seleccione una opción: 
--- Lectura de rango de registros de LOG ---
Índice inicial: Índice final (>= 1000): Ingrese los 4 dígitos de password de configuración: 
Leyendo 1001 registro(s), de 1000 a 2000...

=== Registro 1000 (1/1001) ===

<-- Respuesta cruda: $CFG,ACK,LOGREAD,1000,2026-07-21 15:22:42,SEND_OK,0,0
*** Trama sin '*CRC' reconocible. ***

=== Registro 1001 (2/1001) ===

<-- Respuesta cruda: $CFG,ACK,LOGREAD,1001,2026-07-21 15:22:42,SERVER_ACK,48,0
*** Trama sin '*CRC' reconocible. ***

=== Registro 1002 (3/1001) ===

<-- Respuesta cruda: $CFG,BAD_CRC,LOGREAD,1002,2026-07-21 15:255:255,UNKNOWN,4294967295,4294967295
*** Trama sin '*CRC' reconocible. ***

=== Registro 1003 (4/1001) ===

<-- Respuesta cruda: $CFG,ACK,LOGREAD,1003,2026-07-21 15:22:52,CID_RECEIVED,0,0
*** Trama sin '*CRC' reconocible. ***

=== Registro 1004 (5/1001) ===

<-- Respuesta cruda: $CFG,ACK,LOGREAD,1004,2026-07-21 15:22:52,SEND_OK,0,0
*** Trama sin '*CRC' reconocible. ***

=== Registro 1005 (6/1001) ===

<-- Respuesta cruda: $CFG,ACK,LOGREAD,1005,2026-07-21 15:22:52,SERVER_ACK,48,0
*** Trama sin '*CRC' reconocible. ***

=== Registro 1006 (7/1001) ===

<-- Respuesta cruda: $CFG,ACK,LOGREAD,1006,2026-07-21 15:22:52,SERVER_ACK,0,0
*** Trama sin '*CRC' reconocible. ***

=== Registro 1007 (8/1001) ===

<-- Respuesta cruda: $CFG,ACK,LOGREAD,1007,2026-07-21 15:22:53,CID_RECEIVED,0,0
*** Trama sin '*CRC' reconocible. ***

=== Registro 1008 (9/1001) ===

<-- Respuesta cruda: $CFG,ACK,LOGREAD,1008,2026-07-21 15:22:53,SEND_OK,0,0
*** Trama sin '*CRC' reconocible. ***

=== Registro 1009 (10/1001) ===

<-- Respuesta cruda: $CFG,BAD_CRC,LOGREAD,1009,0000-00-45 230:22:53,SERVER_ACK,48,0
*** Trama sin '*CRC' reconocible. ***

=== Registro 1010 (11/1001) ===

<-- Respuesta cruda: $CFG,ACK,LOGREAD,1010,2026-07-21 15:22:53,SERVER_ACK,0,0
*** Trama sin '*CRC' reconocible. ***

=== Registro 1011 (12/1001) ===

<-- Respuesta cruda: $CFG,ACK,LOGREAD,1011,2026-07-21 15:22:54,CID_RECEIVED,0,0
*** Trama sin '*CRC' reconocible. ***

=== Registro 1012 (13/1001) ===

<-- Respuesta cruda: $CFG,ACK,LOGREAD,1012,2026-07-21 15:22:54,SEND_OK,0,0
*** Trama sin '*CRC' reconocible. ***

=== Registro 1013 (14/1001) ===

<-- Respuesta cruda: $CFG,ACK,LOGREAD,1013,2026-07-21 15:22:55,SERVER_ACK,48,0
*** Trama sin '*CRC' reconocible. ***

=== Registro 1014 (15/1001) ===

<-- Respuesta cruda: $CFG,ACK,LOGREAD,1014,2026-07-21 15:22:55,SERVER_ACK,0,0
*** Trama sin '*CRC' reconocible. ***

=== Registro 1015 (16/1001) ===

<-- Respuesta cruda: $CFG,BAD_CRC,LOGREAD,1015,2026-07-21 15:22:56,CID_RECEIVED,0,0
*** Trama sin '*CRC' reconocible. ***

=== Registro 1016 (17/1001) ===

<-- Respuesta cruda: $CFG,BAD_CRC,LOGREAD,1016,0000-00-20 252:22:56,SEND_OK,0,0
*** Trama sin '*CRC' reconocible. ***

=== Registro 1017 (18/1001) ===

<-- Respuesta cruda: $CFG,ACK,LOGREAD,1017,2026-07-21 15:22:56,SERVER_ACK,48,0
*** Trama sin '*CRC' reconocible. ***

=== Registro 1018 (19/1001) ===

<-- Respuesta cruda: $CFG,ACK,LOGREAD,1018,2026-07-21 15:22:56,SERVER_ACK,0,0
*** Trama sin '*CRC' reconocible. ***

=== Registro 1019 (20/1001) ===

<-- Respuesta cruda: $CFG,ACK,LOGREAD,1019,2026-07-21 15:22:57,CID_RECEIVED,0,0
*** Trama sin '*CRC' reconocible. ***

=== Registro 1020 (21/1001) ===

<-- Respuesta cruda: $CFG,ACK,LOGREAD,1020,2026-07-21 15:22:57,SEND_OK,0,0
*** Trama sin '*CRC' reconocible. ***

=== Registro 1021 (22/1001) ===

<-- Respuesta cruda: $CFG,ACK,LOGREAD,1021,2026-07-21 15:22:57,SERVER_ACK,48,0
*** Trama sin '*CRC' reconocible. ***

=== Registro 1022 (23/1001) ===

<-- Respuesta cruda: $CFG,BAD_CRC,LOGREAD,1022,2026-07-21 15:22:57,SERVER_ACK,1174411023,12288
*** Trama sin '*CRC' reconocible. ***

=== Registro 1023 (24/1001) ===

<-- Respuesta cruda: $CFG,BAD_CRC,LOGREAD,1023,0000-00-61 60:22:58,CID_RECEIVED,0,0
*** Trama sin '*CRC' reconocible. ***

=== Registro 1024 (25/1001) ===

<-- Respuesta cruda: $CFG,ACK,LOGREAD,1024,2026-07-21 15:22:58,SEND_OK,0,0
*** Trama sin '*CRC' reconocible. ***

=== Registro 1025 (26/1001) ===

<-- Respuesta cruda: $CFG,ACK,LOGREAD,1025,2026-07-21 15:22:59,SERVER_ACK,48,0
*** Trama sin '*CRC' reconocible. ***

=== Registro 1026 (27/1001) ===

<-- Respuesta cruda: $CFG,ACK,LOGREAD,1026,2026-07-21 15:22:59,SERVER_ACK,0,0
*** Trama sin '*CRC' reconocible. ***

=== Registro 1027 (28/1001) ===

<-- Respuesta cruda: $CFG,ACK,LOGREAD,1027,2026-07-21 15:22:59,CID_RECEIVED,0,0
*** Trama sin '*CRC' reconocible. ***

=== Registro 1028 (29/1001) ===

<-- Respuesta cruda: $CFG,ACK,LOGREAD,1028,2026-07-21 15:23:00,SEND_OK,0,0
*** Trama sin '*CRC' reconocible. ***

=== Registro 1029 (30/1001) ===

<-- Respuesta cruda: $CFG,BAD_CRC,LOGREAD,1029,2026-07-21 24:255:255,UNKNOWN,4294967295,4294967295
*** Trama sin '*CRC' reconocible. ***

=== Registro 1030 (31/1001) ===

<-- Respuesta cruda: $CFG,ACK,LOGREAD,1030,2026-07-21 15:23:00,SERVER_ACK,0,0
*** Trama sin '*CRC' reconocible. ***

=== Registro 1031 (32/1001) ===

<-- Respuesta cruda: $CFG,ACK,LOGREAD,1031,2026-07-21 15:23:01,CID_RECEIVED,0,0
*** Trama sin '*CRC' reconocible. ***

=== Registro 1032 (33/1001) ===

<-- Respuesta cruda: $CFG,ACK,LOGREAD,1032,2026-07-21 15:23:01,SEND_OK,0,0
*** Trama sin '*CRC' reconocible. ***

=== Registro 1033 (34/1001) ===

<-- Respuesta cruda: $CFG,ACK,LOGREAD,1033,2026-07-21 15:23:01,SERVER_ACK,48,0
*** Trama sin '*CRC' reconocible. ***

=== Registro 1034 (35/1001) ===

<-- Respuesta cruda: $CFG,ACK,LOGREAD,1034,2026-07-21 15:23:01,SERVER_ACK,0,0
*** Trama sin '*CRC' reconocible. ***

=== Registro 1035 (36/1001) ===

<-- Respuesta cruda: $CFG,BAD_CRC,LOGREAD,1035,2026-07-21 15:23:02,CID_RECEIVED,0,0
*** Trama sin '*CRC' reconocible. ***

=== Registro 1036 (37/1001) ===

<-- Respuesta cruda: $CFG,BAD_CRC,LOGREAD,1036,0000-00-166 133:23:02,SEND_OK,0,0
*** Trama sin '*CRC' reconocible. ***

=== Registro 1037 (38/1001) ===

<-- Respuesta cruda: $CFG,ACK,LOGREAD,1037,2026-07-21 15:23:02,SERVER_ACK,48,0
*** Trama sin '*CRC' reconocible. ***

=== Registro 1038 (39/1001) ===

<-- Respuesta cruda: $CFG,ACK,LOGREAD,1038,2026-07-21 15:23:02,SERVER_ACK,0,0
*** Trama sin '*CRC' reconocible. ***

=== Registro 1039 (40/1001) ===

<-- Respuesta cruda: $CFG,ACK,LOGREAD,1039,2026-07-21 15:23:48,CID_RECEIVED,0,0
*** Trama sin '*CRC' reconocible. ***

=== Registro 1040 (41/1001) ===

<-- Respuesta cruda: $CFG,ACK,LOGREAD,1040,2026-07-21 15:23:48,SEND_OK,0,0
*** Trama sin '*CRC' reconocible. ***

=== Registro 1041 (42/1001) ===

<-- Respuesta cruda: $CFG,ACK,LOGREAD,1041,2026-07-21 15:23:48,SERVER_ACK,48,0
*** Trama sin '*CRC' reconocible. ***

=== Registro 1042 (43/1001) ===

<-- Respuesta cruda: $CFG,BAD_CRC,LOGREAD,1042,2026-07-21 15:23:48,SERVER_ACK,0,0
*** Trama sin '*CRC' reconocible. ***

=== Registro 1043 (44/1001) ===

<-- Respuesta cruda: $CFG,BAD_CRC,LOGREAD,1043,0000-00-202 186:24:48,SEND_OK,0,0
*** Trama sin '*CRC' reconocible. ***

=== Registro 1044 (45/1001) ===

<-- Respuesta cruda: $CFG,ACK,LOGREAD,1044,2026-07-21 15:24:49,SERVER_ACK,48,0
*** Trama sin '*CRC' reconocible. ***

=== Registro 1045 (46/1001) ===

<-- Respuesta cruda: $CFG,ACK,LOGREAD,1045,2026-07-21 15:24:52,HEARTBEAT_RECEIVED,0,0
*** Trama sin '*CRC' reconocible. ***

=== Registro 1046 (47/1001) ===

<-- Respuesta cruda: $CFG,ACK,LOGREAD,1046,2026-07-21 15:25:40,CID_RECEIVED,0,0
*** Trama sin '*CRC' reconocible. ***

=== Registro 1047 (48/1001) ===

<-- Respuesta cruda: $CFG,ACK,LOGREAD,1047,2026-07-21 15:25:40,SEND_OK,0,0
*** Trama sin '*CRC' reconocible. ***

=== Registro 1048 (49/1001) ===

<-- Respuesta cruda: $CFG,ACK,LOGREAD,1048,2026-07-21 15:25:41,SERVER_ACK,48,0
*** Trama sin '*CRC' reconocible. ***

=== Registro 1049 (50/1001) ===

<-- Respuesta cruda: $CFG,BAD_CRC,LOGREAD,1049,2026-07-21 15:25:41,SERVER_ACK,1091378447,0
*** Trama sin '*CRC' reconocible. ***

=== Registro 1050 (51/1001) ===

<-- Respuesta cruda: $CFG,BAD_CRC,LOGREAD,1050,0000-00-217 80:27:09,RS232_TIMEOUT,0,0
*** Trama sin '*CRC' reconocible. ***

=== Registro 1051 (52/1001) ===

<-- Respuesta cruda: $CFG,ACK,LOGREAD,1051,2026-07-21 15:27:16,HEARTBEAT_RECEIVED,0,0
*** Trama sin '*CRC' reconocible. ***

=== Registro 1052 (53/1001) ===

<-- Respuesta cruda: $CFG,ACK,LOGREAD,1052,2026-07-21 15:27:16,RS232_RESTORED,0,0
*** Trama sin '*CRC' reconocible. ***

=== Registro 1053 (54/1001) ===

<-- Respuesta cruda: $CFG,ACK,LOGREAD,1053,2026-07-21 15:27:17,SEND_OK,0,0
*** Trama sin '*CRC' reconocible. ***

=== Registro 1054 (55/1001) ===

<-- Respuesta cruda: $CFG,ACK,LOGREAD,1054,2026-07-21 15:27:17,SERVER_ACK,48,0
*** Trama sin '*CRC' reconocible. ***

=== Registro 1055 (56/1001) ===

<-- Respuesta cruda: $CFG,ACK,LOGREAD,1055,2026-07-21 15:27:43,HEARTBEAT_RECEIVED,0,0
*** Trama sin '*CRC' reconocible. ***

=== Registro 1056 (57/1001) ===

<-- Respuesta cruda: $CFG,BAD_CRC,LOGREAD,1056,2026-07-128 15:255:255,UNKNOWN,4294967295,4294967295
*** Trama sin '*CRC' reconocible. ***

=== Registro 1057 (58/1001) ===

<-- Respuesta cruda: $CFG,ACK,LOGREAD,1057,2026-07-21 15:29:32,HEARTBEAT_RECEIVED,0,0
*** Trama sin '*CRC' reconocible. ***

=== Registro 1058 (59/1001) ===

<-- Respuesta cruda: $CFG,ACK,LOGREAD,1058,2026-07-21 15:29:32,RS232_RESTORED,0,0
*** Trama sin '*CRC' reconocible. ***

=== Registro 1059 (60/1001) ===

<-- Respuesta cruda: $CFG,ACK,LOGREAD,1059,2026-07-21 15:29:32,SEND_OK,0,0
*** Trama sin '*CRC' reconocible. ***

=== Registro 1060 (61/1001) ===

<-- Respuesta cruda: $CFG,ACK,LOGREAD,1060,2026-07-21 15:29:32,SERVER_ACK,48,0
*** Trama sin '*CRC' reconocible. ***

=== Registro 1061 (62/1001) ===

<-- Respuesta cruda: $CFG,ACK,LOGREAD,1061,2026-07-21 15:30:03,HEARTBEAT_RECEIVED,0,0
*** Trama sin '*CRC' reconocible. ***

=== Registro 1062 (63/1001) ===

<-- Respuesta cruda: $CFG,BAD_CRC,LOGREAD,1062,2026-07-21 15:31:33,RS232_TIMEOUT,0,0
*** Trama sin '*CRC' reconocible. ***

=== Registro 1063 (64/1001) ===

<-- Respuesta cruda: $CFG,BAD_CRC,LOGREAD,1063,0000-00-233 241:32:22,HEARTBEAT_RECEIVED,0,0
*** Trama sin '*CRC' reconocible. ***

=== Registro 1064 (65/1001) ===

<-- Respuesta cruda: $CFG,ACK,LOGREAD,1064,2026-07-21 15:32:22,HEARTBEAT_RECEIVED,0,0
*** Trama sin '*CRC' reconocible. ***

=== Registro 1065 (66/1001) ===

<-- Respuesta cruda: $CFG,ACK,LOGREAD,1065,2026-07-21 15:32:22,RS232_RESTORED,0,0
*** Trama sin '*CRC' reconocible. ***

=== Registro 1066 (67/1001) ===

<-- Respuesta cruda: $CFG,ACK,LOGREAD,1066,2026-07-21 15:32:22,SEND_OK,0,0
*** Trama sin '*CRC' reconocible. ***

=== Registro 1067 (68/1001) ===

<-- Respuesta cruda: $CFG,ACK,LOGREAD,1067,2026-07-21 15:32:23,SERVER_ACK,48,0
*** Trama sin '*CRC' reconocible. ***

=== Registro 1068 (69/1001) ===

<-- Respuesta cruda: $CFG,ACK,LOGREAD,1068,2026-07-21 15:32:53,HEARTBEAT_RECEIVED,0,0
*** Trama sin '*CRC' reconocible. ***

=== Registro 1069 (70/1001) ===

<-- Respuesta cruda: $CFG,BAD_CRC,LOGREAD,1069,2026-07-21 15:33:30,SEND_OK,905969664,0
*** Trama sin '*CRC' reconocible. ***

=== Registro 1070 (71/1001) ===

<-- Respuesta cruda: $CFG,BAD_CRC,LOGREAD,1070,0000-00-172 222:33:31,SERVER_ACK,48,0
*** Trama sin '*CRC' reconocible. ***

=== Registro 1071 (72/1001) ===

<-- Respuesta cruda: $CFG,ACK,LOGREAD,1071,2026-07-21 15:34:23,RS232_TIMEOUT,0,0
*** Trama sin '*CRC' reconocible. ***

=== Registro 1072 (73/1001) ===

<-- Respuesta cruda: $CFG,ACK,LOGREAD,1072,2026-07-21 15:38:44,SEND_OK,0,0
*** Trama sin '*CRC' reconocible. ***

=== Registro 1073 (74/1001) ===

<-- Respuesta cruda: $CFG,ACK,LOGREAD,1073,2026-07-21 15:38:44,SERVER_ACK,48,0
*** Trama sin '*CRC' reconocible. ***

=== Registro 1074 (75/1001) ===

<-- Respuesta cruda: $CFG,ACK,LOGREAD,1074,2026-07-21 15:38:47,CID_RECEIVED,0,0
*** Trama sin '*CRC' reconocible. ***

=== Registro 1075 (76/1001) ===

<-- Respuesta cruda: $CFG,ACK,LOGREAD,1075,2026-07-21 15:38:47,RS232_RESTORED,0,0
*** Trama sin '*CRC' reconocible. ***

=== Registro 1076 (77/1001) ===

<-- Respuesta cruda: $CFG,BAD_CRC,LOGREAD,1076,2026-07-21 15:38:47,SIM_PIN_REQUIRED,1127360015,0
*** Trama sin '*CRC' reconocible. ***

=== Registro 1077 (78/1001) ===

<-- Respuesta cruda: $CFG,BAD_CRC,LOGREAD,1077,0000-00-224 189:38:48,SERVER_ACK,48,0
*** Trama sin '*CRC' reconocible. ***

=== Registro 1078 (79/1001) ===

<-- Respuesta cruda: $CFG,ACK,LOGREAD,1078,2026-07-21 15:38:48,SERVER_ACK,0,0
*** Trama sin '*CRC' reconocible. ***

=== Registro 1079 (80/1001) ===

<-- Respuesta cruda: $CFG,ACK,LOGREAD,1079,2026-07-21 15:38:48,CID_RECEIVED,0,0
*** Trama sin '*CRC' reconocible. ***

=== Registro 1080 (81/1001) ===

<-- Respuesta cruda: $CFG,ACK,LOGREAD,1080,2026-07-21 15:38:49,SEND_OK,0,0
*** Trama sin '*CRC' reconocible. ***

=== Registro 1081 (82/1001) ===

<-- Respuesta cruda: $CFG,ACK,LOGREAD,1081,2026-07-21 15:38:49,SERVER_ACK,48,0
*** Trama sin '*CRC' reconocible. ***

=== Registro 1082 (83/1001) ===

<-- Respuesta cruda: $CFG,ACK,LOGREAD,1082,2026-07-21 15:38:49,SERVER_ACK,0,0
*** Trama sin '*CRC' reconocible. ***

=== Registro 1083 (84/1001) ===

<-- Respuesta cruda: $CFG,BAD_CRC,LOGREAD,1083,2026-00-184 200:255:255,UNKNOWN,4294967295,4294967295
*** Trama sin '*CRC' reconocible. ***

=== Registro 1084 (85/1001) ===

<-- Respuesta cruda: $CFG,ACK,LOGREAD,1084,2026-07-21 15:38:50,SEND_OK,0,0
*** Trama sin '*CRC' reconocible. ***

=== Registro 1085 (86/1001) ===

<-- Respuesta cruda: $CFG,ACK,LOGREAD,1085,2026-07-21 15:38:50,SERVER_ACK,48,0
*** Trama sin '*CRC' reconocible. ***

=== Registro 1086 (87/1001) ===

<-- Respuesta cruda: $CFG,ACK,LOGREAD,1086,2026-07-21 15:38:50,SERVER_ACK,0,0
*** Trama sin '*CRC' reconocible. ***

=== Registro 1087 (88/1001) ===

<-- Respuesta cruda: $CFG,ACK,LOGREAD,1087,2026-07-21 15:38:51,CID_RECEIVED,0,0
*** Trama sin '*CRC' reconocible. ***

=== Registro 1088 (89/1001) ===

<-- Respuesta cruda: $CFG,ACK,LOGREAD,1088,2026-07-21 15:38:51,SEND_OK,0,0
*** Trama sin '*CRC' reconocible. ***

=== Registro 1089 (90/1001) ===

<-- Respuesta cruda: $CFG,BAD_CRC,LOGREAD,1089,2026-07-21 15:38:52,SERVER_ACK,48,0
*** Trama sin '*CRC' reconocible. ***

=== Registro 1090 (91/1001) ===

<-- Respuesta cruda: $CFG,BAD_CRC,LOGREAD,1090,0000-00-02 19:38:52,SERVER_ACK,0,0
*** Trama sin '*CRC' reconocible. ***

=== Registro 1091 (92/1001) ===

<-- Respuesta cruda: $CFG,ACK,LOGREAD,1091,2026-07-21 15:39:52,SEND_OK,0,0
*** Trama sin '*CRC' reconocible. ***

=== Registro 1092 (93/1001) ===

<-- Respuesta cruda: $CFG,ACK,LOGREAD,1092,2026-07-21 15:39:52,SERVER_ACK,48,0
*** Trama sin '*CRC' reconocible. ***

=== Registro 1093 (94/1001) ===

<-- Respuesta cruda: $CFG,ACK,LOGREAD,1093,2026-07-21 15:39:55,HEARTBEAT_RECEIVED,0,0
*** Trama sin '*CRC' reconocible. ***

=== Registro 1094 (95/1001) ===

<-- Respuesta cruda: $CFG,ACK,LOGREAD,1094,2026-07-21 15:40:52,SEND_OK,0,0
*** Trama sin '*CRC' reconocible. ***

=== Registro 1095 (96/1001) ===

<-- Respuesta cruda: $CFG,ACK,LOGREAD,1095,2026-07-21 15:40:52,SERVER_ACK,48,0
*** Trama sin '*CRC' reconocible. ***

=== Registro 1096 (97/1001) ===

<-- Respuesta cruda: $CFG,BAD_CRC,LOGREAD,1096,2026-07-21 15:40:58,HEARTBEAT_RECEIVED,909443072,0
*** Trama sin '*CRC' reconocible. ***

=== Registro 1097 (98/1001) ===

<-- Respuesta cruda: $CFG,BAD_CRC,LOGREAD,1097,0000-00-165 156:41:52,SEND_OK,0,0
*** Trama sin '*CRC' reconocible. ***

=== Registro 1098 (99/1001) ===

<-- Respuesta cruda: $CFG,ACK,LOGREAD,1098,2026-07-21 15:41:53,SERVER_ACK,48,0
*** Trama sin '*CRC' reconocible. ***

=== Registro 1099 (100/1001) ===

<-- Respuesta cruda: $CFG,ACK,LOGREAD,1099,2026-07-21 15:42:01,HEARTBEAT_RECEIVED,0,0
*** Trama sin '*CRC' reconocible. ***

=== Registro 1100 (101/1001) ===

<-- Respuesta cruda: $CFG,ACK,LOGREAD,1100,2026-07-21 15:42:52,SEND_OK,0,0
*** Trama sin '*CRC' reconocible. ***

=== Registro 1101 (102/1001) ===

<-- Respuesta cruda: $CFG,ACK,LOGREAD,1101,2026-07-21 15:42:53,SERVER_ACK,48,0
*** Trama sin '*CRC' reconocible. ***

=== Registro 1102 (103/1001) ===

<-- Respuesta cruda: $CFG,ACK,LOGREAD,1102,2026-07-21 15:43:04,HEARTBEAT_RECEIVED,0,0
*** Trama sin '*CRC' reconocible. ***

=== Registro 1103 (104/1001) ===

<-- Respuesta cruda: $CFG,BAD_CRC,LOGREAD,1103,2026-07-21 15:43:07,SIM_PIN_REQUIRED,1177890063,12288
*** Trama sin '*CRC' reconocible. ***

=== Registro 1104 (105/1001) ===

<-- Respuesta cruda: $CFG,BAD_CRC,LOGREAD,1104,0000-00-198 14:43:53,SERVER_ACK,48,0
*** Trama sin '*CRC' reconocible. ***

=== Registro 1105 (106/1001) ===

<-- Respuesta cruda: $CFG,ACK,LOGREAD,1105,2026-07-21 15:44:07,HEARTBEAT_RECEIVED,0,0
*** Trama sin '*CRC' reconocible. ***

=== Registro 1106 (107/1001) ===

<-- Respuesta cruda: $CFG,ACK,LOGREAD,1106,2026-07-21 15:44:53,SEND_OK,0,0
*** Trama sin '*CRC' reconocible. ***

=== Registro 1107 (108/1001) ===

<-- Respuesta cruda: $CFG,ACK,LOGREAD,1107,2026-07-21 15:44:53,SERVER_ACK,48,0
*** Trama sin '*CRC' reconocible. ***

=== Registro 1108 (109/1001) ===

<-- Respuesta cruda: $CFG,ACK,LOGREAD,1108,2026-07-21 15:45:10,HEARTBEAT_RECEIVED,0,0
*** Trama sin '*CRC' reconocible. ***

=== Registro 1109 (110/1001) ===

<-- Respuesta cruda: $CFG,ACK,LOGREAD,1109,2026-07-21 15:45:53,SEND_OK,0,0
*** Trama sin '*CRC' reconocible. ***

=== Registro 1110 (111/1001) ===

<-- Respuesta cruda: $CFG,BAD_CRC,LOGREAD,1110,0234-00-214 112:255:255,UNKNOWN,4294967295,4294967295
*** Trama sin '*CRC' reconocible. ***

=== Registro 1111 (112/1001) ===

<-- Respuesta cruda: $CFG,ACK,LOGREAD,1111,2026-07-21 15:46:13,HEARTBEAT_RECEIVED,0,0
*** Trama sin '*CRC' reconocible. ***

=== Registro 1112 (113/1001) ===

<-- Respuesta cruda: $CFG,ACK,LOGREAD,1112,2026-07-21 15:46:53,SEND_OK,0,0
*** Trama sin '*CRC' reconocible. ***

=== Registro 1113 (114/1001) ===

<-- Respuesta cruda: $CFG,ACK,LOGREAD,1113,2026-07-21 15:46:54,SERVER_ACK,48,0
*** Trama sin '*CRC' reconocible. ***

=== Registro 1114 (115/1001) ===

<-- Respuesta cruda: $CFG,ACK,LOGREAD,1114,2026-07-21 15:47:16,HEARTBEAT_RECEIVED,0,0
*** Trama sin '*CRC' reconocible. ***

=== Registro 1115 (116/1001) ===

<-- Respuesta cruda: $CFG,ACK,LOGREAD,1115,2026-07-21 15:47:54,SEND_OK,0,0
*** Trama sin '*CRC' reconocible. ***

=== Registro 1116 (117/1001) ===

<-- Respuesta cruda: $CFG,BAD_CRC,LOGREAD,1116,2026-07-21 15:47:54,SERVER_ACK,48,0
*** Trama sin '*CRC' reconocible. ***

=== Registro 1117 (118/1001) ===

<-- Respuesta cruda: $CFG,BAD_CRC,LOGREAD,1117,0000-00-144 235:48:19,HEARTBEAT_RECEIVED,0,0
*** Trama sin '*CRC' reconocible. ***

=== Registro 1118 (119/1001) ===

<-- Respuesta cruda: $CFG,ACK,LOGREAD,1118,2026-07-21 15:48:54,SEND_OK,0,0
*** Trama sin '*CRC' reconocible. ***

=== Registro 1119 (120/1001) ===

<-- Respuesta cruda: $CFG,ACK,LOGREAD,1119,2026-07-21 15:48:54,SERVER_ACK,48,0
*** Trama sin '*CRC' reconocible. ***

=== Registro 1120 (121/1001) ===

<-- Respuesta cruda: $CFG,ACK,LOGREAD,1120,2026-07-21 15:49:22,HEARTBEAT_RECEIVED,0,0
*** Trama sin '*CRC' reconocible. ***

=== Registro 1121 (122/1001) ===

<-- Respuesta cruda: $CFG,ACK,LOGREAD,1121,2026-07-21 15:49:54,SEND_OK,0,0
*** Trama sin '*CRC' reconocible. ***

=== Registro 1122 (123/1001) ===

<-- Respuesta cruda: $CFG,ACK,LOGREAD,1122,2026-07-21 15:49:54,SERVER_ACK,48,0
*** Trama sin '*CRC' reconocible. ***

=== Registro 1123 (124/1001) ===

<-- Respuesta cruda: $CFG,BAD_CRC,LOGREAD,1123,2026-07-21 15:50:25,HEARTBEAT_RECEIVED,909587456,0
*** Trama sin '*CRC' reconocible. ***

=== Registro 1124 (125/1001) ===

<-- Respuesta cruda: $CFG,BAD_CRC,LOGREAD,1124,0000-00-165 24:50:54,SEND_OK,0,0
*** Trama sin '*CRC' reconocible. ***

=== Registro 1125 (126/1001) ===

<-- Respuesta cruda: $CFG,ACK,LOGREAD,1125,2026-07-21 15:50:54,SERVER_ACK,48,0
*** Trama sin '*CRC' reconocible. ***

=== Registro 1126 (127/1001) ===

<-- Respuesta cruda: $CFG,ACK,LOGREAD,1126,2026-07-21 15:51:28,HEARTBEAT_RECEIVED,0,0
*** Trama sin '*CRC' reconocible. ***

=== Registro 1127 (128/1001) ===

<-- Respuesta cruda: $CFG,ACK,LOGREAD,1127,2026-07-21 15:51:54,SEND_OK,0,0
*** Trama sin '*CRC' reconocible. ***

=== Registro 1128 (129/1001) ===

<-- Respuesta cruda: $CFG,ACK,LOGREAD,1128,2026-07-21 15:51:55,SERVER_ACK,48,0
*** Trama sin '*CRC' reconocible. ***

=== Registro 1129 (130/1001) ===

<-- Respuesta cruda: $CFG,ACK,LOGREAD,1129,2026-07-21 15:52:31,HEARTBEAT_RECEIVED,0,0
*** Trama sin '*CRC' reconocible. ***

=== Registro 1130 (131/1001) ===

<-- Respuesta cruda: $CFG,BAD_CRC,LOGREAD,1130,2026-07-21 15:255:255,UNKNOWN,4294967295,4294967295
*** Trama sin '*CRC' reconocible. ***

=== Registro 1131 (132/1001) ===

<-- Respuesta cruda: $CFG,ACK,LOGREAD,1131,2026-07-21 15:52:55,SERVER_ACK,48,0
*** Trama sin '*CRC' reconocible. ***

=== Registro 1132 (133/1001) ===

<-- Respuesta cruda: $CFG,ACK,LOGREAD,1132,2026-07-21 15:53:34,CID_RECEIVED,0,0
*** Trama sin '*CRC' reconocible. ***

=== Registro 1133 (134/1001) ===

<-- Respuesta cruda: $CFG,ACK,LOGREAD,1133,2026-07-21 15:53:34,SEND_OK,0,0
*** Trama sin '*CRC' reconocible. ***

=== Registro 1134 (135/1001) ===

<-- Respuesta cruda: $CFG,ACK,LOGREAD,1134,2026-07-21 15:53:35,SERVER_ACK,48,0
*** Trama sin '*CRC' reconocible. ***

=== Registro 1135 (136/1001) ===

<-- Respuesta cruda: $CFG,ACK,LOGREAD,1135,2026-07-21 15:53:35,SERVER_ACK,0,0
*** Trama sin '*CRC' reconocible. ***

=== Registro 1136 (137/1001) ===

<-- Respuesta cruda: $CFG,ACK,LOGREAD,1136,2026-07-21 15:54:35,SEND_OK,0,0
*** Trama sin '*CRC' reconocible. ***

=== Registro 1137 (138/1001) ===

<-- Respuesta cruda: $CFG,BAD_CRC,LOGREAD,1137,0000-00-17 138:54:35,SERVER_ACK,48,0
*** Trama sin '*CRC' reconocible. ***

=== Registro 1138 (139/1001) ===

<-- Respuesta cruda: $CFG,ACK,LOGREAD,1138,2026-07-21 15:54:38,HEARTBEAT_RECEIVED,0,0
*** Trama sin '*CRC' reconocible. ***

=== Registro 1139 (140/1001) ===

<-- Respuesta cruda: $CFG,ACK,LOGREAD,1139,2026-07-21 15:56:04,HEARTBEAT_RECEIVED,0,0
*** Trama sin '*CRC' reconocible. ***

=== Registro 1140 (141/1001) ===

<-- Respuesta cruda: $CFG,ACK,LOGREAD,1140,2026-07-21 15:56:04,SEND_OK,0,0
*** Trama sin '*CRC' reconocible. ***

=== Registro 1141 (142/1001) ===

<-- Respuesta cruda: $CFG,ACK,LOGREAD,1141,2026-07-21 15:56:04,SERVER_ACK,48,0
*** Trama sin '*CRC' reconocible. ***

=== Registro 1142 (143/1001) ===

<-- Respuesta cruda: $CFG,ACK,LOGREAD,1142,2026-07-21 15:56:48,HEARTBEAT_RECEIVED,0,0
*** Trama sin '*CRC' reconocible. ***

=== Registro 1143 (144/1001) ===

<-- Respuesta cruda: $CFG,BAD_CRC,LOGREAD,1143,2026-07-21 15:57:04,SEND_OK,0,12288
*** Trama sin '*CRC' reconocible. ***

=== Registro 1144 (145/1001) ===

<-- Respuesta cruda: $CFG,BAD_CRC,LOGREAD,1144,0000-00-239 205:57:04,SERVER_ACK,48,0
*** Trama sin '*CRC' reconocible. ***

=== Registro 1145 (146/1001) ===

<-- Respuesta cruda: $CFG,ACK,LOGREAD,1145,2026-07-21 15:57:51,HEARTBEAT_RECEIVED,0,0
*** Trama sin '*CRC' reconocible. ***

=== Registro 1146 (147/1001) ===

<-- Respuesta cruda: $CFG,ACK,LOGREAD,1146,2026-07-21 15:58:04,SEND_OK,0,0
*** Trama sin '*CRC' reconocible. ***

=== Registro 1147 (148/1001) ===

<-- Respuesta cruda: $CFG,ACK,LOGREAD,1147,2026-07-21 15:58:05,SERVER_ACK,48,0
*** Trama sin '*CRC' reconocible. ***

=== Registro 1148 (149/1001) ===

<-- Respuesta cruda: $CFG,ACK,LOGREAD,1148,2026-07-21 15:58:54,HEARTBEAT_RECEIVED,0,0
*** Trama sin '*CRC' reconocible. ***

=== Registro 1149 (150/1001) ===

<-- Respuesta cruda: $CFG,ACK,LOGREAD,1149,2026-07-21 15:59:04,SEND_OK,0,0
*** Trama sin '*CRC' reconocible. ***

=== Registro 1150 (151/1001) ===

<-- Respuesta cruda: $CFG,BAD_CRC,LOGREAD,1150,2026-07-21 15:59:05,SERVER_ACK,1141047824,0
*** Trama sin '*CRC' reconocible. ***

=== Registro 1151 (152/1001) ===

<-- Respuesta cruda: $CFG,BAD_CRC,LOGREAD,1151,0000-00-134 50:59:57,HEARTBEAT_RECEIVED,0,0
*** Trama sin '*CRC' reconocible. ***

=== Registro 1152 (153/1001) ===

<-- Respuesta cruda: $CFG,ACK,LOGREAD,1152,2026-07-21 16:00:05,SEND_OK,0,0
*** Trama sin '*CRC' reconocible. ***

=== Registro 1153 (154/1001) ===

<-- Respuesta cruda: $CFG,ACK,LOGREAD,1153,2026-07-21 16:00:05,SERVER_ACK,48,0
*** Trama sin '*CRC' reconocible. ***

=== Registro 1154 (155/1001) ===

<-- Respuesta cruda: $CFG,ACK,LOGREAD,1154,2026-07-21 16:01:00,HEARTBEAT_RECEIVED,0,0
*** Trama sin '*CRC' reconocible. ***

=== Registro 1155 (156/1001) ===

<-- Respuesta cruda: $CFG,ACK,LOGREAD,1155,2026-07-21 16:01:05,SEND_OK,0,0
*** Trama sin '*CRC' reconocible. ***

=== Registro 1156 (157/1001) ===

<-- Respuesta cruda: $CFG,ACK,LOGREAD,1156,2026-07-21 16:01:05,SERVER_ACK,48,0
*** Trama sin '*CRC' reconocible. ***

=== Registro 1157 (158/1001) ===

<-- Respuesta cruda: $CFG,BAD_CRC,LOGREAD,1157,2026-07-21 177:255:255,UNKNOWN,4294967295,4294967295
*** Trama sin '*CRC' reconocible. ***

=== Registro 1158 (159/1001) ===

<-- Respuesta cruda: $CFG,ACK,LOGREAD,1158,2026-07-21 16:02:05,SEND_OK,0,0
*** Trama sin '*CRC' reconocible. ***

=== Registro 1159 (160/1001) ===

<-- Respuesta cruda: $CFG,ACK,LOGREAD,1159,2026-07-21 16:02:05,SERVER_ACK,48,0
*** Trama sin '*CRC' reconocible. ***

=== Registro 1160 (161/1001) ===

<-- Respuesta cruda: $CFG,ACK,LOGREAD,1160,2026-07-21 16:03:05,SEND_OK,0,0
*** Trama sin '*CRC' reconocible. ***

=== Registro 1161 (162/1001) ===

<-- Respuesta cruda: $CFG,ACK,LOGREAD,1161,2026-07-21 16:03:06,SERVER_ACK,48,0
*** Trama sin '*CRC' reconocible. ***

=== Registro 1162 (163/1001) ===

<-- Respuesta cruda: $CFG,ACK,LOGREAD,1162,2026-07-21 16:03:06,HEARTBEAT_RECEIVED,0,0
*** Trama sin '*CRC' reconocible. ***

=== Registro 1163 (164/1001) ===

<-- Respuesta cruda: $CFG,BAD_CRC,LOGREAD,1163,2026-07-21 16:04:06,SEND_OK,0,0
*** Trama sin '*CRC' reconocible. ***

=== Registro 1164 (165/1001) ===

<-- Respuesta cruda: $CFG,BAD_CRC,LOGREAD,1164,0000-00-10 46:04:06,SERVER_ACK,48,0
*** Trama sin '*CRC' reconocible. ***

=== Registro 1165 (166/1001) ===

<-- Respuesta cruda: $CFG,ACK,LOGREAD,1165,2026-07-21 16:04:09,HEARTBEAT_RECEIVED,0,0
*** Trama sin '*CRC' reconocible. ***

=== Registro 1166 (167/1001) ===

<-- Respuesta cruda: $CFG,ACK,LOGREAD,1166,2026-07-21 16:05:06,SEND_OK,0,0
*** Trama sin '*CRC' reconocible. ***

=== Registro 1167 (168/1001) ===

<-- Respuesta cruda: $CFG,ACK,LOGREAD,1167,2026-07-21 16:05:06,SERVER_ACK,48,0
*** Trama sin '*CRC' reconocible. ***

=== Registro 1168 (169/1001) ===

<-- Respuesta cruda: $CFG,ACK,LOGREAD,1168,2026-07-21 16:05:12,HEARTBEAT_RECEIVED,0,0
*** Trama sin '*CRC' reconocible. ***

=== Registro 1169 (170/1001) ===

<-- Respuesta cruda: $CFG,ACK,LOGREAD,1169,2026-07-21 16:06:06,SEND_OK,0,0
*** Trama sin '*CRC' reconocible. ***

=== Registro 1170 (171/1001) ===

<-- Respuesta cruda: $CFG,BAD_CRC,LOGREAD,1170,2026-07-21 16:06:06,SERVER_ACK,48,0
*** Trama sin '*CRC' reconocible. ***

=== Registro 1171 (172/1001) ===

<-- Respuesta cruda: $CFG,BAD_CRC,LOGREAD,1171,0000-00-247 243:06:15,HEARTBEAT_RECEIVED,0,0
*** Trama sin '*CRC' reconocible. ***

=== Registro 1172 (173/1001) ===

<-- Respuesta cruda: $CFG,ACK,LOGREAD,1172,2026-07-21 16:07:06,SEND_OK,0,0
*** Trama sin '*CRC' reconocible. ***

=== Registro 1173 (174/1001) ===

<-- Respuesta cruda: $CFG,ACK,LOGREAD,1173,2026-07-21 16:07:07,SERVER_ACK,48,0
*** Trama sin '*CRC' reconocible. ***

=== Registro 1174 (175/1001) ===

<-- Respuesta cruda: $CFG,ACK,LOGREAD,1174,2026-07-21 16:07:18,HEARTBEAT_RECEIVED,0,0
*** Trama sin '*CRC' reconocible. ***

=== Registro 1175 (176/1001) ===

<-- Respuesta cruda: $CFG,ACK,LOGREAD,1175,2026-07-21 16:08:06,SEND_OK,0,0
*** Trama sin '*CRC' reconocible. ***

=== Registro 1176 (177/1001) ===

<-- Respuesta cruda: $CFG,ACK,LOGREAD,1176,2026-07-21 16:08:07,SERVER_ACK,48,0
*** Trama sin '*CRC' reconocible. ***

=== Registro 1177 (178/1001) ===

<-- Respuesta cruda: $CFG,BAD_CRC,LOGREAD,1177,2026-07-21 16:08:22,HEARTBEAT_RECEIVED,906431248,0
*** Trama sin '*CRC' reconocible. ***

=== Registro 1178 (179/1001) ===

<-- Respuesta cruda: $CFG,BAD_CRC,LOGREAD,1178,0000-00-23 122:09:07,SEND_OK,0,0
*** Trama sin '*CRC' reconocible. ***

=== Registro 1179 (180/1001) ===

<-- Respuesta cruda: $CFG,ACK,LOGREAD,1179,2026-07-21 16:09:07,SERVER_ACK,48,0
*** Trama sin '*CRC' reconocible. ***

=== Registro 1180 (181/1001) ===

<-- Respuesta cruda: $CFG,ACK,LOGREAD,1180,2026-07-21 16:09:24,HEARTBEAT_RECEIVED,0,0
*** Trama sin '*CRC' reconocible. ***

=== Registro 1181 (182/1001) ===

<-- Respuesta cruda: $CFG,ACK,LOGREAD,1181,2026-07-21 16:10:07,SEND_OK,0,0
*** Trama sin '*CRC' reconocible. ***

=== Registro 1182 (183/1001) ===

<-- Respuesta cruda: $CFG,ACK,LOGREAD,1182,2026-07-21 16:10:07,SERVER_ACK,48,0
*** Trama sin '*CRC' reconocible. ***

=== Registro 1183 (184/1001) ===

<-- Respuesta cruda: $CFG,ACK,LOGREAD,1183,2026-07-21 16:10:27,HEARTBEAT_RECEIVED,0,0
*** Trama sin '*CRC' reconocible. ***

=== Registro 1184 (185/1001) ===

<-- Respuesta cruda: $CFG,BAD_CRC,LOGREAD,1184,2026-07-41 113:255:255,UNKNOWN,4294967295,4294967295
*** Trama sin '*CRC' reconocible. ***

=== Registro 1185 (186/1001) ===

<-- Respuesta cruda: $CFG,ACK,LOGREAD,1185,2026-07-21 16:11:07,SERVER_ACK,48,0
*** Trama sin '*CRC' reconocible. ***

=== Registro 1186 (187/1001) ===

<-- Respuesta cruda: $CFG,ACK,LOGREAD,1186,2026-07-21 16:11:31,HEARTBEAT_RECEIVED,0,0
*** Trama sin '*CRC' reconocible. ***

=== Registro 1187 (188/1001) ===

<-- Respuesta cruda: $CFG,ACK,LOGREAD,1187,2026-07-21 16:12:07,SEND_OK,0,0
*** Trama sin '*CRC' reconocible. ***

=== Registro 1188 (189/1001) ===

<-- Respuesta cruda: $CFG,ACK,LOGREAD,1188,2026-07-21 16:12:08,SERVER_ACK,48,0
*** Trama sin '*CRC' reconocible. ***

=== Registro 1189 (190/1001) ===

<-- Respuesta cruda: $CFG,ACK,LOGREAD,1189,2026-07-21 16:12:34,HEARTBEAT_RECEIVED,0,0
*** Trama sin '*CRC' reconocible. ***

=== Registro 1190 (191/1001) ===

<-- Respuesta cruda: $CFG,BAD_CRC,LOGREAD,1190,2026-07-21 16:13:07,SEND_OK,0,0
*** Trama sin '*CRC' reconocible. ***

=== Registro 1191 (192/1001) ===

<-- Respuesta cruda: $CFG,BAD_CRC,LOGREAD,1191,0000-00-173 101:13:08,SERVER_ACK,48,0
*** Trama sin '*CRC' reconocible. ***

=== Registro 1192 (193/1001) ===

<-- Respuesta cruda: $CFG,ACK,LOGREAD,1192,2026-07-21 16:13:37,HEARTBEAT_RECEIVED,0,0
*** Trama sin '*CRC' reconocible. ***

=== Registro 1193 (194/1001) ===

<-- Respuesta cruda: $CFG,ACK,LOGREAD,1193,2026-07-21 16:14:08,SEND_OK,0,0
*** Trama sin '*CRC' reconocible. ***

=== Registro 1194 (195/1001) ===

<-- Respuesta cruda: $CFG,ACK,LOGREAD,1194,2026-07-21 16:14:08,SERVER_ACK,48,0
*** Trama sin '*CRC' reconocible. ***

=== Registro 1195 (196/1001) ===

<-- Respuesta cruda: $CFG,ACK,LOGREAD,1195,2026-07-21 16:14:40,HEARTBEAT_RECEIVED,0,0
*** Trama sin '*CRC' reconocible. ***

=== Registro 1196 (197/1001) ===

<-- Respuesta cruda: $CFG,ACK,LOGREAD,1196,2026-07-21 16:15:08,SEND_OK,0,0
*** Trama sin '*CRC' reconocible. ***

=== Registro 1197 (198/1001) ===

<-- Respuesta cruda: $CFG,BAD_CRC,LOGREAD,1197,2026-07-21 16:15:08,SERVER_ACK,1140850736,0
*** Trama sin '*CRC' reconocible. ***

=== Registro 1198 (199/1001) ===

<-- Respuesta cruda: $CFG,BAD_CRC,LOGREAD,1198,0000-00-189 95:15:43,HEARTBEAT_RECEIVED,0,0
*** Trama sin '*CRC' reconocible. ***

=== Registro 1199 (200/1001) ===

<-- Respuesta cruda: $CFG,ACK,LOGREAD,1199,2026-07-21 16:16:08,SEND_OK,0,0
*** Trama sin '*CRC' reconocible. ***

=== Registro 1200 (201/1001) ===

<-- Respuesta cruda: $CFG,ACK,LOGREAD,1200,2026-07-21 16:16:08,SERVER_ACK,48,0
*** Trama sin '*CRC' reconocible. ***

=== Registro 1201 (202/1001) ===

<-- Respuesta cruda: $CFG,ACK,LOGREAD,1201,2026-07-21 16:16:46,HEARTBEAT_RECEIVED,0,0
*** Trama sin '*CRC' reconocible. ***

=== Registro 1202 (203/1001) ===

<-- Respuesta cruda: $CFG,ACK,LOGREAD,1202,2026-07-21 16:17:08,SEND_OK,0,0
*** Trama sin '*CRC' reconocible. ***

=== Registro 1203 (204/1001) ===

<-- Respuesta cruda: $CFG,ACK,LOGREAD,1203,2026-07-21 16:17:09,SERVER_ACK,48,0
*** Trama sin '*CRC' reconocible. ***

=== Registro 1204 (205/1001) ===

<-- Respuesta cruda: $CFG,BAD_CRC,LOGREAD,1204,2026-07-21 16:17:49,SIM_PIN_REQUIRED,906564624,0
*** Trama sin '*CRC' reconocible. ***

=== Registro 1205 (206/1001) ===

<-- Respuesta cruda: $CFG,BAD_CRC,LOGREAD,1205,0000-00-222 13:18:09,SEND_OK,0,0
*** Trama sin '*CRC' reconocible. ***

=== Registro 1206 (207/1001) ===

<-- Respuesta cruda: $CFG,ACK,LOGREAD,1206,2026-07-21 16:18:09,SERVER_ACK,48,0
*** Trama sin '*CRC' reconocible. ***

=== Registro 1207 (208/1001) ===

<-- Respuesta cruda: $CFG,ACK,LOGREAD,1207,2026-07-21 16:18:52,HEARTBEAT_RECEIVED,0,0
*** Trama sin '*CRC' reconocible. ***

=== Registro 1208 (209/1001) ===

<-- Respuesta cruda: $CFG,ACK,LOGREAD,1208,2026-07-21 16:19:09,SEND_OK,0,0
*** Trama sin '*CRC' reconocible. ***

=== Registro 1209 (210/1001) ===

<-- Respuesta cruda: $CFG,ACK,LOGREAD,1209,2026-07-21 16:19:09,SERVER_ACK,48,0
*** Trama sin '*CRC' reconocible. ***

=== Registro 1210 (211/1001) ===

<-- Respuesta cruda: $CFG,ACK,LOGREAD,1210,2026-07-21 16:19:55,HEARTBEAT_RECEIVED,0,0
*** Trama sin '*CRC' reconocible. ***

=== Registro 1211 (212/1001) ===

<-- Respuesta cruda: $CFG,BAD_CRC,LOGREAD,1211,2026-00-52 11:255:255,UNKNOWN,4294967295,4294967295
*** Trama sin '*CRC' reconocible. ***

=== Registro 1212 (213/1001) ===

<-- Respuesta cruda: $CFG,ACK,LOGREAD,1212,2026-07-21 16:20:09,SERVER_ACK,48,0
*** Trama sin '*CRC' reconocible. ***

=== Registro 1213 (214/1001) ===

<-- Respuesta cruda: $CFG,ACK,LOGREAD,1213,2026-07-21 16:20:58,HEARTBEAT_RECEIVED,0,0
*** Trama sin '*CRC' reconocible. ***

=== Registro 1214 (215/1001) ===

<-- Respuesta cruda: $CFG,ACK,LOGREAD,1214,2026-07-21 16:21:09,SEND_OK,0,0
*** Trama sin '*CRC' reconocible. ***

=== Registro 1215 (216/1001) ===

<-- Respuesta cruda: $CFG,ACK,LOGREAD,1215,2026-07-21 16:21:10,SERVER_ACK,48,0
*** Trama sin '*CRC' reconocible. ***

=== Registro 1216 (217/1001) ===

<-- Respuesta cruda: $CFG,ACK,LOGREAD,1216,2026-07-21 16:22:01,HEARTBEAT_RECEIVED,0,0
*** Trama sin '*CRC' reconocible. ***

=== Registro 1217 (218/1001) ===

<-- Respuesta cruda: $CFG,BAD_CRC,LOGREAD,1217,2026-07-21 16:22:09,SEND_OK,0,0
*** Trama sin '*CRC' reconocible. ***

=== Registro 1218 (219/1001) ===

<-- Respuesta cruda: $CFG,BAD_CRC,LOGREAD,1218,0000-00-106 102:22:10,SERVER_ACK,48,0
*** Trama sin '*CRC' reconocible. ***

=== Registro 1219 (220/1001) ===

<-- Respuesta cruda: $CFG,ACK,LOGREAD,1219,2026-07-21 16:23:04,HEARTBEAT_RECEIVED,0,0
*** Trama sin '*CRC' reconocible. ***

=== Registro 1220 (221/1001) ===

<-- Respuesta cruda: $CFG,ACK,LOGREAD,1220,2026-07-21 16:23:10,SEND_OK,0,0
*** Trama sin '*CRC' reconocible. ***

=== Registro 1221 (222/1001) ===

<-- Respuesta cruda: $CFG,ACK,LOGREAD,1221,2026-07-21 16:23:10,SERVER_ACK,48,0
*** Trama sin '*CRC' reconocible. ***

=== Registro 1222 (223/1001) ===

<-- Respuesta cruda: $CFG,ACK,LOGREAD,1222,2026-07-21 16:24:07,HEARTBEAT_RECEIVED,0,0
*** Trama sin '*CRC' reconocible. ***

=== Registro 1223 (224/1001) ===

<-- Respuesta cruda: $CFG,ACK,LOGREAD,1223,2026-07-21 16:25:20,HEARTBEAT_RECEIVED,0,0
*** Trama sin '*CRC' reconocible. ***

=== Registro 1224 (225/1001) ===

<-- Respuesta cruda: $CFG,BAD_CRC,LOGREAD,1224,2026-07-21 16:25:20,SEND_OK,1174470656,12288
*** Trama sin '*CRC' reconocible. ***

=== Registro 1225 (226/1001) ===

<-- Respuesta cruda: $CFG,BAD_CRC,LOGREAD,1225,0000-00-165 45:25:20,SERVER_ACK,48,0
*** Trama sin '*CRC' reconocible. ***

=== Registro 1226 (227/1001) ===

<-- Respuesta cruda: $CFG,ACK,LOGREAD,1226,2026-07-21 16:26:09,HEARTBEAT_RECEIVED,0,0
*** Trama sin '*CRC' reconocible. ***

=== Registro 1227 (228/1001) ===

<-- Respuesta cruda: $CFG,ACK,LOGREAD,1227,2026-07-21 16:26:19,SEND_OK,0,0
*** Trama sin '*CRC' reconocible. ***

=== Registro 1228 (229/1001) ===

<-- Respuesta cruda: $CFG,ACK,LOGREAD,1228,2026-07-21 16:26:20,SERVER_ACK,48,0
*** Trama sin '*CRC' reconocible. ***

=== Registro 1229 (230/1001) ===

<-- Respuesta cruda: $CFG,ACK,LOGREAD,1229,2026-07-21 16:27:14,HEARTBEAT_RECEIVED,0,0
*** Trama sin '*CRC' reconocible. ***

=== Registro 1230 (231/1001) ===

<-- Respuesta cruda: $CFG,ACK,LOGREAD,1230,2026-07-21 16:28:00,SEND_OK,0,0
*** Trama sin '*CRC' reconocible. ***

=== Registro 1231 (232/1001) ===

<-- Respuesta cruda: $CFG,BAD_CRC,LOGREAD,1231,2026-07-21 16:28:07,SIM_PIN_REQUIRED,1142365712,0
*** Trama sin '*CRC' reconocible. ***

=== Registro 1232 (233/1001) ===

<-- Respuesta cruda: $CFG,BAD_CRC,LOGREAD,1232,0000-00-208 23:28:17,HEARTBEAT_RECEIVED,0,0
*** Trama sin '*CRC' reconocible. ***

=== Registro 1233 (234/1001) ===

<-- Respuesta cruda: $CFG,ACK,LOGREAD,1233,2026-07-21 16:29:01,SEND_OK,0,0
*** Trama sin '*CRC' reconocible. ***

=== Registro 1234 (235/1001) ===

<-- Respuesta cruda: $CFG,ACK,LOGREAD,1234,2026-07-21 16:29:01,SERVER_ACK,48,0
*** Trama sin '*CRC' reconocible. ***

=== Registro 1235 (236/1001) ===

<-- Respuesta cruda: $CFG,ACK,LOGREAD,1235,2026-07-21 16:29:20,HEARTBEAT_RECEIVED,0,0
*** Trama sin '*CRC' reconocible. ***

=== Registro 1236 (237/1001) ===

<-- Respuesta cruda: $CFG,ACK,LOGREAD,1236,2026-07-21 16:30:01,SEND_OK,0,0
*** Trama sin '*CRC' reconocible. ***

=== Registro 1237 (238/1001) ===

<-- Respuesta cruda: $CFG,ACK,LOGREAD,1237,2026-07-21 16:30:01,SERVER_ACK,48,0
*** Trama sin '*CRC' reconocible. ***

=== Registro 1238 (239/1001) ===

<-- Respuesta cruda: $CFG,BAD_CRC,LOGREAD,1238,0234-00-139 92:255:255,UNKNOWN,4294967295,4294967295
*** Trama sin '*CRC' reconocible. ***

=== Registro 1239 (240/1001) ===

<-- Respuesta cruda: $CFG,ACK,LOGREAD,1239,2026-07-21 16:31:01,SEND_OK,0,0
*** Trama sin '*CRC' reconocible. ***

=== Registro 1240 (241/1001) ===

<-- Respuesta cruda: $CFG,ACK,LOGREAD,1240,2026-07-21 16:31:01,SERVER_ACK,48,0
*** Trama sin '*CRC' reconocible. ***

=== Registro 1241 (242/1001) ===

<-- Respuesta cruda: $CFG,ACK,LOGREAD,1241,2026-07-21 16:31:26,HEARTBEAT_RECEIVED,0,0
*** Trama sin '*CRC' reconocible. ***

=== Registro 1242 (243/1001) ===

<-- Respuesta cruda: $CFG,ACK,LOGREAD,1242,2026-07-21 16:32:01,SEND_OK,0,0
*** Trama sin '*CRC' reconocible. ***

=== Registro 1243 (244/1001) ===

<-- Respuesta cruda: $CFG,ACK,LOGREAD,1243,2026-07-21 16:32:02,SERVER_ACK,48,0
*** Trama sin '*CRC' reconocible. ***

=== Registro 1244 (245/1001) ===

<-- Respuesta cruda: $CFG,BAD_CRC,LOGREAD,1244,2026-07-21 16:32:29,HEARTBEAT_RECEIVED,0,0
*** Trama sin '*CRC' reconocible. ***

=== Registro 1245 (246/1001) ===

<-- Respuesta cruda: $CFG,BAD_CRC,LOGREAD,1245,0000-00-17 134:33:02,SEND_OK,0,0
*** Trama sin '*CRC' reconocible. ***

=== Registro 1246 (247/1001) ===

<-- Respuesta cruda: $CFG,ACK,LOGREAD,1246,2026-07-21 16:33:02,SERVER_ACK,48,0
*** Trama sin '*CRC' reconocible. ***

=== Registro 1247 (248/1001) ===

<-- Respuesta cruda: $CFG,ACK,LOGREAD,1247,2026-07-21 16:33:32,HEARTBEAT_RECEIVED,0,0
*** Trama sin '*CRC' reconocible. ***

=== Registro 1248 (249/1001) ===

<-- Respuesta cruda: $CFG,ACK,LOGREAD,1248,2026-07-21 16:34:02,SEND_OK,0,0
*** Trama sin '*CRC' reconocible. ***

=== Registro 1249 (250/1001) ===

<-- Respuesta cruda: $CFG,ACK,LOGREAD,1249,2026-07-21 16:34:02,SERVER_ACK,48,0
*** Trama sin '*CRC' reconocible. ***

=== Registro 1250 (251/1001) ===

<-- Respuesta cruda: $CFG,ACK,LOGREAD,1250,2026-07-21 16:34:35,HEARTBEAT_RECEIVED,0,0
*** Trama sin '*CRC' reconocible. ***

=== Registro 1251 (252/1001) ===

<-- Respuesta cruda: $CFG,BAD_CRC,LOGREAD,1251,2026-07-21 16:35:02,SEND_OK,1174611200,12288
*** Trama sin '*CRC' reconocible. ***

=== Registro 1252 (253/1001) ===

<-- Respuesta cruda: $CFG,BAD_CRC,LOGREAD,1252,0000-00-59 204:35:02,SERVER_ACK,48,0
*** Trama sin '*CRC' reconocible. ***

=== Registro 1253 (254/1001) ===

<-- Respuesta cruda: $CFG,ACK,LOGREAD,1253,2026-07-21 16:35:38,HEARTBEAT_RECEIVED,0,0
*** Trama sin '*CRC' reconocible. ***

=== Registro 1254 (255/1001) ===

<-- Respuesta cruda: $CFG,ACK,LOGREAD,1254,2026-07-21 16:36:02,SEND_OK,0,0
*** Trama sin '*CRC' reconocible. ***

=== Registro 1255 (256/1001) ===

<-- Respuesta cruda: $CFG,ACK,LOGREAD,1255,2026-07-21 16:36:03,SERVER_ACK,48,0
*** Trama sin '*CRC' reconocible. ***

=== Registro 1256 (257/1001) ===

<-- Respuesta cruda: $CFG,ACK,LOGREAD,1256,2026-07-21 16:36:41,HEARTBEAT_RECEIVED,0,0
*** Trama sin '*CRC' reconocible. ***

=== Registro 1257 (258/1001) ===

<-- Respuesta cruda: $CFG,ACK,LOGREAD,1257,2026-07-21 16:37:02,SEND_OK,0,0
*** Trama sin '*CRC' reconocible. ***

=== Registro 1258 (259/1001) ===

<-- Respuesta cruda: $CFG,BAD_CRC,LOGREAD,1258,2026-07-21 16:255:255,UNKNOWN,4294967295,4294967295
*** Trama sin '*CRC' reconocible. ***

=== Registro 1259 (260/1001) ===

<-- Respuesta cruda: $CFG,ACK,LOGREAD,1259,2026-07-21 16:37:44,HEARTBEAT_RECEIVED,0,0
*** Trama sin '*CRC' reconocible. ***

=== Registro 1260 (261/1001) ===

<-- Respuesta cruda: $CFG,ACK,LOGREAD,1260,2026-07-21 16:38:03,SEND_OK,0,0
*** Trama sin '*CRC' reconocible. ***

=== Registro 1261 (262/1001) ===

<-- Respuesta cruda: $CFG,ACK,LOGREAD,1261,2026-07-21 16:38:03,SERVER_ACK,48,0
*** Trama sin '*CRC' reconocible. ***

=== Registro 1262 (263/1001) ===

<-- Respuesta cruda: $CFG,ACK,LOGREAD,1262,2026-07-21 16:38:47,HEARTBEAT_RECEIVED,0,0
*** Trama sin '*CRC' reconocible. ***

=== Registro 1263 (264/1001) ===

<-- Respuesta cruda: $CFG,ACK,LOGREAD,1263,2026-07-21 16:39:03,SEND_OK,0,0
*** Trama sin '*CRC' reconocible. ***

=== Registro 1264 (265/1001) ===

<-- Respuesta cruda: $CFG,ACK,LOGREAD,1264,2026-07-21 16:39:03,SERVER_ACK,48,0
*** Trama sin '*CRC' reconocible. ***

=== Registro 1265 (266/1001) ===

<-- Respuesta cruda: $CFG,BAD_CRC,LOGREAD,1265,0000-00-34 103:39:50,HEARTBEAT_RECEIVED,0,0
*** Trama sin '*CRC' reconocible. ***

=== Registro 1266 (267/1001) ===

<-- Respuesta cruda: $CFG,ACK,LOGREAD,1266,2026-07-21 16:40:03,SEND_OK,0,0
*** Trama sin '*CRC' reconocible. ***

=== Registro 1267 (268/1001) ===

<-- Respuesta cruda: $CFG,ACK,LOGREAD,1267,2026-07-21 16:40:03,SERVER_ACK,48,0
*** Trama sin '*CRC' reconocible. ***

=== Registro 1268 (269/1001) ===

<-- Respuesta cruda: $CFG,ACK,LOGREAD,1268,2026-07-21 16:40:53,HEARTBEAT_RECEIVED,0,0
*** Trama sin '*CRC' reconocible. ***

=== Registro 1269 (270/1001) ===

<-- Respuesta cruda: $CFG,ACK,LOGREAD,1269,2026-07-21 16:41:03,SEND_OK,0,0
*** Trama sin '*CRC' reconocible. ***

=== Registro 1270 (271/1001) ===

<-- Respuesta cruda: $CFG,ACK,LOGREAD,1270,2026-07-21 16:41:04,SERVER_ACK,48,0
*** Trama sin '*CRC' reconocible. ***

=== Registro 1271 (272/1001) ===

<-- Respuesta cruda: $CFG,BAD_CRC,LOGREAD,1271,2026-07-21 16:41:56,HEARTBEAT_RECEIVED,0,0
*** Trama sin '*CRC' reconocible. ***

=== Registro 1272 (273/1001) ===

<-- Respuesta cruda: $CFG,BAD_CRC,LOGREAD,1272,0000-00-06 100:42:03,SEND_OK,0,0
*** Trama sin '*CRC' reconocible. ***

=== Registro 1273 (274/1001) ===

<-- Respuesta cruda: $CFG,ACK,LOGREAD,1273,2026-07-21 16:42:04,SERVER_ACK,48,0
*** Trama sin '*CRC' reconocible. ***

=== Registro 1274 (275/1001) ===

<-- Respuesta cruda: $CFG,ACK,LOGREAD,1274,2026-07-21 16:42:59,HEARTBEAT_RECEIVED,0,0
*** Trama sin '*CRC' reconocible. ***

=== Registro 1275 (276/1001) ===

<-- Respuesta cruda: $CFG,ACK,LOGREAD,1275,2026-07-21 16:43:04,SEND_OK,0,0
*** Trama sin '*CRC' reconocible. ***

=== Registro 1276 (277/1001) ===

<-- Respuesta cruda: $CFG,ACK,LOGREAD,1276,2026-07-21 16:43:04,SERVER_ACK,48,0
*** Trama sin '*CRC' reconocible. ***

=== Registro 1277 (278/1001) ===

<-- Respuesta cruda: $CFG,ACK,LOGREAD,1277,2026-07-21 16:44:02,HEARTBEAT_RECEIVED,0,0
*** Trama sin '*CRC' reconocible. ***

=== Registro 1278 (279/1001) ===

<-- Respuesta cruda: $CFG,BAD_CRC,LOGREAD,1278,2026-07-21 16:44:04,SEND_OK,1141714448,0
*** Trama sin '*CRC' reconocible. ***

=== Registro 1279 (280/1001) ===

<-- Respuesta cruda: $CFG,BAD_CRC,LOGREAD,1279,0000-00-32 25:44:04,SERVER_ACK,48,0
*** Trama sin '*CRC' reconocible. ***

=== Registro 1280 (281/1001) ===

<-- Respuesta cruda: $CFG,ACK,LOGREAD,1280,2026-07-21 16:45:11,HEARTBEAT_RECEIVED,0,0
*** Trama sin '*CRC' reconocible. ***

=== Registro 1281 (282/1001) ===

<-- Respuesta cruda: $CFG,ACK,LOGREAD,1281,2026-07-21 16:45:11,SEND_OK,0,0
*** Trama sin '*CRC' reconocible. ***

=== Registro 1282 (283/1001) ===

<-- Respuesta cruda: $CFG,ACK,LOGREAD,1282,2026-07-21 16:45:11,SERVER_ACK,48,0
*** Trama sin '*CRC' reconocible. ***

=== Registro 1283 (284/1001) ===

<-- Respuesta cruda: $CFG,ACK,LOGREAD,1283,2026-07-21 16:46:11,SEND_OK,0,0
*** Trama sin '*CRC' reconocible. ***

=== Registro 1284 (285/1001) ===

<-- Respuesta cruda: $CFG,ACK,LOGREAD,1284,2026-07-21 16:46:11,SERVER_ACK,48,0
*** Trama sin '*CRC' reconocible. ***

=== Registro 1285 (286/1001) ===

<-- Respuesta cruda: $CFG,BAD_CRC,LOGREAD,1285,2026-07-21 56:255:255,UNKNOWN,4294967295,4294967295
*** Trama sin '*CRC' reconocible. ***

=== Registro 1286 (287/1001) ===

<-- Respuesta cruda: $CFG,ACK,LOGREAD,1286,2026-07-21 16:47:11,SEND_OK,0,0
*** Trama sin '*CRC' reconocible. ***

=== Registro 1287 (288/1001) ===

<-- Respuesta cruda: $CFG,ACK,LOGREAD,1287,2026-07-21 16:47:12,SERVER_ACK,48,0
*** Trama sin '*CRC' reconocible. ***

=== Registro 1288 (289/1001) ===

<-- Respuesta cruda: $CFG,ACK,LOGREAD,1288,2026-07-21 16:47:16,HEARTBEAT_RECEIVED,0,0
*** Trama sin '*CRC' reconocible. ***

=== Registro 1289 (290/1001) ===

<-- Respuesta cruda: $CFG,ACK,LOGREAD,1289,2026-07-21 16:48:11,SEND_OK,0,0
*** Trama sin '*CRC' reconocible. ***

=== Registro 1290 (291/1001) ===

<-- Respuesta cruda: $CFG,ACK,LOGREAD,1290,2026-07-21 16:48:12,SERVER_ACK,48,0
*** Trama sin '*CRC' reconocible. ***

=== Registro 1291 (292/1001) ===

<-- Respuesta cruda: $CFG,BAD_CRC,LOGREAD,1291,2026-07-21 16:48:19,HEARTBEAT_RECEIVED,0,0
*** Trama sin '*CRC' reconocible. ***

=== Registro 1292 (293/1001) ===

<-- Respuesta cruda: $CFG,BAD_CRC,LOGREAD,1292,0000-00-140 206:49:49,RS232_TIMEOUT,0,0
*** Trama sin '*CRC' reconocible. ***

=== Registro 1293 (294/1001) ===

<-- Respuesta cruda: $CFG,ACK,LOGREAD,1293,2026-07-21 16:53:28,HEARTBEAT_RECEIVED,0,0
*** Trama sin '*CRC' reconocible. ***

=== Registro 1294 (295/1001) ===

<-- Respuesta cruda: $CFG,ACK,LOGREAD,1294,2026-07-21 16:53:28,HEARTBEAT_RECEIVED,0,0
*** Trama sin '*CRC' reconocible. ***

=== Registro 1295 (296/1001) ===

<-- Respuesta cruda: $CFG,ACK,LOGREAD,1295,2026-07-21 16:53:28,HEARTBEAT_RECEIVED,0,0
*** Trama sin '*CRC' reconocible. ***

=== Registro 1296 (297/1001) ===

<-- Respuesta cruda: $CFG,ACK,LOGREAD,1296,2026-07-21 16:53:28,HEARTBEAT_RECEIVED,0,0
*** Trama sin '*CRC' reconocible. ***

=== Registro 1297 (298/1001) ===

<-- Respuesta cruda: $CFG,ACK,LOGREAD,1297,2026-07-21 16:53:28,HEARTBEAT_RECEIVED,0,0
*** Trama sin '*CRC' reconocible. ***

=== Registro 1298 (299/1001) ===

<-- Respuesta cruda: $CFG,BAD_CRC,LOGREAD,1298,2026-07-21 16:53:28,RS232_RESTORED,0,0
*** Trama sin '*CRC' reconocible. ***

=== Registro 1299 (300/1001) ===

<-- Respuesta cruda: $CFG,BAD_CRC,LOGREAD,1299,0000-00-168 71:53:28,SEND_OK,0,0
*** Trama sin '*CRC' reconocible. ***

=== Registro 1300 (301/1001) ===

<-- Respuesta cruda: $CFG,ACK,LOGREAD,1300,2026-07-21 16:53:28,SERVER_ACK,48,0
*** Trama sin '*CRC' reconocible. ***

=== Registro 1301 (302/1001) ===

<-- Respuesta cruda: $CFG,ACK,LOGREAD,1301,2026-07-21 16:54:58,RS232_TIMEOUT,0,0
*** Trama sin '*CRC' reconocible. ***

=== Registro 1302 (303/1001) ===

<-- Respuesta cruda: $CFG,ACK,LOGREAD,1302,2026-07-21 16:55:38,HEARTBEAT_RECEIVED,0,0
*** Trama sin '*CRC' reconocible. ***

=== Registro 1303 (304/1001) ===

<-- Respuesta cruda: $CFG,ACK,LOGREAD,1303,2026-07-21 16:55:38,HEARTBEAT_RECEIVED,0,0
*** Trama sin '*CRC' reconocible. ***

=== Registro 1304 (305/1001) ===

<-- Respuesta cruda: $CFG,ACK,LOGREAD,1304,2026-07-21 16:55:38,RS232_RESTORED,0,0
*** Trama sin '*CRC' reconocible. ***

=== Registro 1305 (306/1001) ===

<-- Respuesta cruda: $CFG,BAD_CRC,LOGREAD,1305,2026-07-21 16:55:38,SEND_OK,1176975632,12288
*** Trama sin '*CRC' reconocible. ***

=== Registro 1306 (307/1001) ===

<-- Respuesta cruda: $CFG,BAD_CRC,LOGREAD,1306,0000-00-42 22:55:39,SERVER_ACK,48,0
*** Trama sin '*CRC' reconocible. ***

=== Registro 1307 (308/1001) ===

<-- Respuesta cruda: $CFG,ACK,LOGREAD,1307,2026-07-21 16:56:30,HEARTBEAT_RECEIVED,0,0
*** Trama sin '*CRC' reconocible. ***

=== Registro 1308 (309/1001) ===

<-- Respuesta cruda: $CFG,ACK,LOGREAD,1308,2026-07-21 16:56:38,SEND_OK,0,0
*** Trama sin '*CRC' reconocible. ***

=== Registro 1309 (310/1001) ===

<-- Respuesta cruda: $CFG,ACK,LOGREAD,1309,2026-07-21 16:56:39,SERVER_ACK,48,0
*** Trama sin '*CRC' reconocible. ***

=== Registro 1310 (311/1001) ===

<-- Respuesta cruda: $CFG,ACK,LOGREAD,1310,2026-07-21 16:57:33,HEARTBEAT_RECEIVED,0,0
*** Trama sin '*CRC' reconocible. ***

=== Registro 1311 (312/1001) ===

<-- Respuesta cruda: $CFG,ACK,LOGREAD,1311,2026-07-21 16:57:39,SEND_OK,0,0
*** Trama sin '*CRC' reconocible. ***

=== Registro 1312 (313/1001) ===

<-- Respuesta cruda: $CFG,BAD_CRC,LOGREAD,1312,2026-07-171 138:255:255,UNKNOWN,4294967295,4294967295
*** Trama sin '*CRC' reconocible. ***

=== Registro 1313 (314/1001) ===

<-- Respuesta cruda: $CFG,ACK,LOGREAD,1313,2026-07-21 16:59:03,RS232_TIMEOUT,0,0
*** Trama sin '*CRC' reconocible. ***

=== Registro 1314 (315/1001) ===

<-- Respuesta cruda: $CFG,ACK,LOGREAD,1314,2026-07-21 16:59:04,HEARTBEAT_RECEIVED,0,0
*** Trama sin '*CRC' reconocible. ***

=== Registro 1315 (316/1001) ===

<-- Respuesta cruda: $CFG,ACK,LOGREAD,1315,2026-07-21 16:59:04,RS232_RESTORED,0,0
*** Trama sin '*CRC' reconocible. ***

=== Registro 1316 (317/1001) ===

<-- Respuesta cruda: $CFG,ACK,LOGREAD,1316,2026-07-21 16:59:04,SEND_OK,0,0
*** Trama sin '*CRC' reconocible. ***

=== Registro 1317 (318/1001) ===

<-- Respuesta cruda: $CFG,ACK,LOGREAD,1317,2026-07-21 16:59:04,SERVER_ACK,48,0
*** Trama sin '*CRC' reconocible. ***

=== Registro 1318 (319/1001) ===

<-- Respuesta cruda: $CFG,BAD_CRC,LOGREAD,1318,2026-07-21 16:59:45,HEARTBEAT_RECEIVED,0,0
*** Trama sin '*CRC' reconocible. ***

=== Registro 1319 (320/1001) ===

<-- Respuesta cruda: $CFG,BAD_CRC,LOGREAD,1319,0000-00-26 135:00:04,SEND_OK,0,0
*** Trama sin '*CRC' reconocible. ***

=== Registro 1320 (321/1001) ===

<-- Respuesta cruda: $CFG,ACK,LOGREAD,1320,2026-07-21 17:00:04,SERVER_ACK,48,0
*** Trama sin '*CRC' reconocible. ***

=== Registro 1321 (322/1001) ===

<-- Respuesta cruda: $CFG,ACK,LOGREAD,1321,2026-07-21 17:00:48,HEARTBEAT_RECEIVED,0,0
*** Trama sin '*CRC' reconocible. ***

=== Registro 1322 (323/1001) ===

<-- Respuesta cruda: $CFG,ACK,LOGREAD,1322,2026-07-21 17:01:04,SEND_OK,0,0
*** Trama sin '*CRC' reconocible. ***

=== Registro 1323 (324/1001) ===

<-- Respuesta cruda: $CFG,ACK,LOGREAD,1323,2026-07-21 17:01:05,SERVER_ACK,48,0
*** Trama sin '*CRC' reconocible. ***

=== Registro 1324 (325/1001) ===

<-- Respuesta cruda: $CFG,ACK,LOGREAD,1324,2026-07-21 17:01:51,HEARTBEAT_RECEIVED,0,0
*** Trama sin '*CRC' reconocible. ***

=== Registro 1325 (326/1001) ===

<-- Respuesta cruda: $CFG,BAD_CRC,LOGREAD,1325,2026-07-21 17:02:05,SEND_OK,1174405120,12288
*** Trama sin '*CRC' reconocible. ***

=== Registro 1326 (327/1001) ===

<-- Respuesta cruda: $CFG,BAD_CRC,LOGREAD,1326,0000-00-121 21:02:05,SERVER_ACK,48,0
*** Trama sin '*CRC' reconocible. ***

=== Registro 1327 (328/1001) ===

<-- Respuesta cruda: $CFG,ACK,LOGREAD,1327,2026-07-21 17:02:54,HEARTBEAT_RECEIVED,0,0
*** Trama sin '*CRC' reconocible. ***

=== Registro 1328 (329/1001) ===

<-- Respuesta cruda: $CFG,ACK,LOGREAD,1328,2026-07-21 17:03:05,SEND_OK,0,0
*** Trama sin '*CRC' reconocible. ***

=== Registro 1329 (330/1001) ===

<-- Respuesta cruda: $CFG,ACK,LOGREAD,1329,2026-07-21 17:03:05,SERVER_ACK,48,0
*** Trama sin '*CRC' reconocible. ***

=== Registro 1330 (331/1001) ===

<-- Respuesta cruda: $CFG,ACK,LOGREAD,1330,2026-07-21 17:03:57,HEARTBEAT_RECEIVED,0,0
*** Trama sin '*CRC' reconocible. ***

=== Registro 1331 (332/1001) ===

<-- Respuesta cruda: $CFG,ACK,LOGREAD,1331,2026-07-21 17:04:05,SEND_OK,0,0
*** Trama sin '*CRC' reconocible. ***

=== Registro 1332 (333/1001) ===

<-- Respuesta cruda: $CFG,BAD_CRC,LOGREAD,1332,2026-07-21 17:04:05,SIM_PIN_REQUIRED,1174537745,12288
*** Trama sin '*CRC' reconocible. ***

=== Registro 1333 (334/1001) ===

<-- Respuesta cruda: $CFG,BAD_CRC,LOGREAD,1333,0000-00-46 58:05:05,SEND_OK,0,0
*** Trama sin '*CRC' reconocible. ***

=== Registro 1334 (335/1001) ===

<-- Respuesta cruda: $CFG,ACK,LOGREAD,1334,2026-07-21 17:05:05,SERVER_ACK,48,0
*** Trama sin '*CRC' reconocible. ***

=== Registro 1335 (336/1001) ===

<-- Respuesta cruda: $CFG,ACK,LOGREAD,1335,2026-07-21 17:05:27,RS232_TIMEOUT,0,0
*** Trama sin '*CRC' reconocible. ***

=== Registro 1336 (337/1001) ===

<-- Respuesta cruda: $CFG,ACK,LOGREAD,1336,2026-07-21 17:06:01,CID_RECEIVED,0,0
*** Trama sin '*CRC' reconocible. ***

=== Registro 1337 (338/1001) ===

<-- Respuesta cruda: $CFG,ACK,LOGREAD,1337,2026-07-21 17:06:01,RS232_RESTORED,0,0
*** Trama sin '*CRC' reconocible. ***

=== Registro 1338 (339/1001) ===

<-- Respuesta cruda: $CFG,ACK,LOGREAD,1338,2026-07-21 17:06:01,SEND_OK,0,0
*** Trama sin '*CRC' reconocible. ***

=== Registro 1339 (340/1001) ===

<-- Respuesta cruda: $CFG,BAD_CRC,LOGREAD,1339,2026-00-181 174:255:255,UNKNOWN,4294967295,4294967295
*** Trama sin '*CRC' reconocible. ***

=== Registro 1340 (341/1001) ===

<-- Respuesta cruda: $CFG,ACK,LOGREAD,1340,2026-07-21 17:06:02,SERVER_ACK,0,0
*** Trama sin '*CRC' reconocible. ***

=== Registro 1341 (342/1001) ===

<-- Respuesta cruda: $CFG,ACK,LOGREAD,1341,2026-07-21 17:06:51,CID_RECEIVED,0,0
*** Trama sin '*CRC' reconocible. ***

=== Registro 1342 (343/1001) ===

<-- Respuesta cruda: $CFG,ACK,LOGREAD,1342,2026-07-21 17:06:51,SEND_OK,0,0
*** Trama sin '*CRC' reconocible. ***

=== Registro 1343 (344/1001) ===

<-- Respuesta cruda: $CFG,ACK,LOGREAD,1343,2026-07-21 17:06:52,SERVER_ACK,48,0
*** Trama sin '*CRC' reconocible. ***

=== Registro 1344 (345/1001) ===

<-- Respuesta cruda: $CFG,ACK,LOGREAD,1344,2026-07-21 17:06:52,SERVER_ACK,0,0
*** Trama sin '*CRC' reconocible. ***

=== Registro 1345 (346/1001) ===

<-- Respuesta cruda: $CFG,BAD_CRC,LOGREAD,1345,2026-07-21 17:07:52,SEND_OK,0,0
*** Trama sin '*CRC' reconocible. ***

=== Registro 1346 (347/1001) ===

<-- Respuesta cruda: $CFG,BAD_CRC,LOGREAD,1346,0000-00-55 168:07:52,SERVER_ACK,48,0
*** Trama sin '*CRC' reconocible. ***

=== Registro 1347 (348/1001) ===

<-- Respuesta cruda: $CFG,ACK,LOGREAD,1347,2026-07-21 17:07:55,HEARTBEAT_RECEIVED,0,0
*** Trama sin '*CRC' reconocible. ***

=== Registro 1348 (349/1001) ===

<-- Respuesta cruda: $CFG,ACK,LOGREAD,1348,2026-07-21 17:09:25,RS232_TIMEOUT,0,0
*** Trama sin '*CRC' reconocible. ***

=== Registro 1349 (350/1001) ===

<-- Respuesta cruda: $CFG,ACK,LOGREAD,1349,2026-07-21 17:09:47,HEARTBEAT_RECEIVED,0,0
*** Trama sin '*CRC' reconocible. ***

=== Registro 1350 (351/1001) ===

<-- Respuesta cruda: $CFG,ACK,LOGREAD,1350,2026-07-21 17:09:47,RS232_RESTORED,0,0
*** Trama sin '*CRC' reconocible. ***

=== Registro 1351 (352/1001) ===

<-- Respuesta cruda: $CFG,ACK,LOGREAD,1351,2026-07-21 17:09:47,SEND_OK,0,0
*** Trama sin '*CRC' reconocible. ***

=== Registro 1352 (353/1001) ===

<-- Respuesta cruda: $CFG,BAD_CRC,LOGREAD,1352,2026-07-21 17:09:47,SERVER_ACK,1111162928,0
*** Trama sin '*CRC' reconocible. ***

=== Registro 1353 (354/1001) ===

<-- Respuesta cruda: $CFG,BAD_CRC,LOGREAD,1353,0000-00-05 73:10:07,HEARTBEAT_RECEIVED,0,0
*** Trama sin '*CRC' reconocible. ***

=== Registro 1354 (355/1001) ===

<-- Respuesta cruda: $CFG,ACK,LOGREAD,1354,2026-07-21 17:10:47,SEND_OK,0,0
*** Trama sin '*CRC' reconocible. ***

=== Registro 1355 (356/1001) ===

<-- Respuesta cruda: $CFG,ACK,LOGREAD,1355,2026-07-21 17:10:47,SERVER_ACK,48,0
*** Trama sin '*CRC' reconocible. ***

=== Registro 1356 (357/1001) ===

<-- Respuesta cruda: $CFG,ACK,LOGREAD,1356,2026-07-21 17:11:37,RS232_TIMEOUT,0,0
*** Trama sin '*CRC' reconocible. ***

=== Registro 1357 (358/1001) ===

<-- Respuesta cruda: $CFG,ACK,LOGREAD,1357,2026-07-21 17:12:58,HEARTBEAT_RECEIVED,0,0
*** Trama sin '*CRC' reconocible. ***

=== Registro 1358 (359/1001) ===

<-- Respuesta cruda: $CFG,ACK,LOGREAD,1358,2026-07-21 17:12:58,HEARTBEAT_RECEIVED,0,0
*** Trama sin '*CRC' reconocible. ***

=== Registro 1359 (360/1001) ===

<-- Respuesta cruda: $CFG,BAD_CRC,LOGREAD,1359,2026-07-21 17:12:07,SIM_PIN_REQUIRED,909839889,0
*** Trama sin '*CRC' reconocible. ***

=== Registro 1360 (361/1001) ===

<-- Respuesta cruda: $CFG,BAD_CRC,LOGREAD,1360,0000-00-91 61:12:59,SEND_OK,0,0
*** Trama sin '*CRC' reconocible. ***

=== Registro 1361 (362/1001) ===

<-- Respuesta cruda: $CFG,ACK,LOGREAD,1361,2026-07-21 17:12:59,SERVER_ACK,48,0
*** Trama sin '*CRC' reconocible. ***

=== Registro 1362 (363/1001) ===

<-- Respuesta cruda: $CFG,ACK,LOGREAD,1362,2026-07-21 17:13:19,HEARTBEAT_RECEIVED,0,0
*** Trama sin '*CRC' reconocible. ***

=== Registro 1363 (364/1001) ===

<-- Respuesta cruda: $CFG,ACK,LOGREAD,1363,2026-07-21 17:13:59,SEND_OK,0,0
*** Trama sin '*CRC' reconocible. ***

=== Registro 1364 (365/1001) ===

<-- Respuesta cruda: $CFG,ACK,LOGREAD,1364,2026-07-21 17:13:59,SERVER_ACK,48,0
*** Trama sin '*CRC' reconocible. ***

=== Registro 1365 (366/1001) ===

<-- Respuesta cruda: $CFG,ACK,LOGREAD,1365,2026-07-21 17:14:22,HEARTBEAT_RECEIVED,0,0
*** Trama sin '*CRC' reconocible. ***

=== Registro 1366 (367/1001) ===

<-- Respuesta cruda: $CFG,BAD_CRC,LOGREAD,1366,0234-00-219 60:255:255,UNKNOWN,4294967295,4294967295
*** Trama sin '*CRC' reconocible. ***

=== Registro 1367 (368/1001) ===

<-- Respuesta cruda: $CFG,ACK,LOGREAD,1367,2026-07-21 17:14:59,SERVER_ACK,48,0
*** Trama sin '*CRC' reconocible. ***

=== Registro 1368 (369/1001) ===

<-- Respuesta cruda: $CFG,ACK,LOGREAD,1368,2026-07-21 17:15:25,HEARTBEAT_RECEIVED,0,0
*** Trama sin '*CRC' reconocible. ***

=== Registro 1369 (370/1001) ===

<-- Respuesta cruda: $CFG,ACK,LOGREAD,1369,2026-07-21 17:15:59,SEND_OK,0,0
*** Trama sin '*CRC' reconocible. ***

=== Registro 1370 (371/1001) ===

<-- Respuesta cruda: $CFG,ACK,LOGREAD,1370,2026-07-21 17:16:00,SERVER_ACK,48,0
*** Trama sin '*CRC' reconocible. ***

=== Registro 1371 (372/1001) ===

<-- Respuesta cruda: $CFG,ACK,LOGREAD,1371,2026-07-21 17:16:28,HEARTBEAT_RECEIVED,0,0
*** Trama sin '*CRC' reconocible. ***

=== Registro 1372 (373/1001) ===

<-- Respuesta cruda: $CFG,BAD_CRC,LOGREAD,1372,2026-07-21 17:17:00,SEND_OK,0,0
*** Trama sin '*CRC' reconocible. ***

=== Registro 1373 (374/1001) ===

<-- Respuesta cruda: $CFG,BAD_CRC,LOGREAD,1373,0000-00-108 163:17:00,SERVER_ACK,48,0
*** Trama sin '*CRC' reconocible. ***

=== Registro 1374 (375/1001) ===

<-- Respuesta cruda: $CFG,ACK,LOGREAD,1374,2026-07-21 17:17:33,HEARTBEAT_RECEIVED,0,0
*** Trama sin '*CRC' reconocible. ***

=== Registro 1375 (376/1001) ===

<-- Respuesta cruda: $CFG,ACK,LOGREAD,1375,2026-07-21 17:18:00,SEND_OK,0,0
*** Trama sin '*CRC' reconocible. ***

=== Registro 1376 (377/1001) ===

<-- Respuesta cruda: $CFG,ACK,LOGREAD,1376,2026-07-21 17:18:00,SERVER_ACK,48,0
*** Trama sin '*CRC' reconocible. ***

=== Registro 1377 (378/1001) ===

<-- Respuesta cruda: $CFG,ACK,LOGREAD,1377,2026-07-21 17:18:36,HEARTBEAT_RECEIVED,0,0
*** Trama sin '*CRC' reconocible. ***

=== Registro 1378 (379/1001) ===

<-- Respuesta cruda: $CFG,ACK,LOGREAD,1378,2026-07-21 17:19:00,SEND_OK,0,0
*** Trama sin '*CRC' reconocible. ***

=== Registro 1379 (380/1001) ===

<-- Respuesta cruda: $CFG,BAD_CRC,LOGREAD,1379,2026-07-21 17:19:00,SERVER_ACK,1143805232,0
*** Trama sin '*CRC' reconocible. ***

=== Registro 1380 (381/1001) ===

<-- Respuesta cruda: $CFG,BAD_CRC,LOGREAD,1380,0000-00-254 177:19:39,HEARTBEAT_RECEIVED,0,0
*** Trama sin '*CRC' reconocible. ***

=== Registro 1381 (382/1001) ===

<-- Respuesta cruda: $CFG,ACK,LOGREAD,1381,2026-07-21 17:20:00,SEND_OK,0,0
*** Trama sin '*CRC' reconocible. ***

=== Registro 1382 (383/1001) ===

<-- Respuesta cruda: $CFG,ACK,LOGREAD,1382,2026-07-21 17:20:01,SERVER_ACK,48,0
*** Trama sin '*CRC' reconocible. ***

=== Registro 1383 (384/1001) ===

<-- Respuesta cruda: $CFG,ACK,LOGREAD,1383,2026-07-21 17:20:42,HEARTBEAT_RECEIVED,0,0
*** Trama sin '*CRC' reconocible. ***

=== Registro 1384 (385/1001) ===

<-- Respuesta cruda: $CFG,ACK,LOGREAD,1384,2026-07-21 17:21:00,SEND_OK,0,0
*** Trama sin '*CRC' reconocible. ***

=== Registro 1385 (386/1001) ===

<-- Respuesta cruda: $CFG,ACK,LOGREAD,1385,2026-07-21 17:21:01,SERVER_ACK,48,0
*** Trama sin '*CRC' reconocible. ***

=== Registro 1386 (387/1001) ===

<-- Respuesta cruda: $CFG,BAD_CRC,LOGREAD,1386,2026-07-21 17:255:255,UNKNOWN,4294967295,4294967295
*** Trama sin '*CRC' reconocible. ***

=== Registro 1387 (388/1001) ===

<-- Respuesta cruda: $CFG,ACK,LOGREAD,1387,2026-07-21 17:22:01,SEND_OK,0,0
*** Trama sin '*CRC' reconocible. ***

=== Registro 1388 (389/1001) ===

<-- Respuesta cruda: $CFG,ACK,LOGREAD,1388,2026-07-21 17:22:01,SERVER_ACK,48,0
*** Trama sin '*CRC' reconocible. ***

=== Registro 1389 (390/1001) ===

<-- Respuesta cruda: $CFG,ACK,LOGREAD,1389,2026-07-21 17:22:48,HEARTBEAT_RECEIVED,0,0
*** Trama sin '*CRC' reconocible. ***

=== Registro 1390 (391/1001) ===

<-- Respuesta cruda: $CFG,ACK,LOGREAD,1390,2026-07-21 17:23:01,SEND_OK,0,0
*** Trama sin '*CRC' reconocible. ***

=== Registro 1391 (392/1001) ===

<-- Respuesta cruda: $CFG,ACK,LOGREAD,1391,2026-07-21 17:23:01,SERVER_ACK,48,0
*** Trama sin '*CRC' reconocible. ***

=== Registro 1392 (393/1001) ===

<-- Respuesta cruda: $CFG,ACK,LOGREAD,1392,2026-07-21 17:23:51,HEARTBEAT_RECEIVED,0,0
*** Trama sin '*CRC' reconocible. ***

=== Registro 1393 (394/1001) ===

<-- Respuesta cruda: $CFG,BAD_CRC,LOGREAD,1393,0000-00-165 250:24:01,SEND_OK,0,0
*** Trama sin '*CRC' reconocible. ***

=== Registro 1394 (395/1001) ===

<-- Respuesta cruda: $CFG,ACK,LOGREAD,1394,2026-07-21 17:24:01,SERVER_ACK,48,0
*** Trama sin '*CRC' reconocible. ***

=== Registro 1395 (396/1001) ===

<-- Respuesta cruda: $CFG,ACK,LOGREAD,1395,2026-07-21 17:24:54,HEARTBEAT_RECEIVED,0,0
*** Trama sin '*CRC' reconocible. ***

=== Registro 1396 (397/1001) ===

<-- Respuesta cruda: $CFG,ACK,LOGREAD,1396,2026-07-21 17:25:01,SEND_OK,0,0
*** Trama sin '*CRC' reconocible. ***

=== Registro 1397 (398/1001) ===

<-- Respuesta cruda: $CFG,ACK,LOGREAD,1397,2026-07-21 17:25:02,SERVER_ACK,48,0
*** Trama sin '*CRC' reconocible. ***

=== Registro 1398 (399/1001) ===

<-- Respuesta cruda: $CFG,ACK,LOGREAD,1398,2026-07-21 17:25:57,HEARTBEAT_RECEIVED,0,0
*** Trama sin '*CRC' reconocible. ***

=== Registro 1399 (400/1001) ===

<-- Respuesta cruda: $CFG,BAD_CRC,LOGREAD,1399,2026-07-21 17:26:01,SEND_OK,0,0
*** Trama sin '*CRC' reconocible. ***

=== Registro 1400 (401/1001) ===

<-- Respuesta cruda: $CFG,BAD_CRC,LOGREAD,1400,0000-00-35 80:26:01,SERVER_ACK,48,0
*** Trama sin '*CRC' reconocible. ***

=== Registro 1401 (402/1001) ===

<-- Respuesta cruda: $CFG,ACK,LOGREAD,1401,2026-07-21 17:27:00,HEARTBEAT_RECEIVED,0,0
*** Trama sin '*CRC' reconocible. ***

=== Registro 1402 (403/1001) ===

<-- Respuesta cruda: $CFG,ACK,LOGREAD,1402,2026-07-21 17:27:01,SEND_OK,0,0
*** Trama sin '*CRC' reconocible. ***

=== Registro 1403 (404/1001) ===

<-- Respuesta cruda: $CFG,ACK,LOGREAD,1403,2026-07-21 17:27:01,SERVER_ACK,48,0
*** Trama sin '*CRC' reconocible. ***

=== Registro 1404 (405/1001) ===

<-- Respuesta cruda: $CFG,ACK,LOGREAD,1404,2026-07-21 17:28:01,SEND_OK,0,0
*** Trama sin '*CRC' reconocible. ***

=== Registro 1405 (406/1001) ===

<-- Respuesta cruda: $CFG,ACK,LOGREAD,1405,2026-07-21 17:28:01,SERVER_ACK,48,0
*** Trama sin '*CRC' reconocible. ***

=== Registro 1406 (407/1001) ===

<-- Respuesta cruda: $CFG,BAD_CRC,LOGREAD,1406,2026-07-21 17:28:03,HEARTBEAT_RECEIVED,906108689,0
*** Trama sin '*CRC' reconocible. ***

=== Registro 1407 (408/1001) ===

<-- Respuesta cruda: $CFG,BAD_CRC,LOGREAD,1407,0000-00-254 140:29:01,SEND_OK,0,0
*** Trama sin '*CRC' reconocible. ***

=== Registro 1408 (409/1001) ===

<-- Respuesta cruda: $CFG,ACK,LOGREAD,1408,2026-07-21 17:29:02,SERVER_ACK,48,0
*** Trama sin '*CRC' reconocible. ***

=== Registro 1409 (410/1001) ===

<-- Respuesta cruda: $CFG,ACK,LOGREAD,1409,2026-07-21 17:29:06,HEARTBEAT_RECEIVED,0,0
*** Trama sin '*CRC' reconocible. ***

=== Registro 1410 (411/1001) ===

<-- Respuesta cruda: $CFG,ACK,LOGREAD,1410,2026-07-21 17:30:02,SEND_OK,0,0
*** Trama sin '*CRC' reconocible. ***

=== Registro 1411 (412/1001) ===

<-- Respuesta cruda: $CFG,ACK,LOGREAD,1411,2026-07-21 17:30:02,SERVER_ACK,48,0
*** Trama sin '*CRC' reconocible. ***

=== Registro 1412 (413/1001) ===

<-- Respuesta cruda: $CFG,ACK,LOGREAD,1412,2026-07-21 17:30:09,HEARTBEAT_RECEIVED,0,0
*** Trama sin '*CRC' reconocible. ***

=== Registro 1413 (414/1001) ===

<-- Respuesta cruda: $CFG,BAD_CRC,LOGREAD,1413,2026-07-21 197:255:255,UNKNOWN,4294967295,4294967295
*** Trama sin '*CRC' reconocible. ***

=== Registro 1414 (415/1001) ===

<-- Respuesta cruda: $CFG,ACK,LOGREAD,1414,2026-07-21 17:31:02,SERVER_ACK,48,0
*** Trama sin '*CRC' reconocible. ***

=== Registro 1415 (416/1001) ===

<-- Respuesta cruda: $CFG,ACK,LOGREAD,1415,2026-07-21 17:31:12,HEARTBEAT_RECEIVED,0,0
*** Trama sin '*CRC' reconocible. ***

=== Registro 1416 (417/1001) ===

<-- Respuesta cruda: $CFG,ACK,LOGREAD,1416,2026-07-21 17:32:02,SEND_OK,0,0
*** Trama sin '*CRC' reconocible. ***

=== Registro 1417 (418/1001) ===

<-- Respuesta cruda: $CFG,ACK,LOGREAD,1417,2026-07-21 17:32:02,SERVER_ACK,48,0
*** Trama sin '*CRC' reconocible. ***

=== Registro 1418 (419/1001) ===

<-- Respuesta cruda: $CFG,ACK,LOGREAD,1418,2026-07-21 17:32:15,HEARTBEAT_RECEIVED,0,0
*** Trama sin '*CRC' reconocible. ***

=== Registro 1419 (420/1001) ===

<-- Respuesta cruda: $CFG,BAD_CRC,LOGREAD,1419,2026-07-21 17:33:02,SEND_OK,0,0
*** Trama sin '*CRC' reconocible. ***

=== Registro 1420 (421/1001) ===

<-- Respuesta cruda: $CFG,BAD_CRC,LOGREAD,1420,0000-00-102 130:33:02,SERVER_ACK,48,0
*** Trama sin '*CRC' reconocible. ***

=== Registro 1421 (422/1001) ===

<-- Respuesta cruda: $CFG,ACK,LOGREAD,1421,2026-07-21 17:33:18,HEARTBEAT_RECEIVED,0,0
*** Trama sin '*CRC' reconocible. ***

=== Registro 1422 (423/1001) ===

<-- Respuesta cruda: $CFG,ACK,LOGREAD,1422,2026-07-21 17:34:02,SEND_OK,0,0
*** Trama sin '*CRC' reconocible. ***

=== Registro 1423 (424/1001) ===

<-- Respuesta cruda: $CFG,ACK,LOGREAD,1423,2026-07-21 17:34:02,SERVER_ACK,48,0
*** Trama sin '*CRC' reconocible. ***

=== Registro 1424 (425/1001) ===

<-- Respuesta cruda: $CFG,ACK,LOGREAD,1424,2026-07-21 17:34:21,HEARTBEAT_RECEIVED,0,0
*** Trama sin '*CRC' reconocible. ***

=== Registro 1425 (426/1001) ===

<-- Respuesta cruda: $CFG,ACK,LOGREAD,1425,2026-07-21 17:35:02,SEND_OK,0,0
*** Trama sin '*CRC' reconocible. ***

=== Registro 1426 (427/1001) ===

<-- Respuesta cruda: $CFG,BAD_CRC,LOGREAD,1426,2026-07-21 17:35:03,SERVER_ACK,48,0
*** Trama sin '*CRC' reconocible. ***

=== Registro 1427 (428/1001) ===

<-- Respuesta cruda: $CFG,BAD_CRC,LOGREAD,1427,0000-00-66 59:35:24,HEARTBEAT_RECEIVED,0,0
*** Trama sin '*CRC' reconocible. ***

=== Registro 1428 (429/1001) ===

<-- Respuesta cruda: $CFG,ACK,LOGREAD,1428,2026-07-21 17:36:02,SEND_OK,0,0
*** Trama sin '*CRC' reconocible. ***

=== Registro 1429 (430/1001) ===

<-- Respuesta cruda: $CFG,ACK,LOGREAD,1429,2026-07-21 17:36:03,SERVER_ACK,48,0
*** Trama sin '*CRC' reconocible. ***

=== Registro 1430 (431/1001) ===

<-- Respuesta cruda: $CFG,ACK,LOGREAD,1430,2026-07-21 17:36:27,CID_RECEIVED,0,0
*** Trama sin '*CRC' reconocible. ***

=== Registro 1431 (432/1001) ===

<-- Respuesta cruda: $CFG,ACK,LOGREAD,1431,2026-07-21 17:36:27,SEND_OK,0,0
*** Trama sin '*CRC' reconocible. ***

=== Registro 1432 (433/1001) ===

<-- Respuesta cruda: $CFG,ACK,LOGREAD,1432,2026-07-21 17:36:27,SERVER_ACK,48,0
*** Trama sin '*CRC' reconocible. ***

=== Registro 1433 (434/1001) ===

<-- Respuesta cruda: $CFG,BAD_CRC,LOGREAD,1433,2026-07-21 17:36:27,SERVER_ACK,907814673,0
*** Trama sin '*CRC' reconocible. ***

=== Registro 1434 (435/1001) ===

<-- Respuesta cruda: $CFG,BAD_CRC,LOGREAD,1434,0000-00-225 200:37:27,SEND_OK,0,0
*** Trama sin '*CRC' reconocible. ***

=== Registro 1435 (436/1001) ===

<-- Respuesta cruda: $CFG,ACK,LOGREAD,1435,2026-07-21 17:37:28,SERVER_ACK,48,0
*** Trama sin '*CRC' reconocible. ***

=== Registro 1436 (437/1001) ===

<-- Respuesta cruda: $CFG,ACK,LOGREAD,1436,2026-07-21 17:37:31,HEARTBEAT_RECEIVED,0,0
*** Trama sin '*CRC' reconocible. ***

=== Registro 1437 (438/1001) ===

<-- Respuesta cruda: $CFG,ACK,LOGREAD,1437,2026-07-21 17:38:27,SEND_OK,0,0
*** Trama sin '*CRC' reconocible. ***

=== Registro 1438 (439/1001) ===

<-- Respuesta cruda: $CFG,ACK,LOGREAD,1438,2026-07-21 17:38:28,SERVER_ACK,48,0
*** Trama sin '*CRC' reconocible. ***

=== Registro 1439 (440/1001) ===

<-- Respuesta cruda: $CFG,ACK,LOGREAD,1439,2026-07-21 17:38:34,HEARTBEAT_RECEIVED,0,0
*** Trama sin '*CRC' reconocible. ***

=== Registro 1440 (441/1001) ===

<-- Respuesta cruda: $CFG,BAD_CRC,LOGREAD,1440,2026-07-119 216:255:255,UNKNOWN,4294967295,4294967295
*** Trama sin '*CRC' reconocible. ***

=== Registro 1441 (442/1001) ===

<-- Respuesta cruda: $CFG,ACK,LOGREAD,1441,2026-07-21 17:39:28,SERVER_ACK,48,0
*** Trama sin '*CRC' reconocible. ***

=== Registro 1442 (443/1001) ===

<-- Respuesta cruda: $CFG,ACK,LOGREAD,1442,2026-07-21 17:39:37,HEARTBEAT_RECEIVED,0,0
*** Trama sin '*CRC' reconocible. ***

=== Registro 1443 (444/1001) ===

<-- Respuesta cruda: $CFG,ACK,LOGREAD,1443,2026-07-21 17:40:28,SEND_OK,0,0
*** Trama sin '*CRC' reconocible. ***

=== Registro 1444 (445/1001) ===

<-- Respuesta cruda: $CFG,ACK,LOGREAD,1444,2026-07-21 17:40:28,SERVER_ACK,48,0
*** Trama sin '*CRC' reconocible. ***

=== Registro 1445 (446/1001) ===

<-- Respuesta cruda: $CFG,ACK,LOGREAD,1445,2026-07-21 17:40:40,HEARTBEAT_RECEIVED,0,0
*** Trama sin '*CRC' reconocible. ***

=== Registro 1446 (447/1001) ===

<-- Respuesta cruda: $CFG,BAD_CRC,LOGREAD,1446,2026-07-21 17:41:28,SEND_OK,0,0
*** Trama sin '*CRC' reconocible. ***

=== Registro 1447 (448/1001) ===

<-- Respuesta cruda: $CFG,BAD_CRC,LOGREAD,1447,0000-00-192 71:41:28,SERVER_ACK,48,0
*** Trama sin '*CRC' reconocible. ***

=== Registro 1448 (449/1001) ===

<-- Respuesta cruda: $CFG,ACK,LOGREAD,1448,2026-07-21 17:41:43,HEARTBEAT_RECEIVED,0,0
*** Trama sin '*CRC' reconocible. ***

=== Registro 1449 (450/1001) ===

<-- Respuesta cruda: $CFG,ACK,LOGREAD,1449,2026-07-21 17:42:28,SEND_OK,0,0
*** Trama sin '*CRC' reconocible. ***

=== Registro 1450 (451/1001) ===

<-- Respuesta cruda: $CFG,ACK,LOGREAD,1450,2026-07-21 17:42:28,SERVER_ACK,48,0
*** Trama sin '*CRC' reconocible. ***

=== Registro 1451 (452/1001) ===

<-- Respuesta cruda: $CFG,ACK,LOGREAD,1451,2026-07-21 17:42:46,HEARTBEAT_RECEIVED,0,0
*** Trama sin '*CRC' reconocible. ***

=== Registro 1452 (453/1001) ===

<-- Respuesta cruda: $CFG,ACK,LOGREAD,1452,2026-07-21 17:43:28,SEND_OK,0,0
*** Trama sin '*CRC' reconocible. ***

=== Registro 1453 (454/1001) ===

<-- Respuesta cruda: $CFG,BAD_CRC,LOGREAD,1453,2026-07-21 17:43:28,SERVER_ACK,1140850736,0
*** Trama sin '*CRC' reconocible. ***

=== Registro 1454 (455/1001) ===

<-- Respuesta cruda: $CFG,BAD_CRC,LOGREAD,1454,0000-00-166 164:43:49,HEARTBEAT_RECEIVED,0,0
*** Trama sin '*CRC' reconocible. ***

=== Registro 1455 (456/1001) ===

<-- Respuesta cruda: $CFG,ACK,LOGREAD,1455,2026-07-21 17:44:28,SEND_OK,0,0
*** Trama sin '*CRC' reconocible. ***

=== Registro 1456 (457/1001) ===

<-- Respuesta cruda: $CFG,ACK,LOGREAD,1456,2026-07-21 17:44:29,SERVER_ACK,48,0
*** Trama sin '*CRC' reconocible. ***

=== Registro 1457 (458/1001) ===

<-- Respuesta cruda: $CFG,ACK,LOGREAD,1457,2026-07-21 17:44:52,HEARTBEAT_RECEIVED,0,0
*** Trama sin '*CRC' reconocible. ***

=== Registro 1458 (459/1001) ===

<-- Respuesta cruda: $CFG,ACK,LOGREAD,1458,2026-07-21 17:45:28,SEND_OK,0,0
*** Trama sin '*CRC' reconocible. ***

=== Registro 1459 (460/1001) ===

<-- Respuesta cruda: $CFG,ACK,LOGREAD,1459,2026-07-21 17:45:29,SERVER_ACK,48,0
*** Trama sin '*CRC' reconocible. ***

=== Registro 1460 (461/1001) ===

<-- Respuesta cruda: $CFG,BAD_CRC,LOGREAD,1460,2026-07-21 17:45:55,SIM_PIN_REQUIRED,907882513,0
*** Trama sin '*CRC' reconocible. ***

=== Registro 1461 (462/1001) ===

<-- Respuesta cruda: $CFG,BAD_CRC,LOGREAD,1461,0000-00-179 47:46:29,SEND_OK,0,0
*** Trama sin '*CRC' reconocible. ***

=== Registro 1462 (463/1001) ===

<-- Respuesta cruda: $CFG,ACK,LOGREAD,1462,2026-07-21 17:46:29,SERVER_ACK,48,0
*** Trama sin '*CRC' reconocible. ***

=== Registro 1463 (464/1001) ===

<-- Respuesta cruda: $CFG,ACK,LOGREAD,1463,2026-07-21 17:46:58,HEARTBEAT_RECEIVED,0,0
*** Trama sin '*CRC' reconocible. ***

=== Registro 1464 (465/1001) ===

<-- Respuesta cruda: $CFG,ACK,LOGREAD,1464,2026-07-21 17:47:29,SEND_OK,0,0
*** Trama sin '*CRC' reconocible. ***

=== Registro 1465 (466/1001) ===

<-- Respuesta cruda: $CFG,ACK,LOGREAD,1465,2026-07-21 17:47:29,SERVER_ACK,48,0
*** Trama sin '*CRC' reconocible. ***

=== Registro 1466 (467/1001) ===

<-- Respuesta cruda: $CFG,ACK,LOGREAD,1466,2026-07-21 17:48:28,RS232_TIMEOUT,0,0
*** Trama sin '*CRC' reconocible. ***

=== Registro 1467 (468/1001) ===

<-- Respuesta cruda: $CFG,BAD_CRC,LOGREAD,1467,2026-00-189 220:255:255,UNKNOWN,4294967295,4294967295
*** Trama sin '*CRC' reconocible. ***

=== Registro 1468 (469/1001) ===

<-- Respuesta cruda: $CFG,ACK,LOGREAD,1468,2026-07-21 17:48:29,SERVER_ACK,48,0
*** Trama sin '*CRC' reconocible. ***

=== Registro 1469 (470/1001) ===

<-- Respuesta cruda: $CFG,ACK,LOGREAD,1469,2026-07-21 17:49:04,CID_RECEIVED,0,0
*** Trama sin '*CRC' reconocible. ***

=== Registro 1470 (471/1001) ===

<-- Respuesta cruda: $CFG,ACK,LOGREAD,1470,2026-07-21 17:49:04,RS232_RESTORED,0,0
*** Trama sin '*CRC' reconocible. ***

=== Registro 1471 (472/1001) ===

<-- Respuesta cruda: $CFG,ACK,LOGREAD,1471,2026-07-21 17:49:04,SEND_OK,0,0
*** Trama sin '*CRC' reconocible. ***

=== Registro 1472 (473/1001) ===

<-- Respuesta cruda: $CFG,ACK,LOGREAD,1472,2026-07-21 17:49:04,SERVER_ACK,48,0
*** Trama sin '*CRC' reconocible. ***

=== Registro 1473 (474/1001) ===

<-- Respuesta cruda: $CFG,BAD_CRC,LOGREAD,1473,2026-07-21 17:49:04,SERVER_ACK,0,0
*** Trama sin '*CRC' reconocible. ***

=== Registro 1474 (475/1001) ===

<-- Respuesta cruda: $CFG,BAD_CRC,LOGREAD,1474,0000-00-149 171:49:54,CID_RECEIVED,0,0
*** Trama sin '*CRC' reconocible. ***

=== Registro 1475 (476/1001) ===

<-- Respuesta cruda: $CFG,ACK,LOGREAD,1475,2026-07-21 17:49:54,SEND_OK,0,0
*** Trama sin '*CRC' reconocible. ***

=== Registro 1476 (477/1001) ===

<-- Respuesta cruda: $CFG,ACK,LOGREAD,1476,2026-07-21 17:49:54,SERVER_ACK,48,0
*** Trama sin '*CRC' reconocible. ***

=== Registro 1477 (478/1001) ===

<-- Respuesta cruda: $CFG,ACK,LOGREAD,1477,2026-07-21 17:49:54,SERVER_ACK,0,0
*** Trama sin '*CRC' reconocible. ***

=== Registro 1478 (479/1001) ===

<-- Respuesta cruda: $CFG,ACK,LOGREAD,1478,2026-07-21 17:50:54,SEND_OK,0,0
*** Trama sin '*CRC' reconocible. ***

=== Registro 1479 (480/1001) ===

<-- Respuesta cruda: $CFG,ACK,LOGREAD,1479,2026-07-21 17:50:54,SERVER_ACK,48,0
*** Trama sin '*CRC' reconocible. ***

=== Registro 1480 (481/1001) ===

<-- Respuesta cruda: $CFG,BAD_CRC,LOGREAD,1480,2026-07-21 17:50:58,HEARTBEAT_RECEIVED,909574144,0
*** Trama sin '*CRC' reconocible. ***

=== Registro 1481 (482/1001) ===

<-- Respuesta cruda: $CFG,BAD_CRC,LOGREAD,1481,0000-00-85 137:51:54,SEND_OK,0,0
*** Trama sin '*CRC' reconocible. ***

=== Registro 1482 (483/1001) ===

<-- Respuesta cruda: $CFG,ACK,LOGREAD,1482,2026-07-21 17:51:55,SERVER_ACK,48,0
*** Trama sin '*CRC' reconocible. ***

=== Registro 1483 (484/1001) ===

<-- Respuesta cruda: $CFG,ACK,LOGREAD,1483,2026-07-21 17:52:01,HEARTBEAT_RECEIVED,0,0
*** Trama sin '*CRC' reconocible. ***

=== Registro 1484 (485/1001) ===

<-- Respuesta cruda: $CFG,ACK,LOGREAD,1484,2026-07-21 17:52:54,SEND_OK,0,0
*** Trama sin '*CRC' reconocible. ***

=== Registro 1485 (486/1001) ===

<-- Respuesta cruda: $CFG,ACK,LOGREAD,1485,2026-07-21 17:52:55,SERVER_ACK,48,0
*** Trama sin '*CRC' reconocible. ***

=== Registro 1486 (487/1001) ===

<-- Respuesta cruda: $CFG,ACK,LOGREAD,1486,2026-07-21 17:53:04,HEARTBEAT_RECEIVED,0,0
*** Trama sin '*CRC' reconocible. ***

=== Registro 1487 (488/1001) ===

<-- Respuesta cruda: $CFG,BAD_CRC,LOGREAD,1487,2026-07-21 17:53:07,SIM_PIN_REQUIRED,1178023697,12288
*** Trama sin '*CRC' reconocible. ***

=== Registro 1488 (489/1001) ===

<-- Respuesta cruda: $CFG,BAD_CRC,LOGREAD,1488,0000-00-226 22:53:55,SERVER_ACK,48,0
*** Trama sin '*CRC' reconocible. ***

=== Registro 1489 (490/1001) ===

<-- Respuesta cruda: $CFG,ACK,LOGREAD,1489,2026-07-21 17:54:07,HEARTBEAT_RECEIVED,0,0
*** Trama sin '*CRC' reconocible. ***

=== Registro 1490 (491/1001) ===

<-- Respuesta cruda: $CFG,ACK,LOGREAD,1490,2026-07-21 17:54:55,SEND_OK,0,0
*** Trama sin '*CRC' reconocible. ***

=== Registro 1491 (492/1001) ===

<-- Respuesta cruda: $CFG,ACK,LOGREAD,1491,2026-07-21 17:54:55,SERVER_ACK,48,0
*** Trama sin '*CRC' reconocible. ***

=== Registro 1492 (493/1001) ===

<-- Respuesta cruda: $CFG,ACK,LOGREAD,1492,2026-07-21 17:55:10,HEARTBEAT_RECEIVED,0,0
*** Trama sin '*CRC' reconocible. ***

=== Registro 1493 (494/1001) ===

<-- Respuesta cruda: $CFG,ACK,LOGREAD,1493,2026-07-21 17:55:55,SEND_OK,0,0
*** Trama sin '*CRC' reconocible. ***

=== Registro 1494 (495/1001) ===

<-- Respuesta cruda: $CFG,BAD_CRC,LOGREAD,1494,0234-00-116 06:255:255,UNKNOWN,4294967295,4294967295
*** Trama sin '*CRC' reconocible. ***

=== Registro 1495 (496/1001) ===

<-- Respuesta cruda: $CFG,ACK,LOGREAD,1495,2026-07-21 17:56:13,HEARTBEAT_RECEIVED,0,0
*** Trama sin '*CRC' reconocible. ***

=== Registro 1496 (497/1001) ===

<-- Respuesta cruda: $CFG,ACK,LOGREAD,1496,2026-07-21 17:56:55,SEND_OK,0,0
*** Trama sin '*CRC' reconocible. ***

=== Registro 1497 (498/1001) ===

<-- Respuesta cruda: $CFG,ACK,LOGREAD,1497,2026-07-21 17:56:55,SERVER_ACK,48,0
*** Trama sin '*CRC' reconocible. ***

=== Registro 1498 (499/1001) ===

<-- Respuesta cruda: $CFG,ACK,LOGREAD,1498,2026-07-21 17:57:16,HEARTBEAT_RECEIVED,0,0
*** Trama sin '*CRC' reconocible. ***

=== Registro 1499 (500/1001) ===

<-- Respuesta cruda: $CFG,ACK,LOGREAD,1499,2026-07-21 17:57:55,SEND_OK,0,0
*** Trama sin '*CRC' reconocible. ***

=== Registro 1500 (501/1001) ===

<-- Respuesta cruda: $CFG,BAD_CRC,LOGREAD,1500,2026-07-21 17:57:55,SERVER_ACK,48,0
*** Trama sin '*CRC' reconocible. ***

=== Registro 1501 (502/1001) ===

<-- Respuesta cruda: $CFG,BAD_CRC,LOGREAD,1501,0000-00-170 233:58:19,HEARTBEAT_RECEIVED,0,0
*** Trama sin '*CRC' reconocible. ***

=== Registro 1502 (503/1001) ===

<-- Respuesta cruda: $CFG,ACK,LOGREAD,1502,2026-07-21 17:58:55,SEND_OK,0,0
*** Trama sin '*CRC' reconocible. ***

=== Registro 1503 (504/1001) ===

<-- Respuesta cruda: $CFG,ACK,LOGREAD,1503,2026-07-21 17:58:56,SERVER_ACK,48,0
*** Trama sin '*CRC' reconocible. ***

=== Registro 1504 (505/1001) ===

<-- Respuesta cruda: $CFG,ACK,LOGREAD,1504,2026-07-21 17:59:22,HEARTBEAT_RECEIVED,0,0
*** Trama sin '*CRC' reconocible. ***

=== Registro 1505 (506/1001) ===

<-- Respuesta cruda: $CFG,ACK,LOGREAD,1505,2026-07-21 17:59:55,SEND_OK,0,0
*** Trama sin '*CRC' reconocible. ***

=== Registro 1506 (507/1001) ===

<-- Respuesta cruda: $CFG,ACK,LOGREAD,1506,2026-07-21 17:59:56,SERVER_ACK,48,0
*** Trama sin '*CRC' reconocible. ***

=== Registro 1507 (508/1001) ===

<-- Respuesta cruda: $CFG,BAD_CRC,LOGREAD,1507,2026-07-21 18:00:25,HEARTBEAT_RECEIVED,909640192,0
*** Trama sin '*CRC' reconocible. ***

=== Registro 1508 (509/1001) ===

<-- Respuesta cruda: $CFG,BAD_CRC,LOGREAD,1508,0000-00-120 156:00:56,SEND_OK,0,0
*** Trama sin '*CRC' reconocible. ***

=== Registro 1509 (510/1001) ===

<-- Respuesta cruda: $CFG,ACK,LOGREAD,1509,2026-07-21 18:00:56,SERVER_ACK,48,0
*** Trama sin '*CRC' reconocible. ***

=== Registro 1510 (511/1001) ===

<-- Respuesta cruda: $CFG,ACK,LOGREAD,1510,2026-07-21 18:01:28,HEARTBEAT_RECEIVED,0,0
*** Trama sin '*CRC' reconocible. ***

=== Registro 1511 (512/1001) ===

<-- Respuesta cruda: $CFG,ACK,LOGREAD,1511,2026-07-21 18:01:56,SEND_OK,0,0
*** Trama sin '*CRC' reconocible. ***

=== Registro 1512 (513/1001) ===

<-- Respuesta cruda: $CFG,ACK,LOGREAD,1512,2026-07-21 18:01:56,SERVER_ACK,48,0
*** Trama sin '*CRC' reconocible. ***

=== Registro 1513 (514/1001) ===

<-- Respuesta cruda: $CFG,ACK,LOGREAD,1513,2026-07-21 18:02:31,HEARTBEAT_RECEIVED,0,0
*** Trama sin '*CRC' reconocible. ***

=== Registro 1514 (515/1001) ===

<-- Respuesta cruda: $CFG,BAD_CRC,LOGREAD,1514,2026-07-21 18:255:255,UNKNOWN,4294967295,4294967295
*** Trama sin '*CRC' reconocible. ***

=== Registro 1515 (516/1001) ===

<-- Respuesta cruda: $CFG,ACK,LOGREAD,1515,2026-07-21 18:02:56,SERVER_ACK,48,0
*** Trama sin '*CRC' reconocible. ***

=== Registro 1516 (517/1001) ===

<-- Respuesta cruda: $CFG,ACK,LOGREAD,1516,2026-07-21 18:03:34,HEARTBEAT_RECEIVED,0,0
*** Trama sin '*CRC' reconocible. ***

=== Registro 1517 (518/1001) ===

<-- Respuesta cruda: $CFG,ACK,LOGREAD,1517,2026-07-21 18:03:56,SEND_OK,0,0
*** Trama sin '*CRC' reconocible. ***

=== Registro 1518 (519/1001) ===

<-- Respuesta cruda: $CFG,ACK,LOGREAD,1518,2026-07-21 18:03:56,SERVER_ACK,48,0
*** Trama sin '*CRC' reconocible. ***

=== Registro 1519 (520/1001) ===

<-- Respuesta cruda: $CFG,ACK,LOGREAD,1519,2026-07-21 18:04:37,HEARTBEAT_RECEIVED,0,0
*** Trama sin '*CRC' reconocible. ***

=== Registro 1520 (521/1001) ===

<-- Respuesta cruda: $CFG,ACK,LOGREAD,1520,2026-07-21 18:04:56,SEND_OK,0,0
*** Trama sin '*CRC' reconocible. ***

=== Registro 1521 (522/1001) ===

<-- Respuesta cruda: $CFG,BAD_CRC,LOGREAD,1521,0000-00-184 208:04:56,SERVER_ACK,48,0
*** Trama sin '*CRC' reconocible. ***

=== Registro 1522 (523/1001) ===

<-- Respuesta cruda: $CFG,ACK,LOGREAD,1522,2026-07-21 18:05:40,HEARTBEAT_RECEIVED,0,0
*** Trama sin '*CRC' reconocible. ***

=== Registro 1523 (524/1001) ===

<-- Respuesta cruda: $CFG,ACK,LOGREAD,1523,2026-07-21 18:05:56,SEND_OK,0,0
*** Trama sin '*CRC' reconocible. ***

=== Registro 1524 (525/1001) ===

<-- Respuesta cruda: $CFG,ACK,LOGREAD,1524,2026-07-21 18:05:57,SERVER_ACK,48,0
*** Trama sin '*CRC' reconocible. ***

=== Registro 1525 (526/1001) ===

<-- Respuesta cruda: $CFG,ACK,LOGREAD,1525,2026-07-21 18:06:43,HEARTBEAT_RECEIVED,0,0
*** Trama sin '*CRC' reconocible. ***

=== Registro 1526 (527/1001) ===

<-- Respuesta cruda: $CFG,ACK,LOGREAD,1526,2026-07-21 18:06:56,SEND_OK,0,0
*** Trama sin '*CRC' reconocible. ***

=== Registro 1527 (528/1001) ===

<-- Respuesta cruda: $CFG,BAD_CRC,LOGREAD,1527,2026-07-21 18:06:57,SERVER_ACK,48,0
*** Trama sin '*CRC' reconocible. ***

=== Registro 1528 (529/1001) ===

<-- Respuesta cruda: $CFG,BAD_CRC,LOGREAD,1528,0000-00-141 112:07:46,HEARTBEAT_RECEIVED,0,0
*** Trama sin '*CRC' reconocible. ***

=== Registro 1529 (530/1001) ===

<-- Respuesta cruda: $CFG,ACK,LOGREAD,1529,2026-07-21 18:07:57,SEND_OK,0,0
*** Trama sin '*CRC' reconocible. ***

=== Registro 1530 (531/1001) ===

<-- Respuesta cruda: $CFG,ACK,LOGREAD,1530,2026-07-21 18:07:57,SERVER_ACK,48,0
*** Trama sin '*CRC' reconocible. ***

=== Registro 1531 (532/1001) ===

<-- Respuesta cruda: $CFG,ACK,LOGREAD,1531,2026-07-21 18:08:49,HEARTBEAT_RECEIVED,0,0
*** Trama sin '*CRC' reconocible. ***

=== Registro 1532 (533/1001) ===

<-- Respuesta cruda: $CFG,ACK,LOGREAD,1532,2026-07-21 18:08:57,SEND_OK,0,0
*** Trama sin '*CRC' reconocible. ***

=== Registro 1533 (534/1001) ===

<-- Respuesta cruda: $CFG,ACK,LOGREAD,1533,2026-07-21 18:08:57,SERVER_ACK,48,0
*** Trama sin '*CRC' reconocible. ***

=== Registro 1534 (535/1001) ===

<-- Respuesta cruda: $CFG,BAD_CRC,LOGREAD,1534,2026-07-21 18:09:52,HEARTBEAT_RECEIVED,1178209042,12288
*** Trama sin '*CRC' reconocible. ***

=== Registro 1535 (536/1001) ===

<-- Respuesta cruda: $CFG,BAD_CRC,LOGREAD,1535,0000-00-75 189:09:57,SEND_OK,0,0
*** Trama sin '*CRC' reconocible. ***

=== Registro 1536 (537/1001) ===

<-- Respuesta cruda: $CFG,ACK,LOGREAD,1536,2026-07-21 18:09:57,SERVER_ACK,48,0
*** Trama sin '*CRC' reconocible. ***

=== Registro 1537 (538/1001) ===

<-- Respuesta cruda: $CFG,ACK,LOGREAD,1537,2026-07-21 18:10:55,HEARTBEAT_RECEIVED,0,0
*** Trama sin '*CRC' reconocible. ***

=== Registro 1538 (539/1001) ===

<-- Respuesta cruda: $CFG,ACK,LOGREAD,1538,2026-07-21 18:10:57,SEND_OK,0,0
*** Trama sin '*CRC' reconocible. ***

=== Registro 1539 (540/1001) ===

<-- Respuesta cruda: $CFG,ACK,LOGREAD,1539,2026-07-21 18:10:57,SERVER_ACK,48,0
*** Trama sin '*CRC' reconocible. ***

=== Registro 1540 (541/1001) ===

<-- Respuesta cruda: $CFG,ACK,LOGREAD,1540,2026-07-21 18:11:57,SEND_OK,0,0
*** Trama sin '*CRC' reconocible. ***

=== Registro 1541 (542/1001) ===

<-- Respuesta cruda: $CFG,BAD_CRC,LOGREAD,1541,2026-07-21 182:255:255,UNKNOWN,4294967295,4294967295
*** Trama sin '*CRC' reconocible. ***

=== Registro 1542 (543/1001) ===

<-- Respuesta cruda: $CFG,ACK,LOGREAD,1542,2026-07-21 18:11:58,HEARTBEAT_RECEIVED,0,0
*** Trama sin '*CRC' reconocible. ***

=== Registro 1543 (544/1001) ===

<-- Respuesta cruda: $CFG,ACK,LOGREAD,1543,2026-07-21 18:12:57,SEND_OK,0,0
*** Trama sin '*CRC' reconocible. ***

=== Registro 1544 (545/1001) ===

<-- Respuesta cruda: $CFG,ACK,LOGREAD,1544,2026-07-21 18:12:58,SERVER_ACK,48,0
*** Trama sin '*CRC' reconocible. ***

=== Registro 1545 (546/1001) ===

<-- Respuesta cruda: $CFG,ACK,LOGREAD,1545,2026-07-21 18:13:01,HEARTBEAT_RECEIVED,0,0
*** Trama sin '*CRC' reconocible. ***

=== Registro 1546 (547/1001) ===

<-- Respuesta cruda: $CFG,ACK,LOGREAD,1546,2026-07-21 18:13:58,SEND_OK,0,0
*** Trama sin '*CRC' reconocible. ***

=== Registro 1547 (548/1001) ===

<-- Respuesta cruda: $CFG,BAD_CRC,LOGREAD,1547,2026-07-21 18:13:58,SERVER_ACK,48,0
*** Trama sin '*CRC' reconocible. ***

=== Registro 1548 (549/1001) ===

<-- Respuesta cruda: $CFG,BAD_CRC,LOGREAD,1548,0000-00-61 243:14:04,HEARTBEAT_RECEIVED,0,0
*** Trama sin '*CRC' reconocible. ***

=== Registro 1549 (550/1001) ===

<-- Respuesta cruda: $CFG,ACK,LOGREAD,1549,2026-07-21 18:14:58,SEND_OK,0,0
*** Trama sin '*CRC' reconocible. ***

=== Registro 1550 (551/1001) ===

<-- Respuesta cruda: $CFG,ACK,LOGREAD,1550,2026-07-21 18:14:58,SERVER_ACK,48,0
*** Trama sin '*CRC' reconocible. ***

=== Registro 1551 (552/1001) ===

<-- Respuesta cruda: $CFG,ACK,LOGREAD,1551,2026-07-21 18:15:07,HEARTBEAT_RECEIVED,0,0
*** Trama sin '*CRC' reconocible. ***

=== Registro 1552 (553/1001) ===

<-- Respuesta cruda: $CFG,ACK,LOGREAD,1552,2026-07-21 18:15:58,SEND_OK,0,0
*** Trama sin '*CRC' reconocible. ***

=== Registro 1553 (554/1001) ===

<-- Respuesta cruda: $CFG,ACK,LOGREAD,1553,2026-07-21 18:15:58,SERVER_ACK,48,0
*** Trama sin '*CRC' reconocible. ***

=== Registro 1554 (555/1001) ===

<-- Respuesta cruda: $CFG,BAD_CRC,LOGREAD,1554,2026-07-21 18:16:10,HEARTBEAT_RECEIVED,0,0
*** Trama sin '*CRC' reconocible. ***

=== Registro 1555 (556/1001) ===

<-- Respuesta cruda: $CFG,BAD_CRC,LOGREAD,1555,0000-00-155 11:16:58,SEND_OK,0,0
*** Trama sin '*CRC' reconocible. ***

=== Registro 1556 (557/1001) ===

<-- Respuesta cruda: $CFG,ACK,LOGREAD,1556,2026-07-21 18:16:58,SERVER_ACK,48,0
*** Trama sin '*CRC' reconocible. ***

=== Registro 1557 (558/1001) ===

<-- Respuesta cruda: $CFG,ACK,LOGREAD,1557,2026-07-21 18:17:13,HEARTBEAT_RECEIVED,0,0
*** Trama sin '*CRC' reconocible. ***

=== Registro 1558 (559/1001) ===

<-- Respuesta cruda: $CFG,ACK,LOGREAD,1558,2026-07-21 18:17:58,SEND_OK,0,0
*** Trama sin '*CRC' reconocible. ***

=== Registro 1559 (560/1001) ===

<-- Respuesta cruda: $CFG,ACK,LOGREAD,1559,2026-07-21 18:17:58,SERVER_ACK,48,0
*** Trama sin '*CRC' reconocible. ***

=== Registro 1560 (561/1001) ===

<-- Respuesta cruda: $CFG,ACK,LOGREAD,1560,2026-07-21 18:18:16,HEARTBEAT_RECEIVED,0,0
*** Trama sin '*CRC' reconocible. ***

=== Registro 1561 (562/1001) ===

<-- Respuesta cruda: $CFG,BAD_CRC,LOGREAD,1561,2026-07-21 18:18:58,SEND_OK,907744274,0
*** Trama sin '*CRC' reconocible. ***

=== Registro 1562 (563/1001) ===

<-- Respuesta cruda: $CFG,BAD_CRC,LOGREAD,1562,0000-00-150 114:18:59,SERVER_ACK,48,0
*** Trama sin '*CRC' reconocible. ***

=== Registro 1563 (564/1001) ===

<-- Respuesta cruda: $CFG,ACK,LOGREAD,1563,2026-07-21 18:19:19,HEARTBEAT_RECEIVED,0,0
*** Trama sin '*CRC' reconocible. ***

=== Registro 1564 (565/1001) ===

<-- Respuesta cruda: $CFG,ACK,LOGREAD,1564,2026-07-21 18:19:26,CID_RECEIVED,0,0
*** Trama sin '*CRC' reconocible. ***

=== Registro 1565 (566/1001) ===

<-- Respuesta cruda: $CFG,ACK,LOGREAD,1565,2026-07-21 18:19:26,SEND_OK,0,0
*** Trama sin '*CRC' reconocible. ***

=== Registro 1566 (567/1001) ===

<-- Respuesta cruda: $CFG,ACK,LOGREAD,1566,2026-07-21 18:19:26,SERVER_ACK,48,0
*** Trama sin '*CRC' reconocible. ***

=== Registro 1567 (568/1001) ===

<-- Respuesta cruda: $CFG,ACK,LOGREAD,1567,2026-07-21 18:19:26,SERVER_ACK,0,0
*** Trama sin '*CRC' reconocible. ***

=== Registro 1568 (569/1001) ===

<-- Respuesta cruda: $CFG,BAD_CRC,LOGREAD,1568,2026-07-124 116:255:255,UNKNOWN,4294967295,4294967295
*** Trama sin '*CRC' reconocible. ***

=== Registro 1569 (570/1001) ===

<-- Respuesta cruda: $CFG,ACK,LOGREAD,1569,2026-07-21 18:20:27,SERVER_ACK,48,0
*** Trama sin '*CRC' reconocible. ***

=== Registro 1570 (571/1001) ===

<-- Respuesta cruda: $CFG,ACK,LOGREAD,1570,2026-07-21 18:20:30,HEARTBEAT_RECEIVED,0,0
*** Trama sin '*CRC' reconocible. ***

=== Registro 1571 (572/1001) ===

<-- Respuesta cruda: $CFG,ACK,LOGREAD,1571,2026-07-21 18:21:27,SEND_OK,0,0
*** Trama sin '*CRC' reconocible. ***

=== Registro 1572 (573/1001) ===

<-- Respuesta cruda: $CFG,ACK,LOGREAD,1572,2026-07-21 18:21:27,SERVER_ACK,48,0
*** Trama sin '*CRC' reconocible. ***

=== Registro 1573 (574/1001) ===

<-- Respuesta cruda: $CFG,ACK,LOGREAD,1573,2026-07-21 18:21:33,HEARTBEAT_RECEIVED,0,0
*** Trama sin '*CRC' reconocible. ***

=== Registro 1574 (575/1001) ===

<-- Respuesta cruda: $CFG,BAD_CRC,LOGREAD,1574,2026-07-21 18:22:27,SEND_OK,0,0
*** Trama sin '*CRC' reconocible. ***

=== Registro 1575 (576/1001) ===

<-- Respuesta cruda: $CFG,BAD_CRC,LOGREAD,1575,0000-00-183 253:22:27,SERVER_ACK,48,0
*** Trama sin '*CRC' reconocible. ***

=== Registro 1576 (577/1001) ===

<-- Respuesta cruda: $CFG,ACK,LOGREAD,1576,2026-07-21 18:22:36,HEARTBEAT_RECEIVED,0,0
*** Trama sin '*CRC' reconocible. ***

=== Registro 1577 (578/1001) ===

<-- Respuesta cruda: $CFG,ACK,LOGREAD,1577,2026-07-21 18:23:27,SEND_OK,0,0
*** Trama sin '*CRC' reconocible. ***

=== Registro 1578 (579/1001) ===

<-- Respuesta cruda: $CFG,ACK,LOGREAD,1578,2026-07-21 18:23:27,SERVER_ACK,48,0
*** Trama sin '*CRC' reconocible. ***

=== Registro 1579 (580/1001) ===

<-- Respuesta cruda: $CFG,ACK,LOGREAD,1579,2026-07-21 18:23:39,HEARTBEAT_RECEIVED,0,0
*** Trama sin '*CRC' reconocible. ***

=== Registro 1580 (581/1001) ===

<-- Respuesta cruda: $CFG,ACK,LOGREAD,1580,2026-07-21 18:24:27,SEND_OK,0,0
*** Trama sin '*CRC' reconocible. ***

=== Registro 1581 (582/1001) ===

<-- Respuesta cruda: $CFG,BAD_CRC,LOGREAD,1581,2026-07-21 18:24:27,SERVER_ACK,1140850736,0
*** Trama sin '*CRC' reconocible. ***

=== Registro 1582 (583/1001) ===

<-- Respuesta cruda: $CFG,BAD_CRC,LOGREAD,1582,0000-00-11 205:24:42,HEARTBEAT_RECEIVED,0,0
*** Trama sin '*CRC' reconocible. ***

=== Registro 1583 (584/1001) ===

<-- Respuesta cruda: $CFG,ACK,LOGREAD,1583,2026-07-21 18:25:27,SEND_OK,0,0
*** Trama sin '*CRC' reconocible. ***

=== Registro 1584 (585/1001) ===

<-- Respuesta cruda: $CFG,ACK,LOGREAD,1584,2026-07-21 18:25:28,SERVER_ACK,48,0
*** Trama sin '*CRC' reconocible. ***

=== Registro 1585 (586/1001) ===

<-- Respuesta cruda: $CFG,ACK,LOGREAD,1585,2026-07-21 18:25:45,HEARTBEAT_RECEIVED,0,0
*** Trama sin '*CRC' reconocible. ***

=== Registro 1586 (587/1001) ===

<-- Respuesta cruda: $CFG,ACK,LOGREAD,1586,2026-07-21 18:26:27,SEND_OK,0,0
*** Trama sin '*CRC' reconocible. ***

=== Registro 1587 (588/1001) ===

<-- Respuesta cruda: $CFG,ACK,LOGREAD,1587,2026-07-21 18:26:27,SERVER_ACK,48,0
*** Trama sin '*CRC' reconocible. ***

=== Registro 1588 (589/1001) ===

<-- Respuesta cruda: $CFG,BAD_CRC,LOGREAD,1588,2026-07-21 18:26:47,SIM_PIN_REQUIRED,907746578,0
*** Trama sin '*CRC' reconocible. ***

=== Registro 1589 (590/1001) ===

<-- Respuesta cruda: $CFG,BAD_CRC,LOGREAD,1589,0000-00-75 106:27:27,SEND_OK,0,0
*** Trama sin '*CRC' reconocible. ***

=== Registro 1590 (591/1001) ===

<-- Respuesta cruda: $CFG,ACK,LOGREAD,1590,2026-07-21 18:27:27,SERVER_ACK,48,0
*** Trama sin '*CRC' reconocible. ***

=== Registro 1591 (592/1001) ===

<-- Respuesta cruda: $CFG,ACK,LOGREAD,1591,2026-07-21 18:27:50,HEARTBEAT_RECEIVED,0,0
*** Trama sin '*CRC' reconocible. ***

=== Registro 1592 (593/1001) ===

<-- Respuesta cruda: $CFG,ACK,LOGREAD,1592,2026-07-21 18:28:27,SEND_OK,0,0
*** Trama sin '*CRC' reconocible. ***

=== Registro 1593 (594/1001) ===

<-- Respuesta cruda: $CFG,ACK,LOGREAD,1593,2026-07-21 18:28:27,SERVER_ACK,48,0
*** Trama sin '*CRC' reconocible. ***

=== Registro 1594 (595/1001) ===

<-- Respuesta cruda: $CFG,ACK,LOGREAD,1594,2026-07-21 18:28:53,HEARTBEAT_RECEIVED,0,0
*** Trama sin '*CRC' reconocible. ***

=== Registro 1595 (596/1001) ===

<-- Respuesta cruda: $CFG,BAD_CRC,LOGREAD,1595,2026-00-161 108:255:255,UNKNOWN,4294967295,4294967295
*** Trama sin '*CRC' reconocible. ***

=== Registro 1596 (597/1001) ===

<-- Respuesta cruda: $CFG,ACK,LOGREAD,1596,2026-07-21 18:29:27,SERVER_ACK,48,0
*** Trama sin '*CRC' reconocible. ***

=== Registro 1597 (598/1001) ===

<-- Respuesta cruda: $CFG,ACK,LOGREAD,1597,2026-07-21 18:29:56,HEARTBEAT_RECEIVED,0,0
*** Trama sin '*CRC' reconocible. ***

=== Registro 1598 (599/1001) ===

<-- Respuesta cruda: $CFG,ACK,LOGREAD,1598,2026-07-21 18:30:27,SEND_OK,0,0
*** Trama sin '*CRC' reconocible. ***

=== Registro 1599 (600/1001) ===

<-- Respuesta cruda: $CFG,ACK,LOGREAD,1599,2026-07-21 18:30:28,SERVER_ACK,48,0
*** Trama sin '*CRC' reconocible. ***

=== Registro 1600 (601/1001) ===

<-- Respuesta cruda: $CFG,ACK,LOGREAD,1600,2026-07-21 18:31:26,RS232_TIMEOUT,0,0
*** Trama sin '*CRC' reconocible. ***

=== Registro 1601 (602/1001) ===

<-- Respuesta cruda: $CFG,BAD_CRC,LOGREAD,1601,2026-07-21 18:31:27,SEND_OK,0,0
*** Trama sin '*CRC' reconocible. ***

=== Registro 1602 (603/1001) ===

<-- Respuesta cruda: $CFG,BAD_CRC,LOGREAD,1602,0000-00-195 233:31:28,SERVER_ACK,48,0
*** Trama sin '*CRC' reconocible. ***

=== Registro 1603 (604/1001) ===

<-- Respuesta cruda: $CFG,ACK,LOGREAD,1603,2026-07-21 18:32:06,CID_RECEIVED,0,0
*** Trama sin '*CRC' reconocible. ***

=== Registro 1604 (605/1001) ===

<-- Respuesta cruda: $CFG,ACK,LOGREAD,1604,2026-07-21 18:32:06,RS232_RESTORED,0,0
*** Trama sin '*CRC' reconocible. ***

=== Registro 1605 (606/1001) ===

<-- Respuesta cruda: $CFG,ACK,LOGREAD,1605,2026-07-21 18:32:06,SEND_OK,0,0
*** Trama sin '*CRC' reconocible. ***

=== Registro 1606 (607/1001) ===

<-- Respuesta cruda: $CFG,ACK,LOGREAD,1606,2026-07-21 18:32:08,SERVER_ACK,48,0
*** Trama sin '*CRC' reconocible. ***

=== Registro 1607 (608/1001) ===

<-- Respuesta cruda: $CFG,ACK,LOGREAD,1607,2026-07-21 18:32:08,SERVER_ACK,0,0
*** Trama sin '*CRC' reconocible. ***

=== Registro 1608 (609/1001) ===

<-- Respuesta cruda: $CFG,BAD_CRC,LOGREAD,1608,2026-07-21 18:32:56,CID_RECEIVED,909705216,0
*** Trama sin '*CRC' reconocible. ***

=== Registro 1609 (610/1001) ===

<-- Respuesta cruda: $CFG,BAD_CRC,LOGREAD,1609,0000-00-145 42:32:56,SEND_OK,0,0
*** Trama sin '*CRC' reconocible. ***

=== Registro 1610 (611/1001) ===

<-- Respuesta cruda: $CFG,ACK,LOGREAD,1610,2026-07-21 18:32:56,SERVER_ACK,48,0
*** Trama sin '*CRC' reconocible. ***

=== Registro 1611 (612/1001) ===

<-- Respuesta cruda: $CFG,ACK,LOGREAD,1611,2026-07-21 18:32:56,SERVER_ACK,0,0
*** Trama sin '*CRC' reconocible. ***

=== Registro 1612 (613/1001) ===

<-- Respuesta cruda: $CFG,ACK,LOGREAD,1612,2026-07-21 18:33:57,SEND_OK,0,0
*** Trama sin '*CRC' reconocible. ***

=== Registro 1613 (614/1001) ===

<-- Respuesta cruda: $CFG,ACK,LOGREAD,1613,2026-07-21 18:33:57,SERVER_ACK,48,0
*** Trama sin '*CRC' reconocible. ***

=== Registro 1614 (615/1001) ===

<-- Respuesta cruda: $CFG,ACK,LOGREAD,1614,2026-07-21 18:34:00,HEARTBEAT_RECEIVED,0,0
*** Trama sin '*CRC' reconocible. ***

=== Registro 1615 (616/1001) ===

<-- Respuesta cruda: $CFG,BAD_CRC,LOGREAD,1615,2026-07-21 18:34:07,SIM_PIN_REQUIRED,1178149906,12288
*** Trama sin '*CRC' reconocible. ***

=== Registro 1616 (617/1001) ===

<-- Respuesta cruda: $CFG,BAD_CRC,LOGREAD,1616,0000-00-242 184:34:57,SERVER_ACK,48,0
*** Trama sin '*CRC' reconocible. ***

=== Registro 1617 (618/1001) ===

<-- Respuesta cruda: $CFG,ACK,LOGREAD,1617,2026-07-21 18:35:03,HEARTBEAT_RECEIVED,0,0
*** Trama sin '*CRC' reconocible. ***

=== Registro 1618 (619/1001) ===

<-- Respuesta cruda: $CFG,ACK,LOGREAD,1618,2026-07-21 18:35:57,SEND_OK,0,0
*** Trama sin '*CRC' reconocible. ***

=== Registro 1619 (620/1001) ===

<-- Respuesta cruda: $CFG,ACK,LOGREAD,1619,2026-07-21 18:35:57,SERVER_ACK,48,0
*** Trama sin '*CRC' reconocible. ***

=== Registro 1620 (621/1001) ===

<-- Respuesta cruda: $CFG,ACK,LOGREAD,1620,2026-07-21 18:36:06,HEARTBEAT_RECEIVED,0,0
*** Trama sin '*CRC' reconocible. ***

=== Registro 1621 (622/1001) ===

<-- Respuesta cruda: $CFG,ACK,LOGREAD,1621,2026-07-21 18:36:57,SEND_OK,0,0
*** Trama sin '*CRC' reconocible. ***

=== Registro 1622 (623/1001) ===

<-- Respuesta cruda: $CFG,BAD_CRC,LOGREAD,1622,0234-00-226 198:255:255,UNKNOWN,4294967295,4294967295
*** Trama sin '*CRC' reconocible. ***

=== Registro 1623 (624/1001) ===

<-- Respuesta cruda: $CFG,ACK,LOGREAD,1623,2026-07-21 18:37:09,HEARTBEAT_RECEIVED,0,0
*** Trama sin '*CRC' reconocible. ***

=== Registro 1624 (625/1001) ===

<-- Respuesta cruda: $CFG,ACK,LOGREAD,1624,2026-07-21 18:37:57,SEND_OK,0,0
*** Trama sin '*CRC' reconocible. ***

=== Registro 1625 (626/1001) ===

<-- Respuesta cruda: $CFG,ACK,LOGREAD,1625,2026-07-21 18:37:57,SERVER_ACK,48,0
*** Trama sin '*CRC' reconocible. ***

=== Registro 1626 (627/1001) ===

<-- Respuesta cruda: $CFG,ACK,LOGREAD,1626,2026-07-21 18:38:12,HEARTBEAT_RECEIVED,0,0
*** Trama sin '*CRC' reconocible. ***

=== Registro 1627 (628/1001) ===

<-- Respuesta cruda: $CFG,ACK,LOGREAD,1627,2026-07-21 18:38:57,SEND_OK,0,0
*** Trama sin '*CRC' reconocible. ***

=== Registro 1628 (629/1001) ===

<-- Respuesta cruda: $CFG,BAD_CRC,LOGREAD,1628,2026-07-21 18:38:58,SERVER_ACK,48,0
*** Trama sin '*CRC' reconocible. ***

=== Registro 1629 (630/1001) ===

<-- Respuesta cruda: $CFG,BAD_CRC,LOGREAD,1629,0000-00-30 108:39:15,HEARTBEAT_RECEIVED,0,0
*** Trama sin '*CRC' reconocible. ***

=== Registro 1630 (631/1001) ===

<-- Respuesta cruda: $CFG,ACK,LOGREAD,1630,2026-07-21 18:39:57,SEND_OK,0,0
*** Trama sin '*CRC' reconocible. ***

=== Registro 1631 (632/1001) ===

<-- Respuesta cruda: $CFG,ACK,LOGREAD,1631,2026-07-21 18:39:58,SERVER_ACK,48,0
*** Trama sin '*CRC' reconocible. ***

=== Registro 1632 (633/1001) ===

<-- Respuesta cruda: $CFG,ACK,LOGREAD,1632,2026-07-21 18:40:18,HEARTBEAT_RECEIVED,0,0
*** Trama sin '*CRC' reconocible. ***

=== Registro 1633 (634/1001) ===

<-- Respuesta cruda: $CFG,ACK,LOGREAD,1633,2026-07-21 18:40:58,SEND_OK,0,0
*** Trama sin '*CRC' reconocible. ***

=== Registro 1634 (635/1001) ===

<-- Respuesta cruda: $CFG,ACK,LOGREAD,1634,2026-07-21 18:40:58,SERVER_ACK,48,0
*** Trama sin '*CRC' reconocible. ***

=== Registro 1635 (636/1001) ===

<-- Respuesta cruda: $CFG,BAD_CRC,LOGREAD,1635,2026-07-21 18:41:21,HEARTBEAT_RECEIVED,909781760,0
*** Trama sin '*CRC' reconocible. ***

=== Registro 1636 (637/1001) ===

<-- Respuesta cruda: $CFG,BAD_CRC,LOGREAD,1636,0000-00-182 74:41:58,SEND_OK,0,0
*** Trama sin '*CRC' reconocible. ***

=== Registro 1637 (638/1001) ===

<-- Respuesta cruda: $CFG,ACK,LOGREAD,1637,2026-07-21 18:41:58,SERVER_ACK,48,0
*** Trama sin '*CRC' reconocible. ***

=== Registro 1638 (639/1001) ===

<-- Respuesta cruda: $CFG,ACK,LOGREAD,1638,2026-07-21 18:42:24,HEARTBEAT_RECEIVED,0,0
*** Trama sin '*CRC' reconocible. ***

=== Registro 1639 (640/1001) ===

<-- Respuesta cruda: $CFG,ACK,LOGREAD,1639,2026-07-21 18:42:58,SEND_OK,0,0
*** Trama sin '*CRC' reconocible. ***

=== Registro 1640 (641/1001) ===

<-- Respuesta cruda: $CFG,ACK,LOGREAD,1640,2026-07-21 18:42:58,SERVER_ACK,48,0
*** Trama sin '*CRC' reconocible. ***

=== Registro 1641 (642/1001) ===

<-- Respuesta cruda: $CFG,ACK,LOGREAD,1641,2026-07-21 18:43:27,HEARTBEAT_RECEIVED,0,0
*** Trama sin '*CRC' reconocible. ***

=== Registro 1642 (643/1001) ===

<-- Respuesta cruda: $CFG,BAD_CRC,LOGREAD,1642,2026-07-21 18:255:255,UNKNOWN,4294967295,4294967295
*** Trama sin '*CRC' reconocible. ***

=== Registro 1643 (644/1001) ===

<-- Respuesta cruda: $CFG,ACK,LOGREAD,1643,2026-07-21 18:43:58,SERVER_ACK,48,0
*** Trama sin '*CRC' reconocible. ***

=== Registro 1644 (645/1001) ===

<-- Respuesta cruda: $CFG,ACK,LOGREAD,1644,2026-07-21 18:44:31,HEARTBEAT_RECEIVED,0,0
*** Trama sin '*CRC' reconocible. ***

=== Registro 1645 (646/1001) ===

<-- Respuesta cruda: $CFG,ACK,LOGREAD,1645,2026-07-21 18:44:58,SEND_OK,0,0
*** Trama sin '*CRC' reconocible. ***

=== Registro 1646 (647/1001) ===

<-- Respuesta cruda: $CFG,ACK,LOGREAD,1646,2026-07-21 18:44:58,SERVER_ACK,48,0
*** Trama sin '*CRC' reconocible. ***

=== Registro 1647 (648/1001) ===

<-- Respuesta cruda: $CFG,ACK,LOGREAD,1647,2026-07-21 18:45:34,HEARTBEAT_RECEIVED,0,0
*** Trama sin '*CRC' reconocible. ***

=== Registro 1648 (649/1001) ===

<-- Respuesta cruda: $CFG,ACK,LOGREAD,1648,2026-07-21 18:45:58,SEND_OK,0,0
*** Trama sin '*CRC' reconocible. ***

=== Registro 1649 (650/1001) ===

<-- Respuesta cruda: $CFG,BAD_CRC,LOGREAD,1649,0000-00-118 06:45:59,SERVER_ACK,48,0
*** Trama sin '*CRC' reconocible. ***

=== Registro 1650 (651/1001) ===

<-- Respuesta cruda: $CFG,ACK,LOGREAD,1650,2026-07-21 18:46:37,HEARTBEAT_RECEIVED,0,0
*** Trama sin '*CRC' reconocible. ***

=== Registro 1651 (652/1001) ===

<-- Respuesta cruda: $CFG,ACK,LOGREAD,1651,2026-07-21 18:46:58,SEND_OK,0,0
*** Trama sin '*CRC' reconocible. ***

=== Registro 1652 (653/1001) ===

<-- Respuesta cruda: $CFG,ACK,LOGREAD,1652,2026-07-21 18:46:59,SERVER_ACK,48,0
*** Trama sin '*CRC' reconocible. ***

=== Registro 1653 (654/1001) ===

<-- Respuesta cruda: $CFG,ACK,LOGREAD,1653,2026-07-21 18:47:40,HEARTBEAT_RECEIVED,0,0
*** Trama sin '*CRC' reconocible. ***

=== Registro 1654 (655/1001) ===

<-- Respuesta cruda: $CFG,ACK,LOGREAD,1654,2026-07-21 18:47:59,SEND_OK,0,0
*** Trama sin '*CRC' reconocible. ***

=== Registro 1655 (656/1001) ===

<-- Respuesta cruda: $CFG,BAD_CRC,LOGREAD,1655,2026-07-21 18:47:59,SERVER_ACK,48,0
*** Trama sin '*CRC' reconocible. ***

=== Registro 1656 (657/1001) ===

<-- Respuesta cruda: $CFG,BAD_CRC,LOGREAD,1656,0000-00-68 190:48:43,HEARTBEAT_RECEIVED,0,0
*** Trama sin '*CRC' reconocible. ***

=== Registro 1657 (658/1001) ===

<-- Respuesta cruda: $CFG,ACK,LOGREAD,1657,2026-07-21 18:48:59,SEND_OK,0,0
*** Trama sin '*CRC' reconocible. ***

=== Registro 1658 (659/1001) ===

<-- Respuesta cruda: $CFG,ACK,LOGREAD,1658,2026-07-21 18:48:59,SERVER_ACK,48,0
*** Trama sin '*CRC' reconocible. ***

=== Registro 1659 (660/1001) ===

<-- Respuesta cruda: $CFG,ACK,LOGREAD,1659,2026-07-21 18:49:46,HEARTBEAT_RECEIVED,0,0
*** Trama sin '*CRC' reconocible. ***

=== Registro 1660 (661/1001) ===

<-- Respuesta cruda: $CFG,ACK,LOGREAD,1660,2026-07-21 18:49:59,SEND_OK,0,0
*** Trama sin '*CRC' reconocible. ***

=== Registro 1661 (662/1001) ===

<-- Respuesta cruda: $CFG,ACK,LOGREAD,1661,2026-07-21 18:49:59,SERVER_ACK,48,0
*** Trama sin '*CRC' reconocible. ***

=== Registro 1662 (663/1001) ===

<-- Respuesta cruda: $CFG,BAD_CRC,LOGREAD,1662,2026-07-21 18:50:49,HEARTBEAT_RECEIVED,909849618,0
*** Trama sin '*CRC' reconocible. ***

=== Registro 1663 (664/1001) ===

<-- Respuesta cruda: $CFG,BAD_CRC,LOGREAD,1663,0000-00-76 182:50:59,SEND_OK,0,0
*** Trama sin '*CRC' reconocible. ***

=== Registro 1664 (665/1001) ===

<-- Respuesta cruda: $CFG,ACK,LOGREAD,1664,2026-07-21 18:50:59,SERVER_ACK,48,0
*** Trama sin '*CRC' reconocible. ***

=== Registro 1665 (666/1001) ===

<-- Respuesta cruda: $CFG,ACK,LOGREAD,1665,2026-07-21 18:51:52,HEARTBEAT_RECEIVED,0,0
*** Trama sin '*CRC' reconocible. ***

=== Registro 1666 (667/1001) ===

<-- Respuesta cruda: $CFG,ACK,LOGREAD,1666,2026-07-21 18:51:59,SEND_OK,0,0
*** Trama sin '*CRC' reconocible. ***

=== Registro 1667 (668/1001) ===

<-- Respuesta cruda: $CFG,ACK,LOGREAD,1667,2026-07-21 18:51:59,SERVER_ACK,48,0
*** Trama sin '*CRC' reconocible. ***

=== Registro 1668 (669/1001) ===

<-- Respuesta cruda: $CFG,ACK,LOGREAD,1668,2026-07-21 18:52:55,HEARTBEAT_RECEIVED,0,0
*** Trama sin '*CRC' reconocible. ***

=== Registro 1669 (670/1001) ===

<-- Respuesta cruda: $CFG,BAD_CRC,LOGREAD,1669,2026-07-21 15:255:255,UNKNOWN,4294967295,4294967295
*** Trama sin '*CRC' reconocible. ***

=== Registro 1670 (671/1001) ===

<-- Respuesta cruda: $CFG,ACK,LOGREAD,1670,2026-07-21 18:53:00,SERVER_ACK,48,0
*** Trama sin '*CRC' reconocible. ***

=== Registro 1671 (672/1001) ===

<-- Respuesta cruda: $CFG,ACK,LOGREAD,1671,2026-07-21 18:53:58,HEARTBEAT_RECEIVED,0,0
*** Trama sin '*CRC' reconocible. ***

=== Registro 1672 (673/1001) ===

<-- Respuesta cruda: $CFG,ACK,LOGREAD,1672,2026-07-21 18:53:59,SEND_OK,0,0
*** Trama sin '*CRC' reconocible. ***

=== Registro 1673 (674/1001) ===

<-- Respuesta cruda: $CFG,ACK,LOGREAD,1673,2026-07-21 18:54:00,SERVER_ACK,48,0
*** Trama sin '*CRC' reconocible. ***

=== Registro 1674 (675/1001) ===

<-- Respuesta cruda: $CFG,ACK,LOGREAD,1674,2026-07-21 18:55:00,SEND_OK,0,0
*** Trama sin '*CRC' reconocible. ***

=== Registro 1675 (676/1001) ===

<-- Respuesta cruda: $CFG,BAD_CRC,LOGREAD,1675,2026-07-21 18:55:00,SERVER_ACK,48,0
*** Trama sin '*CRC' reconocible. ***

=== Registro 1676 (677/1001) ===

<-- Respuesta cruda: $CFG,BAD_CRC,LOGREAD,1676,0000-00-192 174:55:01,HEARTBEAT_RECEIVED,0,0
*** Trama sin '*CRC' reconocible. ***

=== Registro 1677 (678/1001) ===

<-- Respuesta cruda: $CFG,ACK,LOGREAD,1677,2026-07-21 18:56:00,SEND_OK,0,0
*** Trama sin '*CRC' reconocible. ***

=== Registro 1678 (679/1001) ===

<-- Respuesta cruda: $CFG,ACK,LOGREAD,1678,2026-07-21 18:56:00,SERVER_ACK,48,0
*** Trama sin '*CRC' reconocible. ***

=== Registro 1679 (680/1001) ===

<-- Respuesta cruda: $CFG,ACK,LOGREAD,1679,2026-07-21 18:56:04,HEARTBEAT_RECEIVED,0,0
*** Trama sin '*CRC' reconocible. ***

=== Registro 1680 (681/1001) ===

<-- Respuesta cruda: $CFG,ACK,LOGREAD,1680,2026-07-21 18:57:00,SEND_OK,0,0
*** Trama sin '*CRC' reconocible. ***

=== Registro 1681 (682/1001) ===

<-- Respuesta cruda: $CFG,ACK,LOGREAD,1681,2026-07-21 18:57:00,SERVER_ACK,48,0
*** Trama sin '*CRC' reconocible. ***

=== Registro 1682 (683/1001) ===

<-- Respuesta cruda: $CFG,BAD_CRC,LOGREAD,1682,2026-07-21 18:57:07,HEARTBEAT_RECEIVED,0,0
*** Trama sin '*CRC' reconocible. ***

=== Registro 1683 (684/1001) ===

<-- Respuesta cruda: $CFG,BAD_CRC,LOGREAD,1683,0000-00-56 130:58:00,SEND_OK,0,0
*** Trama sin '*CRC' reconocible. ***

=== Registro 1684 (685/1001) ===

<-- Respuesta cruda: $CFG,ACK,LOGREAD,1684,2026-07-21 18:58:00,SERVER_ACK,48,0
*** Trama sin '*CRC' reconocible. ***

=== Registro 1685 (686/1001) ===

<-- Respuesta cruda: $CFG,ACK,LOGREAD,1685,2026-07-21 18:58:10,HEARTBEAT_RECEIVED,0,0
*** Trama sin '*CRC' reconocible. ***

=== Registro 1686 (687/1001) ===

<-- Respuesta cruda: $CFG,ACK,LOGREAD,1686,2026-07-21 18:59:00,SEND_OK,0,0
*** Trama sin '*CRC' reconocible. ***

=== Registro 1687 (688/1001) ===

<-- Respuesta cruda: $CFG,ACK,LOGREAD,1687,2026-07-21 18:59:00,SERVER_ACK,48,0
*** Trama sin '*CRC' reconocible. ***

=== Registro 1688 (689/1001) ===

<-- Respuesta cruda: $CFG,ACK,LOGREAD,1688,2026-07-21 18:59:13,HEARTBEAT_RECEIVED,0,0
*** Trama sin '*CRC' reconocible. ***

=== Registro 1689 (690/1001) ===

<-- Respuesta cruda: $CFG,BAD_CRC,LOGREAD,1689,2026-07-21 19:00:00,SEND_OK,1174471187,12288
*** Trama sin '*CRC' reconocible. ***

=== Registro 1690 (691/1001) ===

<-- Respuesta cruda: $CFG,BAD_CRC,LOGREAD,1690,0000-00-198 197:00:01,SERVER_ACK,48,0
*** Trama sin '*CRC' reconocible. ***

=== Registro 1691 (692/1001) ===

<-- Respuesta cruda: $CFG,ACK,LOGREAD,1691,2026-07-21 19:00:16,HEARTBEAT_RECEIVED,0,0
*** Trama sin '*CRC' reconocible. ***

=== Registro 1692 (693/1001) ===

<-- Respuesta cruda: $CFG,ACK,LOGREAD,1692,2026-07-21 19:01:01,SEND_OK,0,0
*** Trama sin '*CRC' reconocible. ***

=== Registro 1693 (694/1001) ===

<-- Respuesta cruda: $CFG,ACK,LOGREAD,1693,2026-07-21 19:01:01,SERVER_ACK,48,0
*** Trama sin '*CRC' reconocible. ***

=== Registro 1694 (695/1001) ===

<-- Respuesta cruda: $CFG,ACK,LOGREAD,1694,2026-07-21 19:01:19,HEARTBEAT_RECEIVED,0,0
*** Trama sin '*CRC' reconocible. ***

=== Registro 1695 (696/1001) ===

<-- Respuesta cruda: $CFG,ACK,LOGREAD,1695,2026-07-21 19:02:01,SEND_OK,0,0
*** Trama sin '*CRC' reconocible. ***

=== Registro 1696 (697/1001) ===

<-- Respuesta cruda: $CFG,BAD_CRC,LOGREAD,1696,2026-07-26 249:255:255,UNKNOWN,4294967295,4294967295
*** Trama sin '*CRC' reconocible. ***

=== Registro 1697 (698/1001) ===

<-- Respuesta cruda: $CFG,ACK,LOGREAD,1697,2026-07-21 19:02:22,HEARTBEAT_RECEIVED,0,0
*** Trama sin '*CRC' reconocible. ***

=== Registro 1698 (699/1001) ===

<-- Respuesta cruda: $CFG,ACK,LOGREAD,1698,2026-07-21 19:02:28,CID_RECEIVED,0,0
*** Trama sin '*CRC' reconocible. ***

=== Registro 1699 (700/1001) ===

<-- Respuesta cruda: $CFG,ACK,LOGREAD,1699,2026-07-21 19:02:28,SEND_OK,0,0
*** Trama sin '*CRC' reconocible. ***

=== Registro 1700 (701/1001) ===

<-- Respuesta cruda: $CFG,ACK,LOGREAD,1700,2026-07-21 19:02:29,SERVER_ACK,48,0
*** Trama sin '*CRC' reconocible. ***

=== Registro 1701 (702/1001) ===

<-- Respuesta cruda: $CFG,ACK,LOGREAD,1701,2026-07-21 19:02:29,SERVER_ACK,0,0
*** Trama sin '*CRC' reconocible. ***

=== Registro 1702 (703/1001) ===

<-- Respuesta cruda: $CFG,BAD_CRC,LOGREAD,1702,2026-07-21 19:03:29,SEND_OK,0,0
*** Trama sin '*CRC' reconocible. ***

=== Registro 1703 (704/1001) ===

<-- Respuesta cruda: $CFG,BAD_CRC,LOGREAD,1703,0000-00-170 07:03:29,SERVER_ACK,48,0
*** Trama sin '*CRC' reconocible. ***

=== Registro 1704 (705/1001) ===

<-- Respuesta cruda: $CFG,ACK,LOGREAD,1704,2026-07-21 19:03:32,HEARTBEAT_RECEIVED,0,0
*** Trama sin '*CRC' reconocible. ***

=== Registro 1705 (706/1001) ===

<-- Respuesta cruda: $CFG,ACK,LOGREAD,1705,2026-07-21 19:04:14,CID_RECEIVED,0,0
*** Trama sin '*CRC' reconocible. ***

=== Registro 1706 (707/1001) ===

<-- Respuesta cruda: $CFG,ACK,LOGREAD,1706,2026-07-21 19:04:15,SEND_OK,0,0
*** Trama sin '*CRC' reconocible. ***

=== Registro 1707 (708/1001) ===

<-- Respuesta cruda: $CFG,ACK,LOGREAD,1707,2026-07-21 19:04:15,SERVER_ACK,48,0
*** Trama sin '*CRC' reconocible. ***

=== Registro 1708 (709/1001) ===

<-- Respuesta cruda: $CFG,ACK,LOGREAD,1708,2026-07-21 19:04:15,SERVER_ACK,0,0
*** Trama sin '*CRC' reconocible. ***

=== Registro 1709 (710/1001) ===

<-- Respuesta cruda: $CFG,BAD_CRC,LOGREAD,1709,2026-07-21 19:05:15,SEND_OK,1174405120,12288
*** Trama sin '*CRC' reconocible. ***

=== Registro 1710 (711/1001) ===

<-- Respuesta cruda: $CFG,BAD_CRC,LOGREAD,1710,0000-00-19 70:05:15,SERVER_ACK,48,0
*** Trama sin '*CRC' reconocible. ***

=== Registro 1711 (712/1001) ===

<-- Respuesta cruda: $CFG,ACK,LOGREAD,1711,2026-07-21 19:05:18,HEARTBEAT_RECEIVED,0,0
*** Trama sin '*CRC' reconocible. ***

=== Registro 1712 (713/1001) ===

<-- Respuesta cruda: $CFG,ACK,LOGREAD,1712,2026-07-21 19:06:15,SEND_OK,0,0
*** Trama sin '*CRC' reconocible. ***

=== Registro 1713 (714/1001) ===

<-- Respuesta cruda: $CFG,ACK,LOGREAD,1713,2026-07-21 19:06:16,SERVER_ACK,48,0
*** Trama sin '*CRC' reconocible. ***

=== Registro 1714 (715/1001) ===

<-- Respuesta cruda: $CFG,ACK,LOGREAD,1714,2026-07-21 19:06:21,HEARTBEAT_RECEIVED,0,0
*** Trama sin '*CRC' reconocible. ***

=== Registro 1715 (716/1001) ===

<-- Respuesta cruda: $CFG,ACK,LOGREAD,1715,2026-07-21 19:07:15,SEND_OK,0,0
*** Trama sin '*CRC' reconocible. ***

=== Registro 1716 (717/1001) ===

<-- Respuesta cruda: $CFG,BAD_CRC,LOGREAD,1716,2026-07-21 19:07:16,SIM_PIN_REQUIRED,1094322451,0
*** Trama sin '*CRC' reconocible. ***

=== Registro 1717 (718/1001) ===

<-- Respuesta cruda: $CFG,BAD_CRC,LOGREAD,1717,0000-00-228 164:07:24,HEARTBEAT_RECEIVED,0,0
*** Trama sin '*CRC' reconocible. ***

=== Registro 1718 (719/1001) ===

<-- Respuesta cruda: $CFG,ACK,LOGREAD,1718,2026-07-21 19:08:15,SEND_OK,0,0
*** Trama sin '*CRC' reconocible. ***

=== Registro 1719 (720/1001) ===

<-- Respuesta cruda: $CFG,ACK,LOGREAD,1719,2026-07-21 19:08:16,SERVER_ACK,48,0
*** Trama sin '*CRC' reconocible. ***

=== Registro 1720 (721/1001) ===

<-- Respuesta cruda: $CFG,ACK,LOGREAD,1720,2026-07-21 19:08:28,HEARTBEAT_RECEIVED,0,0
*** Trama sin '*CRC' reconocible. ***

=== Registro 1721 (722/1001) ===

<-- Respuesta cruda: $CFG,ACK,LOGREAD,1721,2026-07-21 19:09:16,SEND_OK,0,0
*** Trama sin '*CRC' reconocible. ***

=== Registro 1722 (723/1001) ===

<-- Respuesta cruda: $CFG,ACK,LOGREAD,1722,2026-07-21 19:09:16,SERVER_ACK,48,0
*** Trama sin '*CRC' reconocible. ***

=== Registro 1723 (724/1001) ===

<-- Respuesta cruda: $CFG,BAD_CRC,LOGREAD,1723,2026-00-83 37:255:255,UNKNOWN,4294967295,4294967295
*** Trama sin '*CRC' reconocible. ***

=== Registro 1724 (725/1001) ===

<-- Respuesta cruda: $CFG,ACK,LOGREAD,1724,2026-07-21 19:10:16,SEND_OK,0,0
*** Trama sin '*CRC' reconocible. ***

=== Registro 1725 (726/1001) ===

<-- Respuesta cruda: $CFG,ACK,LOGREAD,1725,2026-07-21 19:10:16,SERVER_ACK,48,0
*** Trama sin '*CRC' reconocible. ***

=== Registro 1726 (727/1001) ===

<-- Respuesta cruda: $CFG,ACK,LOGREAD,1726,2026-07-21 19:10:36,CID_RECEIVED,0,0
*** Trama sin '*CRC' reconocible. ***

=== Registro 1727 (728/1001) ===

<-- Respuesta cruda: $CFG,ACK,LOGREAD,1727,2026-07-21 19:10:36,RS232_RESTORED,0,0
*** Trama sin '*CRC' reconocible. ***

=== Registro 1728 (729/1001) ===

<-- Respuesta cruda: $CFG,ACK,LOGREAD,1728,2026-07-21 19:10:36,SEND_OK,0,0
*** Trama sin '*CRC' reconocible. ***

=== Registro 1729 (730/1001) ===

<-- Respuesta cruda: $CFG,BAD_CRC,LOGREAD,1729,2026-07-21 19:10:37,SERVER_ACK,48,0
*** Trama sin '*CRC' reconocible. ***

=== Registro 1730 (731/1001) ===

<-- Respuesta cruda: $CFG,BAD_CRC,LOGREAD,1730,0000-00-80 130:10:37,SERVER_ACK,0,0
*** Trama sin '*CRC' reconocible. ***

=== Registro 1731 (732/1001) ===

<-- Respuesta cruda: $CFG,ACK,LOGREAD,1731,2026-07-21 19:11:26,CID_RECEIVED,0,0
*** Trama sin '*CRC' reconocible. ***

=== Registro 1732 (733/1001) ===

<-- Respuesta cruda: $CFG,ACK,LOGREAD,1732,2026-07-21 19:11:26,SEND_OK,0,0
*** Trama sin '*CRC' reconocible. ***

=== Registro 1733 (734/1001) ===

<-- Respuesta cruda: $CFG,ACK,LOGREAD,1733,2026-07-21 19:11:27,SERVER_ACK,48,0
*** Trama sin '*CRC' reconocible. ***

=== Registro 1734 (735/1001) ===

<-- Respuesta cruda: $CFG,ACK,LOGREAD,1734,2026-07-21 19:11:27,SERVER_ACK,0,0
*** Trama sin '*CRC' reconocible. ***

=== Registro 1735 (736/1001) ===

<-- Respuesta cruda: $CFG,ACK,LOGREAD,1735,2026-07-21 19:12:27,SEND_OK,0,0
*** Trama sin '*CRC' reconocible. ***

=== Registro 1736 (737/1001) ===

<-- Respuesta cruda: $CFG,BAD_CRC,LOGREAD,1736,2026-07-21 19:12:27,SERVER_ACK,1143210032,0
*** Trama sin '*CRC' reconocible. ***

=== Registro 1737 (738/1001) ===

<-- Respuesta cruda: $CFG,BAD_CRC,LOGREAD,1737,0000-00-152 104:12:30,HEARTBEAT_RECEIVED,0,0
*** Trama sin '*CRC' reconocible. ***

=== Registro 1738 (739/1001) ===

<-- Respuesta cruda: $CFG,ACK,LOGREAD,1738,2026-07-21 19:13:27,SEND_OK,0,0
*** Trama sin '*CRC' reconocible. ***

=== Registro 1739 (740/1001) ===

<-- Respuesta cruda: $CFG,ACK,LOGREAD,1739,2026-07-21 19:13:27,SERVER_ACK,48,0
*** Trama sin '*CRC' reconocible. ***

=== Registro 1740 (741/1001) ===

<-- Respuesta cruda: $CFG,ACK,LOGREAD,1740,2026-07-21 19:13:33,HEARTBEAT_RECEIVED,0,0
*** Trama sin '*CRC' reconocible. ***

=== Registro 1741 (742/1001) ===

<-- Respuesta cruda: $CFG,ACK,LOGREAD,1741,2026-07-21 19:14:27,SEND_OK,0,0
*** Trama sin '*CRC' reconocible. ***

=== Registro 1742 (743/1001) ===

<-- Respuesta cruda: $CFG,ACK,LOGREAD,1742,2026-07-21 19:14:27,SERVER_ACK,48,0
*** Trama sin '*CRC' reconocible. ***

=== Registro 1743 (744/1001) ===

<-- Respuesta cruda: $CFG,BAD_CRC,LOGREAD,1743,2026-07-21 19:14:07,SIM_PIN_REQUIRED,907809043,0
*** Trama sin '*CRC' reconocible. ***

=== Registro 1744 (745/1001) ===

<-- Respuesta cruda: $CFG,BAD_CRC,LOGREAD,1744,0000-00-233 16:15:27,SEND_OK,0,0
*** Trama sin '*CRC' reconocible. ***

=== Registro 1745 (746/1001) ===

<-- Respuesta cruda: $CFG,ACK,LOGREAD,1745,2026-07-21 19:15:28,SERVER_ACK,48,0
*** Trama sin '*CRC' reconocible. ***

=== Registro 1746 (747/1001) ===

<-- Respuesta cruda: $CFG,ACK,LOGREAD,1746,2026-07-21 19:15:39,HEARTBEAT_RECEIVED,0,0
*** Trama sin '*CRC' reconocible. ***

=== Registro 1747 (748/1001) ===

<-- Respuesta cruda: $CFG,ACK,LOGREAD,1747,2026-07-21 19:16:27,SEND_OK,0,0
*** Trama sin '*CRC' reconocible. ***

=== Registro 1748 (749/1001) ===

<-- Respuesta cruda: $CFG,ACK,LOGREAD,1748,2026-07-21 19:16:28,SERVER_ACK,48,0
*** Trama sin '*CRC' reconocible. ***

=== Registro 1749 (750/1001) ===

<-- Respuesta cruda: $CFG,ACK,LOGREAD,1749,2026-07-21 19:16:42,HEARTBEAT_RECEIVED,0,0
*** Trama sin '*CRC' reconocible. ***

=== Registro 1750 (751/1001) ===

<-- Respuesta cruda: $CFG,BAD_CRC,LOGREAD,1750,0234-00-03 22:255:255,UNKNOWN,4294967295,4294967295
*** Trama sin '*CRC' reconocible. ***

=== Registro 1751 (752/1001) ===

<-- Respuesta cruda: $CFG,ACK,LOGREAD,1751,2026-07-21 19:17:28,SERVER_ACK,48,0
*** Trama sin '*CRC' reconocible. ***

=== Registro 1752 (753/1001) ===

<-- Respuesta cruda: $CFG,ACK,LOGREAD,1752,2026-07-21 19:17:45,HEARTBEAT_RECEIVED,0,0
*** Trama sin '*CRC' reconocible. ***

=== Registro 1753 (754/1001) ===

<-- Respuesta cruda: $CFG,ACK,LOGREAD,1753,2026-07-21 19:18:28,SEND_OK,0,0
*** Trama sin '*CRC' reconocible. ***

=== Registro 1754 (755/1001) ===

<-- Respuesta cruda: $CFG,ACK,LOGREAD,1754,2026-07-21 19:18:28,SERVER_ACK,48,0
*** Trama sin '*CRC' reconocible. ***

=== Registro 1755 (756/1001) ===

<-- Respuesta cruda: $CFG,ACK,LOGREAD,1755,2026-07-21 19:18:48,HEARTBEAT_RECEIVED,0,0
*** Trama sin '*CRC' reconocible. ***

=== Registro 1756 (757/1001) ===

<-- Respuesta cruda: $CFG,BAD_CRC,LOGREAD,1756,2026-07-21 19:19:28,SEND_OK,0,0
*** Trama sin '*CRC' reconocible. ***

=== Registro 1757 (758/1001) ===

<-- Respuesta cruda: $CFG,BAD_CRC,LOGREAD,1757,0000-00-96 132:19:28,SERVER_ACK,48,0
*** Trama sin '*CRC' reconocible. ***

=== Registro 1758 (759/1001) ===

<-- Respuesta cruda: $CFG,ACK,LOGREAD,1758,2026-07-21 19:19:51,HEARTBEAT_RECEIVED,0,0
*** Trama sin '*CRC' reconocible. ***

=== Registro 1759 (760/1001) ===

<-- Respuesta cruda: $CFG,ACK,LOGREAD,1759,2026-07-21 19:20:28,SEND_OK,0,0
*** Trama sin '*CRC' reconocible. ***

=== Registro 1760 (761/1001) ===

<-- Respuesta cruda: $CFG,ACK,LOGREAD,1760,2026-07-21 19:20:28,SERVER_ACK,48,0
*** Trama sin '*CRC' reconocible. ***

=== Registro 1761 (762/1001) ===

<-- Respuesta cruda: $CFG,ACK,LOGREAD,1761,2026-07-21 19:20:54,HEARTBEAT_RECEIVED,0,0
*** Trama sin '*CRC' reconocible. ***

=== Registro 1762 (763/1001) ===

<-- Respuesta cruda: $CFG,ACK,LOGREAD,1762,2026-07-21 19:21:28,SEND_OK,0,0
*** Trama sin '*CRC' reconocible. ***

=== Registro 1763 (764/1001) ===

<-- Respuesta cruda: $CFG,BAD_CRC,LOGREAD,1763,2026-07-21 19:21:28,SERVER_ACK,1141119024,0
*** Trama sin '*CRC' reconocible. ***

=== Registro 1764 (765/1001) ===

<-- Respuesta cruda: $CFG,BAD_CRC,LOGREAD,1764,0000-00-140 254:21:57,HEARTBEAT_RECEIVED,0,0
*** Trama sin '*CRC' reconocible. ***

=== Registro 1765 (766/1001) ===

<-- Respuesta cruda: $CFG,ACK,LOGREAD,1765,2026-07-21 19:22:28,SEND_OK,0,0
*** Trama sin '*CRC' reconocible. ***

=== Registro 1766 (767/1001) ===

<-- Respuesta cruda: $CFG,ACK,LOGREAD,1766,2026-07-21 19:22:29,SERVER_ACK,48,0
*** Trama sin '*CRC' reconocible. ***

=== Registro 1767 (768/1001) ===

<-- Respuesta cruda: $CFG,ACK,LOGREAD,1767,2026-07-21 19:23:01,HEARTBEAT_RECEIVED,0,0
*** Trama sin '*CRC' reconocible. ***

=== Registro 1768 (769/1001) ===

<-- Respuesta cruda: $CFG,ACK,LOGREAD,1768,2026-07-21 19:23:28,SEND_OK,0,0
*** Trama sin '*CRC' reconocible. ***

=== Registro 1769 (770/1001) ===

<-- Respuesta cruda: $CFG,ACK,LOGREAD,1769,2026-07-21 19:23:29,SERVER_ACK,48,0
*** Trama sin '*CRC' reconocible. ***

=== Registro 1770 (771/1001) ===

<-- Respuesta cruda: $CFG,BAD_CRC,LOGREAD,1770,2026-07-21 19:255:255,UNKNOWN,4294967295,4294967295
*** Trama sin '*CRC' reconocible. ***

=== Registro 1771 (772/1001) ===

<-- Respuesta cruda: $CFG,ACK,LOGREAD,1771,2026-07-21 19:24:29,SEND_OK,0,0
*** Trama sin '*CRC' reconocible. ***

=== Registro 1772 (773/1001) ===

<-- Respuesta cruda: $CFG,ACK,LOGREAD,1772,2026-07-21 19:24:29,SERVER_ACK,48,0
*** Trama sin '*CRC' reconocible. ***

=== Registro 1773 (774/1001) ===

<-- Respuesta cruda: $CFG,ACK,LOGREAD,1773,2026-07-21 19:25:08,HEARTBEAT_RECEIVED,0,0
*** Trama sin '*CRC' reconocible. ***

=== Registro 1774 (775/1001) ===

<-- Respuesta cruda: $CFG,ACK,LOGREAD,1774,2026-07-21 19:25:29,SEND_OK,0,0
*** Trama sin '*CRC' reconocible. ***

=== Registro 1775 (776/1001) ===

<-- Respuesta cruda: $CFG,ACK,LOGREAD,1775,2026-07-21 19:25:29,SERVER_ACK,48,0
*** Trama sin '*CRC' reconocible. ***

=== Registro 1776 (777/1001) ===

<-- Respuesta cruda: $CFG,ACK,LOGREAD,1776,2026-07-21 19:26:10,HEARTBEAT_RECEIVED,0,0
*** Trama sin '*CRC' reconocible. ***

=== Registro 1777 (778/1001) ===

<-- Respuesta cruda: $CFG,BAD_CRC,LOGREAD,1777,0000-00-224 05:26:28,SEND_OK,0,0
*** Trama sin '*CRC' reconocible. ***

=== Registro 1778 (779/1001) ===

<-- Respuesta cruda: $CFG,ACK,LOGREAD,1778,2026-07-21 19:26:28,SERVER_ACK,48,0
*** Trama sin '*CRC' reconocible. ***

=== Registro 1779 (780/1001) ===

<-- Respuesta cruda: $CFG,ACK,LOGREAD,1779,2026-07-21 19:27:13,HEARTBEAT_RECEIVED,0,0
*** Trama sin '*CRC' reconocible. ***

=== Registro 1780 (781/1001) ===

<-- Respuesta cruda: $CFG,ACK,LOGREAD,1780,2026-07-21 19:27:28,SEND_OK,0,0
*** Trama sin '*CRC' reconocible. ***

=== Registro 1781 (782/1001) ===

<-- Respuesta cruda: $CFG,ACK,LOGREAD,1781,2026-07-21 19:27:29,SERVER_ACK,48,0
*** Trama sin '*CRC' reconocible. ***

=== Registro 1782 (783/1001) ===

<-- Respuesta cruda: $CFG,ACK,LOGREAD,1782,2026-07-21 19:28:16,HEARTBEAT_RECEIVED,0,0
*** Trama sin '*CRC' reconocible. ***

=== Registro 1783 (784/1001) ===

<-- Respuesta cruda: $CFG,BAD_CRC,LOGREAD,1783,2026-07-21 19:28:28,SEND_OK,0,12288
*** Trama sin '*CRC' reconocible. ***

=== Registro 1784 (785/1001) ===

<-- Respuesta cruda: $CFG,BAD_CRC,LOGREAD,1784,0000-00-30 66:28:29,SERVER_ACK,48,0
*** Trama sin '*CRC' reconocible. ***

=== Registro 1785 (786/1001) ===

<-- Respuesta cruda: $CFG,ACK,LOGREAD,1785,2026-07-21 19:29:19,HEARTBEAT_RECEIVED,0,0
*** Trama sin '*CRC' reconocible. ***

=== Registro 1786 (787/1001) ===

<-- Respuesta cruda: $CFG,ACK,LOGREAD,1786,2026-07-21 19:29:29,SEND_OK,0,0
*** Trama sin '*CRC' reconocible. ***

=== Registro 1787 (788/1001) ===

<-- Respuesta cruda: $CFG,ACK,LOGREAD,1787,2026-07-21 19:29:29,SERVER_ACK,48,0
*** Trama sin '*CRC' reconocible. ***

=== Registro 1788 (789/1001) ===

<-- Respuesta cruda: $CFG,ACK,LOGREAD,1788,2026-07-21 19:30:22,HEARTBEAT_RECEIVED,0,0
*** Trama sin '*CRC' reconocible. ***

=== Registro 1789 (790/1001) ===

<-- Respuesta cruda: $CFG,ACK,LOGREAD,1789,2026-07-21 19:30:29,SEND_OK,0,0
*** Trama sin '*CRC' reconocible. ***

=== Registro 1790 (791/1001) ===

<-- Respuesta cruda: $CFG,BAD_CRC,LOGREAD,1790,2026-07-21 19:30:29,SERVER_ACK,907878675,0
*** Trama sin '*CRC' reconocible. ***

=== Registro 1791 (792/1001) ===

<-- Respuesta cruda: $CFG,BAD_CRC,LOGREAD,1791,0000-00-80 145:31:25,HEARTBEAT_RECEIVED,0,0
*** Trama sin '*CRC' reconocible. ***

=== Registro 1792 (793/1001) ===

<-- Respuesta cruda: $CFG,ACK,LOGREAD,1792,2026-07-21 19:31:29,SEND_OK,0,0
*** Trama sin '*CRC' reconocible. ***

=== Registro 1793 (794/1001) ===

<-- Respuesta cruda: $CFG,ACK,LOGREAD,1793,2026-07-21 19:31:29,SERVER_ACK,48,0
*** Trama sin '*CRC' reconocible. ***

=== Registro 1794 (795/1001) ===

<-- Respuesta cruda: $CFG,ACK,LOGREAD,1794,2026-07-21 19:32:28,HEARTBEAT_RECEIVED,0,0
*** Trama sin '*CRC' reconocible. ***

=== Registro 1795 (796/1001) ===

<-- Respuesta cruda: $CFG,ACK,LOGREAD,1795,2026-07-21 19:32:29,SEND_OK,0,0
*** Trama sin '*CRC' reconocible. ***

=== Registro 1796 (797/1001) ===

<-- Respuesta cruda: $CFG,ACK,LOGREAD,1796,2026-07-21 19:32:29,SERVER_ACK,48,0
*** Trama sin '*CRC' reconocible. ***

=== Registro 1797 (798/1001) ===

<-- Respuesta cruda: $CFG,BAD_CRC,LOGREAD,1797,2026-07-21 151:255:255,UNKNOWN,4294967295,4294967295
*** Trama sin '*CRC' reconocible. ***

=== Registro 1798 (799/1001) ===

<-- Respuesta cruda: $CFG,ACK,LOGREAD,1798,2026-07-21 19:33:29,SERVER_ACK,48,0
*** Trama sin '*CRC' reconocible. ***

=== Registro 1799 (800/1001) ===

<-- Respuesta cruda: $CFG,ACK,LOGREAD,1799,2026-07-21 19:33:31,HEARTBEAT_RECEIVED,0,0
*** Trama sin '*CRC' reconocible. ***

=== Registro 1800 (801/1001) ===

<-- Respuesta cruda: $CFG,ACK,LOGREAD,1800,2026-07-21 19:34:29,SEND_OK,0,0
*** Trama sin '*CRC' reconocible. ***

=== Registro 1801 (802/1001) ===

<-- Respuesta cruda: $CFG,ACK,LOGREAD,1801,2026-07-21 19:34:30,SERVER_ACK,48,0
*** Trama sin '*CRC' reconocible. ***

=== Registro 1802 (803/1001) ===

<-- Respuesta cruda: $CFG,ACK,LOGREAD,1802,2026-07-21 19:34:34,HEARTBEAT_RECEIVED,0,0
*** Trama sin '*CRC' reconocible. ***

=== Registro 1803 (804/1001) ===

<-- Respuesta cruda: $CFG,BAD_CRC,LOGREAD,1803,2026-07-21 19:35:29,SEND_OK,0,0
*** Trama sin '*CRC' reconocible. ***

=== Registro 1804 (805/1001) ===

<-- Respuesta cruda: $CFG,BAD_CRC,LOGREAD,1804,0000-00-35 125:35:30,SERVER_ACK,48,0
*** Trama sin '*CRC' reconocible. ***

=== Registro 1805 (806/1001) ===

<-- Respuesta cruda: $CFG,ACK,LOGREAD,1805,2026-07-21 19:35:37,HEARTBEAT_RECEIVED,0,0
*** Trama sin '*CRC' reconocible. ***

=== Registro 1806 (807/1001) ===

<-- Respuesta cruda: $CFG,ACK,LOGREAD,1806,2026-07-21 19:36:30,SEND_OK,0,0
*** Trama sin '*CRC' reconocible. ***

=== Registro 1807 (808/1001) ===

<-- Respuesta cruda: $CFG,ACK,LOGREAD,1807,2026-07-21 19:36:30,SERVER_ACK,48,0
*** Trama sin '*CRC' reconocible. ***

=== Registro 1808 (809/1001) ===

<-- Respuesta cruda: $CFG,ACK,LOGREAD,1808,2026-07-21 19:36:40,HEARTBEAT_RECEIVED,0,0
*** Trama sin '*CRC' reconocible. ***

=== Registro 1809 (810/1001) ===

<-- Respuesta cruda: $CFG,ACK,LOGREAD,1809,2026-07-21 19:37:30,SEND_OK,0,0
*** Trama sin '*CRC' reconocible. ***

=== Registro 1810 (811/1001) ===

<-- Respuesta cruda: $CFG,BAD_CRC,LOGREAD,1810,2026-07-21 19:37:30,SERVER_ACK,48,0
*** Trama sin '*CRC' reconocible. ***

=== Registro 1811 (812/1001) ===

<-- Respuesta cruda: $CFG,BAD_CRC,LOGREAD,1811,0000-00-214 194:37:43,HEARTBEAT_RECEIVED,0,0
*** Trama sin '*CRC' reconocible. ***

=== Registro 1812 (813/1001) ===

<-- Respuesta cruda: $CFG,ACK,LOGREAD,1812,2026-07-21 19:38:30,SEND_OK,0,0
*** Trama sin '*CRC' reconocible. ***

=== Registro 1813 (814/1001) ===

<-- Respuesta cruda: $CFG,ACK,LOGREAD,1813,2026-07-21 19:38:30,SERVER_ACK,48,0
*** Trama sin '*CRC' reconocible. ***

=== Registro 1814 (815/1001) ===

<-- Respuesta cruda: $CFG,ACK,LOGREAD,1814,2026-07-21 19:38:46,HEARTBEAT_RECEIVED,0,0
*** Trama sin '*CRC' reconocible. ***

=== Registro 1815 (816/1001) ===

<-- Respuesta cruda: $CFG,ACK,LOGREAD,1815,2026-07-21 19:39:30,SEND_OK,0,0
*** Trama sin '*CRC' reconocible. ***

=== Registro 1816 (817/1001) ===

<-- Respuesta cruda: $CFG,ACK,LOGREAD,1816,2026-07-21 19:39:30,SERVER_ACK,48,0
*** Trama sin '*CRC' reconocible. ***

=== Registro 1817 (818/1001) ===

<-- Respuesta cruda: $CFG,BAD_CRC,LOGREAD,1817,2026-07-21 19:39:49,HEARTBEAT_RECEIVED,1178216467,0
*** Trama sin '*CRC' reconocible. ***

=== Registro 1818 (819/1001) ===

<-- Respuesta cruda: $CFG,BAD_CRC,LOGREAD,1818,0000-00-203 213:40:30,SEND_OK,0,0
*** Trama sin '*CRC' reconocible. ***

=== Registro 1819 (820/1001) ===

<-- Respuesta cruda: $CFG,ACK,LOGREAD,1819,2026-07-21 19:40:30,SERVER_ACK,48,0
*** Trama sin '*CRC' reconocible. ***

=== Registro 1820 (821/1001) ===

<-- Respuesta cruda: $CFG,ACK,LOGREAD,1820,2026-07-21 19:40:52,HEARTBEAT_RECEIVED,0,0
*** Trama sin '*CRC' reconocible. ***

=== Registro 1821 (822/1001) ===

<-- Respuesta cruda: $CFG,ACK,LOGREAD,1821,2026-07-21 19:40:58,CID_RECEIVED,0,0
*** Trama sin '*CRC' reconocible. ***

=== Registro 1822 (823/1001) ===

<-- Respuesta cruda: $CFG,ACK,LOGREAD,1822,2026-07-21 19:40:58,SEND_OK,0,0
*** Trama sin '*CRC' reconocible. ***

=== Registro 1823 (824/1001) ===

<-- Respuesta cruda: $CFG,ACK,LOGREAD,1823,2026-07-21 19:40:58,SERVER_ACK,48,0
*** Trama sin '*CRC' reconocible. ***

=== Registro 1824 (825/1001) ===

<-- Respuesta cruda: $CFG,BAD_CRC,LOGREAD,1824,2026-07-170 122:255:255,UNKNOWN,4294967295,4294967295
*** Trama sin '*CRC' reconocible. ***

=== Registro 1825 (826/1001) ===

<-- Respuesta cruda: $CFG,ACK,LOGREAD,1825,2026-07-21 19:41:58,SEND_OK,0,0
*** Trama sin '*CRC' reconocible. ***

=== Registro 1826 (827/1001) ===

<-- Respuesta cruda: $CFG,ACK,LOGREAD,1826,2026-07-21 19:41:59,SERVER_ACK,48,0
*** Trama sin '*CRC' reconocible. ***

=== Registro 1827 (828/1001) ===

<-- Respuesta cruda: $CFG,ACK,LOGREAD,1827,2026-07-21 19:42:02,HEARTBEAT_RECEIVED,0,0
*** Trama sin '*CRC' reconocible. ***

=== Registro 1828 (829/1001) ===

<-- Respuesta cruda: $CFG,ACK,LOGREAD,1828,2026-07-21 19:42:59,SEND_OK,0,0
*** Trama sin '*CRC' reconocible. ***

=== Registro 1829 (830/1001) ===

<-- Respuesta cruda: $CFG,ACK,LOGREAD,1829,2026-07-21 19:42:59,SERVER_ACK,48,0
*** Trama sin '*CRC' reconocible. ***

=== Registro 1830 (831/1001) ===

<-- Respuesta cruda: $CFG,BAD_CRC,LOGREAD,1830,2026-07-21 19:43:05,HEARTBEAT_RECEIVED,0,0
*** Trama sin '*CRC' reconocible. ***

=== Registro 1831 (832/1001) ===

<-- Respuesta cruda: $CFG,BAD_CRC,LOGREAD,1831,0000-00-162 220:43:59,SEND_OK,0,0
*** Trama sin '*CRC' reconocible. ***

=== Registro 1832 (833/1001) ===

<-- Respuesta cruda: $CFG,ACK,LOGREAD,1832,2026-07-21 19:43:59,SERVER_ACK,48,0
*** Trama sin '*CRC' reconocible. ***

=== Registro 1833 (834/1001) ===

<-- Respuesta cruda: $CFG,ACK,LOGREAD,1833,2026-07-21 19:44:08,HEARTBEAT_RECEIVED,0,0
*** Trama sin '*CRC' reconocible. ***

=== Registro 1834 (835/1001) ===

<-- Respuesta cruda: $CFG,ACK,LOGREAD,1834,2026-07-21 19:44:59,SEND_OK,0,0
*** Trama sin '*CRC' reconocible. ***

=== Registro 1835 (836/1001) ===

<-- Respuesta cruda: $CFG,ACK,LOGREAD,1835,2026-07-21 19:44:59,SERVER_ACK,48,0
*** Trama sin '*CRC' reconocible. ***

=== Registro 1836 (837/1001) ===

<-- Respuesta cruda: $CFG,ACK,LOGREAD,1836,2026-07-21 19:45:11,HEARTBEAT_RECEIVED,0,0
*** Trama sin '*CRC' reconocible. ***

=== Registro 1837 (838/1001) ===

<-- Respuesta cruda: $CFG,BAD_CRC,LOGREAD,1837,2026-07-21 19:45:59,SEND_OK,1174405120,12288
*** Trama sin '*CRC' reconocible. ***

=== Registro 1838 (839/1001) ===

<-- Respuesta cruda: $CFG,BAD_CRC,LOGREAD,1838,0000-00-149 66:45:59,SERVER_ACK,48,0
*** Trama sin '*CRC' reconocible. ***

=== Registro 1839 (840/1001) ===

<-- Respuesta cruda: $CFG,ACK,LOGREAD,1839,2026-07-21 19:46:14,HEARTBEAT_RECEIVED,0,0
*** Trama sin '*CRC' reconocible. ***

=== Registro 1840 (841/1001) ===

<-- Respuesta cruda: $CFG,ACK,LOGREAD,1840,2026-07-21 19:46:59,SEND_OK,0,0
*** Trama sin '*CRC' reconocible. ***

=== Registro 1841 (842/1001) ===

<-- Respuesta cruda: $CFG,ACK,LOGREAD,1841,2026-07-21 19:46:59,SERVER_ACK,48,0
*** Trama sin '*CRC' reconocible. ***

=== Registro 1842 (843/1001) ===

<-- Respuesta cruda: $CFG,ACK,LOGREAD,1842,2026-07-21 19:47:17,HEARTBEAT_RECEIVED,0,0
*** Trama sin '*CRC' reconocible. ***

=== Registro 1843 (844/1001) ===

<-- Respuesta cruda: $CFG,ACK,LOGREAD,1843,2026-07-21 19:47:59,SEND_OK,0,0
*** Trama sin '*CRC' reconocible. ***

=== Registro 1844 (845/1001) ===

<-- Respuesta cruda: $CFG,BAD_CRC,LOGREAD,1844,2026-07-21 19:48:00,SIM_PIN_REQUIRED,1142567443,0
*** Trama sin '*CRC' reconocible. ***

=== Registro 1845 (846/1001) ===

<-- Respuesta cruda: $CFG,BAD_CRC,LOGREAD,1845,0000-00-41 139:48:20,HEARTBEAT_RECEIVED,0,0
*** Trama sin '*CRC' reconocible. ***

=== Registro 1846 (847/1001) ===

<-- Respuesta cruda: $CFG,ACK,LOGREAD,1846,2026-07-21 19:48:59,SEND_OK,0,0
*** Trama sin '*CRC' reconocible. ***

=== Registro 1847 (848/1001) ===

<-- Respuesta cruda: $CFG,ACK,LOGREAD,1847,2026-07-21 19:49:00,SERVER_ACK,48,0
*** Trama sin '*CRC' reconocible. ***

=== Registro 1848 (849/1001) ===

<-- Respuesta cruda: $CFG,ACK,LOGREAD,1848,2026-07-21 19:49:23,HEARTBEAT_RECEIVED,0,0
*** Trama sin '*CRC' reconocible. ***

=== Registro 1849 (850/1001) ===

<-- Respuesta cruda: $CFG,ACK,LOGREAD,1849,2026-07-21 19:50:00,SEND_OK,0,0
*** Trama sin '*CRC' reconocible. ***

=== Registro 1850 (851/1001) ===

<-- Respuesta cruda: $CFG,ACK,LOGREAD,1850,2026-07-21 19:50:00,SERVER_ACK,48,0
*** Trama sin '*CRC' reconocible. ***

=== Registro 1851 (852/1001) ===

<-- Respuesta cruda: $CFG,BAD_CRC,LOGREAD,1851,2026-00-84 48:255:255,UNKNOWN,4294967295,4294967295
*** Trama sin '*CRC' reconocible. ***

=== Registro 1852 (853/1001) ===

<-- Respuesta cruda: $CFG,ACK,LOGREAD,1852,2026-07-21 19:51:00,SEND_OK,0,0
*** Trama sin '*CRC' reconocible. ***

=== Registro 1853 (854/1001) ===

<-- Respuesta cruda: $CFG,ACK,LOGREAD,1853,2026-07-21 19:51:00,SERVER_ACK,48,0
*** Trama sin '*CRC' reconocible. ***

=== Registro 1854 (855/1001) ===

<-- Respuesta cruda: $CFG,ACK,LOGREAD,1854,2026-07-21 19:51:29,HEARTBEAT_RECEIVED,0,0
*** Trama sin '*CRC' reconocible. ***

=== Registro 1855 (856/1001) ===

<-- Respuesta cruda: $CFG,ACK,LOGREAD,1855,2026-07-21 19:52:00,SEND_OK,0,0
*** Trama sin '*CRC' reconocible. ***

=== Registro 1856 (857/1001) ===

<-- Respuesta cruda: $CFG,ACK,LOGREAD,1856,2026-07-21 19:52:00,SERVER_ACK,48,0
*** Trama sin '*CRC' reconocible. ***

=== Registro 1857 (858/1001) ===

<-- Respuesta cruda: $CFG,BAD_CRC,LOGREAD,1857,2026-07-21 19:52:59,RS232_TIMEOUT,0,0
*** Trama sin '*CRC' reconocible. ***

=== Registro 1858 (859/1001) ===

<-- Respuesta cruda: $CFG,BAD_CRC,LOGREAD,1858,0000-00-28 02:53:00,SEND_OK,0,0
*** Trama sin '*CRC' reconocible. ***

=== Registro 1859 (860/1001) ===

<-- Respuesta cruda: $CFG,ACK,LOGREAD,1859,2026-07-21 19:53:00,SERVER_ACK,48,0
*** Trama sin '*CRC' reconocible. ***

=== Registro 1860 (861/1001) ===

<-- Respuesta cruda: $CFG,ACK,LOGREAD,1860,2026-07-21 19:53:40,CID_RECEIVED,0,0
*** Trama sin '*CRC' reconocible. ***

=== Registro 1861 (862/1001) ===

<-- Respuesta cruda: $CFG,ACK,LOGREAD,1861,2026-07-21 19:53:40,RS232_RESTORED,0,0
*** Trama sin '*CRC' reconocible. ***

=== Registro 1862 (863/1001) ===

<-- Respuesta cruda: $CFG,ACK,LOGREAD,1862,2026-07-21 19:53:40,SEND_OK,0,0
*** Trama sin '*CRC' reconocible. ***

=== Registro 1863 (864/1001) ===

<-- Respuesta cruda: $CFG,ACK,LOGREAD,1863,2026-07-21 19:53:40,SERVER_ACK,48,0
*** Trama sin '*CRC' reconocible. ***

=== Registro 1864 (865/1001) ===

<-- Respuesta cruda: $CFG,BAD_CRC,LOGREAD,1864,2026-07-21 19:53:40,SERVER_ACK,1143078912,0
*** Trama sin '*CRC' reconocible. ***

=== Registro 1865 (866/1001) ===

<-- Respuesta cruda: $CFG,BAD_CRC,LOGREAD,1865,0000-00-65 216:54:30,CID_RECEIVED,0,0
*** Trama sin '*CRC' reconocible. ***

=== Registro 1866 (867/1001) ===

<-- Respuesta cruda: $CFG,ACK,LOGREAD,1866,2026-07-21 19:54:30,SEND_OK,0,0
*** Trama sin '*CRC' reconocible. ***

=== Registro 1867 (868/1001) ===

<-- Respuesta cruda: $CFG,ACK,LOGREAD,1867,2026-07-21 19:54:30,SERVER_ACK,48,0
*** Trama sin '*CRC' reconocible. ***

=== Registro 1868 (869/1001) ===

<-- Respuesta cruda: $CFG,ACK,LOGREAD,1868,2026-07-21 19:54:30,SERVER_ACK,0,0
*** Trama sin '*CRC' reconocible. ***

=== Registro 1869 (870/1001) ===

<-- Respuesta cruda: $CFG,ACK,LOGREAD,1869,2026-07-21 19:55:30,SEND_OK,0,0
*** Trama sin '*CRC' reconocible. ***

=== Registro 1870 (871/1001) ===

<-- Respuesta cruda: $CFG,ACK,LOGREAD,1870,2026-07-21 19:55:31,SERVER_ACK,48,0
*** Trama sin '*CRC' reconocible. ***

=== Registro 1871 (872/1001) ===

<-- Respuesta cruda: $CFG,BAD_CRC,LOGREAD,1871,2026-07-21 19:55:07,SIM_PIN_REQUIRED,908016147,0
*** Trama sin '*CRC' reconocible. ***

=== Registro 1872 (873/1001) ===

<-- Respuesta cruda: $CFG,BAD_CRC,LOGREAD,1872,0000-00-132 24:56:30,SEND_OK,0,0
*** Trama sin '*CRC' reconocible. ***

=== Registro 1873 (874/1001) ===

<-- Respuesta cruda: $CFG,ACK,LOGREAD,1873,2026-07-21 19:56:31,SERVER_ACK,48,0
*** Trama sin '*CRC' reconocible. ***

=== Registro 1874 (875/1001) ===

<-- Respuesta cruda: $CFG,ACK,LOGREAD,1874,2026-07-21 19:56:37,HEARTBEAT_RECEIVED,0,0
*** Trama sin '*CRC' reconocible. ***

=== Registro 1875 (876/1001) ===

<-- Respuesta cruda: $CFG,ACK,LOGREAD,1875,2026-07-21 19:57:31,SEND_OK,0,0
*** Trama sin '*CRC' reconocible. ***

=== Registro 1876 (877/1001) ===

<-- Respuesta cruda: $CFG,ACK,LOGREAD,1876,2026-07-21 19:57:31,SERVER_ACK,48,0
*** Trama sin '*CRC' reconocible. ***

=== Registro 1877 (878/1001) ===

<-- Respuesta cruda: $CFG,ACK,LOGREAD,1877,2026-07-21 19:57:40,HEARTBEAT_RECEIVED,0,0
*** Trama sin '*CRC' reconocible. ***

=== Registro 1878 (879/1001) ===

<-- Respuesta cruda: $CFG,BAD_CRC,LOGREAD,1878,0234-00-62 150:255:255,UNKNOWN,4294967295,4294967295
*** Trama sin '*CRC' reconocible. ***

=== Registro 1879 (880/1001) ===

<-- Respuesta cruda: $CFG,ACK,LOGREAD,1879,2026-07-21 19:58:31,SERVER_ACK,48,0
*** Trama sin '*CRC' reconocible. ***

=== Registro 1880 (881/1001) ===

<-- Respuesta cruda: $CFG,ACK,LOGREAD,1880,2026-07-21 19:58:43,HEARTBEAT_RECEIVED,0,0
*** Trama sin '*CRC' reconocible. ***

=== Registro 1881 (882/1001) ===

<-- Respuesta cruda: $CFG,ACK,LOGREAD,1881,2026-07-21 19:59:31,SEND_OK,0,0
*** Trama sin '*CRC' reconocible. ***

=== Registro 1882 (883/1001) ===

<-- Respuesta cruda: $CFG,ACK,LOGREAD,1882,2026-07-21 19:59:31,SERVER_ACK,48,0
*** Trama sin '*CRC' reconocible. ***

=== Registro 1883 (884/1001) ===

<-- Respuesta cruda: $CFG,ACK,LOGREAD,1883,2026-07-21 19:59:46,HEARTBEAT_RECEIVED,0,0
*** Trama sin '*CRC' reconocible. ***

=== Registro 1884 (885/1001) ===

<-- Respuesta cruda: $CFG,BAD_CRC,LOGREAD,1884,2026-07-21 20:00:31,SEND_OK,0,0
*** Trama sin '*CRC' reconocible. ***

=== Registro 1885 (886/1001) ===

<-- Respuesta cruda: $CFG,BAD_CRC,LOGREAD,1885,0000-00-253 125:00:31,SERVER_ACK,48,0
*** Trama sin '*CRC' reconocible. ***

=== Registro 1886 (887/1001) ===

<-- Respuesta cruda: $CFG,ACK,LOGREAD,1886,2026-07-21 20:00:49,HEARTBEAT_RECEIVED,0,0
*** Trama sin '*CRC' reconocible. ***

=== Registro 1887 (888/1001) ===

<-- Respuesta cruda: $CFG,ACK,LOGREAD,1887,2026-07-21 20:01:31,SEND_OK,0,0
*** Trama sin '*CRC' reconocible. ***

=== Registro 1888 (889/1001) ===

<-- Respuesta cruda: $CFG,ACK,LOGREAD,1888,2026-07-21 20:01:31,SERVER_ACK,48,0
*** Trama sin '*CRC' reconocible. ***

=== Registro 1889 (890/1001) ===

<-- Respuesta cruda: $CFG,ACK,LOGREAD,1889,2026-07-21 20:01:52,HEARTBEAT_RECEIVED,0,0
*** Trama sin '*CRC' reconocible. ***

=== Registro 1890 (891/1001) ===

<-- Respuesta cruda: $CFG,ACK,LOGREAD,1890,2026-07-21 20:02:31,SEND_OK,0,0
*** Trama sin '*CRC' reconocible. ***

=== Registro 1891 (892/1001) ===

<-- Respuesta cruda: $CFG,BAD_CRC,LOGREAD,1891,2026-07-21 20:02:32,SERVER_ACK,1140917552,0
*** Trama sin '*CRC' reconocible. ***

=== Registro 1892 (893/1001) ===

<-- Respuesta cruda: $CFG,BAD_CRC,LOGREAD,1892,0000-00-211 159:02:55,HEARTBEAT_RECEIVED,0,0
*** Trama sin '*CRC' reconocible. ***

=== Registro 1893 (894/1001) ===

<-- Respuesta cruda: $CFG,ACK,LOGREAD,1893,2026-07-21 20:03:31,SEND_OK,0,0
*** Trama sin '*CRC' reconocible. ***

=== Registro 1894 (895/1001) ===

<-- Respuesta cruda: $CFG,ACK,LOGREAD,1894,2026-07-21 20:03:32,SERVER_ACK,48,0
*** Trama sin '*CRC' reconocible. ***

=== Registro 1895 (896/1001) ===

<-- Respuesta cruda: $CFG,ACK,LOGREAD,1895,2026-07-21 20:03:58,HEARTBEAT_RECEIVED,0,0
*** Trama sin '*CRC' reconocible. ***

=== Registro 1896 (897/1001) ===

<-- Respuesta cruda: $CFG,ACK,LOGREAD,1896,2026-07-21 20:04:32,SEND_OK,0,0
*** Trama sin '*CRC' reconocible. ***

=== Registro 1897 (898/1001) ===

<-- Respuesta cruda: $CFG,ACK,LOGREAD,1897,2026-07-21 20:04:32,SERVER_ACK,48,0
*** Trama sin '*CRC' reconocible. ***

=== Registro 1898 (899/1001) ===

<-- Respuesta cruda: $CFG,BAD_CRC,LOGREAD,1898,2026-07-21 20:255:255,UNKNOWN,4294967295,4294967295
*** Trama sin '*CRC' reconocible. ***

=== Registro 1899 (900/1001) ===

<-- Respuesta cruda: $CFG,ACK,LOGREAD,1899,2026-07-21 20:05:32,SEND_OK,0,0
*** Trama sin '*CRC' reconocible. ***

=== Registro 1900 (901/1001) ===

<-- Respuesta cruda: $CFG,ACK,LOGREAD,1900,2026-07-21 20:05:32,SERVER_ACK,48,0
*** Trama sin '*CRC' reconocible. ***

=== Registro 1901 (902/1001) ===

<-- Respuesta cruda: $CFG,ACK,LOGREAD,1901,2026-07-21 20:06:04,HEARTBEAT_RECEIVED,0,0
*** Trama sin '*CRC' reconocible. ***

=== Registro 1902 (903/1001) ===

<-- Respuesta cruda: $CFG,ACK,LOGREAD,1902,2026-07-21 20:06:32,SEND_OK,0,0
*** Trama sin '*CRC' reconocible. ***

=== Registro 1903 (904/1001) ===

<-- Respuesta cruda: $CFG,ACK,LOGREAD,1903,2026-07-21 20:06:32,SERVER_ACK,48,0
*** Trama sin '*CRC' reconocible. ***

=== Registro 1904 (905/1001) ===

<-- Respuesta cruda: $CFG,ACK,LOGREAD,1904,2026-07-21 20:07:07,HEARTBEAT_RECEIVED,0,0
*** Trama sin '*CRC' reconocible. ***

=== Registro 1905 (906/1001) ===

<-- Respuesta cruda: $CFG,BAD_CRC,LOGREAD,1905,0000-00-131 187:07:32,SEND_OK,0,0
*** Trama sin '*CRC' reconocible. ***

=== Registro 1906 (907/1001) ===

<-- Respuesta cruda: $CFG,ACK,LOGREAD,1906,2026-07-21 20:08:10,HEARTBEAT_RECEIVED,0,0
*** Trama sin '*CRC' reconocible. ***

=== Registro 1907 (908/1001) ===

<-- Respuesta cruda: $CFG,ACK,LOGREAD,1907,2026-07-21 20:08:32,SEND_OK,0,0
*** Trama sin '*CRC' reconocible. ***

=== Registro 1908 (909/1001) ===

<-- Respuesta cruda: $CFG,ACK,LOGREAD,1908,2026-07-21 20:08:32,SERVER_ACK,48,0
*** Trama sin '*CRC' reconocible. ***

=== Registro 1909 (910/1001) ===

<-- Respuesta cruda: $CFG,ACK,LOGREAD,1909,2026-07-21 20:09:13,HEARTBEAT_RECEIVED,0,0
*** Trama sin '*CRC' reconocible. ***

=== Registro 1910 (911/1001) ===

<-- Respuesta cruda: $CFG,ACK,LOGREAD,1910,2026-07-21 20:09:32,SEND_OK,0,0
*** Trama sin '*CRC' reconocible. ***

=== Registro 1911 (912/1001) ===

<-- Respuesta cruda: $CFG,BAD_CRC,LOGREAD,1911,2026-07-21 20:09:33,SERVER_ACK,48,0
*** Trama sin '*CRC' reconocible. ***

=== Registro 1912 (913/1001) ===

<-- Respuesta cruda: $CFG,BAD_CRC,LOGREAD,1912,0000-00-142 251:10:16,HEARTBEAT_RECEIVED,0,0
*** Trama sin '*CRC' reconocible. ***

=== Registro 1913 (914/1001) ===

<-- Respuesta cruda: $CFG,ACK,LOGREAD,1913,2026-07-21 20:10:32,SEND_OK,0,0
*** Trama sin '*CRC' reconocible. ***

=== Registro 1914 (915/1001) ===

<-- Respuesta cruda: $CFG,ACK,LOGREAD,1914,2026-07-21 20:10:33,SERVER_ACK,48,0
*** Trama sin '*CRC' reconocible. ***

=== Registro 1915 (916/1001) ===

<-- Respuesta cruda: $CFG,ACK,LOGREAD,1915,2026-07-21 20:11:19,HEARTBEAT_RECEIVED,0,0
*** Trama sin '*CRC' reconocible. ***

=== Registro 1916 (917/1001) ===

<-- Respuesta cruda: $CFG,ACK,LOGREAD,1916,2026-07-21 20:11:33,SEND_OK,0,0
*** Trama sin '*CRC' reconocible. ***

=== Registro 1917 (918/1001) ===

<-- Respuesta cruda: $CFG,ACK,LOGREAD,1917,2026-07-21 20:11:33,SERVER_ACK,48,0
*** Trama sin '*CRC' reconocible. ***

=== Registro 1918 (919/1001) ===

<-- Respuesta cruda: $CFG,BAD_CRC,LOGREAD,1918,2026-07-21 20:12:22,HEARTBEAT_RECEIVED,908135956,0
*** Trama sin '*CRC' reconocible. ***

=== Registro 1919 (920/1001) ===

<-- Respuesta cruda: $CFG,BAD_CRC,LOGREAD,1919,0000-00-149 42:12:33,SEND_OK,0,0
*** Trama sin '*CRC' reconocible. ***

=== Registro 1920 (921/1001) ===

<-- Respuesta cruda: $CFG,ACK,LOGREAD,1920,2026-07-21 20:12:33,SERVER_ACK,48,0
*** Trama sin '*CRC' reconocible. ***

=== Registro 1921 (922/1001) ===

<-- Respuesta cruda: $CFG,ACK,LOGREAD,1921,2026-07-21 20:13:25,HEARTBEAT_RECEIVED,0,0
*** Trama sin '*CRC' reconocible. ***

=== Registro 1922 (923/1001) ===

<-- Respuesta cruda: $CFG,ACK,LOGREAD,1922,2026-07-21 20:13:33,SEND_OK,0,0
*** Trama sin '*CRC' reconocible. ***

=== Registro 1923 (924/1001) ===

<-- Respuesta cruda: $CFG,ACK,LOGREAD,1923,2026-07-21 20:13:33,SERVER_ACK,48,0
*** Trama sin '*CRC' reconocible. ***

=== Registro 1924 (925/1001) ===

<-- Respuesta cruda: $CFG,ACK,LOGREAD,1924,2026-07-21 20:14:28,HEARTBEAT_RECEIVED,0,0
*** Trama sin '*CRC' reconocible. ***

=== Registro 1925 (926/1001) ===

<-- Respuesta cruda: $CFG,BAD_CRC,LOGREAD,1925,2026-07-21 236:255:255,UNKNOWN,4294967295,4294967295
*** Trama sin '*CRC' reconocible. ***

=== Registro 1926 (927/1001) ===

<-- Respuesta cruda: $CFG,ACK,LOGREAD,1926,2026-07-21 20:14:33,SERVER_ACK,48,0
*** Trama sin '*CRC' reconocible. ***

=== Registro 1927 (928/1001) ===

<-- Respuesta cruda: $CFG,ACK,LOGREAD,1927,2026-07-21 20:15:31,HEARTBEAT_RECEIVED,0,0
*** Trama sin '*CRC' reconocible. ***

=== Registro 1928 (929/1001) ===

<-- Respuesta cruda: $CFG,ACK,LOGREAD,1928,2026-07-21 20:15:33,SEND_OK,0,0
*** Trama sin '*CRC' reconocible. ***

=== Registro 1929 (930/1001) ===

<-- Respuesta cruda: $CFG,ACK,LOGREAD,1929,2026-07-21 20:15:33,SERVER_ACK,48,0
*** Trama sin '*CRC' reconocible. ***

=== Registro 1930 (931/1001) ===

<-- Respuesta cruda: $CFG,ACK,LOGREAD,1930,2026-07-21 20:16:33,SEND_OK,0,0
*** Trama sin '*CRC' reconocible. ***

=== Registro 1931 (932/1001) ===

<-- Respuesta cruda: $CFG,BAD_CRC,LOGREAD,1931,2026-07-21 20:16:34,SERVER_ACK,48,0
*** Trama sin '*CRC' reconocible. ***

=== Registro 1932 (933/1001) ===

<-- Respuesta cruda: $CFG,BAD_CRC,LOGREAD,1932,0000-00-117 112:16:34,HEARTBEAT_RECEIVED,0,0
*** Trama sin '*CRC' reconocible. ***

=== Registro 1933 (934/1001) ===

<-- Respuesta cruda: $CFG,ACK,LOGREAD,1933,2026-07-21 20:17:33,SEND_OK,0,0
*** Trama sin '*CRC' reconocible. ***

=== Registro 1934 (935/1001) ===

<-- Respuesta cruda: $CFG,ACK,LOGREAD,1934,2026-07-21 20:17:34,SERVER_ACK,48,0
*** Trama sin '*CRC' reconocible. ***

=== Registro 1935 (936/1001) ===

<-- Respuesta cruda: $CFG,ACK,LOGREAD,1935,2026-07-21 20:17:37,HEARTBEAT_RECEIVED,0,0
*** Trama sin '*CRC' reconocible. ***

=== Registro 1936 (937/1001) ===

<-- Respuesta cruda: $CFG,ACK,LOGREAD,1936,2026-07-21 20:18:34,SEND_OK,0,0
*** Trama sin '*CRC' reconocible. ***

=== Registro 1937 (938/1001) ===

<-- Respuesta cruda: $CFG,ACK,LOGREAD,1937,2026-07-21 20:18:34,SERVER_ACK,48,0
*** Trama sin '*CRC' reconocible. ***

=== Registro 1938 (939/1001) ===

<-- Respuesta cruda: $CFG,BAD_CRC,LOGREAD,1938,2026-07-21 20:18:40,HEARTBEAT_RECEIVED,0,0
*** Trama sin '*CRC' reconocible. ***

=== Registro 1939 (940/1001) ===

<-- Respuesta cruda: $CFG,BAD_CRC,LOGREAD,1939,0000-00-08 123:19:34,SEND_OK,0,0
*** Trama sin '*CRC' reconocible. ***

=== Registro 1940 (941/1001) ===

<-- Respuesta cruda: $CFG,ACK,LOGREAD,1940,2026-07-21 20:19:39,SERVER_ACK,48,0
*** Trama sin '*CRC' reconocible. ***

=== Registro 1941 (942/1001) ===

<-- Respuesta cruda: $CFG,ACK,LOGREAD,1941,2026-07-21 20:19:43,HEARTBEAT_RECEIVED,0,0
*** Trama sin '*CRC' reconocible. ***

=== Registro 1942 (943/1001) ===

<-- Respuesta cruda: $CFG,ACK,LOGREAD,1942,2026-07-21 20:20:34,SEND_OK,0,0
*** Trama sin '*CRC' reconocible. ***

=== Registro 1943 (944/1001) ===

<-- Respuesta cruda: $CFG,ACK,LOGREAD,1943,2026-07-21 20:20:35,SERVER_ACK,48,0
*** Trama sin '*CRC' reconocible. ***

=== Registro 1944 (945/1001) ===

<-- Respuesta cruda: $CFG,ACK,LOGREAD,1944,2026-07-21 20:20:46,HEARTBEAT_RECEIVED,0,0
*** Trama sin '*CRC' reconocible. ***

=== Registro 1945 (946/1001) ===

<-- Respuesta cruda: $CFG,BAD_CRC,LOGREAD,1945,2026-07-21 20:21:34,SEND_OK,1176704788,12288
*** Trama sin '*CRC' reconocible. ***

=== Registro 1946 (947/1001) ===

<-- Respuesta cruda: $CFG,BAD_CRC,LOGREAD,1946,0000-00-246 60:21:34,SERVER_ACK,48,0
*** Trama sin '*CRC' reconocible. ***

=== Registro 1947 (948/1001) ===

<-- Respuesta cruda: $CFG,ACK,LOGREAD,1947,2026-07-21 20:21:49,HEARTBEAT_RECEIVED,0,0
*** Trama sin '*CRC' reconocible. ***

=== Registro 1948 (949/1001) ===

<-- Respuesta cruda: $CFG,ACK,LOGREAD,1948,2026-07-21 20:22:34,SEND_OK,0,0
*** Trama sin '*CRC' reconocible. ***

=== Registro 1949 (950/1001) ===

<-- Respuesta cruda: $CFG,ACK,LOGREAD,1949,2026-07-21 20:22:35,SERVER_ACK,48,0
*** Trama sin '*CRC' reconocible. ***

=== Registro 1950 (951/1001) ===

<-- Respuesta cruda: $CFG,ACK,LOGREAD,1950,2026-07-21 20:22:52,HEARTBEAT_RECEIVED,0,0
*** Trama sin '*CRC' reconocible. ***

=== Registro 1951 (952/1001) ===

<-- Respuesta cruda: $CFG,ACK,LOGREAD,1951,2026-07-21 20:23:34,SEND_OK,0,0
*** Trama sin '*CRC' reconocible. ***

=== Registro 1952 (953/1001) ===

<-- Respuesta cruda: $CFG,BAD_CRC,LOGREAD,1952,2026-07-250 54:255:255,UNKNOWN,4294967295,4294967295
*** Trama sin '*CRC' reconocible. ***

=== Registro 1953 (954/1001) ===

<-- Respuesta cruda: $CFG,ACK,LOGREAD,1953,2026-07-21 20:23:55,HEARTBEAT_RECEIVED,0,0
*** Trama sin '*CRC' reconocible. ***

=== Registro 1954 (955/1001) ===

<-- Respuesta cruda: $CFG,ACK,LOGREAD,1954,2026-07-21 20:24:03,CID_RECEIVED,0,0
*** Trama sin '*CRC' reconocible. ***

=== Registro 1955 (956/1001) ===

<-- Respuesta cruda: $CFG,ACK,LOGREAD,1955,2026-07-21 20:24:03,SEND_OK,0,0
*** Trama sin '*CRC' reconocible. ***

=== Registro 1956 (957/1001) ===

<-- Respuesta cruda: $CFG,ACK,LOGREAD,1956,2026-07-21 20:24:03,SERVER_ACK,48,0
*** Trama sin '*CRC' reconocible. ***

=== Registro 1957 (958/1001) ===

<-- Respuesta cruda: $CFG,ACK,LOGREAD,1957,2026-07-21 20:24:03,SERVER_ACK,0,0
*** Trama sin '*CRC' reconocible. ***

=== Registro 1958 (959/1001) ===

<-- Respuesta cruda: $CFG,BAD_CRC,LOGREAD,1958,2026-07-21 20:25:04,SEND_OK,0,0
*** Trama sin '*CRC' reconocible. ***

=== Registro 1959 (960/1001) ===

<-- Respuesta cruda: $CFG,BAD_CRC,LOGREAD,1959,0000-00-240 128:25:04,SERVER_ACK,48,0
*** Trama sin '*CRC' reconocible. ***

=== Registro 1960 (961/1001) ===

<-- Respuesta cruda: $CFG,ACK,LOGREAD,1960,2026-07-21 20:25:07,HEARTBEAT_RECEIVED,0,0
*** Trama sin '*CRC' reconocible. ***

=== Registro 1961 (962/1001) ===

<-- Respuesta cruda: $CFG,ACK,LOGREAD,1961,2026-07-21 20:26:03,SEND_OK,0,0
*** Trama sin '*CRC' reconocible. ***

=== Registro 1962 (963/1001) ===

<-- Respuesta cruda: $CFG,ACK,LOGREAD,1962,2026-07-21 20:26:03,SERVER_ACK,48,0
*** Trama sin '*CRC' reconocible. ***

=== Registro 1963 (964/1001) ===

<-- Respuesta cruda: $CFG,ACK,LOGREAD,1963,2026-07-21 20:26:09,HEARTBEAT_RECEIVED,0,0
*** Trama sin '*CRC' reconocible. ***

=== Registro 1964 (965/1001) ===

<-- Respuesta cruda: $CFG,ACK,LOGREAD,1964,2026-07-21 20:27:03,SEND_OK,0,0
*** Trama sin '*CRC' reconocible. ***

=== Registro 1965 (966/1001) ===

<-- Respuesta cruda: $CFG,BAD_CRC,LOGREAD,1965,2026-07-21 20:27:03,SERVER_ACK,1140850736,0
*** Trama sin '*CRC' reconocible. ***

=== Registro 1966 (967/1001) ===

<-- Respuesta cruda: $CFG,BAD_CRC,LOGREAD,1966,0000-00-236 158:27:12,HEARTBEAT_RECEIVED,0,0
*** Trama sin '*CRC' reconocible. ***

=== Registro 1967 (968/1001) ===

<-- Respuesta cruda: $CFG,ACK,LOGREAD,1967,2026-07-21 20:28:03,SEND_OK,0,0
*** Trama sin '*CRC' reconocible. ***

=== Registro 1968 (969/1001) ===

<-- Respuesta cruda: $CFG,ACK,LOGREAD,1968,2026-07-21 20:28:04,SERVER_ACK,48,0
*** Trama sin '*CRC' reconocible. ***

=== Registro 1969 (970/1001) ===

<-- Respuesta cruda: $CFG,ACK,LOGREAD,1969,2026-07-21 20:28:15,HEARTBEAT_RECEIVED,0,0
*** Trama sin '*CRC' reconocible. ***

=== Registro 1970 (971/1001) ===

<-- Respuesta cruda: $CFG,ACK,LOGREAD,1970,2026-07-21 20:29:03,SEND_OK,0,0
*** Trama sin '*CRC' reconocible. ***

=== Registro 1971 (972/1001) ===

<-- Respuesta cruda: $CFG,ACK,LOGREAD,1971,2026-07-21 20:29:04,SERVER_ACK,48,0
*** Trama sin '*CRC' reconocible. ***

=== Registro 1972 (973/1001) ===

<-- Respuesta cruda: $CFG,BAD_CRC,LOGREAD,1972,2026-07-21 20:29:18,SIM_PIN_REQUIRED,906240020,0
*** Trama sin '*CRC' reconocible. ***

=== Registro 1973 (974/1001) ===

<-- Respuesta cruda: $CFG,BAD_CRC,LOGREAD,1973,0000-00-215 119:30:04,SEND_OK,0,0
*** Trama sin '*CRC' reconocible. ***

=== Registro 1974 (975/1001) ===

<-- Respuesta cruda: $CFG,ACK,LOGREAD,1974,2026-07-21 20:30:04,SERVER_ACK,48,0
*** Trama sin '*CRC' reconocible. ***

=== Registro 1975 (976/1001) ===

<-- Respuesta cruda: $CFG,ACK,LOGREAD,1975,2026-07-21 20:30:21,HEARTBEAT_RECEIVED,0,0
*** Trama sin '*CRC' reconocible. ***

=== Registro 1976 (977/1001) ===

<-- Respuesta cruda: $CFG,ACK,LOGREAD,1976,2026-07-21 20:31:04,SEND_OK,0,0
*** Trama sin '*CRC' reconocible. ***

=== Registro 1977 (978/1001) ===

<-- Respuesta cruda: $CFG,ACK,LOGREAD,1977,2026-07-21 20:31:04,SERVER_ACK,48,0
*** Trama sin '*CRC' reconocible. ***

=== Registro 1978 (979/1001) ===

<-- Respuesta cruda: $CFG,ACK,LOGREAD,1978,2026-07-21 20:31:24,HEARTBEAT_RECEIVED,0,0
*** Trama sin '*CRC' reconocible. ***

=== Registro 1979 (980/1001) ===

<-- Respuesta cruda: $CFG,BAD_CRC,LOGREAD,1979,2026-00-61 113:255:255,UNKNOWN,4294967295,4294967295
*** Trama sin '*CRC' reconocible. ***

=== Registro 1980 (981/1001) ===

<-- Respuesta cruda: $CFG,ACK,LOGREAD,1980,2026-07-21 20:32:04,SERVER_ACK,48,0
*** Trama sin '*CRC' reconocible. ***

=== Registro 1981 (982/1001) ===

<-- Respuesta cruda: $CFG,ACK,LOGREAD,1981,2026-07-21 20:32:27,HEARTBEAT_RECEIVED,0,0
*** Trama sin '*CRC' reconocible. ***

=== Registro 1982 (983/1001) ===

<-- Respuesta cruda: $CFG,ACK,LOGREAD,1982,2026-07-21 20:33:04,SEND_OK,0,0
*** Trama sin '*CRC' reconocible. ***

=== Registro 1983 (984/1001) ===

<-- Respuesta cruda: $CFG,ACK,LOGREAD,1983,2026-07-21 20:33:04,SERVER_ACK,48,0
*** Trama sin '*CRC' reconocible. ***

=== Registro 1984 (985/1001) ===

<-- Respuesta cruda: $CFG,ACK,LOGREAD,1984,2026-07-21 20:33:30,HEARTBEAT_RECEIVED,0,0
*** Trama sin '*CRC' reconocible. ***

=== Registro 1985 (986/1001) ===

<-- Respuesta cruda: $CFG,BAD_CRC,LOGREAD,1985,2026-07-21 20:34:04,SEND_OK,0,0
*** Trama sin '*CRC' reconocible. ***

=== Registro 1986 (987/1001) ===

<-- Respuesta cruda: $CFG,BAD_CRC,LOGREAD,1986,0000-00-23 59:34:04,SERVER_ACK,48,0
*** Trama sin '*CRC' reconocible. ***

=== Registro 1987 (988/1001) ===

<-- Respuesta cruda: $CFG,ACK,LOGREAD,1987,2026-07-21 20:34:33,HEARTBEAT_RECEIVED,0,0
*** Trama sin '*CRC' reconocible. ***

=== Registro 1988 (989/1001) ===

<-- Respuesta cruda: $CFG,ACK,LOGREAD,1988,2026-07-21 20:35:04,SEND_OK,0,0
*** Trama sin '*CRC' reconocible. ***

=== Registro 1989 (990/1001) ===

<-- Respuesta cruda: $CFG,ACK,LOGREAD,1989,2026-07-21 20:35:05,SERVER_ACK,48,0
*** Trama sin '*CRC' reconocible. ***

=== Registro 1990 (991/1001) ===

<-- Respuesta cruda: $CFG,ACK,LOGREAD,1990,2026-07-21 20:35:36,HEARTBEAT_RECEIVED,0,0
*** Trama sin '*CRC' reconocible. ***

=== Registro 1991 (992/1001) ===

<-- Respuesta cruda: $CFG,ACK,LOGREAD,1991,2026-07-21 20:36:04,SEND_OK,0,0
*** Trama sin '*CRC' reconocible. ***

=== Registro 1992 (993/1001) ===

<-- Respuesta cruda: $CFG,BAD_CRC,LOGREAD,1992,2026-07-21 20:36:05,SERVER_ACK,1143799856,0
*** Trama sin '*CRC' reconocible. ***

=== Registro 1993 (994/1001) ===

<-- Respuesta cruda: $CFG,BAD_CRC,LOGREAD,1993,0000-00-95 173:36:39,HEARTBEAT_RECEIVED,0,0
*** Trama sin '*CRC' reconocible. ***

=== Registro 1994 (995/1001) ===

<-- Respuesta cruda: $CFG,ACK,LOGREAD,1994,2026-07-21 20:37:05,SEND_OK,0,0
*** Trama sin '*CRC' reconocible. ***

=== Registro 1995 (996/1001) ===

<-- Respuesta cruda: $CFG,ACK,LOGREAD,1995,2026-07-21 20:37:05,SERVER_ACK,48,0
*** Trama sin '*CRC' reconocible. ***

=== Registro 1996 (997/1001) ===

<-- Respuesta cruda: $CFG,ACK,LOGREAD,1996,2026-07-21 20:37:43,HEARTBEAT_RECEIVED,0,0
*** Trama sin '*CRC' reconocible. ***

=== Registro 1997 (998/1001) ===

<-- Respuesta cruda: $CFG,ACK,LOGREAD,1997,2026-07-21 20:38:05,SEND_OK,0,0
*** Trama sin '*CRC' reconocible. ***

=== Registro 1998 (999/1001) ===

<-- Respuesta cruda: $CFG,ACK,LOGREAD,1998,2026-07-21 20:38:05,SERVER_ACK,48,0
*** Trama sin '*CRC' reconocible. ***

=== Registro 1999 (1000/1001) ===

<-- Respuesta cruda: $CFG,BAD_CRC,LOGREAD,1999,2026-07-21 20:38:07,SIM_PIN_REQUIRED,906307860,0
*** Trama sin '*CRC' reconocible. ***

=== Registro 2000 (1001/1001) ===

<-- Respuesta cruda: $CFG,BAD_CRC,LOGREAD,2000,0000-00-67 183:39:05,SEND_OK,0,0
*** Trama sin '*CRC' reconocible. ***

--- Fin del rango: 0 OK, 0 error(es), 0 timeout(s) de 1001 solicitados ---

==================== BKP-A7670SA - Configuración ====================
 1) Leer configuración
 2) Escribir configuración
 3) Guardar en FLASH
 4) Restaurar valores de fábrica
 5) Reiniciar STM32
 6) Reiniciar BKP-A7670SA (módem)
 7) Información del LOG
 8) Lectura del LOG
 9) Borrado del LOG
10) Salir
11) Conectar
12) Exit (volver a modo NORMAL)
13) Leer rango de registros de LOG
=======================================================================

Seleccione una opción: 
--- Lectura de rango de registros de LOG ---
Índice inicial: Índice final (>= 2000): Ingrese los 4 dígitos de password de configuración: 
Leyendo 1001 registro(s), de 2000 a 3000...

=== Registro 2000 (1/1001) ===

<-- Respuesta cruda: $CFG,BAD_CRC,LOGREAD,2000,0000-00-67 183:39:05,SEND_OK,0,0
*** Trama sin '*CRC' reconocible. ***

=== Registro 2001 (2/1001) ===

<-- Respuesta cruda: $CFG,ACK,LOGREAD,2001,2026-07-21 20:39:05,SERVER_ACK,48,0
*** Trama sin '*CRC' reconocible. ***

=== Registro 2002 (3/1001) ===

<-- Respuesta cruda: $CFG,ACK,LOGREAD,2002,2026-07-21 20:39:49,HEARTBEAT_RECEIVED,0,0
*** Trama sin '*CRC' reconocible. ***

=== Registro 2003 (4/1001) ===

<-- Respuesta cruda: $CFG,ACK,LOGREAD,2003,2026-07-21 20:40:05,SEND_OK,0,0
*** Trama sin '*CRC' reconocible. ***

=== Registro 2004 (5/1001) ===

<-- Respuesta cruda: $CFG,ACK,LOGREAD,2004,2026-07-21 20:40:05,SERVER_ACK,48,0
*** Trama sin '*CRC' reconocible. ***

=== Registro 2005 (6/1001) ===

<-- Respuesta cruda: $CFG,ACK,LOGREAD,2005,2026-07-21 20:40:52,HEARTBEAT_RECEIVED,0,0
*** Trama sin '*CRC' reconocible. ***

=== Registro 2006 (7/1001) ===

<-- Respuesta cruda: $CFG,BAD_CRC,LOGREAD,2006,0234-00-169 177:255:255,UNKNOWN,4294967295,4294967295
*** Trama sin '*CRC' reconocible. ***

=== Registro 2007 (8/1001) ===

<-- Respuesta cruda: $CFG,ACK,LOGREAD,2007,2026-07-21 20:41:05,SERVER_ACK,48,0
*** Trama sin '*CRC' reconocible. ***

=== Registro 2008 (9/1001) ===

<-- Respuesta cruda: $CFG,ACK,LOGREAD,2008,2026-07-21 20:41:55,HEARTBEAT_RECEIVED,0,0
*** Trama sin '*CRC' reconocible. ***

=== Registro 2009 (10/1001) ===

<-- Respuesta cruda: $CFG,ACK,LOGREAD,2009,2026-07-21 20:42:05,SEND_OK,0,0
*** Trama sin '*CRC' reconocible. ***

=== Registro 2010 (11/1001) ===

<-- Respuesta cruda: $CFG,ACK,LOGREAD,2010,2026-07-21 20:42:06,SERVER_ACK,48,0
*** Trama sin '*CRC' reconocible. ***

=== Registro 2011 (12/1001) ===

<-- Respuesta cruda: $CFG,ACK,LOGREAD,2011,2026-07-21 20:42:58,HEARTBEAT_RECEIVED,0,0
*** Trama sin '*CRC' reconocible. ***

=== Registro 2012 (13/1001) ===

<-- Respuesta cruda: $CFG,BAD_CRC,LOGREAD,2012,2026-07-21 20:43:05,SEND_OK,0,0
*** Trama sin '*CRC' reconocible. ***

=== Registro 2013 (14/1001) ===

<-- Respuesta cruda: $CFG,BAD_CRC,LOGREAD,2013,0000-00-48 91:43:06,SERVER_ACK,48,0
*** Trama sin '*CRC' reconocible. ***

=== Registro 2014 (15/1001) ===

<-- Respuesta cruda: $CFG,ACK,LOGREAD,2014,2026-07-21 20:44:01,HEARTBEAT_RECEIVED,0,0
*** Trama sin '*CRC' reconocible. ***

=== Registro 2015 (16/1001) ===

<-- Respuesta cruda: $CFG,ACK,LOGREAD,2015,2026-07-21 20:44:06,SEND_OK,0,0
*** Trama sin '*CRC' reconocible. ***

=== Registro 2016 (17/1001) ===

<-- Respuesta cruda: $CFG,ACK,LOGREAD,2016,2026-07-21 20:44:06,SERVER_ACK,48,0
*** Trama sin '*CRC' reconocible. ***

=== Registro 2017 (18/1001) ===

<-- Respuesta cruda: $CFG,ACK,LOGREAD,2017,2026-07-21 20:45:04,HEARTBEAT_RECEIVED,0,0
*** Trama sin '*CRC' reconocible. ***

=== Registro 2018 (19/1001) ===

<-- Respuesta cruda: $CFG,ACK,LOGREAD,2018,2026-07-21 20:45:06,SEND_OK,0,0
*** Trama sin '*CRC' reconocible. ***

=== Registro 2019 (20/1001) ===

<-- Respuesta cruda: $CFG,BAD_CRC,LOGREAD,2019,2026-07-21 20:45:06,SERVER_ACK,906375216,0
*** Trama sin '*CRC' reconocible. ***

=== Registro 2020 (21/1001) ===

<-- Respuesta cruda: $CFG,BAD_CRC,LOGREAD,2020,0000-00-52 224:46:06,SEND_OK,0,0
*** Trama sin '*CRC' reconocible. ***

=== Registro 2021 (22/1001) ===

<-- Respuesta cruda: $CFG,ACK,LOGREAD,2021,2026-07-21 20:46:06,SERVER_ACK,48,0
*** Trama sin '*CRC' reconocible. ***

=== Registro 2022 (23/1001) ===

<-- Respuesta cruda: $CFG,ACK,LOGREAD,2022,2026-07-21 20:46:07,HEARTBEAT_RECEIVED,0,0
*** Trama sin '*CRC' reconocible. ***

=== Registro 2023 (24/1001) ===

<-- Respuesta cruda: $CFG,ACK,LOGREAD,2023,2026-07-21 20:47:06,SEND_OK,0,0
*** Trama sin '*CRC' reconocible. ***

=== Registro 2024 (25/1001) ===

<-- Respuesta cruda: $CFG,ACK,LOGREAD,2024,2026-07-21 20:47:06,SERVER_ACK,48,0
*** Trama sin '*CRC' reconocible. ***

=== Registro 2025 (26/1001) ===

<-- Respuesta cruda: $CFG,ACK,LOGREAD,2025,2026-07-21 20:47:10,HEARTBEAT_RECEIVED,0,0
*** Trama sin '*CRC' reconocible. ***

=== Registro 2026 (27/1001) ===

<-- Respuesta cruda: $CFG,BAD_CRC,LOGREAD,2026,2026-07-21 20:255:255,UNKNOWN,4294967295,4294967295
*** Trama sin '*CRC' reconocible. ***

=== Registro 2027 (28/1001) ===

<-- Respuesta cruda: $CFG,ACK,LOGREAD,2027,2026-07-21 20:48:06,SERVER_ACK,48,0
*** Trama sin '*CRC' reconocible. ***

=== Registro 2028 (29/1001) ===

<-- Respuesta cruda: $CFG,ACK,LOGREAD,2028,2026-07-21 20:48:13,HEARTBEAT_RECEIVED,0,0
*** Trama sin '*CRC' reconocible. ***

=== Registro 2029 (30/1001) ===

<-- Respuesta cruda: $CFG,ACK,LOGREAD,2029,2026-07-21 20:49:06,SEND_OK,0,0
*** Trama sin '*CRC' reconocible. ***

=== Registro 2030 (31/1001) ===

<-- Respuesta cruda: $CFG,ACK,LOGREAD,2030,2026-07-21 20:49:16,HEARTBEAT_RECEIVED,0,0
*** Trama sin '*CRC' reconocible. ***

=== Registro 2031 (32/1001) ===

<-- Respuesta cruda: $CFG,ACK,LOGREAD,2031,2026-07-21 20:50:06,SEND_OK,0,0
*** Trama sin '*CRC' reconocible. ***

=== Registro 2032 (33/1001) ===

<-- Respuesta cruda: $CFG,ACK,LOGREAD,2032,2026-07-21 20:50:07,SERVER_ACK,48,0
*** Trama sin '*CRC' reconocible. ***

=== Registro 2033 (34/1001) ===

<-- Respuesta cruda: $CFG,BAD_CRC,LOGREAD,2033,0000-00-229 50:50:19,HEARTBEAT_RECEIVED,0,0
*** Trama sin '*CRC' reconocible. ***

=== Registro 2034 (35/1001) ===

<-- Respuesta cruda: $CFG,ACK,LOGREAD,2034,2026-07-21 20:51:07,SEND_OK,0,0
*** Trama sin '*CRC' reconocible. ***

=== Registro 2035 (36/1001) ===

<-- Respuesta cruda: $CFG,ACK,LOGREAD,2035,2026-07-21 20:51:08,SERVER_ACK,48,0
*** Trama sin '*CRC' reconocible. ***

=== Registro 2036 (37/1001) ===

<-- Respuesta cruda: $CFG,ACK,LOGREAD,2036,2026-07-21 20:51:22,HEARTBEAT_RECEIVED,0,0
*** Trama sin '*CRC' reconocible. ***

=== Registro 2037 (38/1001) ===

<-- Respuesta cruda: $CFG,ACK,LOGREAD,2037,2026-07-21 20:52:07,SEND_OK,0,0
*** Trama sin '*CRC' reconocible. ***

=== Registro 2038 (39/1001) ===

<-- Respuesta cruda: $CFG,ACK,LOGREAD,2038,2026-07-21 20:52:07,SERVER_ACK,48,0
*** Trama sin '*CRC' reconocible. ***

=== Registro 2039 (40/1001) ===

<-- Respuesta cruda: $CFG,BAD_CRC,LOGREAD,2039,2026-07-21 20:52:25,HEARTBEAT_RECEIVED,0,0
*** Trama sin '*CRC' reconocible. ***

=== Registro 2040 (41/1001) ===

<-- Respuesta cruda: $CFG,BAD_CRC,LOGREAD,2040,0000-00-54 48:53:07,SEND_OK,0,0
*** Trama sin '*CRC' reconocible. ***

=== Registro 2041 (42/1001) ===

<-- Respuesta cruda: $CFG,ACK,LOGREAD,2041,2026-07-21 20:53:07,SERVER_ACK,48,0
*** Trama sin '*CRC' reconocible. ***

=== Registro 2042 (43/1001) ===

<-- Respuesta cruda: $CFG,ACK,LOGREAD,2042,2026-07-21 20:53:28,HEARTBEAT_RECEIVED,0,0
*** Trama sin '*CRC' reconocible. ***

=== Registro 2043 (44/1001) ===

<-- Respuesta cruda: $CFG,ACK,LOGREAD,2043,2026-07-21 20:54:07,SEND_OK,0,0
*** Trama sin '*CRC' reconocible. ***

=== Registro 2044 (45/1001) ===

<-- Respuesta cruda: $CFG,ACK,LOGREAD,2044,2026-07-21 20:54:07,SERVER_ACK,48,0
*** Trama sin '*CRC' reconocible. ***

=== Registro 2045 (46/1001) ===

<-- Respuesta cruda: $CFG,ACK,LOGREAD,2045,2026-07-21 20:54:31,HEARTBEAT_RECEIVED,0,0
*** Trama sin '*CRC' reconocible. ***

=== Registro 2046 (47/1001) ===

<-- Respuesta cruda: $CFG,BAD_CRC,LOGREAD,2046,2026-07-21 20:55:07,SEND_OK,1174944020,12288
*** Trama sin '*CRC' reconocible. ***

=== Registro 2047 (48/1001) ===

<-- Respuesta cruda: $CFG,BAD_CRC,LOGREAD,2047,0000-00-206 50:55:08,SERVER_ACK,48,0
*** Trama sin '*CRC' reconocible. ***

=== Registro 2048 (49/1001) ===

<-- Respuesta cruda: $CFG,ACK,LOGREAD,2048,2026-07-21 20:55:34,HEARTBEAT_RECEIVED,0,0
*** Trama sin '*CRC' reconocible. ***

=== Registro 2049 (50/1001) ===

<-- Respuesta cruda: $CFG,ACK,LOGREAD,2049,2026-07-21 20:56:07,SEND_OK,0,0
*** Trama sin '*CRC' reconocible. ***

=== Registro 2050 (51/1001) ===

<-- Respuesta cruda: $CFG,ACK,LOGREAD,2050,2026-07-21 20:56:08,SERVER_ACK,48,0
*** Trama sin '*CRC' reconocible. ***

=== Registro 2051 (52/1001) ===

<-- Respuesta cruda: $CFG,ACK,LOGREAD,2051,2026-07-21 20:56:37,HEARTBEAT_RECEIVED,0,0
*** Trama sin '*CRC' reconocible. ***

=== Registro 2052 (53/1001) ===

<-- Respuesta cruda: $CFG,ACK,LOGREAD,2052,2026-07-21 20:57:08,SEND_OK,0,0
*** Trama sin '*CRC' reconocible. ***

=== Registro 2053 (54/1001) ===

<-- Respuesta cruda: $CFG,BAD_CRC,LOGREAD,2053,2026-07-21 52:255:255,UNKNOWN,4294967295,4294967295
*** Trama sin '*CRC' reconocible. ***

=== Registro 2054 (55/1001) ===

<-- Respuesta cruda: $CFG,ACK,LOGREAD,2054,2026-07-21 20:57:40,HEARTBEAT_RECEIVED,0,0
*** Trama sin '*CRC' reconocible. ***

=== Registro 2055 (56/1001) ===

<-- Respuesta cruda: $CFG,ACK,LOGREAD,2055,2026-07-21 20:58:08,SEND_OK,0,0
*** Trama sin '*CRC' reconocible. ***

=== Registro 2056 (57/1001) ===

<-- Respuesta cruda: $CFG,ACK,LOGREAD,2056,2026-07-21 20:58:08,SERVER_ACK,48,0
*** Trama sin '*CRC' reconocible. ***

=== Registro 2057 (58/1001) ===

<-- Respuesta cruda: $CFG,ACK,LOGREAD,2057,2026-07-21 20:58:43,HEARTBEAT_RECEIVED,0,0
*** Trama sin '*CRC' reconocible. ***

=== Registro 2058 (59/1001) ===

<-- Respuesta cruda: $CFG,ACK,LOGREAD,2058,2026-07-21 20:59:08,SEND_OK,0,0
*** Trama sin '*CRC' reconocible. ***

=== Registro 2059 (60/1001) ===

<-- Respuesta cruda: $CFG,BAD_CRC,LOGREAD,2059,2026-07-21 20:59:08,SERVER_ACK,48,0
*** Trama sin '*CRC' reconocible. ***

=== Registro 2060 (61/1001) ===

<-- Respuesta cruda: $CFG,BAD_CRC,LOGREAD,2060,0000-00-45 161:59:46,HEARTBEAT_RECEIVED,0,0
*** Trama sin '*CRC' reconocible. ***

=== Registro 2061 (62/1001) ===

<-- Respuesta cruda: $CFG,ACK,LOGREAD,2061,2026-07-21 21:00:08,SEND_OK,0,0
*** Trama sin '*CRC' reconocible. ***

=== Registro 2062 (63/1001) ===

<-- Respuesta cruda: $CFG,ACK,LOGREAD,2062,2026-07-21 21:00:08,SERVER_ACK,48,0
*** Trama sin '*CRC' reconocible. ***

=== Registro 2063 (64/1001) ===

<-- Respuesta cruda: $CFG,ACK,LOGREAD,2063,2026-07-21 21:00:49,HEARTBEAT_RECEIVED,0,0
*** Trama sin '*CRC' reconocible. ***

=== Registro 2064 (65/1001) ===

<-- Respuesta cruda: $CFG,ACK,LOGREAD,2064,2026-07-21 21:01:08,SEND_OK,0,0
*** Trama sin '*CRC' reconocible. ***

=== Registro 2065 (66/1001) ===

<-- Respuesta cruda: $CFG,ACK,LOGREAD,2065,2026-07-21 21:01:08,SERVER_ACK,48,0
*** Trama sin '*CRC' reconocible. ***

=== Registro 2066 (67/1001) ===

<-- Respuesta cruda: $CFG,BAD_CRC,LOGREAD,2066,2026-07-21 21:01:52,HEARTBEAT_RECEIVED,0,0
*** Trama sin '*CRC' reconocible. ***

=== Registro 2067 (68/1001) ===

<-- Respuesta cruda: $CFG,BAD_CRC,LOGREAD,2067,0000-00-64 122:02:08,SEND_OK,0,0
*** Trama sin '*CRC' reconocible. ***

=== Registro 2068 (69/1001) ===

<-- Respuesta cruda: $CFG,ACK,LOGREAD,2068,2026-07-21 21:02:09,SERVER_ACK,48,0
*** Trama sin '*CRC' reconocible. ***

=== Registro 2069 (70/1001) ===

<-- Respuesta cruda: $CFG,ACK,LOGREAD,2069,2026-07-21 21:02:55,HEARTBEAT_RECEIVED,0,0
*** Trama sin '*CRC' reconocible. ***

=== Registro 2070 (71/1001) ===

<-- Respuesta cruda: $CFG,ACK,LOGREAD,2070,2026-07-21 21:03:08,SEND_OK,0,0
*** Trama sin '*CRC' reconocible. ***

=== Registro 2071 (72/1001) ===

<-- Respuesta cruda: $CFG,ACK,LOGREAD,2071,2026-07-21 21:03:09,SERVER_ACK,48,0
*** Trama sin '*CRC' reconocible. ***

=== Registro 2072 (73/1001) ===

<-- Respuesta cruda: $CFG,ACK,LOGREAD,2072,2026-07-21 21:03:58,HEARTBEAT_RECEIVED,0,0
*** Trama sin '*CRC' reconocible. ***

=== Registro 2073 (74/1001) ===

<-- Respuesta cruda: $CFG,BAD_CRC,LOGREAD,2073,2026-07-21 21:04:09,SEND_OK,1174996501,12288
*** Trama sin '*CRC' reconocible. ***

=== Registro 2074 (75/1001) ===

<-- Respuesta cruda: $CFG,BAD_CRC,LOGREAD,2074,0000-00-247 229:04:09,SERVER_ACK,48,0
*** Trama sin '*CRC' reconocible. ***

=== Registro 2075 (76/1001) ===

<-- Respuesta cruda: $CFG,ACK,LOGREAD,2075,2026-07-21 21:05:01,HEARTBEAT_RECEIVED,0,0
*** Trama sin '*CRC' reconocible. ***

=== Registro 2076 (77/1001) ===

<-- Respuesta cruda: $CFG,ACK,LOGREAD,2076,2026-07-21 21:05:09,SEND_OK,0,0
*** Trama sin '*CRC' reconocible. ***

=== Registro 2077 (78/1001) ===

<-- Respuesta cruda: $CFG,ACK,LOGREAD,2077,2026-07-21 21:05:09,SERVER_ACK,48,0
*** Trama sin '*CRC' reconocible. ***

=== Registro 2078 (79/1001) ===

<-- Respuesta cruda: $CFG,ACK,LOGREAD,2078,2026-07-21 21:06:04,HEARTBEAT_RECEIVED,0,0
*** Trama sin '*CRC' reconocible. ***

=== Registro 2079 (80/1001) ===

<-- Respuesta cruda: $CFG,ACK,LOGREAD,2079,2026-07-21 21:06:09,SEND_OK,0,0
*** Trama sin '*CRC' reconocible. ***

=== Registro 2080 (81/1001) ===

<-- Respuesta cruda: $CFG,BAD_CRC,LOGREAD,2080,2026-07-205 21:255:255,UNKNOWN,4294967295,4294967295
*** Trama sin '*CRC' reconocible. ***

=== Registro 2081 (82/1001) ===

<-- Respuesta cruda: $CFG,ACK,LOGREAD,2081,2026-07-21 21:07:07,HEARTBEAT_RECEIVED,0,0
*** Trama sin '*CRC' reconocible. ***

=== Registro 2082 (83/1001) ===

<-- Respuesta cruda: $CFG,ACK,LOGREAD,2082,2026-07-21 21:07:09,SEND_OK,0,0
*** Trama sin '*CRC' reconocible. ***

=== Registro 2083 (84/1001) ===

<-- Respuesta cruda: $CFG,ACK,LOGREAD,2083,2026-07-21 21:07:09,SERVER_ACK,48,0
*** Trama sin '*CRC' reconocible. ***

=== Registro 2084 (85/1001) ===

<-- Respuesta cruda: $CFG,ACK,LOGREAD,2084,2026-07-21 21:08:09,SEND_OK,0,0
*** Trama sin '*CRC' reconocible. ***

=== Registro 2085 (86/1001) ===

<-- Respuesta cruda: $CFG,ACK,LOGREAD,2085,2026-07-21 21:08:09,SERVER_ACK,48,0
*** Trama sin '*CRC' reconocible. ***

=== Registro 2086 (87/1001) ===

<-- Respuesta cruda: $CFG,BAD_CRC,LOGREAD,2086,2026-07-21 21:08:10,HEARTBEAT_RECEIVED,0,0
*** Trama sin '*CRC' reconocible. ***

=== Registro 2087 (88/1001) ===

<-- Respuesta cruda: $CFG,BAD_CRC,LOGREAD,2087,0000-00-89 17:09:09,SEND_OK,0,0
*** Trama sin '*CRC' reconocible. ***

=== Registro 2088 (89/1001) ===

<-- Respuesta cruda: $CFG,ACK,LOGREAD,2088,2026-07-21 21:09:10,SERVER_ACK,48,0
*** Trama sin '*CRC' reconocible. ***

=== Registro 2089 (90/1001) ===

<-- Respuesta cruda: $CFG,ACK,LOGREAD,2089,2026-07-21 21:09:13,HEARTBEAT_RECEIVED,0,0
*** Trama sin '*CRC' reconocible. ***

=== Registro 2090 (91/1001) ===

<-- Respuesta cruda: $CFG,ACK,LOGREAD,2090,2026-07-21 21:10:09,SEND_OK,0,0
*** Trama sin '*CRC' reconocible. ***

=== Registro 2091 (92/1001) ===

<-- Respuesta cruda: $CFG,ACK,LOGREAD,2091,2026-07-21 21:10:10,SERVER_ACK,48,0
*** Trama sin '*CRC' reconocible. ***

=== Registro 2092 (93/1001) ===

<-- Respuesta cruda: $CFG,ACK,LOGREAD,2092,2026-07-21 21:10:16,HEARTBEAT_RECEIVED,0,0
*** Trama sin '*CRC' reconocible. ***

=== Registro 2093 (94/1001) ===

<-- Respuesta cruda: $CFG,BAD_CRC,LOGREAD,2093,2026-07-21 21:11:10,SEND_OK,1174405120,12288
*** Trama sin '*CRC' reconocible. ***

=== Registro 2094 (95/1001) ===

<-- Respuesta cruda: $CFG,BAD_CRC,LOGREAD,2094,0000-00-58 131:11:10,SERVER_ACK,48,0
*** Trama sin '*CRC' reconocible. ***

=== Registro 2095 (96/1001) ===

<-- Respuesta cruda: $CFG,ACK,LOGREAD,2095,2026-07-21 21:11:19,HEARTBEAT_RECEIVED,0,0
*** Trama sin '*CRC' reconocible. ***

=== Registro 2096 (97/1001) ===

<-- Respuesta cruda: $CFG,ACK,LOGREAD,2096,2026-07-21 21:12:10,SEND_OK,0,0
*** Trama sin '*CRC' reconocible. ***

=== Registro 2097 (98/1001) ===

<-- Respuesta cruda: $CFG,ACK,LOGREAD,2097,2026-07-21 21:12:10,SERVER_ACK,48,0
*** Trama sin '*CRC' reconocible. ***

=== Registro 2098 (99/1001) ===

<-- Respuesta cruda: $CFG,ACK,LOGREAD,2098,2026-07-21 21:12:22,HEARTBEAT_RECEIVED,0,0
*** Trama sin '*CRC' reconocible. ***

=== Registro 2099 (100/1001) ===

<-- Respuesta cruda: $CFG,ACK,LOGREAD,2099,2026-07-21 21:13:10,SEND_OK,0,0
*** Trama sin '*CRC' reconocible. ***

=== Registro 2100 (101/1001) ===

<-- Respuesta cruda: $CFG,BAD_CRC,LOGREAD,2100,2026-07-21 21:13:10,SIM_PIN_REQUIRED,1142886165,0
*** Trama sin '*CRC' reconocible. ***

=== Registro 2101 (102/1001) ===

<-- Respuesta cruda: $CFG,BAD_CRC,LOGREAD,2101,0000-00-181 193:13:25,HEARTBEAT_RECEIVED,0,0
*** Trama sin '*CRC' reconocible. ***

=== Registro 2102 (103/1001) ===

<-- Respuesta cruda: $CFG,ACK,LOGREAD,2102,2026-07-21 21:14:10,SEND_OK,0,0
*** Trama sin '*CRC' reconocible. ***

=== Registro 2103 (104/1001) ===

<-- Respuesta cruda: $CFG,ACK,LOGREAD,2103,2026-07-21 21:14:10,SERVER_ACK,48,0
*** Trama sin '*CRC' reconocible. ***

=== Registro 2104 (105/1001) ===

<-- Respuesta cruda: $CFG,ACK,LOGREAD,2104,2026-07-21 21:14:28,HEARTBEAT_RECEIVED,0,0
*** Trama sin '*CRC' reconocible. ***

=== Registro 2105 (106/1001) ===

<-- Respuesta cruda: $CFG,ACK,LOGREAD,2105,2026-07-21 21:15:10,SEND_OK,0,0
*** Trama sin '*CRC' reconocible. ***

=== Registro 2106 (107/1001) ===

<-- Respuesta cruda: $CFG,ACK,LOGREAD,2106,2026-07-21 21:15:10,SERVER_ACK,48,0
*** Trama sin '*CRC' reconocible. ***

=== Registro 2107 (108/1001) ===

<-- Respuesta cruda: $CFG,BAD_CRC,LOGREAD,2107,2026-00-09 27:255:255,UNKNOWN,4294967295,4294967295
*** Trama sin '*CRC' reconocible. ***

=== Registro 2108 (109/1001) ===

<-- Respuesta cruda: $CFG,ACK,LOGREAD,2108,2026-07-21 21:16:10,SEND_OK,0,0
*** Trama sin '*CRC' reconocible. ***

=== Registro 2109 (110/1001) ===

<-- Respuesta cruda: $CFG,ACK,LOGREAD,2109,2026-07-21 21:16:11,SERVER_ACK,48,0
*** Trama sin '*CRC' reconocible. ***

=== Registro 2110 (111/1001) ===

<-- Respuesta cruda: $CFG,ACK,LOGREAD,2110,2026-07-21 21:16:34,HEARTBEAT_RECEIVED,0,0
*** Trama sin '*CRC' reconocible. ***

=== Registro 2111 (112/1001) ===

<-- Respuesta cruda: $CFG,ACK,LOGREAD,2111,2026-07-21 21:17:10,SEND_OK,0,0
*** Trama sin '*CRC' reconocible. ***

=== Registro 2112 (113/1001) ===

<-- Respuesta cruda: $CFG,ACK,LOGREAD,2112,2026-07-21 21:17:11,SERVER_ACK,48,0
*** Trama sin '*CRC' reconocible. ***

=== Registro 2113 (114/1001) ===

<-- Respuesta cruda: $CFG,BAD_CRC,LOGREAD,2113,2026-07-21 21:17:37,HEARTBEAT_RECEIVED,0,0
*** Trama sin '*CRC' reconocible. ***

=== Registro 2114 (115/1001) ===

<-- Respuesta cruda: $CFG,BAD_CRC,LOGREAD,2114,0000-00-163 237:18:11,SEND_OK,0,0
*** Trama sin '*CRC' reconocible. ***

=== Registro 2115 (116/1001) ===

<-- Respuesta cruda: $CFG,ACK,LOGREAD,2115,2026-07-21 21:18:11,SERVER_ACK,48,0
*** Trama sin '*CRC' reconocible. ***

=== Registro 2116 (117/1001) ===

<-- Respuesta cruda: $CFG,ACK,LOGREAD,2116,2026-07-21 21:18:40,HEARTBEAT_RECEIVED,0,0
*** Trama sin '*CRC' reconocible. ***

=== Registro 2117 (118/1001) ===

<-- Respuesta cruda: $CFG,ACK,LOGREAD,2117,2026-07-21 21:19:11,SEND_OK,0,0
*** Trama sin '*CRC' reconocible. ***

=== Registro 2118 (119/1001) ===

<-- Respuesta cruda: $CFG,ACK,LOGREAD,2118,2026-07-21 21:19:11,SERVER_ACK,48,0
*** Trama sin '*CRC' reconocible. ***

=== Registro 2119 (120/1001) ===

<-- Respuesta cruda: $CFG,ACK,LOGREAD,2119,2026-07-21 21:19:43,HEARTBEAT_RECEIVED,0,0
*** Trama sin '*CRC' reconocible. ***

=== Registro 2120 (121/1001) ===

<-- Respuesta cruda: $CFG,BAD_CRC,LOGREAD,2120,2026-07-21 21:20:11,SEND_OK,1175126016,12288
*** Trama sin '*CRC' reconocible. ***

=== Registro 2121 (122/1001) ===

<-- Respuesta cruda: $CFG,BAD_CRC,LOGREAD,2121,0000-00-20 114:20:11,SERVER_ACK,48,0
*** Trama sin '*CRC' reconocible. ***

=== Registro 2122 (123/1001) ===

<-- Respuesta cruda: $CFG,ACK,LOGREAD,2122,2026-07-21 21:20:46,HEARTBEAT_RECEIVED,0,0
*** Trama sin '*CRC' reconocible. ***

=== Registro 2123 (124/1001) ===

<-- Respuesta cruda: $CFG,ACK,LOGREAD,2123,2026-07-21 21:21:11,SEND_OK,0,0
*** Trama sin '*CRC' reconocible. ***

=== Registro 2124 (125/1001) ===

<-- Respuesta cruda: $CFG,ACK,LOGREAD,2124,2026-07-21 21:21:11,SERVER_ACK,48,0
*** Trama sin '*CRC' reconocible. ***

=== Registro 2125 (126/1001) ===

<-- Respuesta cruda: $CFG,ACK,LOGREAD,2125,2026-07-21 21:21:49,HEARTBEAT_RECEIVED,0,0
*** Trama sin '*CRC' reconocible. ***

=== Registro 2126 (127/1001) ===

<-- Respuesta cruda: $CFG,ACK,LOGREAD,2126,2026-07-21 21:22:11,SEND_OK,0,0
*** Trama sin '*CRC' reconocible. ***

=== Registro 2127 (128/1001) ===

<-- Respuesta cruda: $CFG,BAD_CRC,LOGREAD,2127,2026-07-21 21:22:07,SIM_PIN_REQUIRED,1144657941,0
*** Trama sin '*CRC' reconocible. ***

=== Registro 2128 (129/1001) ===

<-- Respuesta cruda: $CFG,BAD_CRC,LOGREAD,2128,0000-00-218 221:22:52,HEARTBEAT_RECEIVED,0,0
*** Trama sin '*CRC' reconocible. ***

=== Registro 2129 (130/1001) ===

<-- Respuesta cruda: $CFG,ACK,LOGREAD,2129,2026-07-21 21:23:11,SEND_OK,0,0
*** Trama sin '*CRC' reconocible. ***

=== Registro 2130 (131/1001) ===

<-- Respuesta cruda: $CFG,ACK,LOGREAD,2130,2026-07-21 21:23:12,SERVER_ACK,48,0
*** Trama sin '*CRC' reconocible. ***

=== Registro 2131 (132/1001) ===

<-- Respuesta cruda: $CFG,ACK,LOGREAD,2131,2026-07-21 21:23:55,HEARTBEAT_RECEIVED,0,0
*** Trama sin '*CRC' reconocible. ***

=== Registro 2132 (133/1001) ===

<-- Respuesta cruda: $CFG,ACK,LOGREAD,2132,2026-07-21 21:24:11,SEND_OK,0,0
*** Trama sin '*CRC' reconocible. ***

=== Registro 2133 (134/1001) ===

<-- Respuesta cruda: $CFG,ACK,LOGREAD,2133,2026-07-21 21:24:12,SERVER_ACK,48,0
*** Trama sin '*CRC' reconocible. ***

=== Registro 2134 (135/1001) ===

<-- Respuesta cruda: $CFG,BAD_CRC,LOGREAD,2134,0234-00-197 93:255:255,UNKNOWN,4294967295,4294967295
*** Trama sin '*CRC' reconocible. ***

=== Registro 2135 (136/1001) ===

<-- Respuesta cruda: $CFG,ACK,LOGREAD,2135,2026-07-21 21:25:12,SEND_OK,0,0
*** Trama sin '*CRC' reconocible. ***

=== Registro 2136 (137/1001) ===

<-- Respuesta cruda: $CFG,ACK,LOGREAD,2136,2026-07-21 21:25:12,SERVER_ACK,48,0
*** Trama sin '*CRC' reconocible. ***

=== Registro 2137 (138/1001) ===

<-- Respuesta cruda: $CFG,ACK,LOGREAD,2137,2026-07-21 21:26:00,HEARTBEAT_RECEIVED,0,0
*** Trama sin '*CRC' reconocible. ***

=== Registro 2138 (139/1001) ===

<-- Respuesta cruda: $CFG,ACK,LOGREAD,2138,2026-07-21 21:26:11,SEND_OK,0,0
*** Trama sin '*CRC' reconocible. ***

=== Registro 2139 (140/1001) ===

<-- Respuesta cruda: $CFG,ACK,LOGREAD,2139,2026-07-21 21:26:11,SERVER_ACK,48,0
*** Trama sin '*CRC' reconocible. ***

=== Registro 2140 (141/1001) ===

<-- Respuesta cruda: $CFG,BAD_CRC,LOGREAD,2140,2026-07-21 21:27:03,HEARTBEAT_RECEIVED,0,0
*** Trama sin '*CRC' reconocible. ***

=== Registro 2141 (142/1001) ===

<-- Respuesta cruda: $CFG,BAD_CRC,LOGREAD,2141,0000-00-126 245:27:11,SEND_OK,0,0
*** Trama sin '*CRC' reconocible. ***

=== Registro 2142 (143/1001) ===

<-- Respuesta cruda: $CFG,ACK,LOGREAD,2142,2026-07-21 21:27:11,SERVER_ACK,48,0
*** Trama sin '*CRC' reconocible. ***

=== Registro 2143 (144/1001) ===

<-- Respuesta cruda: $CFG,ACK,LOGREAD,2143,2026-07-21 21:28:06,HEARTBEAT_RECEIVED,0,0
*** Trama sin '*CRC' reconocible. ***

=== Registro 2144 (145/1001) ===

<-- Respuesta cruda: $CFG,ACK,LOGREAD,2144,2026-07-21 21:28:11,SEND_OK,0,0
*** Trama sin '*CRC' reconocible. ***

=== Registro 2145 (146/1001) ===

<-- Respuesta cruda: $CFG,ACK,LOGREAD,2145,2026-07-21 21:28:12,SERVER_ACK,48,0
*** Trama sin '*CRC' reconocible. ***

=== Registro 2146 (147/1001) ===

<-- Respuesta cruda: $CFG,ACK,LOGREAD,2146,2026-07-21 21:29:09,HEARTBEAT_RECEIVED,0,0
*** Trama sin '*CRC' reconocible. ***

=== Registro 2147 (148/1001) ===

<-- Respuesta cruda: $CFG,BAD_CRC,LOGREAD,2147,2026-07-21 21:29:11,SEND_OK,1141841664,0
*** Trama sin '*CRC' reconocible. ***

=== Registro 2148 (149/1001) ===

<-- Respuesta cruda: $CFG,BAD_CRC,LOGREAD,2148,0000-00-216 163:29:12,SERVER_ACK,48,0
*** Trama sin '*CRC' reconocible. ***

=== Registro 2149 (150/1001) ===

<-- Respuesta cruda: $CFG,ACK,LOGREAD,2149,2026-07-21 21:30:12,SEND_OK,0,0
*** Trama sin '*CRC' reconocible. ***

=== Registro 2150 (151/1001) ===

<-- Respuesta cruda: $CFG,ACK,LOGREAD,2150,2026-07-21 21:30:12,SERVER_ACK,48,0
*** Trama sin '*CRC' reconocible. ***

=== Registro 2151 (152/1001) ===

<-- Respuesta cruda: $CFG,ACK,LOGREAD,2151,2026-07-21 21:30:12,HEARTBEAT_RECEIVED,0,0
*** Trama sin '*CRC' reconocible. ***

=== Registro 2152 (153/1001) ===

<-- Respuesta cruda: $CFG,ACK,LOGREAD,2152,2026-07-21 21:31:12,SEND_OK,0,0
*** Trama sin '*CRC' reconocible. ***

=== Registro 2153 (154/1001) ===

<-- Respuesta cruda: $CFG,ACK,LOGREAD,2153,2026-07-21 21:31:12,SERVER_ACK,48,0
*** Trama sin '*CRC' reconocible. ***

=== Registro 2154 (155/1001) ===

<-- Respuesta cruda: $CFG,BAD_CRC,LOGREAD,2154,2026-07-21 21:255:255,UNKNOWN,4294967295,4294967295
*** Trama sin '*CRC' reconocible. ***

=== Registro 2155 (156/1001) ===

<-- Respuesta cruda: $CFG,ACK,LOGREAD,2155,2026-07-21 21:32:12,SEND_OK,0,0
*** Trama sin '*CRC' reconocible. ***

=== Registro 2156 (157/1001) ===

<-- Respuesta cruda: $CFG,ACK,LOGREAD,2156,2026-07-21 21:32:12,SERVER_ACK,48,0
*** Trama sin '*CRC' reconocible. ***

=== Registro 2157 (158/1001) ===

<-- Respuesta cruda: $CFG,ACK,LOGREAD,2157,2026-07-21 21:32:18,HEARTBEAT_RECEIVED,0,0
*** Trama sin '*CRC' reconocible. ***

=== Registro 2158 (159/1001) ===

<-- Respuesta cruda: $CFG,ACK,LOGREAD,2158,2026-07-21 21:33:12,SEND_OK,0,0
*** Trama sin '*CRC' reconocible. ***

=== Registro 2159 (160/1001) ===

<-- Respuesta cruda: $CFG,ACK,LOGREAD,2159,2026-07-21 21:33:12,SERVER_ACK,48,0
*** Trama sin '*CRC' reconocible. ***

=== Registro 2160 (161/1001) ===

<-- Respuesta cruda: $CFG,ACK,LOGREAD,2160,2026-07-21 21:33:21,HEARTBEAT_RECEIVED,0,0
*** Trama sin '*CRC' reconocible. ***

=== Registro 2161 (162/1001) ===

<-- Respuesta cruda: $CFG,BAD_CRC,LOGREAD,2161,0000-00-238 157:34:12,SEND_OK,0,0
*** Trama sin '*CRC' reconocible. ***

=== Registro 2162 (163/1001) ===

<-- Respuesta cruda: $CFG,ACK,LOGREAD,2162,2026-07-21 21:34:12,SERVER_ACK,48,0
*** Trama sin '*CRC' reconocible. ***

=== Registro 2163 (164/1001) ===

<-- Respuesta cruda: $CFG,ACK,LOGREAD,2163,2026-07-21 21:34:24,HEARTBEAT_RECEIVED,0,0
*** Trama sin '*CRC' reconocible. ***

=== Registro 2164 (165/1001) ===

<-- Respuesta cruda: $CFG,ACK,LOGREAD,2164,2026-07-21 21:35:12,SEND_OK,0,0
*** Trama sin '*CRC' reconocible. ***

=== Registro 2165 (166/1001) ===

<-- Respuesta cruda: $CFG,ACK,LOGREAD,2165,2026-07-21 21:35:13,SERVER_ACK,48,0
*** Trama sin '*CRC' reconocible. ***

=== Registro 2166 (167/1001) ===

<-- Respuesta cruda: $CFG,ACK,LOGREAD,2166,2026-07-21 21:35:54,RS232_TIMEOUT,0,0
*** Trama sin '*CRC' reconocible. ***

=== Registro 2167 (168/1001) ===

<-- Respuesta cruda: $CFG,BAD_CRC,LOGREAD,2167,2026-07-21 21:36:12,SEND_OK,0,0
*** Trama sin '*CRC' reconocible. ***

=== Registro 2168 (169/1001) ===

<-- Respuesta cruda: $CFG,BAD_CRC,LOGREAD,2168,0000-00-144 02:36:13,SERVER_ACK,48,0
*** Trama sin '*CRC' reconocible. ***

=== Registro 2169 (170/1001) ===

<-- Respuesta cruda: $CFG,ACK,LOGREAD,2169,2026-07-21 21:36:43,CID_RECEIVED,0,0
*** Trama sin '*CRC' reconocible. ***

=== Registro 2170 (171/1001) ===

<-- Respuesta cruda: $CFG,ACK,LOGREAD,2170,2026-07-21 21:36:43,RS232_RESTORED,0,0
*** Trama sin '*CRC' reconocible. ***

=== Registro 2171 (172/1001) ===

<-- Respuesta cruda: $CFG,ACK,LOGREAD,2171,2026-07-21 21:36:43,SEND_OK,0,0
*** Trama sin '*CRC' reconocible. ***

=== Registro 2172 (173/1001) ===

<-- Respuesta cruda: $CFG,ACK,LOGREAD,2172,2026-07-21 21:36:44,SERVER_ACK,48,0
*** Trama sin '*CRC' reconocible. ***

=== Registro 2173 (174/1001) ===

<-- Respuesta cruda: $CFG,ACK,LOGREAD,2173,2026-07-21 21:36:44,SERVER_ACK,0,0
*** Trama sin '*CRC' reconocible. ***

=== Registro 2174 (175/1001) ===

<-- Respuesta cruda: $CFG,BAD_CRC,LOGREAD,2174,2026-07-21 21:37:33,CID_RECEIVED,908207893,0
*** Trama sin '*CRC' reconocible. ***

=== Registro 2175 (176/1001) ===

<-- Respuesta cruda: $CFG,BAD_CRC,LOGREAD,2175,0000-00-113 97:37:33,SEND_OK,0,0
*** Trama sin '*CRC' reconocible. ***

=== Registro 2176 (177/1001) ===

<-- Respuesta cruda: $CFG,ACK,LOGREAD,2176,2026-07-21 21:37:33,SERVER_ACK,48,0
*** Trama sin '*CRC' reconocible. ***

=== Registro 2177 (178/1001) ===

<-- Respuesta cruda: $CFG,ACK,LOGREAD,2177,2026-07-21 21:37:33,SERVER_ACK,0,0
*** Trama sin '*CRC' reconocible. ***

=== Registro 2178 (179/1001) ===

<-- Respuesta cruda: $CFG,ACK,LOGREAD,2178,2026-07-21 21:38:34,SEND_OK,0,0
*** Trama sin '*CRC' reconocible. ***

=== Registro 2179 (180/1001) ===

<-- Respuesta cruda: $CFG,ACK,LOGREAD,2179,2026-07-21 21:38:34,SERVER_ACK,48,0
*** Trama sin '*CRC' reconocible. ***

=== Registro 2180 (181/1001) ===

<-- Respuesta cruda: $CFG,ACK,LOGREAD,2180,2026-07-21 21:38:37,HEARTBEAT_RECEIVED,0,0
*** Trama sin '*CRC' reconocible. ***

=== Registro 2181 (182/1001) ===

<-- Respuesta cruda: $CFG,BAD_CRC,LOGREAD,2181,2026-07-21 113:255:255,UNKNOWN,4294967295,4294967295
*** Trama sin '*CRC' reconocible. ***

=== Registro 2182 (183/1001) ===

<-- Respuesta cruda: $CFG,ACK,LOGREAD,2182,2026-07-21 21:39:34,SERVER_ACK,48,0
*** Trama sin '*CRC' reconocible. ***

=== Registro 2183 (184/1001) ===

<-- Respuesta cruda: $CFG,ACK,LOGREAD,2183,2026-07-21 21:39:40,HEARTBEAT_RECEIVED,0,0
*** Trama sin '*CRC' reconocible. ***

=== Registro 2184 (185/1001) ===

<-- Respuesta cruda: $CFG,ACK,LOGREAD,2184,2026-07-21 21:40:34,SEND_OK,0,0
*** Trama sin '*CRC' reconocible. ***

=== Registro 2185 (186/1001) ===

<-- Respuesta cruda: $CFG,ACK,LOGREAD,2185,2026-07-21 21:40:34,SERVER_ACK,48,0
*** Trama sin '*CRC' reconocible. ***

=== Registro 2186 (187/1001) ===

<-- Respuesta cruda: $CFG,ACK,LOGREAD,2186,2026-07-21 21:40:43,HEARTBEAT_RECEIVED,0,0
*** Trama sin '*CRC' reconocible. ***

=== Registro 2187 (188/1001) ===

<-- Respuesta cruda: $CFG,BAD_CRC,LOGREAD,2187,2026-07-21 21:41:34,SEND_OK,0,0
*** Trama sin '*CRC' reconocible. ***

=== Registro 2188 (189/1001) ===

<-- Respuesta cruda: $CFG,BAD_CRC,LOGREAD,2188,0000-00-25 54:41:34,SERVER_ACK,48,0
*** Trama sin '*CRC' reconocible. ***

=== Registro 2189 (190/1001) ===

<-- Respuesta cruda: $CFG,ACK,LOGREAD,2189,2026-07-21 21:41:46,HEARTBEAT_RECEIVED,0,0
*** Trama sin '*CRC' reconocible. ***

=== Registro 2190 (191/1001) ===

<-- Respuesta cruda: $CFG,ACK,LOGREAD,2190,2026-07-21 21:42:34,SEND_OK,0,0
*** Trama sin '*CRC' reconocible. ***

=== Registro 2191 (192/1001) ===

<-- Respuesta cruda: $CFG,ACK,LOGREAD,2191,2026-07-21 21:42:34,SERVER_ACK,48,0
*** Trama sin '*CRC' reconocible. ***

=== Registro 2192 (193/1001) ===

<-- Respuesta cruda: $CFG,ACK,LOGREAD,2192,2026-07-21 21:42:49,HEARTBEAT_RECEIVED,0,0
*** Trama sin '*CRC' reconocible. ***

=== Registro 2193 (194/1001) ===

<-- Respuesta cruda: $CFG,ACK,LOGREAD,2193,2026-07-21 21:43:34,SEND_OK,0,0
*** Trama sin '*CRC' reconocible. ***

=== Registro 2194 (195/1001) ===

<-- Respuesta cruda: $CFG,BAD_CRC,LOGREAD,2194,2026-07-21 21:43:35,SERVER_ACK,48,0
*** Trama sin '*CRC' reconocible. ***

=== Registro 2195 (196/1001) ===

<-- Respuesta cruda: $CFG,BAD_CRC,LOGREAD,2195,0000-00-139 138:43:52,HEARTBEAT_RECEIVED,0,0
*** Trama sin '*CRC' reconocible. ***

=== Registro 2196 (197/1001) ===

<-- Respuesta cruda: $CFG,ACK,LOGREAD,2196,2026-07-21 21:44:34,SEND_OK,0,0
*** Trama sin '*CRC' reconocible. ***

=== Registro 2197 (198/1001) ===

<-- Respuesta cruda: $CFG,ACK,LOGREAD,2197,2026-07-21 21:44:35,SERVER_ACK,48,0
*** Trama sin '*CRC' reconocible. ***

=== Registro 2198 (199/1001) ===

<-- Respuesta cruda: $CFG,ACK,LOGREAD,2198,2026-07-21 21:44:55,HEARTBEAT_RECEIVED,0,0
*** Trama sin '*CRC' reconocible. ***

=== Registro 2199 (200/1001) ===

<-- Respuesta cruda: $CFG,ACK,LOGREAD,2199,2026-07-21 21:45:35,SEND_OK,0,0
*** Trama sin '*CRC' reconocible. ***

=== Registro 2200 (201/1001) ===

<-- Respuesta cruda: $CFG,ACK,LOGREAD,2200,2026-07-21 21:45:35,SERVER_ACK,48,0
*** Trama sin '*CRC' reconocible. ***

=== Registro 2201 (202/1001) ===

<-- Respuesta cruda: $CFG,BAD_CRC,LOGREAD,2201,2026-07-21 21:45:58,HEARTBEAT_RECEIVED,908275733,0
*** Trama sin '*CRC' reconocible. ***

=== Registro 2202 (203/1001) ===

<-- Respuesta cruda: $CFG,BAD_CRC,LOGREAD,2202,0000-00-35 134:46:35,SEND_OK,0,0
*** Trama sin '*CRC' reconocible. ***

=== Registro 2203 (204/1001) ===

<-- Respuesta cruda: $CFG,ACK,LOGREAD,2203,2026-07-21 21:46:35,SERVER_ACK,48,0
*** Trama sin '*CRC' reconocible. ***

=== Registro 2204 (205/1001) ===

<-- Respuesta cruda: $CFG,ACK,LOGREAD,2204,2026-07-21 21:47:01,HEARTBEAT_RECEIVED,0,0
*** Trama sin '*CRC' reconocible. ***

=== Registro 2205 (206/1001) ===

<-- Respuesta cruda: $CFG,ACK,LOGREAD,2205,2026-07-21 21:47:35,SEND_OK,0,0
*** Trama sin '*CRC' reconocible. ***

=== Registro 2206 (207/1001) ===

<-- Respuesta cruda: $CFG,ACK,LOGREAD,2206,2026-07-21 21:47:35,SERVER_ACK,48,0
*** Trama sin '*CRC' reconocible. ***

=== Registro 2207 (208/1001) ===

<-- Respuesta cruda: $CFG,ACK,LOGREAD,2207,2026-07-21 21:48:04,HEARTBEAT_RECEIVED,0,0
*** Trama sin '*CRC' reconocible. ***

=== Registro 2208 (209/1001) ===

<-- Respuesta cruda: $CFG,BAD_CRC,LOGREAD,2208,2026-07-201 128:255:255,UNKNOWN,4294967295,4294967295
*** Trama sin '*CRC' reconocible. ***

=== Registro 2209 (210/1001) ===

<-- Respuesta cruda: $CFG,ACK,LOGREAD,2209,2026-07-21 21:48:35,SERVER_ACK,48,0
*** Trama sin '*CRC' reconocible. ***

=== Registro 2210 (211/1001) ===

<-- Respuesta cruda: $CFG,ACK,LOGREAD,2210,2026-07-21 21:49:07,HEARTBEAT_RECEIVED,0,0
*** Trama sin '*CRC' reconocible. ***

=== Registro 2211 (212/1001) ===

<-- Respuesta cruda: $CFG,ACK,LOGREAD,2211,2026-07-21 21:49:35,SEND_OK,0,0
*** Trama sin '*CRC' reconocible. ***

=== Registro 2212 (213/1001) ===

<-- Respuesta cruda: $CFG,ACK,LOGREAD,2212,2026-07-21 21:49:35,SERVER_ACK,48,0
*** Trama sin '*CRC' reconocible. ***

=== Registro 2213 (214/1001) ===

<-- Respuesta cruda: $CFG,ACK,LOGREAD,2213,2026-07-21 21:50:10,HEARTBEAT_RECEIVED,0,0
*** Trama sin '*CRC' reconocible. ***

=== Registro 2214 (215/1001) ===

<-- Respuesta cruda: $CFG,BAD_CRC,LOGREAD,2214,2026-07-21 21:50:35,SEND_OK,0,0
*** Trama sin '*CRC' reconocible. ***

=== Registro 2215 (216/1001) ===

<-- Respuesta cruda: $CFG,BAD_CRC,LOGREAD,2215,0000-00-23 59:50:36,SERVER_ACK,48,0
*** Trama sin '*CRC' reconocible. ***

=== Registro 2216 (217/1001) ===

<-- Respuesta cruda: $CFG,ACK,LOGREAD,2216,2026-07-21 21:51:13,HEARTBEAT_RECEIVED,0,0
*** Trama sin '*CRC' reconocible. ***

=== Registro 2217 (218/1001) ===

<-- Respuesta cruda: $CFG,ACK,LOGREAD,2217,2026-07-21 21:51:36,SEND_OK,0,0
*** Trama sin '*CRC' reconocible. ***

=== Registro 2218 (219/1001) ===

<-- Respuesta cruda: $CFG,ACK,LOGREAD,2218,2026-07-21 21:51:36,SERVER_ACK,48,0
*** Trama sin '*CRC' reconocible. ***

=== Registro 2219 (220/1001) ===

<-- Respuesta cruda: $CFG,ACK,LOGREAD,2219,2026-07-21 21:52:16,HEARTBEAT_RECEIVED,0,0
*** Trama sin '*CRC' reconocible. ***

=== Registro 2220 (221/1001) ===

<-- Respuesta cruda: $CFG,ACK,LOGREAD,2220,2026-07-21 21:52:36,SEND_OK,0,0
*** Trama sin '*CRC' reconocible. ***

=== Registro 2221 (222/1001) ===

<-- Respuesta cruda: $CFG,BAD_CRC,LOGREAD,2221,2026-07-21 21:52:36,SERVER_ACK,1140850736,0
*** Trama sin '*CRC' reconocible. ***

=== Registro 2222 (223/1001) ===

<-- Respuesta cruda: $CFG,BAD_CRC,LOGREAD,2222,0000-00-25 114:53:19,HEARTBEAT_RECEIVED,0,0
*** Trama sin '*CRC' reconocible. ***

=== Registro 2223 (224/1001) ===

<-- Respuesta cruda: $CFG,ACK,LOGREAD,2223,2026-07-21 21:53:36,SEND_OK,0,0
*** Trama sin '*CRC' reconocible. ***

=== Registro 2224 (225/1001) ===

<-- Respuesta cruda: $CFG,ACK,LOGREAD,2224,2026-07-21 21:53:36,SERVER_ACK,48,0
*** Trama sin '*CRC' reconocible. ***

=== Registro 2225 (226/1001) ===

<-- Respuesta cruda: $CFG,ACK,LOGREAD,2225,2026-07-21 21:54:22,HEARTBEAT_RECEIVED,0,0
*** Trama sin '*CRC' reconocible. ***

=== Registro 2226 (227/1001) ===

<-- Respuesta cruda: $CFG,ACK,LOGREAD,2226,2026-07-21 21:54:36,SEND_OK,0,0
*** Trama sin '*CRC' reconocible. ***

=== Registro 2227 (228/1001) ===

<-- Respuesta cruda: $CFG,ACK,LOGREAD,2227,2026-07-21 21:54:36,SERVER_ACK,48,0
*** Trama sin '*CRC' reconocible. ***

=== Registro 2228 (229/1001) ===

<-- Respuesta cruda: $CFG,BAD_CRC,LOGREAD,2228,2026-07-21 21:55:25,SIM_PIN_REQUIRED,908343573,0
*** Trama sin '*CRC' reconocible. ***

=== Registro 2229 (230/1001) ===

<-- Respuesta cruda: $CFG,BAD_CRC,LOGREAD,2229,0000-00-67 183:55:36,SEND_OK,0,0
*** Trama sin '*CRC' reconocible. ***

=== Registro 2230 (231/1001) ===

<-- Respuesta cruda: $CFG,ACK,LOGREAD,2230,2026-07-21 21:55:36,SERVER_ACK,48,0
*** Trama sin '*CRC' reconocible. ***

=== Registro 2231 (232/1001) ===

<-- Respuesta cruda: $CFG,ACK,LOGREAD,2231,2026-07-21 21:56:28,HEARTBEAT_RECEIVED,0,0
*** Trama sin '*CRC' reconocible. ***

=== Registro 2232 (233/1001) ===

<-- Respuesta cruda: $CFG,ACK,LOGREAD,2232,2026-07-21 21:56:36,SEND_OK,0,0
*** Trama sin '*CRC' reconocible. ***

=== Registro 2233 (234/1001) ===

<-- Respuesta cruda: $CFG,ACK,LOGREAD,2233,2026-07-21 21:56:37,SERVER_ACK,48,0
*** Trama sin '*CRC' reconocible. ***

=== Registro 2234 (235/1001) ===

<-- Respuesta cruda: $CFG,ACK,LOGREAD,2234,2026-07-21 21:57:31,HEARTBEAT_RECEIVED,0,0
*** Trama sin '*CRC' reconocible. ***

=== Registro 2235 (236/1001) ===

<-- Respuesta cruda: $CFG,BAD_CRC,LOGREAD,2235,2026-00-189 240:255:255,UNKNOWN,4294967295,4294967295
*** Trama sin '*CRC' reconocible. ***

=== Registro 2236 (237/1001) ===

<-- Respuesta cruda: $CFG,ACK,LOGREAD,2236,2026-07-21 21:57:37,SERVER_ACK,48,0
*** Trama sin '*CRC' reconocible. ***

=== Registro 2237 (238/1001) ===

<-- Respuesta cruda: $CFG,ACK,LOGREAD,2237,2026-07-21 21:58:34,HEARTBEAT_RECEIVED,0,0
*** Trama sin '*CRC' reconocible. ***

=== Registro 2238 (239/1001) ===

<-- Respuesta cruda: $CFG,ACK,LOGREAD,2238,2026-07-21 21:58:37,SEND_OK,0,0
*** Trama sin '*CRC' reconocible. ***

=== Registro 2239 (240/1001) ===

<-- Respuesta cruda: $CFG,ACK,LOGREAD,2239,2026-07-21 21:58:37,SERVER_ACK,48,0
*** Trama sin '*CRC' reconocible. ***

=== Registro 2240 (241/1001) ===

<-- Respuesta cruda: $CFG,ACK,LOGREAD,2240,2026-07-21 21:59:37,SEND_OK,0,0
*** Trama sin '*CRC' reconocible. ***

=== Registro 2241 (242/1001) ===

<-- Respuesta cruda: $CFG,BAD_CRC,LOGREAD,2241,2026-07-21 21:59:37,SERVER_ACK,48,0
*** Trama sin '*CRC' reconocible. ***

=== Registro 2242 (243/1001) ===

<-- Respuesta cruda: $CFG,BAD_CRC,LOGREAD,2242,0000-00-134 176:59:37,HEARTBEAT_RECEIVED,0,0
*** Trama sin '*CRC' reconocible. ***

=== Registro 2243 (244/1001) ===

<-- Respuesta cruda: $CFG,ACK,LOGREAD,2243,2026-07-21 22:00:37,SEND_OK,0,0
*** Trama sin '*CRC' reconocible. ***

=== Registro 2244 (245/1001) ===

<-- Respuesta cruda: $CFG,ACK,LOGREAD,2244,2026-07-21 22:00:37,SERVER_ACK,48,0
*** Trama sin '*CRC' reconocible. ***

=== Registro 2245 (246/1001) ===

<-- Respuesta cruda: $CFG,ACK,LOGREAD,2245,2026-07-21 22:00:40,HEARTBEAT_RECEIVED,0,0
*** Trama sin '*CRC' reconocible. ***

=== Registro 2246 (247/1001) ===

<-- Respuesta cruda: $CFG,ACK,LOGREAD,2246,2026-07-21 22:01:37,SEND_OK,0,0
*** Trama sin '*CRC' reconocible. ***

=== Registro 2247 (248/1001) ===

<-- Respuesta cruda: $CFG,ACK,LOGREAD,2247,2026-07-21 22:01:37,SERVER_ACK,48,0
*** Trama sin '*CRC' reconocible. ***

=== Registro 2248 (249/1001) ===

<-- Respuesta cruda: $CFG,BAD_CRC,LOGREAD,2248,2026-07-21 22:01:43,HEARTBEAT_RECEIVED,908394496,0
*** Trama sin '*CRC' reconocible. ***

=== Registro 2249 (250/1001) ===

<-- Respuesta cruda: $CFG,BAD_CRC,LOGREAD,2249,0000-00-86 236:02:37,SEND_OK,0,0
*** Trama sin '*CRC' reconocible. ***

=== Registro 2250 (251/1001) ===

<-- Respuesta cruda: $CFG,ACK,LOGREAD,2250,2026-07-21 22:02:37,SERVER_ACK,48,0
*** Trama sin '*CRC' reconocible. ***

=== Registro 2251 (252/1001) ===

<-- Respuesta cruda: $CFG,ACK,LOGREAD,2251,2026-07-21 22:02:46,HEARTBEAT_RECEIVED,0,0
*** Trama sin '*CRC' reconocible. ***

=== Registro 2252 (253/1001) ===

<-- Respuesta cruda: $CFG,ACK,LOGREAD,2252,2026-07-21 22:03:37,SEND_OK,0,0
*** Trama sin '*CRC' reconocible. ***

=== Registro 2253 (254/1001) ===

<-- Respuesta cruda: $CFG,ACK,LOGREAD,2253,2026-07-21 22:03:38,SERVER_ACK,48,0
*** Trama sin '*CRC' reconocible. ***

=== Registro 2254 (255/1001) ===

<-- Respuesta cruda: $CFG,ACK,LOGREAD,2254,2026-07-21 22:03:49,HEARTBEAT_RECEIVED,0,0
*** Trama sin '*CRC' reconocible. ***

=== Registro 2255 (256/1001) ===

<-- Respuesta cruda: $CFG,BAD_CRC,LOGREAD,2255,2026-07-21 22:04:07,SIM_PIN_REQUIRED,1176897046,12288
*** Trama sin '*CRC' reconocible. ***

=== Registro 2256 (257/1001) ===

<-- Respuesta cruda: $CFG,BAD_CRC,LOGREAD,2256,0000-00-27 11:04:38,SERVER_ACK,48,0
*** Trama sin '*CRC' reconocible. ***

=== Registro 2257 (258/1001) ===

<-- Respuesta cruda: $CFG,ACK,LOGREAD,2257,2026-07-21 22:04:52,HEARTBEAT_RECEIVED,0,0
*** Trama sin '*CRC' reconocible. ***

=== Registro 2258 (259/1001) ===

<-- Respuesta cruda: $CFG,ACK,LOGREAD,2258,2026-07-21 22:05:38,SEND_OK,0,0
*** Trama sin '*CRC' reconocible. ***

=== Registro 2259 (260/1001) ===

<-- Respuesta cruda: $CFG,ACK,LOGREAD,2259,2026-07-21 22:05:38,SERVER_ACK,48,0
*** Trama sin '*CRC' reconocible. ***

=== Registro 2260 (261/1001) ===

<-- Respuesta cruda: $CFG,ACK,LOGREAD,2260,2026-07-21 22:05:55,HEARTBEAT_RECEIVED,0,0
*** Trama sin '*CRC' reconocible. ***

=== Registro 2261 (262/1001) ===

<-- Respuesta cruda: $CFG,ACK,LOGREAD,2261,2026-07-21 22:06:38,SEND_OK,0,0
*** Trama sin '*CRC' reconocible. ***

=== Registro 2262 (263/1001) ===

<-- Respuesta cruda: $CFG,BAD_CRC,LOGREAD,2262,0234-00-170 40:255:255,UNKNOWN,4294967295,4294967295
*** Trama sin '*CRC' reconocible. ***

=== Registro 2263 (264/1001) ===

<-- Respuesta cruda: $CFG,ACK,LOGREAD,2263,2026-07-21 22:06:59,HEARTBEAT_RECEIVED,0,0
*** Trama sin '*CRC' reconocible. ***

=== Registro 2264 (265/1001) ===

<-- Respuesta cruda: $CFG,ACK,LOGREAD,2264,2026-07-21 22:07:05,CID_RECEIVED,0,0
*** Trama sin '*CRC' reconocible. ***

=== Registro 2265 (266/1001) ===

<-- Respuesta cruda: $CFG,ACK,LOGREAD,2265,2026-07-21 22:07:06,SEND_OK,0,0
*** Trama sin '*CRC' reconocible. ***

=== Registro 2266 (267/1001) ===

<-- Respuesta cruda: $CFG,ACK,LOGREAD,2266,2026-07-21 22:07:06,SERVER_ACK,48,0
*** Trama sin '*CRC' reconocible. ***

=== Registro 2267 (268/1001) ===

<-- Respuesta cruda: $CFG,ACK,LOGREAD,2267,2026-07-21 22:07:06,SERVER_ACK,0,0
*** Trama sin '*CRC' reconocible. ***

=== Registro 2268 (269/1001) ===

<-- Respuesta cruda: $CFG,BAD_CRC,LOGREAD,2268,2026-07-21 22:08:06,SEND_OK,0,0
*** Trama sin '*CRC' reconocible. ***

=== Registro 2269 (270/1001) ===

<-- Respuesta cruda: $CFG,BAD_CRC,LOGREAD,2269,0000-00-84 111:08:06,SERVER_ACK,48,0
*** Trama sin '*CRC' reconocible. ***

=== Registro 2270 (271/1001) ===

<-- Respuesta cruda: $CFG,ACK,LOGREAD,2270,2026-07-21 22:08:09,HEARTBEAT_RECEIVED,0,0
*** Trama sin '*CRC' reconocible. ***

=== Registro 2271 (272/1001) ===

<-- Respuesta cruda: $CFG,ACK,LOGREAD,2271,2026-07-21 22:09:06,SEND_OK,0,0
*** Trama sin '*CRC' reconocible. ***

=== Registro 2272 (273/1001) ===

<-- Respuesta cruda: $CFG,ACK,LOGREAD,2272,2026-07-21 22:09:06,SERVER_ACK,48,0
*** Trama sin '*CRC' reconocible. ***

=== Registro 2273 (274/1001) ===

<-- Respuesta cruda: $CFG,ACK,LOGREAD,2273,2026-07-21 22:09:13,HEARTBEAT_RECEIVED,0,0
*** Trama sin '*CRC' reconocible. ***

=== Registro 2274 (275/1001) ===

<-- Respuesta cruda: $CFG,ACK,LOGREAD,2274,2026-07-21 22:10:06,SEND_OK,0,0
*** Trama sin '*CRC' reconocible. ***

=== Registro 2275 (276/1001) ===

<-- Respuesta cruda: $CFG,BAD_CRC,LOGREAD,2275,2026-07-21 22:10:07,SERVER_ACK,1142295600,0
*** Trama sin '*CRC' reconocible. ***

=== Registro 2276 (277/1001) ===

<-- Respuesta cruda: $CFG,BAD_CRC,LOGREAD,2276,0000-00-72 113:10:16,HEARTBEAT_RECEIVED,0,0
*** Trama sin '*CRC' reconocible. ***

=== Registro 2277 (278/1001) ===

<-- Respuesta cruda: $CFG,ACK,LOGREAD,2277,2026-07-21 22:11:06,SEND_OK,0,0
*** Trama sin '*CRC' reconocible. ***

=== Registro 2278 (279/1001) ===

<-- Respuesta cruda: $CFG,ACK,LOGREAD,2278,2026-07-21 22:11:07,SERVER_ACK,48,0
*** Trama sin '*CRC' reconocible. ***

=== Registro 2279 (280/1001) ===

<-- Respuesta cruda: $CFG,ACK,LOGREAD,2279,2026-07-21 22:11:18,HEARTBEAT_RECEIVED,0,0
*** Trama sin '*CRC' reconocible. ***

=== Registro 2280 (281/1001) ===

<-- Respuesta cruda: $CFG,ACK,LOGREAD,2280,2026-07-21 22:12:07,SEND_OK,0,0
*** Trama sin '*CRC' reconocible. ***

=== Registro 2281 (282/1001) ===

<-- Respuesta cruda: $CFG,ACK,LOGREAD,2281,2026-07-21 22:12:07,SERVER_ACK,48,0
*** Trama sin '*CRC' reconocible. ***

=== Registro 2282 (283/1001) ===

<-- Respuesta cruda: $CFG,BAD_CRC,LOGREAD,2282,2026-07-21 22:255:255,UNKNOWN,4294967295,4294967295
*** Trama sin '*CRC' reconocible. ***

=== Registro 2283 (284/1001) ===

<-- Respuesta cruda: $CFG,ACK,LOGREAD,2283,2026-07-21 22:13:07,SEND_OK,0,0
*** Trama sin '*CRC' reconocible. ***

=== Registro 2284 (285/1001) ===

<-- Respuesta cruda: $CFG,ACK,LOGREAD,2284,2026-07-21 22:13:07,SERVER_ACK,48,0
*** Trama sin '*CRC' reconocible. ***

=== Registro 2285 (286/1001) ===

<-- Respuesta cruda: $CFG,ACK,LOGREAD,2285,2026-07-21 22:13:25,HEARTBEAT_RECEIVED,0,0
*** Trama sin '*CRC' reconocible. ***

=== Registro 2286 (287/1001) ===

<-- Respuesta cruda: $CFG,ACK,LOGREAD,2286,2026-07-21 22:14:07,SEND_OK,0,0
*** Trama sin '*CRC' reconocible. ***

=== Registro 2287 (288/1001) ===

<-- Respuesta cruda: $CFG,ACK,LOGREAD,2287,2026-07-21 22:14:07,SERVER_ACK,48,0
*** Trama sin '*CRC' reconocible. ***

=== Registro 2288 (289/1001) ===

<-- Respuesta cruda: $CFG,ACK,LOGREAD,2288,2026-07-21 22:14:28,HEARTBEAT_RECEIVED,0,0
*** Trama sin '*CRC' reconocible. ***

=== Registro 2289 (290/1001) ===

<-- Respuesta cruda: $CFG,BAD_CRC,LOGREAD,2289,0000-00-110 223:15:07,SEND_OK,0,0
*** Trama sin '*CRC' reconocible. ***

=== Registro 2290 (291/1001) ===

<-- Respuesta cruda: $CFG,ACK,LOGREAD,2290,2026-07-21 22:15:07,SERVER_ACK,48,0
*** Trama sin '*CRC' reconocible. ***

=== Registro 2291 (292/1001) ===

<-- Respuesta cruda: $CFG,ACK,LOGREAD,2291,2026-07-21 22:15:31,HEARTBEAT_RECEIVED,0,0
*** Trama sin '*CRC' reconocible. ***

=== Registro 2292 (293/1001) ===

<-- Respuesta cruda: $CFG,ACK,LOGREAD,2292,2026-07-21 22:16:07,SEND_OK,0,0
*** Trama sin '*CRC' reconocible. ***

=== Registro 2293 (294/1001) ===

<-- Respuesta cruda: $CFG,ACK,LOGREAD,2293,2026-07-21 22:16:18,SERVER_ACK,48,0
*** Trama sin '*CRC' reconocible. ***

=== Registro 2294 (295/1001) ===

<-- Respuesta cruda: $CFG,ACK,LOGREAD,2294,2026-07-21 22:16:34,HEARTBEAT_RECEIVED,0,0
*** Trama sin '*CRC' reconocible. ***

=== Registro 2295 (296/1001) ===

<-- Respuesta cruda: $CFG,BAD_CRC,LOGREAD,2295,2026-07-21 22:17:07,SEND_OK,0,12288
*** Trama sin '*CRC' reconocible. ***

=== Registro 2296 (297/1001) ===

<-- Respuesta cruda: $CFG,BAD_CRC,LOGREAD,2296,0000-00-234 203:17:08,SERVER_ACK,48,0
*** Trama sin '*CRC' reconocible. ***

=== Registro 2297 (298/1001) ===

<-- Respuesta cruda: $CFG,ACK,LOGREAD,2297,2026-07-21 22:17:37,HEARTBEAT_RECEIVED,0,0
*** Trama sin '*CRC' reconocible. ***

=== Registro 2298 (299/1001) ===

<-- Respuesta cruda: $CFG,ACK,LOGREAD,2298,2026-07-21 22:18:07,SEND_OK,0,0
*** Trama sin '*CRC' reconocible. ***

=== Registro 2299 (300/1001) ===

<-- Respuesta cruda: $CFG,ACK,LOGREAD,2299,2026-07-21 22:18:08,SERVER_ACK,48,0
*** Trama sin '*CRC' reconocible. ***

=== Registro 2300 (301/1001) ===

<-- Respuesta cruda: $CFG,ACK,LOGREAD,2300,2026-07-21 22:19:07,RS232_TIMEOUT,0,0
*** Trama sin '*CRC' reconocible. ***

=== Registro 2301 (302/1001) ===

<-- Respuesta cruda: $CFG,ACK,LOGREAD,2301,2026-07-21 22:19:08,SEND_OK,0,0
*** Trama sin '*CRC' reconocible. ***

=== Registro 2302 (303/1001) ===

<-- Respuesta cruda: $CFG,BAD_CRC,LOGREAD,2302,2026-07-21 22:19:08,SERVER_ACK,908334102,0
*** Trama sin '*CRC' reconocible. ***

=== Registro 2303 (304/1001) ===

<-- Respuesta cruda: $CFG,BAD_CRC,LOGREAD,2303,0000-00-79 03:19:46,CID_RECEIVED,0,0
*** Trama sin '*CRC' reconocible. ***

=== Registro 2304 (305/1001) ===

<-- Respuesta cruda: $CFG,ACK,LOGREAD,2304,2026-07-21 22:19:46,RS232_RESTORED,0,0
*** Trama sin '*CRC' reconocible. ***

=== Registro 2305 (306/1001) ===

<-- Respuesta cruda: $CFG,ACK,LOGREAD,2305,2026-07-21 22:19:46,SEND_OK,0,0
*** Trama sin '*CRC' reconocible. ***

=== Registro 2306 (307/1001) ===

<-- Respuesta cruda: $CFG,ACK,LOGREAD,2306,2026-07-21 22:19:47,SERVER_ACK,48,0
*** Trama sin '*CRC' reconocible. ***

=== Registro 2307 (308/1001) ===

<-- Respuesta cruda: $CFG,ACK,LOGREAD,2307,2026-07-21 22:19:47,SERVER_ACK,0,0
*** Trama sin '*CRC' reconocible. ***

=== Registro 2308 (309/1001) ===

<-- Respuesta cruda: $CFG,ACK,LOGREAD,2308,2026-07-21 22:20:36,CID_RECEIVED,0,0
*** Trama sin '*CRC' reconocible. ***

=== Registro 2309 (310/1001) ===

<-- Respuesta cruda: $CFG,BAD_CRC,LOGREAD,2309,2026-07-21 221:255:255,UNKNOWN,4294967295,4294967295
*** Trama sin '*CRC' reconocible. ***

=== Registro 2310 (311/1001) ===

<-- Respuesta cruda: $CFG,ACK,LOGREAD,2310,2026-07-21 22:20:37,SERVER_ACK,48,0
*** Trama sin '*CRC' reconocible. ***

=== Registro 2311 (312/1001) ===

<-- Respuesta cruda: $CFG,ACK,LOGREAD,2311,2026-07-21 22:20:37,SERVER_ACK,0,0
*** Trama sin '*CRC' reconocible. ***

=== Registro 2312 (313/1001) ===

<-- Respuesta cruda: $CFG,ACK,LOGREAD,2312,2026-07-21 22:21:37,SEND_OK,0,0
*** Trama sin '*CRC' reconocible. ***

=== Registro 2313 (314/1001) ===

<-- Respuesta cruda: $CFG,ACK,LOGREAD,2313,2026-07-21 22:21:37,SERVER_ACK,48,0
*** Trama sin '*CRC' reconocible. ***

=== Registro 2314 (315/1001) ===

<-- Respuesta cruda: $CFG,ACK,LOGREAD,2314,2026-07-21 22:21:40,HEARTBEAT_RECEIVED,0,0
*** Trama sin '*CRC' reconocible. ***

=== Registro 2315 (316/1001) ===

<-- Respuesta cruda: $CFG,BAD_CRC,LOGREAD,2315,2026-07-21 22:22:37,SEND_OK,0,0
*** Trama sin '*CRC' reconocible. ***

=== Registro 2316 (317/1001) ===

<-- Respuesta cruda: $CFG,BAD_CRC,LOGREAD,2316,0000-00-39 84:22:37,SERVER_ACK,48,0
*** Trama sin '*CRC' reconocible. ***

=== Registro 2317 (318/1001) ===

<-- Respuesta cruda: $CFG,ACK,LOGREAD,2317,2026-07-21 22:22:43,HEARTBEAT_RECEIVED,0,0
*** Trama sin '*CRC' reconocible. ***

=== Registro 2318 (319/1001) ===

<-- Respuesta cruda: $CFG,ACK,LOGREAD,2318,2026-07-21 22:23:37,SEND_OK,0,0
*** Trama sin '*CRC' reconocible. ***

=== Registro 2319 (320/1001) ===

<-- Respuesta cruda: $CFG,ACK,LOGREAD,2319,2026-07-21 22:23:37,SERVER_ACK,48,0
*** Trama sin '*CRC' reconocible. ***

=== Registro 2320 (321/1001) ===

<-- Respuesta cruda: $CFG,ACK,LOGREAD,2320,2026-07-21 22:23:46,HEARTBEAT_RECEIVED,0,0
*** Trama sin '*CRC' reconocible. ***

=== Registro 2321 (322/1001) ===

<-- Respuesta cruda: $CFG,ACK,LOGREAD,2321,2026-07-21 22:24:37,SEND_OK,0,0
*** Trama sin '*CRC' reconocible. ***

=== Registro 2322 (323/1001) ===

<-- Respuesta cruda: $CFG,BAD_CRC,LOGREAD,2322,2026-07-21 22:24:37,SERVER_ACK,48,0
*** Trama sin '*CRC' reconocible. ***

=== Registro 2323 (324/1001) ===

<-- Respuesta cruda: $CFG,BAD_CRC,LOGREAD,2323,0000-00-21 63:24:49,HEARTBEAT_RECEIVED,0,0
*** Trama sin '*CRC' reconocible. ***

=== Registro 2324 (325/1001) ===

<-- Respuesta cruda: $CFG,ACK,LOGREAD,2324,2026-07-21 22:25:37,SEND_OK,0,0
*** Trama sin '*CRC' reconocible. ***

=== Registro 2325 (326/1001) ===

<-- Respuesta cruda: $CFG,ACK,LOGREAD,2325,2026-07-21 22:25:38,SERVER_ACK,48,0
*** Trama sin '*CRC' reconocible. ***

=== Registro 2326 (327/1001) ===

<-- Respuesta cruda: $CFG,ACK,LOGREAD,2326,2026-07-21 22:25:52,HEARTBEAT_RECEIVED,0,0
*** Trama sin '*CRC' reconocible. ***

=== Registro 2327 (328/1001) ===

<-- Respuesta cruda: $CFG,ACK,LOGREAD,2327,2026-07-21 22:26:37,SEND_OK,0,0
*** Trama sin '*CRC' reconocible. ***

=== Registro 2328 (329/1001) ===

<-- Respuesta cruda: $CFG,ACK,LOGREAD,2328,2026-07-21 22:26:37,SERVER_ACK,48,0
*** Trama sin '*CRC' reconocible. ***

=== Registro 2329 (330/1001) ===

<-- Respuesta cruda: $CFG,BAD_CRC,LOGREAD,2329,2026-07-21 22:26:55,HEARTBEAT_RECEIVED,908401942,0
*** Trama sin '*CRC' reconocible. ***

=== Registro 2330 (331/1001) ===

<-- Respuesta cruda: $CFG,BAD_CRC,LOGREAD,2330,0000-00-219 195:27:37,SEND_OK,0,0
*** Trama sin '*CRC' reconocible. ***

=== Registro 2331 (332/1001) ===

<-- Respuesta cruda: $CFG,ACK,LOGREAD,2331,2026-07-21 22:27:37,SERVER_ACK,48,0
*** Trama sin '*CRC' reconocible. ***

=== Registro 2332 (333/1001) ===

<-- Respuesta cruda: $CFG,ACK,LOGREAD,2332,2026-07-21 22:27:58,HEARTBEAT_RECEIVED,0,0
*** Trama sin '*CRC' reconocible. ***

=== Registro 2333 (334/1001) ===

<-- Respuesta cruda: $CFG,ACK,LOGREAD,2333,2026-07-21 22:28:37,SEND_OK,0,0
*** Trama sin '*CRC' reconocible. ***

=== Registro 2334 (335/1001) ===

<-- Respuesta cruda: $CFG,ACK,LOGREAD,2334,2026-07-21 22:28:37,SERVER_ACK,48,0
*** Trama sin '*CRC' reconocible. ***

=== Registro 2335 (336/1001) ===

<-- Respuesta cruda: $CFG,ACK,LOGREAD,2335,2026-07-21 22:29:01,HEARTBEAT_RECEIVED,0,0
*** Trama sin '*CRC' reconocible. ***

=== Registro 2336 (337/1001) ===

<-- Respuesta cruda: $CFG,BAD_CRC,LOGREAD,2336,2026-07-49 197:255:255,UNKNOWN,4294967295,4294967295
*** Trama sin '*CRC' reconocible. ***

=== Registro 2337 (338/1001) ===

<-- Respuesta cruda: $CFG,ACK,LOGREAD,2337,2026-07-21 22:29:37,SERVER_ACK,48,0
*** Trama sin '*CRC' reconocible. ***

=== Registro 2338 (339/1001) ===

<-- Respuesta cruda: $CFG,ACK,LOGREAD,2338,2026-07-21 22:30:04,HEARTBEAT_RECEIVED,0,0
*** Trama sin '*CRC' reconocible. ***

=== Registro 2339 (340/1001) ===

<-- Respuesta cruda: $CFG,ACK,LOGREAD,2339,2026-07-21 22:30:37,SEND_OK,0,0
*** Trama sin '*CRC' reconocible. ***

=== Registro 2340 (341/1001) ===

<-- Respuesta cruda: $CFG,ACK,LOGREAD,2340,2026-07-21 22:30:38,SERVER_ACK,48,0
*** Trama sin '*CRC' reconocible. ***

=== Registro 2341 (342/1001) ===

<-- Respuesta cruda: $CFG,ACK,LOGREAD,2341,2026-07-21 22:31:07,HEARTBEAT_RECEIVED,0,0
*** Trama sin '*CRC' reconocible. ***

=== Registro 2342 (343/1001) ===

<-- Respuesta cruda: $CFG,BAD_CRC,LOGREAD,2342,2026-07-21 22:31:37,SEND_OK,0,0
*** Trama sin '*CRC' reconocible. ***

=== Registro 2343 (344/1001) ===

<-- Respuesta cruda: $CFG,BAD_CRC,LOGREAD,2343,0000-00-240 109:31:38,SERVER_ACK,48,0
*** Trama sin '*CRC' reconocible. ***

=== Registro 2344 (345/1001) ===

<-- Respuesta cruda: $CFG,ACK,LOGREAD,2344,2026-07-21 22:32:10,HEARTBEAT_RECEIVED,0,0
*** Trama sin '*CRC' reconocible. ***

=== Registro 2345 (346/1001) ===

<-- Respuesta cruda: $CFG,ACK,LOGREAD,2345,2026-07-21 22:32:38,SEND_OK,0,0
*** Trama sin '*CRC' reconocible. ***

=== Registro 2346 (347/1001) ===

<-- Respuesta cruda: $CFG,ACK,LOGREAD,2346,2026-07-21 22:32:38,SERVER_ACK,48,0
*** Trama sin '*CRC' reconocible. ***

=== Registro 2347 (348/1001) ===

<-- Respuesta cruda: $CFG,ACK,LOGREAD,2347,2026-07-21 22:33:13,HEARTBEAT_RECEIVED,0,0
*** Trama sin '*CRC' reconocible. ***

=== Registro 2348 (349/1001) ===

<-- Respuesta cruda: $CFG,ACK,LOGREAD,2348,2026-07-21 22:33:38,SEND_OK,0,0
*** Trama sin '*CRC' reconocible. ***

=== Registro 2349 (350/1001) ===

<-- Respuesta cruda: $CFG,BAD_CRC,LOGREAD,2349,2026-07-21 22:33:38,SERVER_ACK,1140850736,0
*** Trama sin '*CRC' reconocible. ***

=== Registro 2350 (351/1001) ===

<-- Respuesta cruda: $CFG,BAD_CRC,LOGREAD,2350,0000-00-64 04:34:16,HEARTBEAT_RECEIVED,0,0
*** Trama sin '*CRC' reconocible. ***

=== Registro 2351 (352/1001) ===

<-- Respuesta cruda: $CFG,ACK,LOGREAD,2351,2026-07-21 22:34:38,SEND_OK,0,0
*** Trama sin '*CRC' reconocible. ***

=== Registro 2352 (353/1001) ===

<-- Respuesta cruda: $CFG,ACK,LOGREAD,2352,2026-07-21 22:34:38,SERVER_ACK,48,0
*** Trama sin '*CRC' reconocible. ***

=== Registro 2353 (354/1001) ===

<-- Respuesta cruda: $CFG,ACK,LOGREAD,2353,2026-07-21 22:35:19,HEARTBEAT_RECEIVED,0,0
*** Trama sin '*CRC' reconocible. ***

=== Registro 2354 (355/1001) ===

<-- Respuesta cruda: $CFG,ACK,LOGREAD,2354,2026-07-21 22:35:38,SEND_OK,0,0
*** Trama sin '*CRC' reconocible. ***

=== Registro 2355 (356/1001) ===

<-- Respuesta cruda: $CFG,ACK,LOGREAD,2355,2026-07-21 22:35:38,SERVER_ACK,48,0
*** Trama sin '*CRC' reconocible. ***

=== Registro 2356 (357/1001) ===

<-- Respuesta cruda: $CFG,BAD_CRC,LOGREAD,2356,2026-07-21 22:36:22,SIM_PIN_REQUIRED,908469782,0
*** Trama sin '*CRC' reconocible. ***

=== Registro 2357 (358/1001) ===

<-- Respuesta cruda: $CFG,BAD_CRC,LOGREAD,2357,0000-00-230 252:36:38,SEND_OK,0,0
*** Trama sin '*CRC' reconocible. ***

=== Registro 2358 (359/1001) ===

<-- Respuesta cruda: $CFG,ACK,LOGREAD,2358,2026-07-21 22:36:38,SERVER_ACK,48,0
*** Trama sin '*CRC' reconocible. ***

=== Registro 2359 (360/1001) ===

<-- Respuesta cruda: $CFG,ACK,LOGREAD,2359,2026-07-21 22:37:25,HEARTBEAT_RECEIVED,0,0
*** Trama sin '*CRC' reconocible. ***

=== Registro 2360 (361/1001) ===

<-- Respuesta cruda: $CFG,ACK,LOGREAD,2360,2026-07-21 22:37:38,SEND_OK,0,0
*** Trama sin '*CRC' reconocible. ***

=== Registro 2361 (362/1001) ===

<-- Respuesta cruda: $CFG,ACK,LOGREAD,2361,2026-07-21 22:37:39,SERVER_ACK,48,0
*** Trama sin '*CRC' reconocible. ***

=== Registro 2362 (363/1001) ===

<-- Respuesta cruda: $CFG,ACK,LOGREAD,2362,2026-07-21 22:38:28,HEARTBEAT_RECEIVED,0,0
*** Trama sin '*CRC' reconocible. ***

=== Registro 2363 (364/1001) ===

<-- Respuesta cruda: $CFG,BAD_CRC,LOGREAD,2363,2026-00-57 52:255:255,UNKNOWN,4294967295,4294967295
*** Trama sin '*CRC' reconocible. ***

=== Registro 2364 (365/1001) ===

<-- Respuesta cruda: $CFG,ACK,LOGREAD,2364,2026-07-21 22:38:39,SERVER_ACK,48,0
*** Trama sin '*CRC' reconocible. ***

=== Registro 2365 (366/1001) ===

<-- Respuesta cruda: $CFG,ACK,LOGREAD,2365,2026-07-21 22:39:31,HEARTBEAT_RECEIVED,0,0
*** Trama sin '*CRC' reconocible. ***

=== Registro 2366 (367/1001) ===

<-- Respuesta cruda: $CFG,ACK,LOGREAD,2366,2026-07-21 22:39:39,SEND_OK,0,0
*** Trama sin '*CRC' reconocible. ***

=== Registro 2367 (368/1001) ===

<-- Respuesta cruda: $CFG,ACK,LOGREAD,2367,2026-07-21 22:39:39,SERVER_ACK,48,0
*** Trama sin '*CRC' reconocible. ***

=== Registro 2368 (369/1001) ===

<-- Respuesta cruda: $CFG,ACK,LOGREAD,2368,2026-07-21 22:40:34,HEARTBEAT_RECEIVED,0,0
*** Trama sin '*CRC' reconocible. ***

=== Registro 2369 (370/1001) ===

<-- Respuesta cruda: $CFG,BAD_CRC,LOGREAD,2369,2026-07-21 22:40:39,SEND_OK,0,0
*** Trama sin '*CRC' reconocible. ***

=== Registro 2370 (371/1001) ===

<-- Respuesta cruda: $CFG,BAD_CRC,LOGREAD,2370,0000-00-235 184:40:39,SERVER_ACK,48,0
*** Trama sin '*CRC' reconocible. ***

=== Registro 2371 (372/1001) ===

<-- Respuesta cruda: $CFG,ACK,LOGREAD,2371,2026-07-21 22:41:37,HEARTBEAT_RECEIVED,0,0
*** Trama sin '*CRC' reconocible. ***

=== Registro 2372 (373/1001) ===

<-- Respuesta cruda: $CFG,ACK,LOGREAD,2372,2026-07-21 22:41:39,SEND_OK,0,0
*** Trama sin '*CRC' reconocible. ***

=== Registro 2373 (374/1001) ===

<-- Respuesta cruda: $CFG,ACK,LOGREAD,2373,2026-07-21 22:41:39,SERVER_ACK,48,0
*** Trama sin '*CRC' reconocible. ***

=== Registro 2374 (375/1001) ===

<-- Respuesta cruda: $CFG,ACK,LOGREAD,2374,2026-07-21 22:42:39,SEND_OK,0,0
*** Trama sin '*CRC' reconocible. ***

=== Registro 2375 (376/1001) ===

<-- Respuesta cruda: $CFG,ACK,LOGREAD,2375,2026-07-21 22:42:39,SERVER_ACK,48,0
*** Trama sin '*CRC' reconocible. ***

=== Registro 2376 (377/1001) ===

<-- Respuesta cruda: $CFG,BAD_CRC,LOGREAD,2376,2026-07-21 22:42:40,HEARTBEAT_RECEIVED,908591104,0
*** Trama sin '*CRC' reconocible. ***

=== Registro 2377 (378/1001) ===

<-- Respuesta cruda: $CFG,BAD_CRC,LOGREAD,2377,0000-00-171 177:43:39,SEND_OK,0,0
*** Trama sin '*CRC' reconocible. ***

=== Registro 2378 (379/1001) ===

<-- Respuesta cruda: $CFG,ACK,LOGREAD,2378,2026-07-21 22:43:40,SERVER_ACK,48,0
*** Trama sin '*CRC' reconocible. ***

=== Registro 2379 (380/1001) ===

<-- Respuesta cruda: $CFG,ACK,LOGREAD,2379,2026-07-21 22:43:43,HEARTBEAT_RECEIVED,0,0
*** Trama sin '*CRC' reconocible. ***

=== Registro 2380 (381/1001) ===

<-- Respuesta cruda: $CFG,ACK,LOGREAD,2380,2026-07-21 22:44:39,SEND_OK,0,0
*** Trama sin '*CRC' reconocible. ***

=== Registro 2381 (382/1001) ===

<-- Respuesta cruda: $CFG,ACK,LOGREAD,2381,2026-07-21 22:44:40,SERVER_ACK,48,0
*** Trama sin '*CRC' reconocible. ***

=== Registro 2382 (383/1001) ===

<-- Respuesta cruda: $CFG,ACK,LOGREAD,2382,2026-07-21 22:44:46,HEARTBEAT_RECEIVED,0,0
*** Trama sin '*CRC' reconocible. ***

=== Registro 2383 (384/1001) ===

<-- Respuesta cruda: $CFG,BAD_CRC,LOGREAD,2383,2026-07-21 22:45:07,SIM_PIN_REQUIRED,1177038614,12288
*** Trama sin '*CRC' reconocible. ***

=== Registro 2384 (385/1001) ===

<-- Respuesta cruda: $CFG,BAD_CRC,LOGREAD,2384,0000-00-28 46:45:40,SERVER_ACK,48,0
*** Trama sin '*CRC' reconocible. ***

=== Registro 2385 (386/1001) ===

<-- Respuesta cruda: $CFG,ACK,LOGREAD,2385,2026-07-21 22:45:49,HEARTBEAT_RECEIVED,0,0
*** Trama sin '*CRC' reconocible. ***

=== Registro 2386 (387/1001) ===

<-- Respuesta cruda: $CFG,ACK,LOGREAD,2386,2026-07-21 22:46:40,SEND_OK,0,0
*** Trama sin '*CRC' reconocible. ***

=== Registro 2387 (388/1001) ===

<-- Respuesta cruda: $CFG,ACK,LOGREAD,2387,2026-07-21 22:46:40,SERVER_ACK,48,0
*** Trama sin '*CRC' reconocible. ***

=== Registro 2388 (389/1001) ===

<-- Respuesta cruda: $CFG,ACK,LOGREAD,2388,2026-07-21 22:46:52,HEARTBEAT_RECEIVED,0,0
*** Trama sin '*CRC' reconocible. ***

=== Registro 2389 (390/1001) ===

<-- Respuesta cruda: $CFG,ACK,LOGREAD,2389,2026-07-21 22:47:40,SEND_OK,0,0
*** Trama sin '*CRC' reconocible. ***

=== Registro 2390 (391/1001) ===

<-- Respuesta cruda: $CFG,BAD_CRC,LOGREAD,2390,0234-00-218 09:255:255,UNKNOWN,4294967295,4294967295
*** Trama sin '*CRC' reconocible. ***

=== Registro 2391 (392/1001) ===

<-- Respuesta cruda: $CFG,ACK,LOGREAD,2391,2026-07-21 22:47:55,HEARTBEAT_RECEIVED,0,0
*** Trama sin '*CRC' reconocible. ***

=== Registro 2392 (393/1001) ===

<-- Respuesta cruda: $CFG,ACK,LOGREAD,2392,2026-07-21 22:48:40,SEND_OK,0,0
*** Trama sin '*CRC' reconocible. ***

=== Registro 2393 (394/1001) ===

<-- Respuesta cruda: $CFG,ACK,LOGREAD,2393,2026-07-21 22:48:40,SERVER_ACK,48,0
*** Trama sin '*CRC' reconocible. ***

=== Registro 2394 (395/1001) ===

<-- Respuesta cruda: $CFG,ACK,LOGREAD,2394,2026-07-21 22:48:58,HEARTBEAT_RECEIVED,0,0
*** Trama sin '*CRC' reconocible. ***

=== Registro 2395 (396/1001) ===

<-- Respuesta cruda: $CFG,ACK,LOGREAD,2395,2026-07-21 22:49:40,SEND_OK,0,0
*** Trama sin '*CRC' reconocible. ***

=== Registro 2396 (397/1001) ===

<-- Respuesta cruda: $CFG,BAD_CRC,LOGREAD,2396,2026-07-21 22:49:40,SERVER_ACK,48,0
*** Trama sin '*CRC' reconocible. ***

=== Registro 2397 (398/1001) ===

<-- Respuesta cruda: $CFG,BAD_CRC,LOGREAD,2397,0000-00-249 05:50:01,HEARTBEAT_RECEIVED,0,0
*** Trama sin '*CRC' reconocible. ***

=== Registro 2398 (399/1001) ===

<-- Respuesta cruda: $CFG,ACK,LOGREAD,2398,2026-07-21 22:50:09,CID_RECEIVED,0,0
*** Trama sin '*CRC' reconocible. ***

=== Registro 2399 (400/1001) ===

<-- Respuesta cruda: $CFG,ACK,LOGREAD,2399,2026-07-21 22:50:09,SEND_OK,0,0
*** Trama sin '*CRC' reconocible. ***

=== Registro 2400 (401/1001) ===

<-- Respuesta cruda: $CFG,ACK,LOGREAD,2400,2026-07-21 22:50:09,SERVER_ACK,48,0
*** Trama sin '*CRC' reconocible. ***

=== Registro 2401 (402/1001) ===

<-- Respuesta cruda: $CFG,ACK,LOGREAD,2401,2026-07-21 22:50:09,SERVER_ACK,0,0
*** Trama sin '*CRC' reconocible. ***

=== Registro 2402 (403/1001) ===

<-- Respuesta cruda: $CFG,ACK,LOGREAD,2402,2026-07-21 22:51:09,SEND_OK,0,0
*** Trama sin '*CRC' reconocible. ***

=== Registro 2403 (404/1001) ===

<-- Respuesta cruda: $CFG,BAD_CRC,LOGREAD,2403,2026-07-21 22:51:10,SERVER_ACK,1142109488,0
*** Trama sin '*CRC' reconocible. ***

=== Registro 2404 (405/1001) ===

<-- Respuesta cruda: $CFG,BAD_CRC,LOGREAD,2404,0000-00-107 185:51:13,HEARTBEAT_RECEIVED,0,0
*** Trama sin '*CRC' reconocible. ***

=== Registro 2405 (406/1001) ===

<-- Respuesta cruda: $CFG,ACK,LOGREAD,2405,2026-07-21 22:52:10,SEND_OK,0,0
*** Trama sin '*CRC' reconocible. ***

=== Registro 2406 (407/1001) ===

<-- Respuesta cruda: $CFG,ACK,LOGREAD,2406,2026-07-21 22:52:10,SERVER_ACK,48,0
*** Trama sin '*CRC' reconocible. ***

=== Registro 2407 (408/1001) ===

<-- Respuesta cruda: $CFG,ACK,LOGREAD,2407,2026-07-21 22:52:16,HEARTBEAT_RECEIVED,0,0
*** Trama sin '*CRC' reconocible. ***

=== Registro 2408 (409/1001) ===

<-- Respuesta cruda: $CFG,ACK,LOGREAD,2408,2026-07-21 22:53:10,SEND_OK,0,0
*** Trama sin '*CRC' reconocible. ***

=== Registro 2409 (410/1001) ===

<-- Respuesta cruda: $CFG,ACK,LOGREAD,2409,2026-07-21 22:53:10,SERVER_ACK,48,0
*** Trama sin '*CRC' reconocible. ***

=== Registro 2410 (411/1001) ===

<-- Respuesta cruda: $CFG,BAD_CRC,LOGREAD,2410,2026-07-21 22:255:255,UNKNOWN,4294967295,4294967295
*** Trama sin '*CRC' reconocible. ***

=== Registro 2411 (412/1001) ===

<-- Respuesta cruda: $CFG,ACK,LOGREAD,2411,2026-07-21 22:54:10,SEND_OK,0,0
*** Trama sin '*CRC' reconocible. ***

=== Registro 2412 (413/1001) ===

<-- Respuesta cruda: $CFG,ACK,LOGREAD,2412,2026-07-21 22:54:10,SERVER_ACK,48,0
*** Trama sin '*CRC' reconocible. ***

=== Registro 2413 (414/1001) ===

<-- Respuesta cruda: $CFG,ACK,LOGREAD,2413,2026-07-21 22:54:22,HEARTBEAT_RECEIVED,0,0
*** Trama sin '*CRC' reconocible. ***

=== Registro 2414 (415/1001) ===

<-- Respuesta cruda: $CFG,ACK,LOGREAD,2414,2026-07-21 22:55:10,SEND_OK,0,0
*** Trama sin '*CRC' reconocible. ***

=== Registro 2415 (416/1001) ===

<-- Respuesta cruda: $CFG,ACK,LOGREAD,2415,2026-07-21 22:55:10,SERVER_ACK,48,0
*** Trama sin '*CRC' reconocible. ***

=== Registro 2416 (417/1001) ===

<-- Respuesta cruda: $CFG,ACK,LOGREAD,2416,2026-07-21 22:55:25,HEARTBEAT_RECEIVED,0,0
*** Trama sin '*CRC' reconocible. ***

=== Registro 2417 (418/1001) ===

<-- Respuesta cruda: $CFG,BAD_CRC,LOGREAD,2417,0000-00-121 132:56:10,SEND_OK,0,0
*** Trama sin '*CRC' reconocible. ***

=== Registro 2418 (419/1001) ===

<-- Respuesta cruda: $CFG,ACK,LOGREAD,2418,2026-07-21 22:56:10,SERVER_ACK,48,0
*** Trama sin '*CRC' reconocible. ***

=== Registro 2419 (420/1001) ===

<-- Respuesta cruda: $CFG,ACK,LOGREAD,2419,2026-07-21 22:56:28,HEARTBEAT_RECEIVED,0,0
*** Trama sin '*CRC' reconocible. ***

=== Registro 2420 (421/1001) ===

<-- Respuesta cruda: $CFG,ACK,LOGREAD,2420,2026-07-21 22:57:10,SEND_OK,0,0
*** Trama sin '*CRC' reconocible. ***

=== Registro 2421 (422/1001) ===

<-- Respuesta cruda: $CFG,ACK,LOGREAD,2421,2026-07-21 22:57:11,SERVER_ACK,48,0
*** Trama sin '*CRC' reconocible. ***

=== Registro 2422 (423/1001) ===

<-- Respuesta cruda: $CFG,ACK,LOGREAD,2422,2026-07-21 22:57:31,HEARTBEAT_RECEIVED,0,0
*** Trama sin '*CRC' reconocible. ***

=== Registro 2423 (424/1001) ===

<-- Respuesta cruda: $CFG,BAD_CRC,LOGREAD,2423,2026-07-21 22:58:10,SEND_OK,0,12288
*** Trama sin '*CRC' reconocible. ***

=== Registro 2424 (425/1001) ===

<-- Respuesta cruda: $CFG,BAD_CRC,LOGREAD,2424,0000-00-188 196:58:11,SERVER_ACK,48,0
*** Trama sin '*CRC' reconocible. ***

=== Registro 2425 (426/1001) ===

<-- Respuesta cruda: $CFG,ACK,LOGREAD,2425,2026-07-21 22:58:34,HEARTBEAT_RECEIVED,0,0
*** Trama sin '*CRC' reconocible. ***

=== Registro 2426 (427/1001) ===

<-- Respuesta cruda: $CFG,ACK,LOGREAD,2426,2026-07-21 22:59:11,SEND_OK,0,0
*** Trama sin '*CRC' reconocible. ***

=== Registro 2427 (428/1001) ===

<-- Respuesta cruda: $CFG,ACK,LOGREAD,2427,2026-07-21 22:59:11,SERVER_ACK,48,0
*** Trama sin '*CRC' reconocible. ***

=== Registro 2428 (429/1001) ===

<-- Respuesta cruda: $CFG,ACK,LOGREAD,2428,2026-07-21 22:59:37,HEARTBEAT_RECEIVED,0,0
*** Trama sin '*CRC' reconocible. ***

=== Registro 2429 (430/1001) ===

<-- Respuesta cruda: $CFG,ACK,LOGREAD,2429,2026-07-21 23:00:11,SEND_OK,0,0
*** Trama sin '*CRC' reconocible. ***

=== Registro 2430 (431/1001) ===

<-- Respuesta cruda: $CFG,BAD_CRC,LOGREAD,2430,2026-07-21 23:00:11,SERVER_ACK,1127285271,0
*** Trama sin '*CRC' reconocible. ***

=== Registro 2431 (432/1001) ===

<-- Respuesta cruda: $CFG,BAD_CRC,LOGREAD,2431,0000-00-128 187:00:40,HEARTBEAT_RECEIVED,0,0
*** Trama sin '*CRC' reconocible. ***

=== Registro 2432 (433/1001) ===

<-- Respuesta cruda: $CFG,ACK,LOGREAD,2432,2026-07-21 23:01:11,SEND_OK,0,0
*** Trama sin '*CRC' reconocible. ***

=== Registro 2433 (434/1001) ===

<-- Respuesta cruda: $CFG,ACK,LOGREAD,2433,2026-07-21 23:01:11,SERVER_ACK,48,0
*** Trama sin '*CRC' reconocible. ***

=== Registro 2434 (435/1001) ===

<-- Respuesta cruda: $CFG,ACK,LOGREAD,2434,2026-07-21 23:02:10,RS232_TIMEOUT,0,0
*** Trama sin '*CRC' reconocible. ***

=== Registro 2435 (436/1001) ===

<-- Respuesta cruda: $CFG,ACK,LOGREAD,2435,2026-07-21 23:02:11,SEND_OK,0,0
*** Trama sin '*CRC' reconocible. ***

=== Registro 2436 (437/1001) ===

<-- Respuesta cruda: $CFG,ACK,LOGREAD,2436,2026-07-21 23:02:11,SERVER_ACK,48,0
*** Trama sin '*CRC' reconocible. ***

=== Registro 2437 (438/1001) ===

<-- Respuesta cruda: $CFG,BAD_CRC,LOGREAD,2437,2026-07-21 01:255:255,UNKNOWN,4294967295,4294967295
*** Trama sin '*CRC' reconocible. ***

=== Registro 2438 (439/1001) ===

<-- Respuesta cruda: $CFG,ACK,LOGREAD,2438,2026-07-21 23:02:49,RS232_RESTORED,0,0
*** Trama sin '*CRC' reconocible. ***

=== Registro 2439 (440/1001) ===

<-- Respuesta cruda: $CFG,ACK,LOGREAD,2439,2026-07-21 23:02:49,SEND_OK,0,0
*** Trama sin '*CRC' reconocible. ***

=== Registro 2440 (441/1001) ===

<-- Respuesta cruda: $CFG,ACK,LOGREAD,2440,2026-07-21 23:02:49,SERVER_ACK,48,0
*** Trama sin '*CRC' reconocible. ***

=== Registro 2441 (442/1001) ===

<-- Respuesta cruda: $CFG,ACK,LOGREAD,2441,2026-07-21 23:02:49,SERVER_ACK,0,0
*** Trama sin '*CRC' reconocible. ***

=== Registro 2442 (443/1001) ===

<-- Respuesta cruda: $CFG,ACK,LOGREAD,2442,2026-07-21 23:03:39,CID_RECEIVED,0,0
*** Trama sin '*CRC' reconocible. ***

=== Registro 2443 (444/1001) ===

<-- Respuesta cruda: $CFG,BAD_CRC,LOGREAD,2443,2026-07-21 23:03:39,SEND_OK,0,0
*** Trama sin '*CRC' reconocible. ***

=== Registro 2444 (445/1001) ===

<-- Respuesta cruda: $CFG,BAD_CRC,LOGREAD,2444,0000-00-157 24:03:39,SERVER_ACK,48,0
*** Trama sin '*CRC' reconocible. ***

=== Registro 2445 (446/1001) ===

<-- Respuesta cruda: $CFG,ACK,LOGREAD,2445,2026-07-21 23:03:39,SERVER_ACK,0,0
*** Trama sin '*CRC' reconocible. ***

=== Registro 2446 (447/1001) ===

<-- Respuesta cruda: $CFG,ACK,LOGREAD,2446,2026-07-21 23:04:39,SEND_OK,0,0
*** Trama sin '*CRC' reconocible. ***

=== Registro 2447 (448/1001) ===

<-- Respuesta cruda: $CFG,ACK,LOGREAD,2447,2026-07-21 23:04:40,SERVER_ACK,48,0
*** Trama sin '*CRC' reconocible. ***

=== Registro 2448 (449/1001) ===

<-- Respuesta cruda: $CFG,ACK,LOGREAD,2448,2026-07-21 23:04:43,HEARTBEAT_RECEIVED,0,0
*** Trama sin '*CRC' reconocible. ***

=== Registro 2449 (450/1001) ===

<-- Respuesta cruda: $CFG,ACK,LOGREAD,2449,2026-07-21 23:05:39,SEND_OK,0,0
*** Trama sin '*CRC' reconocible. ***

=== Registro 2450 (451/1001) ===

<-- Respuesta cruda: $CFG,BAD_CRC,LOGREAD,2450,2026-07-21 23:05:40,SERVER_ACK,48,0
*** Trama sin '*CRC' reconocible. ***

=== Registro 2451 (452/1001) ===

<-- Respuesta cruda: $CFG,BAD_CRC,LOGREAD,2451,0000-00-213 32:05:46,HEARTBEAT_RECEIVED,0,0
*** Trama sin '*CRC' reconocible. ***

=== Registro 2452 (453/1001) ===

<-- Respuesta cruda: $CFG,ACK,LOGREAD,2452,2026-07-21 23:06:40,SEND_OK,0,0
*** Trama sin '*CRC' reconocible. ***

=== Registro 2453 (454/1001) ===

<-- Respuesta cruda: $CFG,ACK,LOGREAD,2453,2026-07-21 23:06:40,SERVER_ACK,48,0
*** Trama sin '*CRC' reconocible. ***

=== Registro 2454 (455/1001) ===

<-- Respuesta cruda: $CFG,ACK,LOGREAD,2454,2026-07-21 23:06:49,HEARTBEAT_RECEIVED,0,0
*** Trama sin '*CRC' reconocible. ***

=== Registro 2455 (456/1001) ===

<-- Respuesta cruda: $CFG,ACK,LOGREAD,2455,2026-07-21 23:07:40,SEND_OK,0,0
*** Trama sin '*CRC' reconocible. ***

=== Registro 2456 (457/1001) ===

<-- Respuesta cruda: $CFG,ACK,LOGREAD,2456,2026-07-21 23:07:40,SERVER_ACK,48,0
*** Trama sin '*CRC' reconocible. ***

=== Registro 2457 (458/1001) ===

<-- Respuesta cruda: $CFG,BAD_CRC,LOGREAD,2457,2026-07-21 23:07:52,HEARTBEAT_RECEIVED,908593687,0
*** Trama sin '*CRC' reconocible. ***

=== Registro 2458 (459/1001) ===

<-- Respuesta cruda: $CFG,BAD_CRC,LOGREAD,2458,0000-00-35 146:08:40,SEND_OK,0,0
*** Trama sin '*CRC' reconocible. ***

=== Registro 2459 (460/1001) ===

<-- Respuesta cruda: $CFG,ACK,LOGREAD,2459,2026-07-21 23:08:40,SERVER_ACK,48,0
*** Trama sin '*CRC' reconocible. ***

=== Registro 2460 (461/1001) ===

<-- Respuesta cruda: $CFG,ACK,LOGREAD,2460,2026-07-21 23:08:55,HEARTBEAT_RECEIVED,0,0
*** Trama sin '*CRC' reconocible. ***

=== Registro 2461 (462/1001) ===

<-- Respuesta cruda: $CFG,ACK,LOGREAD,2461,2026-07-21 23:09:40,SEND_OK,0,0
*** Trama sin '*CRC' reconocible. ***

=== Registro 2462 (463/1001) ===

<-- Respuesta cruda: $CFG,ACK,LOGREAD,2462,2026-07-21 23:09:40,SERVER_ACK,48,0
*** Trama sin '*CRC' reconocible. ***

=== Registro 2463 (464/1001) ===

<-- Respuesta cruda: $CFG,ACK,LOGREAD,2463,2026-07-21 23:09:58,HEARTBEAT_RECEIVED,0,0
*** Trama sin '*CRC' reconocible. ***

=== Registro 2464 (465/1001) ===

<-- Respuesta cruda: $CFG,BAD_CRC,LOGREAD,2464,2026-07-29 153:255:255,UNKNOWN,4294967295,4294967295
*** Trama sin '*CRC' reconocible. ***

=== Registro 2465 (466/1001) ===

<-- Respuesta cruda: $CFG,ACK,LOGREAD,2465,2026-07-21 23:10:40,SERVER_ACK,48,0
*** Trama sin '*CRC' reconocible. ***

=== Registro 2466 (467/1001) ===

<-- Respuesta cruda: $CFG,ACK,LOGREAD,2466,2026-07-21 23:11:01,HEARTBEAT_RECEIVED,0,0
*** Trama sin '*CRC' reconocible. ***

=== Registro 2467 (468/1001) ===

<-- Respuesta cruda: $CFG,ACK,LOGREAD,2467,2026-07-21 23:11:40,SEND_OK,0,0
*** Trama sin '*CRC' reconocible. ***

=== Registro 2468 (469/1001) ===

<-- Respuesta cruda: $CFG,ACK,LOGREAD,2468,2026-07-21 23:11:41,SERVER_ACK,48,0
*** Trama sin '*CRC' reconocible. ***

=== Registro 2469 (470/1001) ===

<-- Respuesta cruda: $CFG,ACK,LOGREAD,2469,2026-07-21 23:12:04,HEARTBEAT_RECEIVED,0,0
*** Trama sin '*CRC' reconocible. ***

=== Registro 2470 (471/1001) ===

<-- Respuesta cruda: $CFG,BAD_CRC,LOGREAD,2470,2026-07-21 23:12:40,SEND_OK,0,0
*** Trama sin '*CRC' reconocible. ***

=== Registro 2471 (472/1001) ===

<-- Respuesta cruda: $CFG,BAD_CRC,LOGREAD,2471,0000-00-227 222:12:41,SERVER_ACK,48,0
*** Trama sin '*CRC' reconocible. ***

=== Registro 2472 (473/1001) ===

<-- Respuesta cruda: $CFG,ACK,LOGREAD,2472,2026-07-21 23:13:07,HEARTBEAT_RECEIVED,0,0
*** Trama sin '*CRC' reconocible. ***

=== Registro 2473 (474/1001) ===

<-- Respuesta cruda: $CFG,ACK,LOGREAD,2473,2026-07-21 23:13:41,SEND_OK,0,0
*** Trama sin '*CRC' reconocible. ***

=== Registro 2474 (475/1001) ===

<-- Respuesta cruda: $CFG,ACK,LOGREAD,2474,2026-07-21 23:13:41,SERVER_ACK,48,0
*** Trama sin '*CRC' reconocible. ***

=== Registro 2475 (476/1001) ===

<-- Respuesta cruda: $CFG,ACK,LOGREAD,2475,2026-07-21 23:14:10,HEARTBEAT_RECEIVED,0,0
*** Trama sin '*CRC' reconocible. ***

=== Registro 2476 (477/1001) ===

<-- Respuesta cruda: $CFG,ACK,LOGREAD,2476,2026-07-21 23:14:41,SEND_OK,0,0
*** Trama sin '*CRC' reconocible. ***

=== Registro 2477 (478/1001) ===

<-- Respuesta cruda: $CFG,BAD_CRC,LOGREAD,2477,2026-07-21 23:14:41,SERVER_ACK,1140850736,0
*** Trama sin '*CRC' reconocible. ***

=== Registro 2478 (479/1001) ===

<-- Respuesta cruda: $CFG,BAD_CRC,LOGREAD,2478,0000-00-124 159:15:13,HEARTBEAT_RECEIVED,0,0
*** Trama sin '*CRC' reconocible. ***

=== Registro 2479 (480/1001) ===

<-- Respuesta cruda: $CFG,ACK,LOGREAD,2479,2026-07-21 23:15:41,SEND_OK,0,0
*** Trama sin '*CRC' reconocible. ***

=== Registro 2480 (481/1001) ===

<-- Respuesta cruda: $CFG,ACK,LOGREAD,2480,2026-07-21 23:15:41,SERVER_ACK,48,0
*** Trama sin '*CRC' reconocible. ***

=== Registro 2481 (482/1001) ===

<-- Respuesta cruda: $CFG,ACK,LOGREAD,2481,2026-07-21 23:16:16,HEARTBEAT_RECEIVED,0,0
*** Trama sin '*CRC' reconocible. ***

=== Registro 2482 (483/1001) ===

<-- Respuesta cruda: $CFG,ACK,LOGREAD,2482,2026-07-21 23:16:41,SEND_OK,0,0
*** Trama sin '*CRC' reconocible. ***

=== Registro 2483 (484/1001) ===

<-- Respuesta cruda: $CFG,ACK,LOGREAD,2483,2026-07-21 23:16:41,SERVER_ACK,48,0
*** Trama sin '*CRC' reconocible. ***

=== Registro 2484 (485/1001) ===

<-- Respuesta cruda: $CFG,BAD_CRC,LOGREAD,2484,2026-07-21 23:17:19,SIM_PIN_REQUIRED,908727063,0
*** Trama sin '*CRC' reconocible. ***

=== Registro 2485 (486/1001) ===

<-- Respuesta cruda: $CFG,BAD_CRC,LOGREAD,2485,0000-00-29 29:17:41,SEND_OK,0,0
*** Trama sin '*CRC' reconocible. ***

=== Registro 2486 (487/1001) ===

<-- Respuesta cruda: $CFG,ACK,LOGREAD,2486,2026-07-21 23:17:41,SERVER_ACK,48,0
*** Trama sin '*CRC' reconocible. ***

=== Registro 2487 (488/1001) ===

<-- Respuesta cruda: $CFG,ACK,LOGREAD,2487,2026-07-21 23:18:22,HEARTBEAT_RECEIVED,0,0
*** Trama sin '*CRC' reconocible. ***

=== Registro 2488 (489/1001) ===

<-- Respuesta cruda: $CFG,ACK,LOGREAD,2488,2026-07-21 23:18:41,SEND_OK,0,0
*** Trama sin '*CRC' reconocible. ***

=== Registro 2489 (490/1001) ===

<-- Respuesta cruda: $CFG,ACK,LOGREAD,2489,2026-07-21 23:18:42,SERVER_ACK,48,0
*** Trama sin '*CRC' reconocible. ***

=== Registro 2490 (491/1001) ===

<-- Respuesta cruda: $CFG,ACK,LOGREAD,2490,2026-07-21 23:19:25,HEARTBEAT_RECEIVED,0,0
*** Trama sin '*CRC' reconocible. ***

=== Registro 2491 (492/1001) ===

<-- Respuesta cruda: $CFG,BAD_CRC,LOGREAD,2491,2026-00-35 22:255:255,UNKNOWN,4294967295,4294967295
*** Trama sin '*CRC' reconocible. ***

=== Registro 2492 (493/1001) ===

<-- Respuesta cruda: $CFG,ACK,LOGREAD,2492,2026-07-21 23:19:42,SERVER_ACK,48,0
*** Trama sin '*CRC' reconocible. ***

=== Registro 2493 (494/1001) ===

<-- Respuesta cruda: $CFG,ACK,LOGREAD,2493,2026-07-21 23:20:28,HEARTBEAT_RECEIVED,0,0
*** Trama sin '*CRC' reconocible. ***

=== Registro 2494 (495/1001) ===

<-- Respuesta cruda: $CFG,ACK,LOGREAD,2494,2026-07-21 23:20:42,SEND_OK,0,0
*** Trama sin '*CRC' reconocible. ***

=== Registro 2495 (496/1001) ===

<-- Respuesta cruda: $CFG,ACK,LOGREAD,2495,2026-07-21 23:20:42,SERVER_ACK,48,0
*** Trama sin '*CRC' reconocible. ***

=== Registro 2496 (497/1001) ===

<-- Respuesta cruda: $CFG,ACK,LOGREAD,2496,2026-07-21 23:21:31,HEARTBEAT_RECEIVED,0,0
*** Trama sin '*CRC' reconocible. ***

=== Registro 2497 (498/1001) ===

<-- Respuesta cruda: $CFG,BAD_CRC,LOGREAD,2497,2026-07-21 23:21:42,SEND_OK,0,0
*** Trama sin '*CRC' reconocible. ***

=== Registro 2498 (499/1001) ===

<-- Respuesta cruda: $CFG,BAD_CRC,LOGREAD,2498,0000-00-148 137:21:42,SERVER_ACK,48,0
*** Trama sin '*CRC' reconocible. ***

=== Registro 2499 (500/1001) ===

<-- Respuesta cruda: $CFG,ACK,LOGREAD,2499,2026-07-21 23:22:34,HEARTBEAT_RECEIVED,0,0
*** Trama sin '*CRC' reconocible. ***

=== Registro 2500 (501/1001) ===

<-- Respuesta cruda: $CFG,ACK,LOGREAD,2500,2026-07-21 23:22:42,SEND_OK,0,0
*** Trama sin '*CRC' reconocible. ***

=== Registro 2501 (502/1001) ===

<-- Respuesta cruda: $CFG,ACK,LOGREAD,2501,2026-07-21 23:22:42,SERVER_ACK,48,0
*** Trama sin '*CRC' reconocible. ***

=== Registro 2502 (503/1001) ===

<-- Respuesta cruda: $CFG,ACK,LOGREAD,2502,2026-07-21 23:23:37,HEARTBEAT_RECEIVED,0,0
*** Trama sin '*CRC' reconocible. ***

=== Registro 2503 (504/1001) ===

<-- Respuesta cruda: $CFG,ACK,LOGREAD,2503,2026-07-21 23:23:42,SEND_OK,0,0
*** Trama sin '*CRC' reconocible. ***

=== Registro 2504 (505/1001) ===

<-- Respuesta cruda: $CFG,BAD_CRC,LOGREAD,2504,2026-07-21 23:23:42,SERVER_ACK,908722224,0
*** Trama sin '*CRC' reconocible. ***

=== Registro 2505 (506/1001) ===

<-- Respuesta cruda: $CFG,BAD_CRC,LOGREAD,2505,0000-00-192 05:24:40,HEARTBEAT_RECEIVED,0,0
*** Trama sin '*CRC' reconocible. ***

=== Registro 2506 (507/1001) ===

<-- Respuesta cruda: $CFG,ACK,LOGREAD,2506,2026-07-21 23:24:42,SEND_OK,0,0
*** Trama sin '*CRC' reconocible. ***

=== Registro 2507 (508/1001) ===

<-- Respuesta cruda: $CFG,ACK,LOGREAD,2507,2026-07-21 23:24:43,SERVER_ACK,48,0
*** Trama sin '*CRC' reconocible. ***

=== Registro 2508 (509/1001) ===

<-- Respuesta cruda: $CFG,ACK,LOGREAD,2508,2026-07-21 23:25:42,SEND_OK,0,0
*** Trama sin '*CRC' reconocible. ***

=== Registro 2509 (510/1001) ===

<-- Respuesta cruda: $CFG,ACK,LOGREAD,2509,2026-07-21 23:25:43,SERVER_ACK,48,0
*** Trama sin '*CRC' reconocible. ***

=== Registro 2510 (511/1001) ===

<-- Respuesta cruda: $CFG,ACK,LOGREAD,2510,2026-07-21 23:25:43,HEARTBEAT_RECEIVED,0,0
*** Trama sin '*CRC' reconocible. ***

=== Registro 2511 (512/1001) ===

<-- Respuesta cruda: $CFG,BAD_CRC,LOGREAD,2511,2026-07-21 23:26:07,SIM_PIN_REQUIRED,1177164823,12288
*** Trama sin '*CRC' reconocible. ***

=== Registro 2512 (513/1001) ===

<-- Respuesta cruda: $CFG,BAD_CRC,LOGREAD,2512,0000-00-163 151:26:42,SERVER_ACK,48,0
*** Trama sin '*CRC' reconocible. ***

=== Registro 2513 (514/1001) ===

<-- Respuesta cruda: $CFG,ACK,LOGREAD,2513,2026-07-21 23:26:45,HEARTBEAT_RECEIVED,0,0
*** Trama sin '*CRC' reconocible. ***

=== Registro 2514 (515/1001) ===

<-- Respuesta cruda: $CFG,ACK,LOGREAD,2514,2026-07-21 23:27:42,SEND_OK,0,0
*** Trama sin '*CRC' reconocible. ***

=== Registro 2515 (516/1001) ===

<-- Respuesta cruda: $CFG,ACK,LOGREAD,2515,2026-07-21 23:27:42,SERVER_ACK,48,0
*** Trama sin '*CRC' reconocible. ***

=== Registro 2516 (517/1001) ===

<-- Respuesta cruda: $CFG,ACK,LOGREAD,2516,2026-07-21 23:27:48,HEARTBEAT_RECEIVED,0,0
*** Trama sin '*CRC' reconocible. ***

=== Registro 2517 (518/1001) ===

<-- Respuesta cruda: $CFG,ACK,LOGREAD,2517,2026-07-21 23:28:42,SEND_OK,0,0
*** Trama sin '*CRC' reconocible. ***

=== Registro 2518 (519/1001) ===

<-- Respuesta cruda: $CFG,BAD_CRC,LOGREAD,2518,0234-00-00 73:255:255,UNKNOWN,4294967295,4294967295
*** Trama sin '*CRC' reconocible. ***

=== Registro 2519 (520/1001) ===

<-- Respuesta cruda: $CFG,ACK,LOGREAD,2519,2026-07-21 23:28:51,HEARTBEAT_RECEIVED,0,0
*** Trama sin '*CRC' reconocible. ***

=== Registro 2520 (521/1001) ===

<-- Respuesta cruda: $CFG,ACK,LOGREAD,2520,2026-07-21 23:29:42,SEND_OK,0,0
*** Trama sin '*CRC' reconocible. ***

=== Registro 2521 (522/1001) ===

<-- Respuesta cruda: $CFG,ACK,LOGREAD,2521,2026-07-21 23:29:42,SERVER_ACK,48,0
*** Trama sin '*CRC' reconocible. ***

=== Registro 2522 (523/1001) ===

<-- Respuesta cruda: $CFG,ACK,LOGREAD,2522,2026-07-21 23:29:54,HEARTBEAT_RECEIVED,0,0
*** Trama sin '*CRC' reconocible. ***

=== Registro 2523 (524/1001) ===

<-- Respuesta cruda: $CFG,ACK,LOGREAD,2523,2026-07-21 23:30:42,SEND_OK,0,0
*** Trama sin '*CRC' reconocible. ***

=== Registro 2524 (525/1001) ===

<-- Respuesta cruda: $CFG,BAD_CRC,LOGREAD,2524,2026-07-21 23:30:43,SERVER_ACK,48,0
*** Trama sin '*CRC' reconocible. ***

=== Registro 2525 (526/1001) ===

<-- Respuesta cruda: $CFG,BAD_CRC,LOGREAD,2525,0000-00-177 147:30:57,HEARTBEAT_RECEIVED,0,0
*** Trama sin '*CRC' reconocible. ***

=== Registro 2526 (527/1001) ===

<-- Respuesta cruda: $CFG,ACK,LOGREAD,2526,2026-07-21 23:31:43,SEND_OK,0,0
*** Trama sin '*CRC' reconocible. ***

=== Registro 2527 (528/1001) ===

<-- Respuesta cruda: $CFG,ACK,LOGREAD,2527,2026-07-21 23:31:43,SERVER_ACK,48,0
*** Trama sin '*CRC' reconocible. ***

=== Registro 2528 (529/1001) ===

<-- Respuesta cruda: $CFG,ACK,LOGREAD,2528,2026-07-21 23:32:00,HEARTBEAT_RECEIVED,0,0
*** Trama sin '*CRC' reconocible. ***

=== Registro 2529 (530/1001) ===

<-- Respuesta cruda: $CFG,ACK,LOGREAD,2529,2026-07-21 23:32:43,SEND_OK,0,0
*** Trama sin '*CRC' reconocible. ***

=== Registro 2530 (531/1001) ===

<-- Respuesta cruda: $CFG,ACK,LOGREAD,2530,2026-07-21 23:32:43,SERVER_ACK,48,0
*** Trama sin '*CRC' reconocible. ***

=== Registro 2531 (532/1001) ===

<-- Respuesta cruda: $CFG,BAD_CRC,LOGREAD,2531,2026-07-21 23:33:03,HEARTBEAT_RECEIVED,1141776896,0
*** Trama sin '*CRC' reconocible. ***

=== Registro 2532 (533/1001) ===

<-- Respuesta cruda: $CFG,BAD_CRC,LOGREAD,2532,0000-00-174 189:33:10,CID_RECEIVED,0,0
*** Trama sin '*CRC' reconocible. ***

=== Registro 2533 (534/1001) ===

<-- Respuesta cruda: $CFG,ACK,LOGREAD,2533,2026-07-21 23:33:10,SEND_OK,0,0
*** Trama sin '*CRC' reconocible. ***

=== Registro 2534 (535/1001) ===

<-- Respuesta cruda: $CFG,ACK,LOGREAD,2534,2026-07-21 23:33:11,SERVER_ACK,48,0
*** Trama sin '*CRC' reconocible. ***

=== Registro 2535 (536/1001) ===

<-- Respuesta cruda: $CFG,ACK,LOGREAD,2535,2026-07-21 23:33:11,SERVER_ACK,0,0
*** Trama sin '*CRC' reconocible. ***

=== Registro 2536 (537/1001) ===

<-- Respuesta cruda: $CFG,ACK,LOGREAD,2536,2026-07-21 23:34:11,SEND_OK,0,0
*** Trama sin '*CRC' reconocible. ***

=== Registro 2537 (538/1001) ===

<-- Respuesta cruda: $CFG,ACK,LOGREAD,2537,2026-07-21 23:34:11,SERVER_ACK,48,0
*** Trama sin '*CRC' reconocible. ***

=== Registro 2538 (539/1001) ===

<-- Respuesta cruda: $CFG,BAD_CRC,LOGREAD,2538,2026-07-21 23:255:255,UNKNOWN,4294967295,4294967295
*** Trama sin '*CRC' reconocible. ***

=== Registro 2539 (540/1001) ===

<-- Respuesta cruda: $CFG,ACK,LOGREAD,2539,2026-07-21 23:35:11,SEND_OK,0,0
*** Trama sin '*CRC' reconocible. ***

=== Registro 2540 (541/1001) ===

<-- Respuesta cruda: $CFG,ACK,LOGREAD,2540,2026-07-21 23:35:11,SERVER_ACK,48,0
*** Trama sin '*CRC' reconocible. ***

=== Registro 2541 (542/1001) ===

<-- Respuesta cruda: $CFG,ACK,LOGREAD,2541,2026-07-21 23:35:17,HEARTBEAT_RECEIVED,0,0
*** Trama sin '*CRC' reconocible. ***

=== Registro 2542 (543/1001) ===

<-- Respuesta cruda: $CFG,ACK,LOGREAD,2542,2026-07-21 23:36:11,SEND_OK,0,0
*** Trama sin '*CRC' reconocible. ***

=== Registro 2543 (544/1001) ===

<-- Respuesta cruda: $CFG,ACK,LOGREAD,2543,2026-07-21 23:36:11,SERVER_ACK,48,0
*** Trama sin '*CRC' reconocible. ***

=== Registro 2544 (545/1001) ===

<-- Respuesta cruda: $CFG,ACK,LOGREAD,2544,2026-07-21 23:36:20,HEARTBEAT_RECEIVED,0,0
*** Trama sin '*CRC' reconocible. ***

=== Registro 2545 (546/1001) ===

<-- Respuesta cruda: $CFG,BAD_CRC,LOGREAD,2545,0000-00-183 18:37:11,SEND_OK,0,0
*** Trama sin '*CRC' reconocible. ***

=== Registro 2546 (547/1001) ===

<-- Respuesta cruda: $CFG,ACK,LOGREAD,2546,2026-07-21 23:37:12,SERVER_ACK,48,0
*** Trama sin '*CRC' reconocible. ***

=== Registro 2547 (548/1001) ===

<-- Respuesta cruda: $CFG,ACK,LOGREAD,2547,2026-07-21 23:37:23,HEARTBEAT_RECEIVED,0,0
*** Trama sin '*CRC' reconocible. ***

=== Registro 2548 (549/1001) ===

<-- Respuesta cruda: $CFG,ACK,LOGREAD,2548,2026-07-21 23:38:11,SEND_OK,0,0
*** Trama sin '*CRC' reconocible. ***

=== Registro 2549 (550/1001) ===

<-- Respuesta cruda: $CFG,ACK,LOGREAD,2549,2026-07-21 23:38:12,SERVER_ACK,48,0
*** Trama sin '*CRC' reconocible. ***

=== Registro 2550 (551/1001) ===

<-- Respuesta cruda: $CFG,ACK,LOGREAD,2550,2026-07-21 23:38:26,HEARTBEAT_RECEIVED,0,0
*** Trama sin '*CRC' reconocible. ***

=== Registro 2551 (552/1001) ===

<-- Respuesta cruda: $CFG,BAD_CRC,LOGREAD,2551,2026-07-21 23:39:12,SEND_OK,0,12288
*** Trama sin '*CRC' reconocible. ***

=== Registro 2552 (553/1001) ===

<-- Respuesta cruda: $CFG,BAD_CRC,LOGREAD,2552,0000-00-124 155:39:12,SERVER_ACK,48,0
*** Trama sin '*CRC' reconocible. ***

=== Registro 2553 (554/1001) ===

<-- Respuesta cruda: $CFG,ACK,LOGREAD,2553,2026-07-21 23:39:29,HEARTBEAT_RECEIVED,0,0
*** Trama sin '*CRC' reconocible. ***

=== Registro 2554 (555/1001) ===

<-- Respuesta cruda: $CFG,ACK,LOGREAD,2554,2026-07-21 23:40:12,SEND_OK,0,0
*** Trama sin '*CRC' reconocible. ***

=== Registro 2555 (556/1001) ===

<-- Respuesta cruda: $CFG,ACK,LOGREAD,2555,2026-07-21 23:40:12,SERVER_ACK,48,0
*** Trama sin '*CRC' reconocible. ***

=== Registro 2556 (557/1001) ===

<-- Respuesta cruda: $CFG,ACK,LOGREAD,2556,2026-07-21 23:40:32,HEARTBEAT_RECEIVED,0,0
*** Trama sin '*CRC' reconocible. ***

=== Registro 2557 (558/1001) ===

<-- Respuesta cruda: $CFG,ACK,LOGREAD,2557,2026-07-21 23:41:12,SEND_OK,0,0
*** Trama sin '*CRC' reconocible. ***

=== Registro 2558 (559/1001) ===

<-- Respuesta cruda: $CFG,BAD_CRC,LOGREAD,2558,2026-07-21 23:41:12,SERVER_ACK,1143548695,0
*** Trama sin '*CRC' reconocible. ***

=== Registro 2559 (560/1001) ===

<-- Respuesta cruda: $CFG,BAD_CRC,LOGREAD,2559,0000-00-180 38:41:35,HEARTBEAT_RECEIVED,0,0
*** Trama sin '*CRC' reconocible. ***

=== Registro 2560 (561/1001) ===

<-- Respuesta cruda: $CFG,ACK,LOGREAD,2560,2026-07-21 23:42:12,SEND_OK,0,0
*** Trama sin '*CRC' reconocible. ***

=== Registro 2561 (562/1001) ===

<-- Respuesta cruda: $CFG,ACK,LOGREAD,2561,2026-07-21 23:42:12,SERVER_ACK,48,0
*** Trama sin '*CRC' reconocible. ***

=== Registro 2562 (563/1001) ===

<-- Respuesta cruda: $CFG,ACK,LOGREAD,2562,2026-07-21 23:42:39,HEARTBEAT_RECEIVED,0,0
*** Trama sin '*CRC' reconocible. ***

=== Registro 2563 (564/1001) ===

<-- Respuesta cruda: $CFG,ACK,LOGREAD,2563,2026-07-21 23:43:12,SEND_OK,0,0
*** Trama sin '*CRC' reconocible. ***

=== Registro 2564 (565/1001) ===

<-- Respuesta cruda: $CFG,ACK,LOGREAD,2564,2026-07-21 23:43:12,SERVER_ACK,48,0
*** Trama sin '*CRC' reconocible. ***

=== Registro 2565 (566/1001) ===

<-- Respuesta cruda: $CFG,BAD_CRC,LOGREAD,2565,2026-07-21 102:255:255,UNKNOWN,4294967295,4294967295
*** Trama sin '*CRC' reconocible. ***

=== Registro 2566 (567/1001) ===

<-- Respuesta cruda: $CFG,ACK,LOGREAD,2566,2026-07-21 23:44:12,SEND_OK,0,0
*** Trama sin '*CRC' reconocible. ***

=== Registro 2567 (568/1001) ===

<-- Respuesta cruda: $CFG,ACK,LOGREAD,2567,2026-07-21 23:44:13,SERVER_ACK,48,0
*** Trama sin '*CRC' reconocible. ***

=== Registro 2568 (569/1001) ===

<-- Respuesta cruda: $CFG,ACK,LOGREAD,2568,2026-07-21 23:45:11,RS232_TIMEOUT,0,0
*** Trama sin '*CRC' reconocible. ***

=== Registro 2569 (570/1001) ===

<-- Respuesta cruda: $CFG,ACK,LOGREAD,2569,2026-07-21 23:45:13,SEND_OK,0,0
*** Trama sin '*CRC' reconocible. ***

=== Registro 2570 (571/1001) ===

<-- Respuesta cruda: $CFG,ACK,LOGREAD,2570,2026-07-21 23:45:13,SERVER_ACK,48,0
*** Trama sin '*CRC' reconocible. ***

=== Registro 2571 (572/1001) ===

<-- Respuesta cruda: $CFG,BAD_CRC,LOGREAD,2571,2026-07-21 23:45:51,CID_RECEIVED,0,0
*** Trama sin '*CRC' reconocible. ***

=== Registro 2572 (573/1001) ===

<-- Respuesta cruda: $CFG,BAD_CRC,LOGREAD,2572,0000-00-185 200:45:51,RS232_RESTORED,0,0
*** Trama sin '*CRC' reconocible. ***

=== Registro 2573 (574/1001) ===

<-- Respuesta cruda: $CFG,ACK,LOGREAD,2573,2026-07-21 23:45:52,SEND_OK,0,0
*** Trama sin '*CRC' reconocible. ***

=== Registro 2574 (575/1001) ===

<-- Respuesta cruda: $CFG,ACK,LOGREAD,2574,2026-07-21 23:45:52,SERVER_ACK,48,0
*** Trama sin '*CRC' reconocible. ***

=== Registro 2575 (576/1001) ===

<-- Respuesta cruda: $CFG,ACK,LOGREAD,2575,2026-07-21 23:45:52,SERVER_ACK,0,0
*** Trama sin '*CRC' reconocible. ***

=== Registro 2576 (577/1001) ===

<-- Respuesta cruda: $CFG,ACK,LOGREAD,2576,2026-07-21 23:46:41,CID_RECEIVED,0,0
*** Trama sin '*CRC' reconocible. ***

=== Registro 2577 (578/1001) ===

<-- Respuesta cruda: $CFG,ACK,LOGREAD,2577,2026-07-21 23:46:41,SEND_OK,0,0
*** Trama sin '*CRC' reconocible. ***

=== Registro 2578 (579/1001) ===

<-- Respuesta cruda: $CFG,BAD_CRC,LOGREAD,2578,2026-07-21 23:46:42,SERVER_ACK,48,0
*** Trama sin '*CRC' reconocible. ***

=== Registro 2579 (580/1001) ===

<-- Respuesta cruda: $CFG,BAD_CRC,LOGREAD,2579,0000-00-41 32:46:42,SERVER_ACK,0,0
*** Trama sin '*CRC' reconocible. ***

=== Registro 2580 (581/1001) ===

<-- Respuesta cruda: $CFG,ACK,LOGREAD,2580,2026-07-21 23:47:42,SEND_OK,0,0
*** Trama sin '*CRC' reconocible. ***

=== Registro 2581 (582/1001) ===

<-- Respuesta cruda: $CFG,ACK,LOGREAD,2581,2026-07-21 23:47:42,SERVER_ACK,48,0
*** Trama sin '*CRC' reconocible. ***

=== Registro 2582 (583/1001) ===

<-- Respuesta cruda: $CFG,ACK,LOGREAD,2582,2026-07-21 23:47:45,HEARTBEAT_RECEIVED,0,0
*** Trama sin '*CRC' reconocible. ***

=== Registro 2583 (584/1001) ===

<-- Respuesta cruda: $CFG,ACK,LOGREAD,2583,2026-07-21 23:48:42,SEND_OK,0,0
*** Trama sin '*CRC' reconocible. ***

=== Registro 2584 (585/1001) ===

<-- Respuesta cruda: $CFG,ACK,LOGREAD,2584,2026-07-21 23:48:42,SERVER_ACK,48,0
*** Trama sin '*CRC' reconocible. ***

=== Registro 2585 (586/1001) ===

<-- Respuesta cruda: $CFG,BAD_CRC,LOGREAD,2585,2026-07-21 23:48:48,HEARTBEAT_RECEIVED,908735255,0
*** Trama sin '*CRC' reconocible. ***

=== Registro 2586 (587/1001) ===

<-- Respuesta cruda: $CFG,BAD_CRC,LOGREAD,2586,0000-00-189 115:49:42,SEND_OK,0,0
*** Trama sin '*CRC' reconocible. ***

=== Registro 2587 (588/1001) ===

<-- Respuesta cruda: $CFG,ACK,LOGREAD,2587,2026-07-21 23:49:42,SERVER_ACK,48,0
*** Trama sin '*CRC' reconocible. ***

=== Registro 2588 (589/1001) ===

<-- Respuesta cruda: $CFG,ACK,LOGREAD,2588,2026-07-21 23:49:51,HEARTBEAT_RECEIVED,0,0
*** Trama sin '*CRC' reconocible. ***

=== Registro 2589 (590/1001) ===

<-- Respuesta cruda: $CFG,ACK,LOGREAD,2589,2026-07-21 23:50:42,SEND_OK,0,0
*** Trama sin '*CRC' reconocible. ***

=== Registro 2590 (591/1001) ===

<-- Respuesta cruda: $CFG,ACK,LOGREAD,2590,2026-07-21 23:50:43,SERVER_ACK,48,0
*** Trama sin '*CRC' reconocible. ***

=== Registro 2591 (592/1001) ===

<-- Respuesta cruda: $CFG,ACK,LOGREAD,2591,2026-07-21 23:50:54,HEARTBEAT_RECEIVED,0,0
*** Trama sin '*CRC' reconocible. ***

=== Registro 2592 (593/1001) ===

<-- Respuesta cruda: $CFG,BAD_CRC,LOGREAD,2592,2026-07-202 160:255:255,UNKNOWN,4294967295,4294967295
*** Trama sin '*CRC' reconocible. ***

=== Registro 2593 (594/1001) ===

<-- Respuesta cruda: $CFG,ACK,LOGREAD,2593,2026-07-21 23:51:43,SERVER_ACK,48,0
*** Trama sin '*CRC' reconocible. ***

=== Registro 2594 (595/1001) ===

<-- Respuesta cruda: $CFG,ACK,LOGREAD,2594,2026-07-21 23:51:57,HEARTBEAT_RECEIVED,0,0
*** Trama sin '*CRC' reconocible. ***

=== Registro 2595 (596/1001) ===

<-- Respuesta cruda: $CFG,ACK,LOGREAD,2595,2026-07-21 23:52:43,SEND_OK,0,0
*** Trama sin '*CRC' reconocible. ***

=== Registro 2596 (597/1001) ===

<-- Respuesta cruda: $CFG,ACK,LOGREAD,2596,2026-07-21 23:52:43,SERVER_ACK,48,0
*** Trama sin '*CRC' reconocible. ***

=== Registro 2597 (598/1001) ===

<-- Respuesta cruda: $CFG,ACK,LOGREAD,2597,2026-07-21 23:53:00,HEARTBEAT_RECEIVED,0,0
*** Trama sin '*CRC' reconocible. ***

=== Registro 2598 (599/1001) ===

<-- Respuesta cruda: $CFG,BAD_CRC,LOGREAD,2598,2026-07-21 23:53:43,SEND_OK,0,0
*** Trama sin '*CRC' reconocible. ***

=== Registro 2599 (600/1001) ===

<-- Respuesta cruda: $CFG,BAD_CRC,LOGREAD,2599,0000-00-125 63:53:43,SERVER_ACK,48,0
*** Trama sin '*CRC' reconocible. ***

=== Registro 2600 (601/1001) ===

<-- Respuesta cruda: $CFG,ACK,LOGREAD,2600,2026-07-21 23:54:03,HEARTBEAT_RECEIVED,0,0
*** Trama sin '*CRC' reconocible. ***

=== Registro 2601 (602/1001) ===

<-- Respuesta cruda: $CFG,ACK,LOGREAD,2601,2026-07-21 23:54:43,SEND_OK,0,0
*** Trama sin '*CRC' reconocible. ***

=== Registro 2602 (603/1001) ===

<-- Respuesta cruda: $CFG,ACK,LOGREAD,2602,2026-07-21 23:54:43,SERVER_ACK,48,0
*** Trama sin '*CRC' reconocible. ***

=== Registro 2603 (604/1001) ===

<-- Respuesta cruda: $CFG,ACK,LOGREAD,2603,2026-07-21 23:55:06,HEARTBEAT_RECEIVED,0,0
*** Trama sin '*CRC' reconocible. ***

=== Registro 2604 (605/1001) ===

<-- Respuesta cruda: $CFG,ACK,LOGREAD,2604,2026-07-21 23:55:43,SEND_OK,0,0
*** Trama sin '*CRC' reconocible. ***

=== Registro 2605 (606/1001) ===

<-- Respuesta cruda: $CFG,BAD_CRC,LOGREAD,2605,2026-07-21 23:55:43,SERVER_ACK,1140850736,0
*** Trama sin '*CRC' reconocible. ***

=== Registro 2606 (607/1001) ===

<-- Respuesta cruda: $CFG,BAD_CRC,LOGREAD,2606,0000-00-31 73:56:09,HEARTBEAT_RECEIVED,0,0
*** Trama sin '*CRC' reconocible. ***

=== Registro 2607 (608/1001) ===

<-- Respuesta cruda: $CFG,ACK,LOGREAD,2607,2026-07-21 23:56:43,SEND_OK,0,0
*** Trama sin '*CRC' reconocible. ***

=== Registro 2608 (609/1001) ===

<-- Respuesta cruda: $CFG,ACK,LOGREAD,2608,2026-07-21 23:56:43,SERVER_ACK,48,0
*** Trama sin '*CRC' reconocible. ***

=== Registro 2609 (610/1001) ===

<-- Respuesta cruda: $CFG,ACK,LOGREAD,2609,2026-07-21 23:57:12,HEARTBEAT_RECEIVED,0,0
*** Trama sin '*CRC' reconocible. ***

=== Registro 2610 (611/1001) ===

<-- Respuesta cruda: $CFG,ACK,LOGREAD,2610,2026-07-21 23:57:43,SEND_OK,0,0
*** Trama sin '*CRC' reconocible. ***

=== Registro 2611 (612/1001) ===

<-- Respuesta cruda: $CFG,ACK,LOGREAD,2611,2026-07-21 23:57:44,SERVER_ACK,48,0
*** Trama sin '*CRC' reconocible. ***

=== Registro 2612 (613/1001) ===

<-- Respuesta cruda: $CFG,BAD_CRC,LOGREAD,2612,2026-07-21 23:58:15,SIM_PIN_REQUIRED,908853248,0
*** Trama sin '*CRC' reconocible. ***

=== Registro 2613 (614/1001) ===

<-- Respuesta cruda: $CFG,BAD_CRC,LOGREAD,2613,0000-00-57 143:58:43,SEND_OK,0,0
*** Trama sin '*CRC' reconocible. ***

=== Registro 2614 (615/1001) ===

<-- Respuesta cruda: $CFG,ACK,LOGREAD,2614,2026-07-21 23:58:44,SERVER_ACK,48,0
*** Trama sin '*CRC' reconocible. ***

=== Registro 2615 (616/1001) ===

<-- Respuesta cruda: $CFG,ACK,LOGREAD,2615,2026-07-21 23:59:19,HEARTBEAT_RECEIVED,0,0
*** Trama sin '*CRC' reconocible. ***

=== Registro 2616 (617/1001) ===

<-- Respuesta cruda: $CFG,ACK,LOGREAD,2616,2026-07-21 23:59:44,SEND_OK,0,0
*** Trama sin '*CRC' reconocible. ***

=== Registro 2617 (618/1001) ===

<-- Respuesta cruda: $CFG,ACK,LOGREAD,2617,2026-07-21 23:59:44,SERVER_ACK,48,0
*** Trama sin '*CRC' reconocible. ***

=== Registro 2618 (619/1001) ===

<-- Respuesta cruda: $CFG,ACK,LOGREAD,2618,2026-07-22 00:00:21,HEARTBEAT_RECEIVED,0,0
*** Trama sin '*CRC' reconocible. ***

=== Registro 2619 (620/1001) ===

<-- Respuesta cruda: $CFG,BAD_CRC,LOGREAD,2619,2026-00-211 137:255:255,UNKNOWN,4294967295,4294967295
*** Trama sin '*CRC' reconocible. ***

=== Registro 2620 (621/1001) ===

<-- Respuesta cruda: $CFG,ACK,LOGREAD,2620,2026-07-22 00:00:44,SERVER_ACK,48,0
*** Trama sin '*CRC' reconocible. ***

=== Registro 2621 (622/1001) ===

<-- Respuesta cruda: $CFG,ACK,LOGREAD,2621,2026-07-22 00:01:25,HEARTBEAT_RECEIVED,0,0
*** Trama sin '*CRC' reconocible. ***

=== Registro 2622 (623/1001) ===

<-- Respuesta cruda: $CFG,ACK,LOGREAD,2622,2026-07-22 00:01:44,SEND_OK,0,0
*** Trama sin '*CRC' reconocible. ***

=== Registro 2623 (624/1001) ===

<-- Respuesta cruda: $CFG,ACK,LOGREAD,2623,2026-07-22 00:01:44,SERVER_ACK,48,0
*** Trama sin '*CRC' reconocible. ***

=== Registro 2624 (625/1001) ===

<-- Respuesta cruda: $CFG,ACK,LOGREAD,2624,2026-07-22 00:02:28,HEARTBEAT_RECEIVED,0,0
*** Trama sin '*CRC' reconocible. ***

=== Registro 2625 (626/1001) ===

<-- Respuesta cruda: $CFG,BAD_CRC,LOGREAD,2625,2026-07-22 00:02:44,SEND_OK,0,0
*** Trama sin '*CRC' reconocible. ***

=== Registro 2626 (627/1001) ===

<-- Respuesta cruda: $CFG,BAD_CRC,LOGREAD,2626,0000-00-249 195:02:44,SERVER_ACK,48,0
*** Trama sin '*CRC' reconocible. ***

=== Registro 2627 (628/1001) ===

<-- Respuesta cruda: $CFG,ACK,LOGREAD,2627,2026-07-22 00:03:31,HEARTBEAT_RECEIVED,0,0
*** Trama sin '*CRC' reconocible. ***

=== Registro 2628 (629/1001) ===

<-- Respuesta cruda: $CFG,ACK,LOGREAD,2628,2026-07-22 00:03:44,SEND_OK,0,0
*** Trama sin '*CRC' reconocible. ***

=== Registro 2629 (630/1001) ===

<-- Respuesta cruda: $CFG,ACK,LOGREAD,2629,2026-07-22 00:03:44,SERVER_ACK,48,0
*** Trama sin '*CRC' reconocible. ***

=== Registro 2630 (631/1001) ===

<-- Respuesta cruda: $CFG,ACK,LOGREAD,2630,2026-07-22 00:04:34,HEARTBEAT_RECEIVED,0,0
*** Trama sin '*CRC' reconocible. ***

=== Registro 2631 (632/1001) ===

<-- Respuesta cruda: $CFG,ACK,LOGREAD,2631,2026-07-22 00:04:44,SEND_OK,0,0
*** Trama sin '*CRC' reconocible. ***

=== Registro 2632 (633/1001) ===

<-- Respuesta cruda: $CFG,BAD_CRC,LOGREAD,2632,2026-07-22 00:04:45,SERVER_ACK,1143668784,0
*** Trama sin '*CRC' reconocible. ***

=== Registro 2633 (634/1001) ===

<-- Respuesta cruda: $CFG,BAD_CRC,LOGREAD,2633,0000-00-196 175:05:37,HEARTBEAT_RECEIVED,0,0
*** Trama sin '*CRC' reconocible. ***

=== Registro 2634 (635/1001) ===

<-- Respuesta cruda: $CFG,ACK,LOGREAD,2634,2026-07-22 00:05:45,SEND_OK,0,0
*** Trama sin '*CRC' reconocible. ***

=== Registro 2635 (636/1001) ===

<-- Respuesta cruda: $CFG,ACK,LOGREAD,2635,2026-07-22 00:05:45,SERVER_ACK,48,0
*** Trama sin '*CRC' reconocible. ***

=== Registro 2636 (637/1001) ===

<-- Respuesta cruda: $CFG,ACK,LOGREAD,2636,2026-07-22 00:06:40,HEARTBEAT_RECEIVED,0,0
*** Trama sin '*CRC' reconocible. ***

=== Registro 2637 (638/1001) ===

<-- Respuesta cruda: $CFG,ACK,LOGREAD,2637,2026-07-22 00:06:45,SEND_OK,0,0
*** Trama sin '*CRC' reconocible. ***

=== Registro 2638 (639/1001) ===

<-- Respuesta cruda: $CFG,ACK,LOGREAD,2638,2026-07-22 00:06:45,SERVER_ACK,48,0
*** Trama sin '*CRC' reconocible. ***

=== Registro 2639 (640/1001) ===

<-- Respuesta cruda: $CFG,BAD_CRC,LOGREAD,2639,2026-07-22 00:07:07,SIM_PIN_REQUIRED,1177356544,12288
*** Trama sin '*CRC' reconocible. ***

=== Registro 2640 (641/1001) ===

<-- Respuesta cruda: $CFG,BAD_CRC,LOGREAD,2640,0000-00-240 214:07:45,SEND_OK,0,0
*** Trama sin '*CRC' reconocible. ***

=== Registro 2641 (642/1001) ===

<-- Respuesta cruda: $CFG,ACK,LOGREAD,2641,2026-07-22 00:07:45,SERVER_ACK,48,0
*** Trama sin '*CRC' reconocible. ***

=== Registro 2642 (643/1001) ===

<-- Respuesta cruda: $CFG,ACK,LOGREAD,2642,2026-07-22 00:08:45,SEND_OK,0,0
*** Trama sin '*CRC' reconocible. ***

=== Registro 2643 (644/1001) ===

<-- Respuesta cruda: $CFG,ACK,LOGREAD,2643,2026-07-22 00:08:45,SERVER_ACK,48,0
*** Trama sin '*CRC' reconocible. ***

=== Registro 2644 (645/1001) ===

<-- Respuesta cruda: $CFG,ACK,LOGREAD,2644,2026-07-22 00:08:46,HEARTBEAT_RECEIVED,0,0
*** Trama sin '*CRC' reconocible. ***

=== Registro 2645 (646/1001) ===

<-- Respuesta cruda: $CFG,ACK,LOGREAD,2645,2026-07-22 00:09:45,SEND_OK,0,0
*** Trama sin '*CRC' reconocible. ***

=== Registro 2646 (647/1001) ===

<-- Respuesta cruda: $CFG,BAD_CRC,LOGREAD,2646,0234-00-224 168:255:255,UNKNOWN,4294967295,4294967295
*** Trama sin '*CRC' reconocible. ***

=== Registro 2647 (648/1001) ===

<-- Respuesta cruda: $CFG,ACK,LOGREAD,2647,2026-07-22 00:09:49,HEARTBEAT_RECEIVED,0,0
*** Trama sin '*CRC' reconocible. ***

=== Registro 2648 (649/1001) ===

<-- Respuesta cruda: $CFG,ACK,LOGREAD,2648,2026-07-22 00:10:45,SEND_OK,0,0
*** Trama sin '*CRC' reconocible. ***

=== Registro 2649 (650/1001) ===

<-- Respuesta cruda: $CFG,ACK,LOGREAD,2649,2026-07-22 00:10:46,SERVER_ACK,48,0
*** Trama sin '*CRC' reconocible. ***

=== Registro 2650 (651/1001) ===

<-- Respuesta cruda: $CFG,ACK,LOGREAD,2650,2026-07-22 00:10:52,HEARTBEAT_RECEIVED,0,0
*** Trama sin '*CRC' reconocible. ***

=== Registro 2651 (652/1001) ===

<-- Respuesta cruda: $CFG,ACK,LOGREAD,2651,2026-07-22 00:11:45,SEND_OK,0,0
*** Trama sin '*CRC' reconocible. ***

=== Registro 2652 (653/1001) ===

<-- Respuesta cruda: $CFG,BAD_CRC,LOGREAD,2652,2026-07-22 00:11:46,SERVER_ACK,48,0
*** Trama sin '*CRC' reconocible. ***

=== Registro 2653 (654/1001) ===

<-- Respuesta cruda: $CFG,BAD_CRC,LOGREAD,2653,0000-00-94 31:11:55,HEARTBEAT_RECEIVED,0,0
*** Trama sin '*CRC' reconocible. ***

=== Registro 2654 (655/1001) ===

<-- Respuesta cruda: $CFG,ACK,LOGREAD,2654,2026-07-22 00:12:46,SEND_OK,0,0
*** Trama sin '*CRC' reconocible. ***

=== Registro 2655 (656/1001) ===

<-- Respuesta cruda: $CFG,ACK,LOGREAD,2655,2026-07-22 00:12:46,SERVER_ACK,48,0
*** Trama sin '*CRC' reconocible. ***

=== Registro 2656 (657/1001) ===

<-- Respuesta cruda: $CFG,ACK,LOGREAD,2656,2026-07-22 00:12:58,HEARTBEAT_RECEIVED,0,0
*** Trama sin '*CRC' reconocible. ***

=== Registro 2657 (658/1001) ===

<-- Respuesta cruda: $CFG,ACK,LOGREAD,2657,2026-07-22 00:13:46,SEND_OK,0,0
*** Trama sin '*CRC' reconocible. ***

=== Registro 2658 (659/1001) ===

<-- Respuesta cruda: $CFG,ACK,LOGREAD,2658,2026-07-22 00:13:46,SERVER_ACK,48,0
*** Trama sin '*CRC' reconocible. ***

=== Registro 2659 (660/1001) ===

<-- Respuesta cruda: $CFG,BAD_CRC,LOGREAD,2659,2026-07-22 00:14:01,HEARTBEAT_RECEIVED,1124995072,0
*** Trama sin '*CRC' reconocible. ***

=== Registro 2660 (661/1001) ===

<-- Respuesta cruda: $CFG,BAD_CRC,LOGREAD,2660,0000-00-81 175:14:46,SEND_OK,0,0
*** Trama sin '*CRC' reconocible. ***

=== Registro 2661 (662/1001) ===

<-- Respuesta cruda: $CFG,ACK,LOGREAD,2661,2026-07-22 00:14:46,SERVER_ACK,48,0
*** Trama sin '*CRC' reconocible. ***

=== Registro 2662 (663/1001) ===

<-- Respuesta cruda: $CFG,ACK,LOGREAD,2662,2026-07-22 00:15:04,HEARTBEAT_RECEIVED,0,0
*** Trama sin '*CRC' reconocible. ***

=== Registro 2663 (664/1001) ===

<-- Respuesta cruda: $CFG,ACK,LOGREAD,2663,2026-07-22 00:15:46,SEND_OK,0,0
*** Trama sin '*CRC' reconocible. ***

=== Registro 2664 (665/1001) ===

<-- Respuesta cruda: $CFG,ACK,LOGREAD,2664,2026-07-22 00:15:46,SERVER_ACK,48,0
*** Trama sin '*CRC' reconocible. ***

=== Registro 2665 (666/1001) ===

<-- Respuesta cruda: $CFG,ACK,LOGREAD,2665,2026-07-22 00:16:07,HEARTBEAT_RECEIVED,0,0
*** Trama sin '*CRC' reconocible. ***

=== Registro 2666 (667/1001) ===

<-- Respuesta cruda: $CFG,BAD_CRC,LOGREAD,2666,2026-07-22 00:255:255,UNKNOWN,4294967295,4294967295
*** Trama sin '*CRC' reconocible. ***

=== Registro 2667 (668/1001) ===

<-- Respuesta cruda: $CFG,ACK,LOGREAD,2667,2026-07-22 00:16:14,SEND_OK,0,0
*** Trama sin '*CRC' reconocible. ***

=== Registro 2668 (669/1001) ===

<-- Respuesta cruda: $CFG,ACK,LOGREAD,2668,2026-07-22 00:16:14,SERVER_ACK,48,0
*** Trama sin '*CRC' reconocible. ***

=== Registro 2669 (670/1001) ===

<-- Respuesta cruda: $CFG,ACK,LOGREAD,2669,2026-07-22 00:16:14,SERVER_ACK,0,0
*** Trama sin '*CRC' reconocible. ***

=== Registro 2670 (671/1001) ===

<-- Respuesta cruda: $CFG,ACK,LOGREAD,2670,2026-07-22 00:17:14,SEND_OK,0,0
*** Trama sin '*CRC' reconocible. ***

=== Registro 2671 (672/1001) ===

<-- Respuesta cruda: $CFG,ACK,LOGREAD,2671,2026-07-22 00:17:15,SERVER_ACK,48,0
*** Trama sin '*CRC' reconocible. ***

=== Registro 2672 (673/1001) ===

<-- Respuesta cruda: $CFG,ACK,LOGREAD,2672,2026-07-22 00:17:18,HEARTBEAT_RECEIVED,0,0
*** Trama sin '*CRC' reconocible. ***

=== Registro 2673 (674/1001) ===

<-- Respuesta cruda: $CFG,BAD_CRC,LOGREAD,2673,0000-00-61 103:18:14,SEND_OK,0,0
*** Trama sin '*CRC' reconocible. ***

=== Registro 2674 (675/1001) ===

<-- Respuesta cruda: $CFG,ACK,LOGREAD,2674,2026-07-22 00:18:15,SERVER_ACK,48,0
*** Trama sin '*CRC' reconocible. ***

=== Registro 2675 (676/1001) ===

<-- Respuesta cruda: $CFG,ACK,LOGREAD,2675,2026-07-22 00:18:21,HEARTBEAT_RECEIVED,0,0
*** Trama sin '*CRC' reconocible. ***

=== Registro 2676 (677/1001) ===

<-- Respuesta cruda: $CFG,ACK,LOGREAD,2676,2026-07-22 00:19:15,SEND_OK,0,0
*** Trama sin '*CRC' reconocible. ***

=== Registro 2677 (678/1001) ===

<-- Respuesta cruda: $CFG,ACK,LOGREAD,2677,2026-07-22 00:19:15,SERVER_ACK,48,0
*** Trama sin '*CRC' reconocible. ***

=== Registro 2678 (679/1001) ===

<-- Respuesta cruda: $CFG,ACK,LOGREAD,2678,2026-07-22 00:19:24,HEARTBEAT_RECEIVED,0,0
*** Trama sin '*CRC' reconocible. ***

=== Registro 2679 (680/1001) ===

<-- Respuesta cruda: $CFG,BAD_CRC,LOGREAD,2679,2026-07-22 00:20:15,SEND_OK,0,12288
*** Trama sin '*CRC' reconocible. ***

=== Registro 2680 (681/1001) ===

<-- Respuesta cruda: $CFG,BAD_CRC,LOGREAD,2680,0000-00-138 248:20:15,SERVER_ACK,48,0
*** Trama sin '*CRC' reconocible. ***

=== Registro 2681 (682/1001) ===

<-- Respuesta cruda: $CFG,ACK,LOGREAD,2681,2026-07-22 00:20:27,HEARTBEAT_RECEIVED,0,0
*** Trama sin '*CRC' reconocible. ***

=== Registro 2682 (683/1001) ===

<-- Respuesta cruda: $CFG,ACK,LOGREAD,2682,2026-07-22 00:21:15,SEND_OK,0,0
*** Trama sin '*CRC' reconocible. ***

=== Registro 2683 (684/1001) ===

<-- Respuesta cruda: $CFG,ACK,LOGREAD,2683,2026-07-22 00:21:15,SERVER_ACK,48,0
*** Trama sin '*CRC' reconocible. ***

=== Registro 2684 (685/1001) ===

<-- Respuesta cruda: $CFG,ACK,LOGREAD,2684,2026-07-22 00:21:30,HEARTBEAT_RECEIVED,0,0
*** Trama sin '*CRC' reconocible. ***

=== Registro 2685 (686/1001) ===

<-- Respuesta cruda: $CFG,ACK,LOGREAD,2685,2026-07-22 00:22:15,SEND_OK,0,0
*** Trama sin '*CRC' reconocible. ***

=== Registro 2686 (687/1001) ===

<-- Respuesta cruda: $CFG,BAD_CRC,LOGREAD,2686,2026-07-22 00:22:15,SERVER_ACK,1143412736,0
*** Trama sin '*CRC' reconocible. ***

=== Registro 2687 (688/1001) ===

<-- Respuesta cruda: $CFG,BAD_CRC,LOGREAD,2687,0000-00-190 120:22:33,HEARTBEAT_RECEIVED,0,0
*** Trama sin '*CRC' reconocible. ***

=== Registro 2688 (689/1001) ===

<-- Respuesta cruda: $CFG,ACK,LOGREAD,2688,2026-07-22 00:23:15,SEND_OK,0,0
*** Trama sin '*CRC' reconocible. ***

=== Registro 2689 (690/1001) ===

<-- Respuesta cruda: $CFG,ACK,LOGREAD,2689,2026-07-22 00:23:15,SERVER_ACK,48,0
*** Trama sin '*CRC' reconocible. ***

=== Registro 2690 (691/1001) ===

<-- Respuesta cruda: $CFG,ACK,LOGREAD,2690,2026-07-22 00:23:36,HEARTBEAT_RECEIVED,0,0
*** Trama sin '*CRC' reconocible. ***

=== Registro 2691 (692/1001) ===

<-- Respuesta cruda: $CFG,ACK,LOGREAD,2691,2026-07-22 00:24:15,SEND_OK,0,0
*** Trama sin '*CRC' reconocible. ***

=== Registro 2692 (693/1001) ===

<-- Respuesta cruda: $CFG,ACK,LOGREAD,2692,2026-07-22 00:24:16,SERVER_ACK,48,0
*** Trama sin '*CRC' reconocible. ***

=== Registro 2693 (694/1001) ===

<-- Respuesta cruda: $CFG,BAD_CRC,LOGREAD,2693,2026-07-22 164:255:255,UNKNOWN,4294967295,4294967295
*** Trama sin '*CRC' reconocible. ***

=== Registro 2694 (695/1001) ===

<-- Respuesta cruda: $CFG,ACK,LOGREAD,2694,2026-07-22 00:25:15,SEND_OK,0,0
*** Trama sin '*CRC' reconocible. ***

=== Registro 2695 (696/1001) ===

<-- Respuesta cruda: $CFG,ACK,LOGREAD,2695,2026-07-22 00:25:16,SERVER_ACK,48,0
*** Trama sin '*CRC' reconocible. ***

=== Registro 2696 (697/1001) ===

<-- Respuesta cruda: $CFG,ACK,LOGREAD,2696,2026-07-22 00:25:42,HEARTBEAT_RECEIVED,0,0
*** Trama sin '*CRC' reconocible. ***

=== Registro 2697 (698/1001) ===

<-- Respuesta cruda: $CFG,ACK,LOGREAD,2697,2026-07-22 00:26:15,SEND_OK,0,0
*** Trama sin '*CRC' reconocible. ***

=== Registro 2698 (699/1001) ===

<-- Respuesta cruda: $CFG,ACK,LOGREAD,2698,2026-07-22 00:26:15,SERVER_ACK,48,0
*** Trama sin '*CRC' reconocible. ***

=== Registro 2699 (700/1001) ===

<-- Respuesta cruda: $CFG,BAD_CRC,LOGREAD,2699,2026-07-22 00:26:44,HEARTBEAT_RECEIVED,0,0
*** Trama sin '*CRC' reconocible. ***

=== Registro 2700 (701/1001) ===

<-- Respuesta cruda: $CFG,BAD_CRC,LOGREAD,2700,0000-00-224 127:27:15,SEND_OK,0,0
*** Trama sin '*CRC' reconocible. ***

=== Registro 2701 (702/1001) ===

<-- Respuesta cruda: $CFG,ACK,LOGREAD,2701,2026-07-22 00:27:15,SERVER_ACK,48,0
*** Trama sin '*CRC' reconocible. ***

=== Registro 2702 (703/1001) ===

<-- Respuesta cruda: $CFG,ACK,LOGREAD,2702,2026-07-22 00:27:47,HEARTBEAT_RECEIVED,0,0
*** Trama sin '*CRC' reconocible. ***

=== Registro 2703 (704/1001) ===

<-- Respuesta cruda: $CFG,ACK,LOGREAD,2703,2026-07-22 00:28:15,SEND_OK,0,0
*** Trama sin '*CRC' reconocible. ***

=== Registro 2704 (705/1001) ===

<-- Respuesta cruda: $CFG,ACK,LOGREAD,2704,2026-07-22 00:28:15,SERVER_ACK,48,0
*** Trama sin '*CRC' reconocible. ***

=== Registro 2705 (706/1001) ===

<-- Respuesta cruda: $CFG,ACK,LOGREAD,2705,2026-07-22 00:28:50,HEARTBEAT_RECEIVED,0,0
*** Trama sin '*CRC' reconocible. ***

=== Registro 2706 (707/1001) ===

<-- Respuesta cruda: $CFG,BAD_CRC,LOGREAD,2706,2026-07-22 00:29:15,SEND_OK,0,12288
*** Trama sin '*CRC' reconocible. ***

=== Registro 2707 (708/1001) ===

<-- Respuesta cruda: $CFG,BAD_CRC,LOGREAD,2707,0000-00-89 62:29:16,SERVER_ACK,48,0
*** Trama sin '*CRC' reconocible. ***

=== Registro 2708 (709/1001) ===

<-- Respuesta cruda: $CFG,ACK,LOGREAD,2708,2026-07-22 00:29:53,HEARTBEAT_RECEIVED,0,0
*** Trama sin '*CRC' reconocible. ***

=== Registro 2709 (710/1001) ===

<-- Respuesta cruda: $CFG,ACK,LOGREAD,2709,2026-07-22 00:30:15,SEND_OK,0,0
*** Trama sin '*CRC' reconocible. ***

=== Registro 2710 (711/1001) ===

<-- Respuesta cruda: $CFG,ACK,LOGREAD,2710,2026-07-22 00:30:16,SERVER_ACK,48,0
*** Trama sin '*CRC' reconocible. ***

=== Registro 2711 (712/1001) ===

<-- Respuesta cruda: $CFG,ACK,LOGREAD,2711,2026-07-22 00:30:56,HEARTBEAT_RECEIVED,0,0
*** Trama sin '*CRC' reconocible. ***

=== Registro 2712 (713/1001) ===

<-- Respuesta cruda: $CFG,ACK,LOGREAD,2712,2026-07-22 00:31:16,SEND_OK,0,0
*** Trama sin '*CRC' reconocible. ***

=== Registro 2713 (714/1001) ===

<-- Respuesta cruda: $CFG,BAD_CRC,LOGREAD,2713,2026-07-22 00:31:16,SERVER_ACK,1141187072,0
*** Trama sin '*CRC' reconocible. ***

=== Registro 2714 (715/1001) ===

<-- Respuesta cruda: $CFG,BAD_CRC,LOGREAD,2714,0000-00-197 54:31:59,HEARTBEAT_RECEIVED,0,0
*** Trama sin '*CRC' reconocible. ***

=== Registro 2715 (716/1001) ===

<-- Respuesta cruda: $CFG,ACK,LOGREAD,2715,2026-07-22 00:32:16,SEND_OK,0,0
*** Trama sin '*CRC' reconocible. ***

=== Registro 2716 (717/1001) ===

<-- Respuesta cruda: $CFG,ACK,LOGREAD,2716,2026-07-22 00:32:16,SERVER_ACK,48,0
*** Trama sin '*CRC' reconocible. ***

=== Registro 2717 (718/1001) ===

<-- Respuesta cruda: $CFG,ACK,LOGREAD,2717,2026-07-22 00:33:02,HEARTBEAT_RECEIVED,0,0
*** Trama sin '*CRC' reconocible. ***

=== Registro 2718 (719/1001) ===

<-- Respuesta cruda: $CFG,ACK,LOGREAD,2718,2026-07-22 00:33:16,SEND_OK,0,0
*** Trama sin '*CRC' reconocible. ***

=== Registro 2719 (720/1001) ===

<-- Respuesta cruda: $CFG,ACK,LOGREAD,2719,2026-07-22 00:33:16,SERVER_ACK,48,0
*** Trama sin '*CRC' reconocible. ***

=== Registro 2720 (721/1001) ===

<-- Respuesta cruda: $CFG,BAD_CRC,LOGREAD,2720,2026-07-129 110:255:255,UNKNOWN,4294967295,4294967295
*** Trama sin '*CRC' reconocible. ***

=== Registro 2721 (722/1001) ===

<-- Respuesta cruda: $CFG,ACK,LOGREAD,2721,2026-07-22 00:34:16,SEND_OK,0,0
*** Trama sin '*CRC' reconocible. ***

=== Registro 2722 (723/1001) ===

<-- Respuesta cruda: $CFG,ACK,LOGREAD,2722,2026-07-22 00:34:16,SERVER_ACK,48,0
*** Trama sin '*CRC' reconocible. ***

=== Registro 2723 (724/1001) ===

<-- Respuesta cruda: $CFG,ACK,LOGREAD,2723,2026-07-22 00:35:08,HEARTBEAT_RECEIVED,0,0
*** Trama sin '*CRC' reconocible. ***

=== Registro 2724 (725/1001) ===

<-- Respuesta cruda: $CFG,ACK,LOGREAD,2724,2026-07-22 00:35:16,SEND_OK,0,0
*** Trama sin '*CRC' reconocible. ***

=== Registro 2725 (726/1001) ===

<-- Respuesta cruda: $CFG,ACK,LOGREAD,2725,2026-07-22 00:35:16,SERVER_ACK,48,0
*** Trama sin '*CRC' reconocible. ***

=== Registro 2726 (727/1001) ===

<-- Respuesta cruda: $CFG,BAD_CRC,LOGREAD,2726,2026-07-22 00:36:11,HEARTBEAT_RECEIVED,0,0
*** Trama sin '*CRC' reconocible. ***

=== Registro 2727 (728/1001) ===

<-- Respuesta cruda: $CFG,BAD_CRC,LOGREAD,2727,0000-00-61 167:36:16,SEND_OK,0,0
*** Trama sin '*CRC' reconocible. ***

=== Registro 2728 (729/1001) ===

<-- Respuesta cruda: $CFG,ACK,LOGREAD,2728,2026-07-22 00:36:17,SERVER_ACK,48,0
*** Trama sin '*CRC' reconocible. ***

=== Registro 2729 (730/1001) ===

<-- Respuesta cruda: $CFG,ACK,LOGREAD,2729,2026-07-22 00:37:14,HEARTBEAT_RECEIVED,0,0
*** Trama sin '*CRC' reconocible. ***

=== Registro 2730 (731/1001) ===

<-- Respuesta cruda: $CFG,ACK,LOGREAD,2730,2026-07-22 00:37:16,SEND_OK,0,0
*** Trama sin '*CRC' reconocible. ***

=== Registro 2731 (732/1001) ===

<-- Respuesta cruda: $CFG,ACK,LOGREAD,2731,2026-07-22 00:37:17,SERVER_ACK,48,0
*** Trama sin '*CRC' reconocible. ***

=== Registro 2732 (733/1001) ===

<-- Respuesta cruda: $CFG,ACK,LOGREAD,2732,2026-07-22 00:38:17,SEND_OK,0,0
*** Trama sin '*CRC' reconocible. ***

=== Registro 2733 (734/1001) ===

<-- Respuesta cruda: $CFG,BAD_CRC,LOGREAD,2733,2026-07-22 00:38:17,SERVER_ACK,1140850736,0
*** Trama sin '*CRC' reconocible. ***

=== Registro 2734 (735/1001) ===

<-- Respuesta cruda: $CFG,BAD_CRC,LOGREAD,2734,0000-00-09 222:38:17,HEARTBEAT_RECEIVED,0,0
*** Trama sin '*CRC' reconocible. ***

=== Registro 2735 (736/1001) ===

<-- Respuesta cruda: $CFG,ACK,LOGREAD,2735,2026-07-22 00:39:17,SEND_OK,0,0
*** Trama sin '*CRC' reconocible. ***

=== Registro 2736 (737/1001) ===

<-- Respuesta cruda: $CFG,ACK,LOGREAD,2736,2026-07-22 00:39:17,SERVER_ACK,48,0
*** Trama sin '*CRC' reconocible. ***

=== Registro 2737 (738/1001) ===

<-- Respuesta cruda: $CFG,ACK,LOGREAD,2737,2026-07-22 00:39:20,HEARTBEAT_RECEIVED,0,0
*** Trama sin '*CRC' reconocible. ***

=== Registro 2738 (739/1001) ===

<-- Respuesta cruda: $CFG,ACK,LOGREAD,2738,2026-07-22 00:40:17,SEND_OK,0,0
*** Trama sin '*CRC' reconocible. ***

=== Registro 2739 (740/1001) ===

<-- Respuesta cruda: $CFG,ACK,LOGREAD,2739,2026-07-22 00:40:17,SERVER_ACK,48,0
*** Trama sin '*CRC' reconocible. ***

=== Registro 2740 (741/1001) ===

<-- Respuesta cruda: $CFG,BAD_CRC,LOGREAD,2740,2026-07-22 00:40:23,SIM_PIN_REQUIRED,907094784,0
*** Trama sin '*CRC' reconocible. ***

=== Registro 2741 (742/1001) ===

<-- Respuesta cruda: $CFG,BAD_CRC,LOGREAD,2741,0000-00-105 43:41:17,SEND_OK,0,0
*** Trama sin '*CRC' reconocible. ***

=== Registro 2742 (743/1001) ===

<-- Respuesta cruda: $CFG,ACK,LOGREAD,2742,2026-07-22 00:41:17,SERVER_ACK,48,0
*** Trama sin '*CRC' reconocible. ***

=== Registro 2743 (744/1001) ===

<-- Respuesta cruda: $CFG,ACK,LOGREAD,2743,2026-07-22 00:41:26,HEARTBEAT_RECEIVED,0,0
*** Trama sin '*CRC' reconocible. ***

=== Registro 2744 (745/1001) ===

<-- Respuesta cruda: $CFG,ACK,LOGREAD,2744,2026-07-22 00:42:17,SEND_OK,0,0
*** Trama sin '*CRC' reconocible. ***

=== Registro 2745 (746/1001) ===

<-- Respuesta cruda: $CFG,ACK,LOGREAD,2745,2026-07-22 00:42:17,SERVER_ACK,48,0
*** Trama sin '*CRC' reconocible. ***

=== Registro 2746 (747/1001) ===

<-- Respuesta cruda: $CFG,ACK,LOGREAD,2746,2026-07-22 00:42:29,HEARTBEAT_RECEIVED,0,0
*** Trama sin '*CRC' reconocible. ***

=== Registro 2747 (748/1001) ===

<-- Respuesta cruda: $CFG,BAD_CRC,LOGREAD,2747,2026-00-173 88:255:255,UNKNOWN,4294967295,4294967295
*** Trama sin '*CRC' reconocible. ***

=== Registro 2748 (749/1001) ===

<-- Respuesta cruda: $CFG,ACK,LOGREAD,2748,2026-07-22 00:43:18,SERVER_ACK,48,0
*** Trama sin '*CRC' reconocible. ***

=== Registro 2749 (750/1001) ===

<-- Respuesta cruda: $CFG,ACK,LOGREAD,2749,2026-07-22 00:43:32,HEARTBEAT_RECEIVED,0,0
*** Trama sin '*CRC' reconocible. ***

=== Registro 2750 (751/1001) ===

<-- Respuesta cruda: $CFG,ACK,LOGREAD,2750,2026-07-22 00:44:17,SEND_OK,0,0
*** Trama sin '*CRC' reconocible. ***

=== Registro 2751 (752/1001) ===

<-- Respuesta cruda: $CFG,ACK,LOGREAD,2751,2026-07-22 00:44:18,SERVER_ACK,48,0
*** Trama sin '*CRC' reconocible. ***

=== Registro 2752 (753/1001) ===

<-- Respuesta cruda: $CFG,ACK,LOGREAD,2752,2026-07-22 00:44:35,HEARTBEAT_RECEIVED,0,0
*** Trama sin '*CRC' reconocible. ***

=== Registro 2753 (754/1001) ===

<-- Respuesta cruda: $CFG,BAD_CRC,LOGREAD,2753,2026-07-22 00:45:18,SEND_OK,0,0
*** Trama sin '*CRC' reconocible. ***

=== Registro 2754 (755/1001) ===

<-- Respuesta cruda: $CFG,BAD_CRC,LOGREAD,2754,0000-00-26 199:45:18,SERVER_ACK,48,0
*** Trama sin '*CRC' reconocible. ***

=== Registro 2755 (756/1001) ===

<-- Respuesta cruda: $CFG,ACK,LOGREAD,2755,2026-07-22 00:45:38,HEARTBEAT_RECEIVED,0,0
*** Trama sin '*CRC' reconocible. ***

=== Registro 2756 (757/1001) ===

<-- Respuesta cruda: $CFG,ACK,LOGREAD,2756,2026-07-22 00:46:18,SEND_OK,0,0
*** Trama sin '*CRC' reconocible. ***

=== Registro 2757 (758/1001) ===

<-- Respuesta cruda: $CFG,ACK,LOGREAD,2757,2026-07-22 00:46:18,SERVER_ACK,48,0
*** Trama sin '*CRC' reconocible. ***

=== Registro 2758 (759/1001) ===

<-- Respuesta cruda: $CFG,ACK,LOGREAD,2758,2026-07-22 00:46:41,HEARTBEAT_RECEIVED,0,0
*** Trama sin '*CRC' reconocible. ***

=== Registro 2759 (760/1001) ===

<-- Respuesta cruda: $CFG,ACK,LOGREAD,2759,2026-07-22 00:47:18,SEND_OK,0,0
*** Trama sin '*CRC' reconocible. ***

=== Registro 2760 (761/1001) ===

<-- Respuesta cruda: $CFG,BAD_CRC,LOGREAD,2760,2026-07-22 00:47:18,SERVER_ACK,1144127536,0
*** Trama sin '*CRC' reconocible. ***

=== Registro 2761 (762/1001) ===

<-- Respuesta cruda: $CFG,BAD_CRC,LOGREAD,2761,0000-00-240 210:47:44,HEARTBEAT_RECEIVED,0,0
*** Trama sin '*CRC' reconocible. ***

=== Registro 2762 (763/1001) ===

<-- Respuesta cruda: $CFG,ACK,LOGREAD,2762,2026-07-22 00:48:18,SEND_OK,0,0
*** Trama sin '*CRC' reconocible. ***

=== Registro 2763 (764/1001) ===

<-- Respuesta cruda: $CFG,ACK,LOGREAD,2763,2026-07-22 00:48:18,SERVER_ACK,48,0
*** Trama sin '*CRC' reconocible. ***

=== Registro 2764 (765/1001) ===

<-- Respuesta cruda: $CFG,ACK,LOGREAD,2764,2026-07-22 00:48:47,HEARTBEAT_RECEIVED,0,0
*** Trama sin '*CRC' reconocible. ***

=== Registro 2765 (766/1001) ===

<-- Respuesta cruda: $CFG,ACK,LOGREAD,2765,2026-07-22 00:49:18,SEND_OK,0,0
*** Trama sin '*CRC' reconocible. ***

=== Registro 2766 (767/1001) ===

<-- Respuesta cruda: $CFG,ACK,LOGREAD,2766,2026-07-22 00:49:18,SERVER_ACK,48,0
*** Trama sin '*CRC' reconocible. ***

=== Registro 2767 (768/1001) ===

<-- Respuesta cruda: $CFG,BAD_CRC,LOGREAD,2767,2026-07-22 00:49:07,SIM_PIN_REQUIRED,907228160,0
*** Trama sin '*CRC' reconocible. ***

=== Registro 2768 (769/1001) ===

<-- Respuesta cruda: $CFG,BAD_CRC,LOGREAD,2768,0000-00-105 175:50:18,SEND_OK,0,0
*** Trama sin '*CRC' reconocible. ***

=== Registro 2769 (770/1001) ===

<-- Respuesta cruda: $CFG,ACK,LOGREAD,2769,2026-07-22 00:50:19,SERVER_ACK,48,0
*** Trama sin '*CRC' reconocible. ***

=== Registro 2770 (771/1001) ===

<-- Respuesta cruda: $CFG,ACK,LOGREAD,2770,2026-07-22 00:50:53,HEARTBEAT_RECEIVED,0,0
*** Trama sin '*CRC' reconocible. ***

=== Registro 2771 (772/1001) ===

<-- Respuesta cruda: $CFG,ACK,LOGREAD,2771,2026-07-22 00:51:18,SEND_OK,0,0
*** Trama sin '*CRC' reconocible. ***

=== Registro 2772 (773/1001) ===

<-- Respuesta cruda: $CFG,ACK,LOGREAD,2772,2026-07-22 00:51:19,SERVER_ACK,48,0
*** Trama sin '*CRC' reconocible. ***

=== Registro 2773 (774/1001) ===

<-- Respuesta cruda: $CFG,ACK,LOGREAD,2773,2026-07-22 00:51:56,HEARTBEAT_RECEIVED,0,0
*** Trama sin '*CRC' reconocible. ***

=== Registro 2774 (775/1001) ===

<-- Respuesta cruda: $CFG,BAD_CRC,LOGREAD,2774,0234-00-131 169:255:255,UNKNOWN,4294967295,4294967295
*** Trama sin '*CRC' reconocible. ***

=== Registro 2775 (776/1001) ===

<-- Respuesta cruda: $CFG,ACK,LOGREAD,2775,2026-07-22 00:52:19,SERVER_ACK,48,0
*** Trama sin '*CRC' reconocible. ***

=== Registro 2776 (777/1001) ===

<-- Respuesta cruda: $CFG,ACK,LOGREAD,2776,2026-07-22 00:52:59,HEARTBEAT_RECEIVED,0,0
*** Trama sin '*CRC' reconocible. ***

=== Registro 2777 (778/1001) ===

<-- Respuesta cruda: $CFG,ACK,LOGREAD,2777,2026-07-22 00:53:19,SEND_OK,0,0
*** Trama sin '*CRC' reconocible. ***

=== Registro 2778 (779/1001) ===

<-- Respuesta cruda: $CFG,ACK,LOGREAD,2778,2026-07-22 00:53:19,SERVER_ACK,48,0
*** Trama sin '*CRC' reconocible. ***

=== Registro 2779 (780/1001) ===

<-- Respuesta cruda: $CFG,ACK,LOGREAD,2779,2026-07-22 00:54:02,HEARTBEAT_RECEIVED,0,0
*** Trama sin '*CRC' reconocible. ***

=== Registro 2780 (781/1001) ===

<-- Respuesta cruda: $CFG,BAD_CRC,LOGREAD,2780,2026-07-22 00:54:19,SEND_OK,0,0
*** Trama sin '*CRC' reconocible. ***

=== Registro 2781 (782/1001) ===

<-- Respuesta cruda: $CFG,BAD_CRC,LOGREAD,2781,0000-00-72 32:54:19,SERVER_ACK,48,0
*** Trama sin '*CRC' reconocible. ***

=== Registro 2782 (783/1001) ===

<-- Respuesta cruda: $CFG,ACK,LOGREAD,2782,2026-07-22 00:55:05,HEARTBEAT_RECEIVED,0,0
*** Trama sin '*CRC' reconocible. ***

=== Registro 2783 (784/1001) ===

<-- Respuesta cruda: $CFG,ACK,LOGREAD,2783,2026-07-22 00:55:19,SEND_OK,0,0
*** Trama sin '*CRC' reconocible. ***

=== Registro 2784 (785/1001) ===

<-- Respuesta cruda: $CFG,ACK,LOGREAD,2784,2026-07-22 00:55:19,SERVER_ACK,48,0
*** Trama sin '*CRC' reconocible. ***

=== Registro 2785 (786/1001) ===

<-- Respuesta cruda: $CFG,ACK,LOGREAD,2785,2026-07-22 00:56:08,HEARTBEAT_RECEIVED,0,0
*** Trama sin '*CRC' reconocible. ***

=== Registro 2786 (787/1001) ===

<-- Respuesta cruda: $CFG,ACK,LOGREAD,2786,2026-07-22 00:56:19,SEND_OK,0,0
*** Trama sin '*CRC' reconocible. ***

=== Registro 2787 (788/1001) ===

<-- Respuesta cruda: $CFG,BAD_CRC,LOGREAD,2787,2026-07-22 00:56:19,SERVER_ACK,1141979952,0
*** Trama sin '*CRC' reconocible. ***

=== Registro 2788 (789/1001) ===

<-- Respuesta cruda: $CFG,BAD_CRC,LOGREAD,2788,0000-00-50 29:57:11,HEARTBEAT_RECEIVED,0,0
*** Trama sin '*CRC' reconocible. ***

=== Registro 2789 (790/1001) ===

<-- Respuesta cruda: $CFG,ACK,LOGREAD,2789,2026-07-22 00:57:19,SEND_OK,0,0
*** Trama sin '*CRC' reconocible. ***

=== Registro 2790 (791/1001) ===

<-- Respuesta cruda: $CFG,ACK,LOGREAD,2790,2026-07-22 00:57:20,SERVER_ACK,48,0
*** Trama sin '*CRC' reconocible. ***

=== Registro 2791 (792/1001) ===

<-- Respuesta cruda: $CFG,ACK,LOGREAD,2791,2026-07-22 00:58:14,HEARTBEAT_RECEIVED,0,0
*** Trama sin '*CRC' reconocible. ***

=== Registro 2792 (793/1001) ===

<-- Respuesta cruda: $CFG,ACK,LOGREAD,2792,2026-07-22 00:58:20,SEND_OK,0,0
*** Trama sin '*CRC' reconocible. ***

=== Registro 2793 (794/1001) ===

<-- Respuesta cruda: $CFG,ACK,LOGREAD,2793,2026-07-22 00:58:20,SERVER_ACK,48,0
*** Trama sin '*CRC' reconocible. ***

=== Registro 2794 (795/1001) ===

<-- Respuesta cruda: $CFG,BAD_CRC,LOGREAD,2794,2026-07-22 00:255:255,UNKNOWN,4294967295,4294967295
*** Trama sin '*CRC' reconocible. ***

=== Registro 2795 (796/1001) ===

<-- Respuesta cruda: $CFG,ACK,LOGREAD,2795,2026-07-22 00:59:20,SEND_OK,0,0
*** Trama sin '*CRC' reconocible. ***

=== Registro 2796 (797/1001) ===

<-- Respuesta cruda: $CFG,ACK,LOGREAD,2796,2026-07-22 00:59:20,SERVER_ACK,48,0
*** Trama sin '*CRC' reconocible. ***

=== Registro 2797 (798/1001) ===

<-- Respuesta cruda: $CFG,ACK,LOGREAD,2797,2026-07-22 01:00:20,SEND_OK,0,0
*** Trama sin '*CRC' reconocible. ***

=== Registro 2798 (799/1001) ===

<-- Respuesta cruda: $CFG,ACK,LOGREAD,2798,2026-07-22 01:00:20,SERVER_ACK,48,0
*** Trama sin '*CRC' reconocible. ***

=== Registro 2799 (800/1001) ===

<-- Respuesta cruda: $CFG,ACK,LOGREAD,2799,2026-07-22 01:00:20,HEARTBEAT_RECEIVED,0,0
*** Trama sin '*CRC' reconocible. ***

=== Registro 2800 (801/1001) ===

<-- Respuesta cruda: $CFG,ACK,LOGREAD,2800,2026-07-22 01:01:20,SEND_OK,0,0
*** Trama sin '*CRC' reconocible. ***

=== Registro 2801 (802/1001) ===

<-- Respuesta cruda: $CFG,BAD_CRC,LOGREAD,2801,0000-00-81 11:01:20,SERVER_ACK,48,0
*** Trama sin '*CRC' reconocible. ***

=== Registro 2802 (803/1001) ===

<-- Respuesta cruda: $CFG,ACK,LOGREAD,2802,2026-07-22 01:01:23,HEARTBEAT_RECEIVED,0,0
*** Trama sin '*CRC' reconocible. ***

=== Registro 2803 (804/1001) ===

<-- Respuesta cruda: $CFG,ACK,LOGREAD,2803,2026-07-22 01:02:20,SEND_OK,0,0
*** Trama sin '*CRC' reconocible. ***

=== Registro 2804 (805/1001) ===

<-- Respuesta cruda: $CFG,ACK,LOGREAD,2804,2026-07-22 01:02:20,SERVER_ACK,48,0
*** Trama sin '*CRC' reconocible. ***

=== Registro 2805 (806/1001) ===

<-- Respuesta cruda: $CFG,ACK,LOGREAD,2805,2026-07-22 01:02:26,HEARTBEAT_RECEIVED,0,0
*** Trama sin '*CRC' reconocible. ***

=== Registro 2806 (807/1001) ===

<-- Respuesta cruda: $CFG,ACK,LOGREAD,2806,2026-07-22 01:03:20,SEND_OK,0,0
*** Trama sin '*CRC' reconocible. ***

=== Registro 2807 (808/1001) ===

<-- Respuesta cruda: $CFG,BAD_CRC,LOGREAD,2807,2026-07-22 01:03:20,SERVER_ACK,48,12288
*** Trama sin '*CRC' reconocible. ***

=== Registro 2808 (809/1001) ===

<-- Respuesta cruda: $CFG,BAD_CRC,LOGREAD,2808,0000-00-155 241:03:30,HEARTBEAT_RECEIVED,0,0
*** Trama sin '*CRC' reconocible. ***

=== Registro 2809 (810/1001) ===

<-- Respuesta cruda: $CFG,ACK,LOGREAD,2809,2026-07-22 01:04:17,CID_RECEIVED,0,0
*** Trama sin '*CRC' reconocible. ***

=== Registro 2810 (811/1001) ===

<-- Respuesta cruda: $CFG,ACK,LOGREAD,2810,2026-07-22 01:04:17,SEND_OK,0,0
*** Trama sin '*CRC' reconocible. ***

=== Registro 2811 (812/1001) ===

<-- Respuesta cruda: $CFG,ACK,LOGREAD,2811,2026-07-22 01:04:17,SERVER_ACK,48,0
*** Trama sin '*CRC' reconocible. ***

=== Registro 2812 (813/1001) ===

<-- Respuesta cruda: $CFG,ACK,LOGREAD,2812,2026-07-22 01:04:17,SERVER_ACK,0,0
*** Trama sin '*CRC' reconocible. ***

=== Registro 2813 (814/1001) ===

<-- Respuesta cruda: $CFG,ACK,LOGREAD,2813,2026-07-22 01:05:18,SEND_OK,0,0
*** Trama sin '*CRC' reconocible. ***

=== Registro 2814 (815/1001) ===

<-- Respuesta cruda: $CFG,BAD_CRC,LOGREAD,2814,2026-07-22 01:05:18,SERVER_ACK,1142621953,0
*** Trama sin '*CRC' reconocible. ***

=== Registro 2815 (816/1001) ===

<-- Respuesta cruda: $CFG,BAD_CRC,LOGREAD,2815,0000-00-224 21:05:20,HEARTBEAT_RECEIVED,0,0
*** Trama sin '*CRC' reconocible. ***

=== Registro 2816 (817/1001) ===

<-- Respuesta cruda: $CFG,ACK,LOGREAD,2816,2026-07-22 01:06:18,SEND_OK,0,0
*** Trama sin '*CRC' reconocible. ***

=== Registro 2817 (818/1001) ===

<-- Respuesta cruda: $CFG,ACK,LOGREAD,2817,2026-07-22 01:06:18,SERVER_ACK,48,0
*** Trama sin '*CRC' reconocible. ***

=== Registro 2818 (819/1001) ===

<-- Respuesta cruda: $CFG,ACK,LOGREAD,2818,2026-07-22 01:06:24,HEARTBEAT_RECEIVED,0,0
*** Trama sin '*CRC' reconocible. ***

=== Registro 2819 (820/1001) ===

<-- Respuesta cruda: $CFG,ACK,LOGREAD,2819,2026-07-22 01:07:18,SEND_OK,0,0
*** Trama sin '*CRC' reconocible. ***

=== Registro 2820 (821/1001) ===

<-- Respuesta cruda: $CFG,ACK,LOGREAD,2820,2026-07-22 01:07:18,SERVER_ACK,48,0
*** Trama sin '*CRC' reconocible. ***

=== Registro 2821 (822/1001) ===

<-- Respuesta cruda: $CFG,BAD_CRC,LOGREAD,2821,2026-07-22 248:255:255,UNKNOWN,4294967295,4294967295
*** Trama sin '*CRC' reconocible. ***

=== Registro 2822 (823/1001) ===

<-- Respuesta cruda: $CFG,ACK,LOGREAD,2822,2026-07-22 01:08:18,SEND_OK,0,0
*** Trama sin '*CRC' reconocible. ***

=== Registro 2823 (824/1001) ===

<-- Respuesta cruda: $CFG,ACK,LOGREAD,2823,2026-07-22 01:08:18,SERVER_ACK,48,0
*** Trama sin '*CRC' reconocible. ***

=== Registro 2824 (825/1001) ===

<-- Respuesta cruda: $CFG,ACK,LOGREAD,2824,2026-07-22 01:08:30,HEARTBEAT_RECEIVED,0,0
*** Trama sin '*CRC' reconocible. ***

=== Registro 2825 (826/1001) ===

<-- Respuesta cruda: $CFG,ACK,LOGREAD,2825,2026-07-22 01:09:18,SEND_OK,0,0
*** Trama sin '*CRC' reconocible. ***

=== Registro 2826 (827/1001) ===

<-- Respuesta cruda: $CFG,ACK,LOGREAD,2826,2026-07-22 01:09:18,SERVER_ACK,48,0
*** Trama sin '*CRC' reconocible. ***

=== Registro 2827 (828/1001) ===

<-- Respuesta cruda: $CFG,BAD_CRC,LOGREAD,2827,2026-07-22 01:09:33,HEARTBEAT_RECEIVED,0,0
*** Trama sin '*CRC' reconocible. ***

=== Registro 2828 (829/1001) ===

<-- Respuesta cruda: $CFG,BAD_CRC,LOGREAD,2828,0000-00-82 168:10:18,SEND_OK,0,0
*** Trama sin '*CRC' reconocible. ***

=== Registro 2829 (830/1001) ===

<-- Respuesta cruda: $CFG,ACK,LOGREAD,2829,2026-07-22 01:10:19,SERVER_ACK,48,0
*** Trama sin '*CRC' reconocible. ***

=== Registro 2830 (831/1001) ===

<-- Respuesta cruda: $CFG,ACK,LOGREAD,2830,2026-07-22 01:10:36,HEARTBEAT_RECEIVED,0,0
*** Trama sin '*CRC' reconocible. ***

=== Registro 2831 (832/1001) ===

<-- Respuesta cruda: $CFG,ACK,LOGREAD,2831,2026-07-22 01:11:18,SEND_OK,0,0
*** Trama sin '*CRC' reconocible. ***

=== Registro 2832 (833/1001) ===

<-- Respuesta cruda: $CFG,ACK,LOGREAD,2832,2026-07-22 01:11:19,SERVER_ACK,48,0
*** Trama sin '*CRC' reconocible. ***

=== Registro 2833 (834/1001) ===

<-- Respuesta cruda: $CFG,ACK,LOGREAD,2833,2026-07-22 01:11:39,HEARTBEAT_RECEIVED,0,0
*** Trama sin '*CRC' reconocible. ***

=== Registro 2834 (835/1001) ===

<-- Respuesta cruda: $CFG,BAD_CRC,LOGREAD,2834,2026-07-22 01:12:19,SEND_OK,0,12288
*** Trama sin '*CRC' reconocible. ***

=== Registro 2835 (836/1001) ===

<-- Respuesta cruda: $CFG,BAD_CRC,LOGREAD,2835,0000-00-229 55:12:19,SERVER_ACK,48,0
*** Trama sin '*CRC' reconocible. ***

=== Registro 2836 (837/1001) ===

<-- Respuesta cruda: $CFG,ACK,LOGREAD,2836,2026-07-22 01:12:42,HEARTBEAT_RECEIVED,0,0
*** Trama sin '*CRC' reconocible. ***

=== Registro 2837 (838/1001) ===

<-- Respuesta cruda: $CFG,ACK,LOGREAD,2837,2026-07-22 01:13:19,SEND_OK,0,0
*** Trama sin '*CRC' reconocible. ***

=== Registro 2838 (839/1001) ===

<-- Respuesta cruda: $CFG,ACK,LOGREAD,2838,2026-07-22 01:13:19,SERVER_ACK,48,0
*** Trama sin '*CRC' reconocible. ***

=== Registro 2839 (840/1001) ===

<-- Respuesta cruda: $CFG,ACK,LOGREAD,2839,2026-07-22 01:13:45,HEARTBEAT_RECEIVED,0,0
*** Trama sin '*CRC' reconocible. ***

=== Registro 2840 (841/1001) ===

<-- Respuesta cruda: $CFG,ACK,LOGREAD,2840,2026-07-22 01:14:19,SEND_OK,0,0
*** Trama sin '*CRC' reconocible. ***

=== Registro 2841 (842/1001) ===

<-- Respuesta cruda: $CFG,BAD_CRC,LOGREAD,2841,2026-07-22 01:14:19,SERVER_ACK,1144393729,0
*** Trama sin '*CRC' reconocible. ***

=== Registro 2842 (843/1001) ===

<-- Respuesta cruda: $CFG,BAD_CRC,LOGREAD,2842,0000-00-01 171:14:48,HEARTBEAT_RECEIVED,0,0
*** Trama sin '*CRC' reconocible. ***

=== Registro 2843 (844/1001) ===

<-- Respuesta cruda: $CFG,ACK,LOGREAD,2843,2026-07-22 01:15:19,SEND_OK,0,0
*** Trama sin '*CRC' reconocible. ***

=== Registro 2844 (845/1001) ===

<-- Respuesta cruda: $CFG,ACK,LOGREAD,2844,2026-07-22 01:15:19,SERVER_ACK,48,0
*** Trama sin '*CRC' reconocible. ***

=== Registro 2845 (846/1001) ===

<-- Respuesta cruda: $CFG,ACK,LOGREAD,2845,2026-07-22 01:15:51,HEARTBEAT_RECEIVED,0,0
*** Trama sin '*CRC' reconocible. ***

=== Registro 2846 (847/1001) ===

<-- Respuesta cruda: $CFG,ACK,LOGREAD,2846,2026-07-22 01:16:19,SEND_OK,0,0
*** Trama sin '*CRC' reconocible. ***

=== Registro 2847 (848/1001) ===

<-- Respuesta cruda: $CFG,ACK,LOGREAD,2847,2026-07-22 01:16:19,SERVER_ACK,48,0
*** Trama sin '*CRC' reconocible. ***

=== Registro 2848 (849/1001) ===

<-- Respuesta cruda: $CFG,BAD_CRC,LOGREAD,2848,2026-07-45 160:255:255,UNKNOWN,4294967295,4294967295
*** Trama sin '*CRC' reconocible. ***

=== Registro 2849 (850/1001) ===

<-- Respuesta cruda: $CFG,ACK,LOGREAD,2849,2026-07-22 01:17:19,SEND_OK,0,0
*** Trama sin '*CRC' reconocible. ***

=== Registro 2850 (851/1001) ===

<-- Respuesta cruda: $CFG,ACK,LOGREAD,2850,2026-07-22 01:17:20,SERVER_ACK,48,0
*** Trama sin '*CRC' reconocible. ***

=== Registro 2851 (852/1001) ===

<-- Respuesta cruda: $CFG,ACK,LOGREAD,2851,2026-07-22 01:17:57,HEARTBEAT_RECEIVED,0,0
*** Trama sin '*CRC' reconocible. ***

=== Registro 2852 (853/1001) ===

<-- Respuesta cruda: $CFG,ACK,LOGREAD,2852,2026-07-22 01:18:19,SEND_OK,0,0
*** Trama sin '*CRC' reconocible. ***

=== Registro 2853 (854/1001) ===

<-- Respuesta cruda: $CFG,ACK,LOGREAD,2853,2026-07-22 01:18:20,SERVER_ACK,48,0
*** Trama sin '*CRC' reconocible. ***

=== Registro 2854 (855/1001) ===

<-- Respuesta cruda: $CFG,BAD_CRC,LOGREAD,2854,2026-07-22 01:19:00,HEARTBEAT_RECEIVED,0,0
*** Trama sin '*CRC' reconocible. ***

=== Registro 2855 (856/1001) ===

<-- Respuesta cruda: $CFG,BAD_CRC,LOGREAD,2855,0000-00-98 174:19:20,SEND_OK,0,0
*** Trama sin '*CRC' reconocible. ***

=== Registro 2856 (857/1001) ===

<-- Respuesta cruda: $CFG,ACK,LOGREAD,2856,2026-07-22 01:19:20,SERVER_ACK,48,0
*** Trama sin '*CRC' reconocible. ***

=== Registro 2857 (858/1001) ===

<-- Respuesta cruda: $CFG,ACK,LOGREAD,2857,2026-07-22 01:20:03,HEARTBEAT_RECEIVED,0,0
*** Trama sin '*CRC' reconocible. ***

=== Registro 2858 (859/1001) ===

<-- Respuesta cruda: $CFG,ACK,LOGREAD,2858,2026-07-22 01:20:20,SEND_OK,0,0
*** Trama sin '*CRC' reconocible. ***

=== Registro 2859 (860/1001) ===

<-- Respuesta cruda: $CFG,ACK,LOGREAD,2859,2026-07-22 01:20:20,SERVER_ACK,48,0
*** Trama sin '*CRC' reconocible. ***

=== Registro 2860 (861/1001) ===

<-- Respuesta cruda: $CFG,ACK,LOGREAD,2860,2026-07-22 01:21:06,HEARTBEAT_RECEIVED,0,0
*** Trama sin '*CRC' reconocible. ***

=== Registro 2861 (862/1001) ===

<-- Respuesta cruda: $CFG,BAD_CRC,LOGREAD,2861,2026-07-22 01:21:20,SEND_OK,1174405120,12288
*** Trama sin '*CRC' reconocible. ***

=== Registro 2862 (863/1001) ===

<-- Respuesta cruda: $CFG,BAD_CRC,LOGREAD,2862,0000-00-213 49:21:20,SERVER_ACK,48,0
*** Trama sin '*CRC' reconocible. ***

=== Registro 2863 (864/1001) ===

<-- Respuesta cruda: $CFG,ACK,LOGREAD,2863,2026-07-22 01:22:09,HEARTBEAT_RECEIVED,0,0
*** Trama sin '*CRC' reconocible. ***

=== Registro 2864 (865/1001) ===

<-- Respuesta cruda: $CFG,ACK,LOGREAD,2864,2026-07-22 01:22:20,SEND_OK,0,0
*** Trama sin '*CRC' reconocible. ***

=== Registro 2865 (866/1001) ===

<-- Respuesta cruda: $CFG,ACK,LOGREAD,2865,2026-07-22 01:22:20,SERVER_ACK,48,0
*** Trama sin '*CRC' reconocible. ***

=== Registro 2866 (867/1001) ===

<-- Respuesta cruda: $CFG,ACK,LOGREAD,2866,2026-07-22 01:23:12,HEARTBEAT_RECEIVED,0,0
*** Trama sin '*CRC' reconocible. ***

=== Registro 2867 (868/1001) ===

<-- Respuesta cruda: $CFG,ACK,LOGREAD,2867,2026-07-22 01:23:20,SEND_OK,0,0
*** Trama sin '*CRC' reconocible. ***

=== Registro 2868 (869/1001) ===

<-- Respuesta cruda: $CFG,BAD_CRC,LOGREAD,2868,2026-07-22 01:23:20,SIM_PIN_REQUIRED,907287041,0
*** Trama sin '*CRC' reconocible. ***

=== Registro 2869 (870/1001) ===

<-- Respuesta cruda: $CFG,BAD_CRC,LOGREAD,2869,0000-00-129 189:24:15,HEARTBEAT_RECEIVED,0,0
*** Trama sin '*CRC' reconocible. ***

=== Registro 2870 (871/1001) ===

<-- Respuesta cruda: $CFG,ACK,LOGREAD,2870,2026-07-22 01:24:20,SEND_OK,0,0
*** Trama sin '*CRC' reconocible. ***

=== Registro 2871 (872/1001) ===

<-- Respuesta cruda: $CFG,ACK,LOGREAD,2871,2026-07-22 01:24:21,SERVER_ACK,48,0
*** Trama sin '*CRC' reconocible. ***

=== Registro 2872 (873/1001) ===

<-- Respuesta cruda: $CFG,ACK,LOGREAD,2872,2026-07-22 01:25:18,HEARTBEAT_RECEIVED,0,0
*** Trama sin '*CRC' reconocible. ***

=== Registro 2873 (874/1001) ===

<-- Respuesta cruda: $CFG,ACK,LOGREAD,2873,2026-07-22 01:25:20,SEND_OK,0,0
*** Trama sin '*CRC' reconocible. ***

=== Registro 2874 (875/1001) ===

<-- Respuesta cruda: $CFG,ACK,LOGREAD,2874,2026-07-22 01:25:21,SERVER_ACK,48,0
*** Trama sin '*CRC' reconocible. ***

=== Registro 2875 (876/1001) ===

<-- Respuesta cruda: $CFG,BAD_CRC,LOGREAD,2875,2026-00-191 182:255:255,UNKNOWN,4294967295,4294967295
*** Trama sin '*CRC' reconocible. ***

=== Registro 2876 (877/1001) ===

<-- Respuesta cruda: $CFG,ACK,LOGREAD,2876,2026-07-22 01:26:20,HEARTBEAT_RECEIVED,0,0
*** Trama sin '*CRC' reconocible. ***

=== Registro 2877 (878/1001) ===

<-- Respuesta cruda: $CFG,ACK,LOGREAD,2877,2026-07-22 01:26:20,SERVER_ACK,48,0
*** Trama sin '*CRC' reconocible. ***

=== Registro 2878 (879/1001) ===

<-- Respuesta cruda: $CFG,ACK,LOGREAD,2878,2026-07-22 01:27:20,SEND_OK,0,0
*** Trama sin '*CRC' reconocible. ***

=== Registro 2879 (880/1001) ===

<-- Respuesta cruda: $CFG,ACK,LOGREAD,2879,2026-07-22 01:27:20,SERVER_ACK,48,0
*** Trama sin '*CRC' reconocible. ***

=== Registro 2880 (881/1001) ===

<-- Respuesta cruda: $CFG,ACK,LOGREAD,2880,2026-07-22 01:27:23,HEARTBEAT_RECEIVED,0,0
*** Trama sin '*CRC' reconocible. ***

=== Registro 2881 (882/1001) ===

<-- Respuesta cruda: $CFG,BAD_CRC,LOGREAD,2881,2026-07-22 01:28:20,SEND_OK,0,0
*** Trama sin '*CRC' reconocible. ***

=== Registro 2882 (883/1001) ===

<-- Respuesta cruda: $CFG,BAD_CRC,LOGREAD,2882,0000-00-190 187:28:20,SERVER_ACK,48,0
*** Trama sin '*CRC' reconocible. ***

=== Registro 2883 (884/1001) ===

<-- Respuesta cruda: $CFG,ACK,LOGREAD,2883,2026-07-22 01:28:53,RS232_TIMEOUT,0,0
*** Trama sin '*CRC' reconocible. ***

=== Registro 2884 (885/1001) ===

<-- Respuesta cruda: $CFG,ACK,LOGREAD,2884,2026-07-22 01:28:55,CID_RECEIVED,0,0
*** Trama sin '*CRC' reconocible. ***

=== Registro 2885 (886/1001) ===

<-- Respuesta cruda: $CFG,ACK,LOGREAD,2885,2026-07-22 01:28:55,RS232_RESTORED,0,0
*** Trama sin '*CRC' reconocible. ***

=== Registro 2886 (887/1001) ===

<-- Respuesta cruda: $CFG,ACK,LOGREAD,2886,2026-07-22 01:28:55,SEND_OK,0,0
*** Trama sin '*CRC' reconocible. ***

=== Registro 2887 (888/1001) ===

<-- Respuesta cruda: $CFG,ACK,LOGREAD,2887,2026-07-22 01:28:55,SERVER_ACK,48,0
*** Trama sin '*CRC' reconocible. ***

=== Registro 2888 (889/1001) ===

<-- Respuesta cruda: $CFG,BAD_CRC,LOGREAD,2888,2026-07-22 01:28:55,SERVER_ACK,1144061952,0
*** Trama sin '*CRC' reconocible. ***

=== Registro 2889 (890/1001) ===

<-- Respuesta cruda: $CFG,BAD_CRC,LOGREAD,2889,0000-00-42 146:29:45,CID_RECEIVED,0,0
*** Trama sin '*CRC' reconocible. ***

=== Registro 2890 (891/1001) ===

<-- Respuesta cruda: $CFG,ACK,LOGREAD,2890,2026-07-22 01:29:45,SEND_OK,0,0
*** Trama sin '*CRC' reconocible. ***

=== Registro 2891 (892/1001) ===

<-- Respuesta cruda: $CFG,ACK,LOGREAD,2891,2026-07-22 01:29:45,SERVER_ACK,48,0
*** Trama sin '*CRC' reconocible. ***

=== Registro 2892 (893/1001) ===

<-- Respuesta cruda: $CFG,ACK,LOGREAD,2892,2026-07-22 01:29:45,SERVER_ACK,0,0
*** Trama sin '*CRC' reconocible. ***

=== Registro 2893 (894/1001) ===

<-- Respuesta cruda: $CFG,ACK,LOGREAD,2893,2026-07-22 01:30:45,SEND_OK,0,0
*** Trama sin '*CRC' reconocible. ***

=== Registro 2894 (895/1001) ===

<-- Respuesta cruda: $CFG,ACK,LOGREAD,2894,2026-07-22 01:30:45,SERVER_ACK,48,0
*** Trama sin '*CRC' reconocible. ***

=== Registro 2895 (896/1001) ===

<-- Respuesta cruda: $CFG,BAD_CRC,LOGREAD,2895,2026-07-22 01:30:07,SIM_PIN_REQUIRED,908992769,0
*** Trama sin '*CRC' reconocible. ***

=== Registro 2896 (897/1001) ===

<-- Respuesta cruda: $CFG,BAD_CRC,LOGREAD,2896,0000-00-60 07:31:45,SEND_OK,0,0
*** Trama sin '*CRC' reconocible. ***

=== Registro 2897 (898/1001) ===

<-- Respuesta cruda: $CFG,ACK,LOGREAD,2897,2026-07-22 01:31:46,SERVER_ACK,48,0
*** Trama sin '*CRC' reconocible. ***

=== Registro 2898 (899/1001) ===

<-- Respuesta cruda: $CFG,ACK,LOGREAD,2898,2026-07-22 01:31:52,HEARTBEAT_RECEIVED,0,0
*** Trama sin '*CRC' reconocible. ***

=== Registro 2899 (900/1001) ===

<-- Respuesta cruda: $CFG,ACK,LOGREAD,2899,2026-07-22 01:32:45,SEND_OK,0,0
*** Trama sin '*CRC' reconocible. ***

=== Registro 2900 (901/1001) ===

<-- Respuesta cruda: $CFG,ACK,LOGREAD,2900,2026-07-22 01:32:46,SERVER_ACK,48,0
*** Trama sin '*CRC' reconocible. ***

=== Registro 2901 (902/1001) ===

<-- Respuesta cruda: $CFG,ACK,LOGREAD,2901,2026-07-22 01:32:55,HEARTBEAT_RECEIVED,0,0
*** Trama sin '*CRC' reconocible. ***

=== Registro 2902 (903/1001) ===

<-- Respuesta cruda: $CFG,BAD_CRC,LOGREAD,2902,0234-00-214 01:255:255,UNKNOWN,4294967295,4294967295
*** Trama sin '*CRC' reconocible. ***

=== Registro 2903 (904/1001) ===

<-- Respuesta cruda: $CFG,ACK,LOGREAD,2903,2026-07-22 01:33:46,SERVER_ACK,48,0
*** Trama sin '*CRC' reconocible. ***

=== Registro 2904 (905/1001) ===

<-- Respuesta cruda: $CFG,ACK,LOGREAD,2904,2026-07-22 01:33:58,HEARTBEAT_RECEIVED,0,0
*** Trama sin '*CRC' reconocible. ***

=== Registro 2905 (906/1001) ===

<-- Respuesta cruda: $CFG,ACK,LOGREAD,2905,2026-07-22 01:34:46,SEND_OK,0,0
*** Trama sin '*CRC' reconocible. ***

=== Registro 2906 (907/1001) ===

<-- Respuesta cruda: $CFG,ACK,LOGREAD,2906,2026-07-22 01:34:46,SERVER_ACK,48,0
*** Trama sin '*CRC' reconocible. ***

=== Registro 2907 (908/1001) ===

<-- Respuesta cruda: $CFG,ACK,LOGREAD,2907,2026-07-22 01:35:01,HEARTBEAT_RECEIVED,0,0
*** Trama sin '*CRC' reconocible. ***

=== Registro 2908 (909/1001) ===

<-- Respuesta cruda: $CFG,BAD_CRC,LOGREAD,2908,2026-07-22 01:35:46,SEND_OK,0,0
*** Trama sin '*CRC' reconocible. ***

=== Registro 2909 (910/1001) ===

<-- Respuesta cruda: $CFG,BAD_CRC,LOGREAD,2909,0000-00-181 147:35:46,SERVER_ACK,48,0
*** Trama sin '*CRC' reconocible. ***

=== Registro 2910 (911/1001) ===

<-- Respuesta cruda: $CFG,ACK,LOGREAD,2910,2026-07-22 01:36:04,HEARTBEAT_RECEIVED,0,0
*** Trama sin '*CRC' reconocible. ***

=== Registro 2911 (912/1001) ===

<-- Respuesta cruda: $CFG,ACK,LOGREAD,2911,2026-07-22 01:36:46,SEND_OK,0,0
*** Trama sin '*CRC' reconocible. ***

=== Registro 2912 (913/1001) ===

<-- Respuesta cruda: $CFG,ACK,LOGREAD,2912,2026-07-22 01:36:46,SERVER_ACK,48,0
*** Trama sin '*CRC' reconocible. ***

=== Registro 2913 (914/1001) ===

<-- Respuesta cruda: $CFG,ACK,LOGREAD,2913,2026-07-22 01:37:07,HEARTBEAT_RECEIVED,0,0
*** Trama sin '*CRC' reconocible. ***

=== Registro 2914 (915/1001) ===

<-- Respuesta cruda: $CFG,ACK,LOGREAD,2914,2026-07-22 01:37:46,SEND_OK,0,0
*** Trama sin '*CRC' reconocible. ***

=== Registro 2915 (916/1001) ===

<-- Respuesta cruda: $CFG,BAD_CRC,LOGREAD,2915,2026-07-22 01:37:46,SERVER_ACK,1141909552,0
*** Trama sin '*CRC' reconocible. ***

=== Registro 2916 (917/1001) ===

<-- Respuesta cruda: $CFG,BAD_CRC,LOGREAD,2916,0000-00-215 178:38:10,HEARTBEAT_RECEIVED,0,0
*** Trama sin '*CRC' reconocible. ***

=== Registro 2917 (918/1001) ===

<-- Respuesta cruda: $CFG,ACK,LOGREAD,2917,2026-07-22 01:38:46,SEND_OK,0,0
*** Trama sin '*CRC' reconocible. ***

=== Registro 2918 (919/1001) ===

<-- Respuesta cruda: $CFG,ACK,LOGREAD,2918,2026-07-22 01:38:47,SERVER_ACK,48,0
*** Trama sin '*CRC' reconocible. ***

=== Registro 2919 (920/1001) ===

<-- Respuesta cruda: $CFG,ACK,LOGREAD,2919,2026-07-22 01:39:13,HEARTBEAT_RECEIVED,0,0
*** Trama sin '*CRC' reconocible. ***

=== Registro 2920 (921/1001) ===

<-- Respuesta cruda: $CFG,ACK,LOGREAD,2920,2026-07-22 01:39:46,SEND_OK,0,0
*** Trama sin '*CRC' reconocible. ***

=== Registro 2921 (922/1001) ===

<-- Respuesta cruda: $CFG,ACK,LOGREAD,2921,2026-07-22 01:39:47,SERVER_ACK,48,0
*** Trama sin '*CRC' reconocible. ***

=== Registro 2922 (923/1001) ===

<-- Respuesta cruda: $CFG,BAD_CRC,LOGREAD,2922,2026-07-22 01:255:255,UNKNOWN,4294967295,4294967295
*** Trama sin '*CRC' reconocible. ***

=== Registro 2923 (924/1001) ===

<-- Respuesta cruda: $CFG,ACK,LOGREAD,2923,2026-07-22 01:40:47,SEND_OK,0,0
*** Trama sin '*CRC' reconocible. ***

=== Registro 2924 (925/1001) ===

<-- Respuesta cruda: $CFG,ACK,LOGREAD,2924,2026-07-22 01:40:47,SERVER_ACK,48,0
*** Trama sin '*CRC' reconocible. ***

=== Registro 2925 (926/1001) ===

<-- Respuesta cruda: $CFG,ACK,LOGREAD,2925,2026-07-22 01:41:19,HEARTBEAT_RECEIVED,0,0
*** Trama sin '*CRC' reconocible. ***

=== Registro 2926 (927/1001) ===

<-- Respuesta cruda: $CFG,ACK,LOGREAD,2926,2026-07-22 01:41:47,SEND_OK,0,0
*** Trama sin '*CRC' reconocible. ***

=== Registro 2927 (928/1001) ===

<-- Respuesta cruda: $CFG,ACK,LOGREAD,2927,2026-07-22 01:41:47,SERVER_ACK,48,0
*** Trama sin '*CRC' reconocible. ***

=== Registro 2928 (929/1001) ===

<-- Respuesta cruda: $CFG,ACK,LOGREAD,2928,2026-07-22 01:42:22,HEARTBEAT_RECEIVED,0,0
*** Trama sin '*CRC' reconocible. ***

=== Registro 2929 (930/1001) ===

<-- Respuesta cruda: $CFG,BAD_CRC,LOGREAD,2929,0000-00-124 202:42:47,SEND_OK,0,0
*** Trama sin '*CRC' reconocible. ***

=== Registro 2930 (931/1001) ===

<-- Respuesta cruda: $CFG,ACK,LOGREAD,2930,2026-07-22 01:42:47,SERVER_ACK,48,0
*** Trama sin '*CRC' reconocible. ***

=== Registro 2931 (932/1001) ===

<-- Respuesta cruda: $CFG,ACK,LOGREAD,2931,2026-07-22 01:43:25,HEARTBEAT_RECEIVED,0,0
*** Trama sin '*CRC' reconocible. ***

=== Registro 2932 (933/1001) ===

<-- Respuesta cruda: $CFG,ACK,LOGREAD,2932,2026-07-22 01:43:47,SEND_OK,0,0
*** Trama sin '*CRC' reconocible. ***

=== Registro 2933 (934/1001) ===

<-- Respuesta cruda: $CFG,ACK,LOGREAD,2933,2026-07-22 01:43:47,SERVER_ACK,48,0
*** Trama sin '*CRC' reconocible. ***

=== Registro 2934 (935/1001) ===

<-- Respuesta cruda: $CFG,ACK,LOGREAD,2934,2026-07-22 01:44:28,HEARTBEAT_RECEIVED,0,0
*** Trama sin '*CRC' reconocible. ***

=== Registro 2935 (936/1001) ===

<-- Respuesta cruda: $CFG,BAD_CRC,LOGREAD,2935,2026-07-22 01:44:47,SEND_OK,0,12288
*** Trama sin '*CRC' reconocible. ***

=== Registro 2936 (937/1001) ===

<-- Respuesta cruda: $CFG,BAD_CRC,LOGREAD,2936,0000-00-197 139:44:47,SERVER_ACK,48,0
*** Trama sin '*CRC' reconocible. ***

=== Registro 2937 (938/1001) ===

<-- Respuesta cruda: $CFG,ACK,LOGREAD,2937,2026-07-22 01:45:31,HEARTBEAT_RECEIVED,0,0
*** Trama sin '*CRC' reconocible. ***

=== Registro 2938 (939/1001) ===

<-- Respuesta cruda: $CFG,ACK,LOGREAD,2938,2026-07-22 01:45:47,SEND_OK,0,0
*** Trama sin '*CRC' reconocible. ***

=== Registro 2939 (940/1001) ===

<-- Respuesta cruda: $CFG,ACK,LOGREAD,2939,2026-07-22 01:45:48,SERVER_ACK,48,0
*** Trama sin '*CRC' reconocible. ***

=== Registro 2940 (941/1001) ===

<-- Respuesta cruda: $CFG,ACK,LOGREAD,2940,2026-07-22 01:46:34,HEARTBEAT_RECEIVED,0,0
*** Trama sin '*CRC' reconocible. ***

=== Registro 2941 (942/1001) ===

<-- Respuesta cruda: $CFG,ACK,LOGREAD,2941,2026-07-22 01:46:48,SEND_OK,0,0
*** Trama sin '*CRC' reconocible. ***

=== Registro 2942 (943/1001) ===

<-- Respuesta cruda: $CFG,BAD_CRC,LOGREAD,2942,2026-07-22 01:46:48,SERVER_ACK,1143681281,0
*** Trama sin '*CRC' reconocible. ***

=== Registro 2943 (944/1001) ===

<-- Respuesta cruda: $CFG,BAD_CRC,LOGREAD,2943,0000-00-105 184:47:37,HEARTBEAT_RECEIVED,0,0
*** Trama sin '*CRC' reconocible. ***

=== Registro 2944 (945/1001) ===

<-- Respuesta cruda: $CFG,ACK,LOGREAD,2944,2026-07-22 01:47:48,SEND_OK,0,0
*** Trama sin '*CRC' reconocible. ***

=== Registro 2945 (946/1001) ===

<-- Respuesta cruda: $CFG,ACK,LOGREAD,2945,2026-07-22 01:47:48,SERVER_ACK,48,0
*** Trama sin '*CRC' reconocible. ***

=== Registro 2946 (947/1001) ===

<-- Respuesta cruda: $CFG,ACK,LOGREAD,2946,2026-07-22 01:48:40,HEARTBEAT_RECEIVED,0,0
*** Trama sin '*CRC' reconocible. ***

=== Registro 2947 (948/1001) ===

<-- Respuesta cruda: $CFG,ACK,LOGREAD,2947,2026-07-22 01:48:48,SEND_OK,0,0
*** Trama sin '*CRC' reconocible. ***

=== Registro 2948 (949/1001) ===

<-- Respuesta cruda: $CFG,ACK,LOGREAD,2948,2026-07-22 01:48:48,SERVER_ACK,48,0
*** Trama sin '*CRC' reconocible. ***

=== Registro 2949 (950/1001) ===

<-- Respuesta cruda: $CFG,BAD_CRC,LOGREAD,2949,2026-07-22 48:255:255,UNKNOWN,4294967295,4294967295
*** Trama sin '*CRC' reconocible. ***

=== Registro 2950 (951/1001) ===

<-- Respuesta cruda: $CFG,ACK,LOGREAD,2950,2026-07-22 01:49:48,SEND_OK,0,0
*** Trama sin '*CRC' reconocible. ***

=== Registro 2951 (952/1001) ===

<-- Respuesta cruda: $CFG,ACK,LOGREAD,2951,2026-07-22 01:49:48,SERVER_ACK,48,0
*** Trama sin '*CRC' reconocible. ***

=== Registro 2952 (953/1001) ===

<-- Respuesta cruda: $CFG,ACK,LOGREAD,2952,2026-07-22 01:50:46,HEARTBEAT_RECEIVED,0,0
*** Trama sin '*CRC' reconocible. ***

=== Registro 2953 (954/1001) ===

<-- Respuesta cruda: $CFG,ACK,LOGREAD,2953,2026-07-22 01:50:48,SEND_OK,0,0
*** Trama sin '*CRC' reconocible. ***

=== Registro 2954 (955/1001) ===

<-- Respuesta cruda: $CFG,ACK,LOGREAD,2954,2026-07-22 01:50:48,SERVER_ACK,48,0
*** Trama sin '*CRC' reconocible. ***

=== Registro 2955 (956/1001) ===

<-- Respuesta cruda: $CFG,BAD_CRC,LOGREAD,2955,2026-07-22 01:51:48,SEND_OK,0,0
*** Trama sin '*CRC' reconocible. ***

=== Registro 2956 (957/1001) ===

<-- Respuesta cruda: $CFG,BAD_CRC,LOGREAD,2956,0000-00-235 122:51:48,SERVER_ACK,48,0
*** Trama sin '*CRC' reconocible. ***

=== Registro 2957 (958/1001) ===

<-- Respuesta cruda: $CFG,ACK,LOGREAD,2957,2026-07-22 01:51:49,HEARTBEAT_RECEIVED,0,0
*** Trama sin '*CRC' reconocible. ***

=== Registro 2958 (959/1001) ===

<-- Respuesta cruda: $CFG,ACK,LOGREAD,2958,2026-07-22 01:52:48,SEND_OK,0,0
*** Trama sin '*CRC' reconocible. ***

=== Registro 2959 (960/1001) ===

<-- Respuesta cruda: $CFG,ACK,LOGREAD,2959,2026-07-22 01:52:49,SERVER_ACK,48,0
*** Trama sin '*CRC' reconocible. ***

=== Registro 2960 (961/1001) ===

<-- Respuesta cruda: $CFG,ACK,LOGREAD,2960,2026-07-22 01:52:52,HEARTBEAT_RECEIVED,0,0
*** Trama sin '*CRC' reconocible. ***

=== Registro 2961 (962/1001) ===

<-- Respuesta cruda: $CFG,ACK,LOGREAD,2961,2026-07-22 01:53:49,SEND_OK,0,0
*** Trama sin '*CRC' reconocible. ***

=== Registro 2962 (963/1001) ===

<-- Respuesta cruda: $CFG,BAD_CRC,LOGREAD,2962,2026-07-22 01:53:49,SERVER_ACK,48,0
*** Trama sin '*CRC' reconocible. ***

=== Registro 2963 (964/1001) ===

<-- Respuesta cruda: $CFG,BAD_CRC,LOGREAD,2963,0000-00-243 08:53:55,HEARTBEAT_RECEIVED,0,0
*** Trama sin '*CRC' reconocible. ***

=== Registro 2964 (965/1001) ===

<-- Respuesta cruda: $CFG,ACK,LOGREAD,2964,2026-07-22 01:54:49,SEND_OK,0,0
*** Trama sin '*CRC' reconocible. ***

=== Registro 2965 (966/1001) ===

<-- Respuesta cruda: $CFG,ACK,LOGREAD,2965,2026-07-22 01:54:49,SERVER_ACK,48,0
*** Trama sin '*CRC' reconocible. ***

=== Registro 2966 (967/1001) ===

<-- Respuesta cruda: $CFG,ACK,LOGREAD,2966,2026-07-22 01:54:58,HEARTBEAT_RECEIVED,0,0
*** Trama sin '*CRC' reconocible. ***

=== Registro 2967 (968/1001) ===

<-- Respuesta cruda: $CFG,ACK,LOGREAD,2967,2026-07-22 01:55:49,SEND_OK,0,0
*** Trama sin '*CRC' reconocible. ***

=== Registro 2968 (969/1001) ===

<-- Respuesta cruda: $CFG,ACK,LOGREAD,2968,2026-07-22 01:55:49,SERVER_ACK,48,0
*** Trama sin '*CRC' reconocible. ***

=== Registro 2969 (970/1001) ===

<-- Respuesta cruda: $CFG,BAD_CRC,LOGREAD,2969,2026-07-22 01:56:01,HEARTBEAT_RECEIVED,909195777,0
*** Trama sin '*CRC' reconocible. ***

=== Registro 2970 (971/1001) ===

<-- Respuesta cruda: $CFG,BAD_CRC,LOGREAD,2970,0000-00-85 240:56:49,SEND_OK,0,0
*** Trama sin '*CRC' reconocible. ***

=== Registro 2971 (972/1001) ===

<-- Respuesta cruda: $CFG,ACK,LOGREAD,2971,2026-07-22 01:56:49,SERVER_ACK,48,0
*** Trama sin '*CRC' reconocible. ***

=== Registro 2972 (973/1001) ===

<-- Respuesta cruda: $CFG,ACK,LOGREAD,2972,2026-07-22 01:57:04,HEARTBEAT_RECEIVED,0,0
*** Trama sin '*CRC' reconocible. ***

=== Registro 2973 (974/1001) ===

<-- Respuesta cruda: $CFG,ACK,LOGREAD,2973,2026-07-22 01:57:49,SEND_OK,0,0
*** Trama sin '*CRC' reconocible. ***

=== Registro 2974 (975/1001) ===

<-- Respuesta cruda: $CFG,ACK,LOGREAD,2974,2026-07-22 01:57:49,SERVER_ACK,48,0
*** Trama sin '*CRC' reconocible. ***

=== Registro 2975 (976/1001) ===

<-- Respuesta cruda: $CFG,ACK,LOGREAD,2975,2026-07-22 01:58:07,HEARTBEAT_RECEIVED,0,0
*** Trama sin '*CRC' reconocible. ***

=== Registro 2976 (977/1001) ===

<-- Respuesta cruda: $CFG,BAD_CRC,LOGREAD,2976,2026-07-219 134:255:255,UNKNOWN,4294967295,4294967295
*** Trama sin '*CRC' reconocible. ***

=== Registro 2977 (978/1001) ===

<-- Respuesta cruda: $CFG,ACK,LOGREAD,2977,2026-07-22 01:58:50,SERVER_ACK,48,0
*** Trama sin '*CRC' reconocible. ***

=== Registro 2978 (979/1001) ===

<-- Respuesta cruda: $CFG,ACK,LOGREAD,2978,2026-07-22 01:59:10,HEARTBEAT_RECEIVED,0,0
*** Trama sin '*CRC' reconocible. ***

=== Registro 2979 (980/1001) ===

<-- Respuesta cruda: $CFG,ACK,LOGREAD,2979,2026-07-22 01:59:17,CID_RECEIVED,0,0
*** Trama sin '*CRC' reconocible. ***

=== Registro 2980 (981/1001) ===

<-- Respuesta cruda: $CFG,ACK,LOGREAD,2980,2026-07-22 01:59:17,SEND_OK,0,0
*** Trama sin '*CRC' reconocible. ***

=== Registro 2981 (982/1001) ===

<-- Respuesta cruda: $CFG,ACK,LOGREAD,2981,2026-07-22 01:59:17,SERVER_ACK,48,0
*** Trama sin '*CRC' reconocible. ***

=== Registro 2982 (983/1001) ===

<-- Respuesta cruda: $CFG,BAD_CRC,LOGREAD,2982,2026-07-22 01:59:17,SERVER_ACK,0,0
*** Trama sin '*CRC' reconocible. ***

=== Registro 2983 (984/1001) ===

<-- Respuesta cruda: $CFG,BAD_CRC,LOGREAD,2983,0000-00-40 175:00:17,SEND_OK,0,0
*** Trama sin '*CRC' reconocible. ***

=== Registro 2984 (985/1001) ===

<-- Respuesta cruda: $CFG,ACK,LOGREAD,2984,2026-07-22 02:00:18,SERVER_ACK,48,0
*** Trama sin '*CRC' reconocible. ***

=== Registro 2985 (986/1001) ===

<-- Respuesta cruda: $CFG,ACK,LOGREAD,2985,2026-07-22 02:00:21,HEARTBEAT_RECEIVED,0,0
*** Trama sin '*CRC' reconocible. ***

=== Registro 2986 (987/1001) ===

<-- Respuesta cruda: $CFG,ACK,LOGREAD,2986,2026-07-22 02:01:18,SEND_OK,0,0
*** Trama sin '*CRC' reconocible. ***

=== Registro 2987 (988/1001) ===

<-- Respuesta cruda: $CFG,ACK,LOGREAD,2987,2026-07-22 02:01:18,SERVER_ACK,48,0
*** Trama sin '*CRC' reconocible. ***

=== Registro 2988 (989/1001) ===

<-- Respuesta cruda: $CFG,ACK,LOGREAD,2988,2026-07-22 02:01:24,HEARTBEAT_RECEIVED,0,0
*** Trama sin '*CRC' reconocible. ***

=== Registro 2989 (990/1001) ===

<-- Respuesta cruda: $CFG,BAD_CRC,LOGREAD,2989,2026-07-22 02:02:18,SEND_OK,1174405120,12288
*** Trama sin '*CRC' reconocible. ***

=== Registro 2990 (991/1001) ===

<-- Respuesta cruda: $CFG,BAD_CRC,LOGREAD,2990,0000-00-75 61:02:18,SERVER_ACK,48,0
*** Trama sin '*CRC' reconocible. ***

=== Registro 2991 (992/1001) ===

<-- Respuesta cruda: $CFG,ACK,LOGREAD,2991,2026-07-22 02:02:27,HEARTBEAT_RECEIVED,0,0
*** Trama sin '*CRC' reconocible. ***

=== Registro 2992 (993/1001) ===

<-- Respuesta cruda: $CFG,ACK,LOGREAD,2992,2026-07-22 02:03:18,SEND_OK,0,0
*** Trama sin '*CRC' reconocible. ***

=== Registro 2993 (994/1001) ===

<-- Respuesta cruda: $CFG,ACK,LOGREAD,2993,2026-07-22 02:03:18,SERVER_ACK,48,0
*** Trama sin '*CRC' reconocible. ***

=== Registro 2994 (995/1001) ===

<-- Respuesta cruda: $CFG,ACK,LOGREAD,2994,2026-07-22 02:03:30,HEARTBEAT_RECEIVED,0,0
*** Trama sin '*CRC' reconocible. ***

=== Registro 2995 (996/1001) ===

<-- Respuesta cruda: $CFG,ACK,LOGREAD,2995,2026-07-22 02:04:18,SEND_OK,0,0
*** Trama sin '*CRC' reconocible. ***

=== Registro 2996 (997/1001) ===

<-- Respuesta cruda: $CFG,BAD_CRC,LOGREAD,2996,2026-07-22 02:04:18,SIM_PIN_REQUIRED,1143408130,0
*** Trama sin '*CRC' reconocible. ***

=== Registro 2997 (998/1001) ===

<-- Respuesta cruda: $CFG,BAD_CRC,LOGREAD,2997,0000-00-190 213:04:33,HEARTBEAT_RECEIVED,0,0
*** Trama sin '*CRC' reconocible. ***

=== Registro 2998 (999/1001) ===

<-- Respuesta cruda: $CFG,ACK,LOGREAD,2998,2026-07-22 02:05:18,SEND_OK,0,0
*** Trama sin '*CRC' reconocible. ***

=== Registro 2999 (1000/1001) ===

<-- Respuesta cruda: $CFG,ACK,LOGREAD,2999,2026-07-22 02:05:18,SERVER_ACK,48,0
*** Trama sin '*CRC' reconocible. ***

=== Registro 3000 (1001/1001) ===

<-- Respuesta cruda: $CFG,ACK,LOGREAD,3000,2026-07-22 02:05:36,HEARTBEAT_RECEIVED,0,0
*** Trama sin '*CRC' reconocible. ***

--- Fin del rango: 0 OK, 0 error(es), 0 timeout(s) de 1001 solicitados ---

==================== BKP-A7670SA - Configuración ====================
 1) Leer configuración
 2) Escribir configuración
 3) Guardar en FLASH
 4) Restaurar valores de fábrica
 5) Reiniciar STM32
 6) Reiniciar BKP-A7670SA (módem)
 7) Información del LOG
 8) Lectura del LOG
 9) Borrado del LOG
10) Salir
11) Conectar
12) Exit (volver a modo NORMAL)
13) Leer rango de registros de LOG
=======================================================================

Seleccione una opción: 
--- Lectura de rango de registros de LOG ---
Índice inicial: Índice final (>= 3000): Ingrese los 4 dígitos de password de configuración: 
Leyendo 1081 registro(s), de 3000 a 4080...

=== Registro 3000 (1/1081) ===

<-- Respuesta cruda: $CFG,ACK,LOGREAD,3000,2026-07-22 02:05:36,HEARTBEAT_RECEIVED,0,0
*** Trama sin '*CRC' reconocible. ***

=== Registro 3001 (2/1081) ===

<-- Respuesta cruda: $CFG,ACK,LOGREAD,3001,2026-07-22 02:06:18,SEND_OK,0,0
*** Trama sin '*CRC' reconocible. ***

=== Registro 3002 (3/1081) ===

<-- Respuesta cruda: $CFG,ACK,LOGREAD,3002,2026-07-22 02:06:19,SERVER_ACK,48,0
*** Trama sin '*CRC' reconocible. ***

=== Registro 3003 (4/1081) ===

<-- Respuesta cruda: $CFG,BAD_CRC,LOGREAD,3003,2026-00-21 199:255:255,UNKNOWN,4294967295,4294967295
*** Trama sin '*CRC' reconocible. ***

=== Registro 3004 (5/1081) ===

<-- Respuesta cruda: $CFG,ACK,LOGREAD,3004,2026-07-22 02:07:19,SEND_OK,0,0
*** Trama sin '*CRC' reconocible. ***

=== Registro 3005 (6/1081) ===

<-- Respuesta cruda: $CFG,ACK,LOGREAD,3005,2026-07-22 02:07:19,SERVER_ACK,48,0
*** Trama sin '*CRC' reconocible. ***

=== Registro 3006 (7/1081) ===

<-- Respuesta cruda: $CFG,ACK,LOGREAD,3006,2026-07-22 02:07:42,HEARTBEAT_RECEIVED,0,0
*** Trama sin '*CRC' reconocible. ***

=== Registro 3007 (8/1081) ===

<-- Respuesta cruda: $CFG,ACK,LOGREAD,3007,2026-07-22 02:08:19,SEND_OK,0,0
*** Trama sin '*CRC' reconocible. ***

=== Registro 3008 (9/1081) ===

<-- Respuesta cruda: $CFG,ACK,LOGREAD,3008,2026-07-22 02:08:19,SERVER_ACK,48,0
*** Trama sin '*CRC' reconocible. ***

=== Registro 3009 (10/1081) ===

<-- Respuesta cruda: $CFG,BAD_CRC,LOGREAD,3009,2026-07-22 02:08:45,HEARTBEAT_RECEIVED,0,0
*** Trama sin '*CRC' reconocible. ***

=== Registro 3010 (11/1081) ===

<-- Respuesta cruda: $CFG,BAD_CRC,LOGREAD,3010,0000-00-188 111:09:19,SEND_OK,0,0
*** Trama sin '*CRC' reconocible. ***

=== Registro 3011 (12/1081) ===

<-- Respuesta cruda: $CFG,ACK,LOGREAD,3011,2026-07-22 02:09:19,SERVER_ACK,48,0
*** Trama sin '*CRC' reconocible. ***

=== Registro 3012 (13/1081) ===

<-- Respuesta cruda: $CFG,ACK,LOGREAD,3012,2026-07-22 02:09:48,HEARTBEAT_RECEIVED,0,0
*** Trama sin '*CRC' reconocible. ***

=== Registro 3013 (14/1081) ===

<-- Respuesta cruda: $CFG,ACK,LOGREAD,3013,2026-07-22 02:10:19,SEND_OK,0,0
*** Trama sin '*CRC' reconocible. ***

=== Registro 3014 (15/1081) ===

<-- Respuesta cruda: $CFG,ACK,LOGREAD,3014,2026-07-22 02:10:19,SERVER_ACK,48,0
*** Trama sin '*CRC' reconocible. ***

=== Registro 3015 (16/1081) ===

<-- Respuesta cruda: $CFG,ACK,LOGREAD,3015,2026-07-22 02:11:18,RS232_TIMEOUT,0,0
*** Trama sin '*CRC' reconocible. ***

=== Registro 3016 (17/1081) ===

<-- Respuesta cruda: $CFG,BAD_CRC,LOGREAD,3016,2026-07-22 02:11:19,SEND_OK,1127219200,0
*** Trama sin '*CRC' reconocible. ***

=== Registro 3017 (18/1081) ===

<-- Respuesta cruda: $CFG,BAD_CRC,LOGREAD,3017,0000-00-134 168:11:19,SERVER_ACK,48,0
*** Trama sin '*CRC' reconocible. ***

=== Registro 3018 (19/1081) ===

<-- Respuesta cruda: $CFG,ACK,LOGREAD,3018,2026-07-22 02:11:58,CID_RECEIVED,0,0
*** Trama sin '*CRC' reconocible. ***

=== Registro 3019 (20/1081) ===

<-- Respuesta cruda: $CFG,ACK,LOGREAD,3019,2026-07-22 02:11:58,RS232_RESTORED,0,0
*** Trama sin '*CRC' reconocible. ***

=== Registro 3020 (21/1081) ===

<-- Respuesta cruda: $CFG,ACK,LOGREAD,3020,2026-07-22 02:11:58,SEND_OK,0,0
*** Trama sin '*CRC' reconocible. ***

=== Registro 3021 (22/1081) ===

<-- Respuesta cruda: $CFG,ACK,LOGREAD,3021,2026-07-22 02:11:58,SERVER_ACK,48,0
*** Trama sin '*CRC' reconocible. ***

=== Registro 3022 (23/1081) ===

<-- Respuesta cruda: $CFG,ACK,LOGREAD,3022,2026-07-22 02:11:58,SERVER_ACK,0,0
*** Trama sin '*CRC' reconocible. ***

=== Registro 3023 (24/1081) ===

<-- Respuesta cruda: $CFG,BAD_CRC,LOGREAD,3023,2026-07-22 02:12:07,SIM_PIN_REQUIRED,909184514,0
*** Trama sin '*CRC' reconocible. ***

=== Registro 3024 (25/1081) ===

<-- Respuesta cruda: $CFG,BAD_CRC,LOGREAD,3024,0000-00-212 107:12:48,SEND_OK,0,0
*** Trama sin '*CRC' reconocible. ***

=== Registro 3025 (26/1081) ===

<-- Respuesta cruda: $CFG,ACK,LOGREAD,3025,2026-07-22 02:12:48,SERVER_ACK,48,0
*** Trama sin '*CRC' reconocible. ***

=== Registro 3026 (27/1081) ===

<-- Respuesta cruda: $CFG,ACK,LOGREAD,3026,2026-07-22 02:12:48,SERVER_ACK,0,0
*** Trama sin '*CRC' reconocible. ***

=== Registro 3027 (28/1081) ===

<-- Respuesta cruda: $CFG,ACK,LOGREAD,3027,2026-07-22 02:13:48,SEND_OK,0,0
*** Trama sin '*CRC' reconocible. ***

=== Registro 3028 (29/1081) ===

<-- Respuesta cruda: $CFG,ACK,LOGREAD,3028,2026-07-22 02:13:49,SERVER_ACK,48,0
*** Trama sin '*CRC' reconocible. ***

=== Registro 3029 (30/1081) ===

<-- Respuesta cruda: $CFG,ACK,LOGREAD,3029,2026-07-22 02:13:52,HEARTBEAT_RECEIVED,0,0
*** Trama sin '*CRC' reconocible. ***

=== Registro 3030 (31/1081) ===

<-- Respuesta cruda: $CFG,BAD_CRC,LOGREAD,3030,0234-00-18 76:255:255,UNKNOWN,4294967295,4294967295
*** Trama sin '*CRC' reconocible. ***

=== Registro 3031 (32/1081) ===

<-- Respuesta cruda: $CFG,ACK,LOGREAD,3031,2026-07-22 02:14:49,SERVER_ACK,48,0
*** Trama sin '*CRC' reconocible. ***

=== Registro 3032 (33/1081) ===

<-- Respuesta cruda: $CFG,ACK,LOGREAD,3032,2026-07-22 02:14:55,HEARTBEAT_RECEIVED,0,0
*** Trama sin '*CRC' reconocible. ***

=== Registro 3033 (34/1081) ===

<-- Respuesta cruda: $CFG,ACK,LOGREAD,3033,2026-07-22 02:15:49,SEND_OK,0,0
*** Trama sin '*CRC' reconocible. ***

=== Registro 3034 (35/1081) ===

<-- Respuesta cruda: $CFG,ACK,LOGREAD,3034,2026-07-22 02:15:49,SERVER_ACK,48,0
*** Trama sin '*CRC' reconocible. ***

=== Registro 3035 (36/1081) ===

<-- Respuesta cruda: $CFG,ACK,LOGREAD,3035,2026-07-22 02:15:58,HEARTBEAT_RECEIVED,0,0
*** Trama sin '*CRC' reconocible. ***

=== Registro 3036 (37/1081) ===

<-- Respuesta cruda: $CFG,BAD_CRC,LOGREAD,3036,2026-07-22 02:16:49,SEND_OK,0,0
*** Trama sin '*CRC' reconocible. ***

=== Registro 3037 (38/1081) ===

<-- Respuesta cruda: $CFG,BAD_CRC,LOGREAD,3037,0000-00-165 211:16:49,SERVER_ACK,48,0
*** Trama sin '*CRC' reconocible. ***

=== Registro 3038 (39/1081) ===

<-- Respuesta cruda: $CFG,ACK,LOGREAD,3038,2026-07-22 02:17:01,HEARTBEAT_RECEIVED,0,0
*** Trama sin '*CRC' reconocible. ***

=== Registro 3039 (40/1081) ===

<-- Respuesta cruda: $CFG,ACK,LOGREAD,3039,2026-07-22 02:17:49,SEND_OK,0,0
*** Trama sin '*CRC' reconocible. ***

=== Registro 3040 (41/1081) ===

<-- Respuesta cruda: $CFG,ACK,LOGREAD,3040,2026-07-22 02:17:49,SERVER_ACK,48,0
*** Trama sin '*CRC' reconocible. ***

=== Registro 3041 (42/1081) ===

<-- Respuesta cruda: $CFG,ACK,LOGREAD,3041,2026-07-22 02:18:04,HEARTBEAT_RECEIVED,0,0
*** Trama sin '*CRC' reconocible. ***

=== Registro 3042 (43/1081) ===

<-- Respuesta cruda: $CFG,ACK,LOGREAD,3042,2026-07-22 02:18:49,SEND_OK,0,0
*** Trama sin '*CRC' reconocible. ***

=== Registro 3043 (44/1081) ===

<-- Respuesta cruda: $CFG,BAD_CRC,LOGREAD,3043,2026-07-22 02:18:49,SERVER_ACK,1141708080,0
*** Trama sin '*CRC' reconocible. ***

=== Registro 3044 (45/1081) ===

<-- Respuesta cruda: $CFG,BAD_CRC,LOGREAD,3044,0000-00-54 79:19:07,HEARTBEAT_RECEIVED,0,0
*** Trama sin '*CRC' reconocible. ***

=== Registro 3045 (46/1081) ===

<-- Respuesta cruda: $CFG,ACK,LOGREAD,3045,2026-07-22 02:19:49,SEND_OK,0,0
*** Trama sin '*CRC' reconocible. ***

=== Registro 3046 (47/1081) ===

<-- Respuesta cruda: $CFG,ACK,LOGREAD,3046,2026-07-22 02:19:50,SERVER_ACK,48,0
*** Trama sin '*CRC' reconocible. ***

=== Registro 3047 (48/1081) ===

<-- Respuesta cruda: $CFG,ACK,LOGREAD,3047,2026-07-22 02:20:10,HEARTBEAT_RECEIVED,0,0
*** Trama sin '*CRC' reconocible. ***

=== Registro 3048 (49/1081) ===

<-- Respuesta cruda: $CFG,ACK,LOGREAD,3048,2026-07-22 02:20:49,SEND_OK,0,0
*** Trama sin '*CRC' reconocible. ***

=== Registro 3049 (50/1081) ===

<-- Respuesta cruda: $CFG,ACK,LOGREAD,3049,2026-07-22 02:20:50,SERVER_ACK,48,0
*** Trama sin '*CRC' reconocible. ***

=== Registro 3050 (51/1081) ===

<-- Respuesta cruda: $CFG,BAD_CRC,LOGREAD,3050,2026-07-22 02:255:255,UNKNOWN,4294967295,4294967295
*** Trama sin '*CRC' reconocible. ***

=== Registro 3051 (52/1081) ===

<-- Respuesta cruda: $CFG,ACK,LOGREAD,3051,2026-07-22 02:21:50,SEND_OK,0,0
*** Trama sin '*CRC' reconocible. ***

=== Registro 3052 (53/1081) ===

<-- Respuesta cruda: $CFG,ACK,LOGREAD,3052,2026-07-22 02:21:50,SERVER_ACK,48,0
*** Trama sin '*CRC' reconocible. ***

=== Registro 3053 (54/1081) ===

<-- Respuesta cruda: $CFG,ACK,LOGREAD,3053,2026-07-22 02:22:16,HEARTBEAT_RECEIVED,0,0
*** Trama sin '*CRC' reconocible. ***

=== Registro 3054 (55/1081) ===

<-- Respuesta cruda: $CFG,ACK,LOGREAD,3054,2026-07-22 02:22:50,SEND_OK,0,0
*** Trama sin '*CRC' reconocible. ***

=== Registro 3055 (56/1081) ===

<-- Respuesta cruda: $CFG,ACK,LOGREAD,3055,2026-07-22 02:22:50,SERVER_ACK,48,0
*** Trama sin '*CRC' reconocible. ***

=== Registro 3056 (57/1081) ===

<-- Respuesta cruda: $CFG,ACK,LOGREAD,3056,2026-07-22 02:23:19,HEARTBEAT_RECEIVED,0,0
*** Trama sin '*CRC' reconocible. ***

=== Registro 3057 (58/1081) ===

<-- Respuesta cruda: $CFG,BAD_CRC,LOGREAD,3057,0000-00-53 44:23:50,SEND_OK,0,0
*** Trama sin '*CRC' reconocible. ***

=== Registro 3058 (59/1081) ===

<-- Respuesta cruda: $CFG,ACK,LOGREAD,3058,2026-07-22 02:23:50,SERVER_ACK,48,0
*** Trama sin '*CRC' reconocible. ***

=== Registro 3059 (60/1081) ===

<-- Respuesta cruda: $CFG,ACK,LOGREAD,3059,2026-07-22 02:24:22,HEARTBEAT_RECEIVED,0,0
*** Trama sin '*CRC' reconocible. ***

=== Registro 3060 (61/1081) ===

<-- Respuesta cruda: $CFG,ACK,LOGREAD,3060,2026-07-22 02:24:50,SEND_OK,0,0
*** Trama sin '*CRC' reconocible. ***

=== Registro 3061 (62/1081) ===

<-- Respuesta cruda: $CFG,ACK,LOGREAD,3061,2026-07-22 02:24:50,SERVER_ACK,48,0
*** Trama sin '*CRC' reconocible. ***

=== Registro 3062 (63/1081) ===

<-- Respuesta cruda: $CFG,ACK,LOGREAD,3062,2026-07-22 02:25:25,HEARTBEAT_RECEIVED,0,0
*** Trama sin '*CRC' reconocible. ***

=== Registro 3063 (64/1081) ===

<-- Respuesta cruda: $CFG,BAD_CRC,LOGREAD,3063,2026-07-22 02:25:50,SEND_OK,0,12288
*** Trama sin '*CRC' reconocible. ***

=== Registro 3064 (65/1081) ===

<-- Respuesta cruda: $CFG,BAD_CRC,LOGREAD,3064,0000-00-130 179:25:50,SERVER_ACK,48,0
*** Trama sin '*CRC' reconocible. ***

=== Registro 3065 (66/1081) ===

<-- Respuesta cruda: $CFG,ACK,LOGREAD,3065,2026-07-22 02:26:27,HEARTBEAT_RECEIVED,0,0
*** Trama sin '*CRC' reconocible. ***

=== Registro 3066 (67/1081) ===

<-- Respuesta cruda: $CFG,ACK,LOGREAD,3066,2026-07-22 02:26:50,SEND_OK,0,0
*** Trama sin '*CRC' reconocible. ***

=== Registro 3067 (68/1081) ===

<-- Respuesta cruda: $CFG,ACK,LOGREAD,3067,2026-07-22 02:26:50,SERVER_ACK,48,0
*** Trama sin '*CRC' reconocible. ***

=== Registro 3068 (69/1081) ===

<-- Respuesta cruda: $CFG,ACK,LOGREAD,3068,2026-07-22 02:27:30,HEARTBEAT_RECEIVED,0,0
*** Trama sin '*CRC' reconocible. ***

=== Registro 3069 (70/1081) ===

<-- Respuesta cruda: $CFG,ACK,LOGREAD,3069,2026-07-22 02:27:50,SEND_OK,0,0
*** Trama sin '*CRC' reconocible. ***

=== Registro 3070 (71/1081) ===

<-- Respuesta cruda: $CFG,BAD_CRC,LOGREAD,3070,2026-07-22 02:27:50,SERVER_ACK,1143414274,0
*** Trama sin '*CRC' reconocible. ***

=== Registro 3071 (72/1081) ===

<-- Respuesta cruda: $CFG,BAD_CRC,LOGREAD,3071,0000-00-70 249:28:33,HEARTBEAT_RECEIVED,0,0
*** Trama sin '*CRC' reconocible. ***

=== Registro 3072 (73/1081) ===

<-- Respuesta cruda: $CFG,ACK,LOGREAD,3072,2026-07-22 02:28:50,SEND_OK,0,0
*** Trama sin '*CRC' reconocible. ***

=== Registro 3073 (74/1081) ===

<-- Respuesta cruda: $CFG,ACK,LOGREAD,3073,2026-07-22 02:28:50,SERVER_ACK,48,0
*** Trama sin '*CRC' reconocible. ***

=== Registro 3074 (75/1081) ===

<-- Respuesta cruda: $CFG,ACK,LOGREAD,3074,2026-07-22 02:29:36,HEARTBEAT_RECEIVED,0,0
*** Trama sin '*CRC' reconocible. ***

=== Registro 3075 (76/1081) ===

<-- Respuesta cruda: $CFG,ACK,LOGREAD,3075,2026-07-22 02:29:50,SEND_OK,0,0
*** Trama sin '*CRC' reconocible. ***

=== Registro 3076 (77/1081) ===

<-- Respuesta cruda: $CFG,ACK,LOGREAD,3076,2026-07-22 02:29:50,SERVER_ACK,48,0
*** Trama sin '*CRC' reconocible. ***

=== Registro 3077 (78/1081) ===

<-- Respuesta cruda: $CFG,BAD_CRC,LOGREAD,3077,2026-07-22 178:255:255,UNKNOWN,4294967295,4294967295
*** Trama sin '*CRC' reconocible. ***

=== Registro 3078 (79/1081) ===

<-- Respuesta cruda: $CFG,ACK,LOGREAD,3078,2026-07-22 02:30:50,SEND_OK,0,0
*** Trama sin '*CRC' reconocible. ***

=== Registro 3079 (80/1081) ===

<-- Respuesta cruda: $CFG,ACK,LOGREAD,3079,2026-07-22 02:30:50,SERVER_ACK,48,0
*** Trama sin '*CRC' reconocible. ***

=== Registro 3080 (81/1081) ===

<-- Respuesta cruda: $CFG,ACK,LOGREAD,3080,2026-07-22 02:31:42,HEARTBEAT_RECEIVED,0,0
*** Trama sin '*CRC' reconocible. ***

=== Registro 3081 (82/1081) ===

<-- Respuesta cruda: $CFG,ACK,LOGREAD,3081,2026-07-22 02:31:50,SEND_OK,0,0
*** Trama sin '*CRC' reconocible. ***

=== Registro 3082 (83/1081) ===

<-- Respuesta cruda: $CFG,ACK,LOGREAD,3082,2026-07-22 02:31:51,SERVER_ACK,48,0
*** Trama sin '*CRC' reconocible. ***

=== Registro 3083 (84/1081) ===

<-- Respuesta cruda: $CFG,BAD_CRC,LOGREAD,3083,2026-07-22 02:32:45,HEARTBEAT_RECEIVED,0,0
*** Trama sin '*CRC' reconocible. ***

=== Registro 3084 (85/1081) ===

<-- Respuesta cruda: $CFG,BAD_CRC,LOGREAD,3084,0000-00-230 42:32:50,SEND_OK,0,0
*** Trama sin '*CRC' reconocible. ***

=== Registro 3085 (86/1081) ===

<-- Respuesta cruda: $CFG,ACK,LOGREAD,3085,2026-07-22 02:32:51,SERVER_ACK,48,0
*** Trama sin '*CRC' reconocible. ***

=== Registro 3086 (87/1081) ===

<-- Respuesta cruda: $CFG,ACK,LOGREAD,3086,2026-07-22 02:33:48,HEARTBEAT_RECEIVED,0,0
*** Trama sin '*CRC' reconocible. ***

=== Registro 3087 (88/1081) ===

<-- Respuesta cruda: $CFG,ACK,LOGREAD,3087,2026-07-22 02:33:51,SEND_OK,0,0
*** Trama sin '*CRC' reconocible. ***

=== Registro 3088 (89/1081) ===

<-- Respuesta cruda: $CFG,ACK,LOGREAD,3088,2026-07-22 02:33:51,SERVER_ACK,48,0
*** Trama sin '*CRC' reconocible. ***

=== Registro 3089 (90/1081) ===

<-- Respuesta cruda: $CFG,ACK,LOGREAD,3089,2026-07-22 02:34:51,SEND_OK,0,0
*** Trama sin '*CRC' reconocible. ***

=== Registro 3090 (91/1081) ===

<-- Respuesta cruda: $CFG,BAD_CRC,LOGREAD,3090,2026-07-22 02:34:51,SERVER_ACK,48,0
*** Trama sin '*CRC' reconocible. ***

=== Registro 3091 (92/1081) ===

<-- Respuesta cruda: $CFG,BAD_CRC,LOGREAD,3091,0000-00-179 187:34:51,HEARTBEAT_RECEIVED,0,0
*** Trama sin '*CRC' reconocible. ***

=== Registro 3092 (93/1081) ===

<-- Respuesta cruda: $CFG,ACK,LOGREAD,3092,2026-07-22 02:35:51,SEND_OK,0,0
*** Trama sin '*CRC' reconocible. ***

=== Registro 3093 (94/1081) ===

<-- Respuesta cruda: $CFG,ACK,LOGREAD,3093,2026-07-22 02:35:51,SERVER_ACK,48,0
*** Trama sin '*CRC' reconocible. ***

=== Registro 3094 (95/1081) ===

<-- Respuesta cruda: $CFG,ACK,LOGREAD,3094,2026-07-22 02:35:54,HEARTBEAT_RECEIVED,0,0
*** Trama sin '*CRC' reconocible. ***

=== Registro 3095 (96/1081) ===

<-- Respuesta cruda: $CFG,ACK,LOGREAD,3095,2026-07-22 02:36:51,SEND_OK,0,0
*** Trama sin '*CRC' reconocible. ***

=== Registro 3096 (97/1081) ===

<-- Respuesta cruda: $CFG,ACK,LOGREAD,3096,2026-07-22 02:36:51,SERVER_ACK,48,0
*** Trama sin '*CRC' reconocible. ***

=== Registro 3097 (98/1081) ===

<-- Respuesta cruda: $CFG,BAD_CRC,LOGREAD,3097,2026-07-22 02:36:57,HEARTBEAT_RECEIVED,909321986,0
*** Trama sin '*CRC' reconocible. ***

=== Registro 3098 (99/1081) ===

<-- Respuesta cruda: $CFG,BAD_CRC,LOGREAD,3098,0000-00-26 189:37:51,SEND_OK,0,0
*** Trama sin '*CRC' reconocible. ***

=== Registro 3099 (100/1081) ===

<-- Respuesta cruda: $CFG,ACK,LOGREAD,3099,2026-07-22 02:37:51,SERVER_ACK,48,0
*** Trama sin '*CRC' reconocible. ***

=== Registro 3100 (101/1081) ===

<-- Respuesta cruda: $CFG,ACK,LOGREAD,3100,2026-07-22 02:38:00,HEARTBEAT_RECEIVED,0,0
*** Trama sin '*CRC' reconocible. ***

=== Registro 3101 (102/1081) ===

<-- Respuesta cruda: $CFG,ACK,LOGREAD,3101,2026-07-22 02:38:51,SEND_OK,0,0
*** Trama sin '*CRC' reconocible. ***

=== Registro 3102 (103/1081) ===

<-- Respuesta cruda: $CFG,ACK,LOGREAD,3102,2026-07-22 02:38:52,SERVER_ACK,48,0
*** Trama sin '*CRC' reconocible. ***

=== Registro 3103 (104/1081) ===

<-- Respuesta cruda: $CFG,ACK,LOGREAD,3103,2026-07-22 02:39:04,HEARTBEAT_RECEIVED,0,0
*** Trama sin '*CRC' reconocible. ***

=== Registro 3104 (105/1081) ===

<-- Respuesta cruda: $CFG,BAD_CRC,LOGREAD,3104,2026-07-49 132:255:255,UNKNOWN,4294967295,4294967295
*** Trama sin '*CRC' reconocible. ***

=== Registro 3105 (106/1081) ===

<-- Respuesta cruda: $CFG,ACK,LOGREAD,3105,2026-07-22 02:39:52,SERVER_ACK,48,0
*** Trama sin '*CRC' reconocible. ***

=== Registro 3106 (107/1081) ===

<-- Respuesta cruda: $CFG,ACK,LOGREAD,3106,2026-07-22 02:40:06,HEARTBEAT_RECEIVED,0,0
*** Trama sin '*CRC' reconocible. ***

=== Registro 3107 (108/1081) ===

<-- Respuesta cruda: $CFG,ACK,LOGREAD,3107,2026-07-22 02:40:52,SEND_OK,0,0
*** Trama sin '*CRC' reconocible. ***

=== Registro 3108 (109/1081) ===

<-- Respuesta cruda: $CFG,ACK,LOGREAD,3108,2026-07-22 02:40:52,SERVER_ACK,48,0
*** Trama sin '*CRC' reconocible. ***

=== Registro 3109 (110/1081) ===

<-- Respuesta cruda: $CFG,ACK,LOGREAD,3109,2026-07-22 02:41:09,HEARTBEAT_RECEIVED,0,0
*** Trama sin '*CRC' reconocible. ***

=== Registro 3110 (111/1081) ===

<-- Respuesta cruda: $CFG,BAD_CRC,LOGREAD,3110,2026-07-22 02:41:52,SEND_OK,0,0
*** Trama sin '*CRC' reconocible. ***

=== Registro 3111 (112/1081) ===

<-- Respuesta cruda: $CFG,BAD_CRC,LOGREAD,3111,0000-00-161 40:41:52,SERVER_ACK,48,0
*** Trama sin '*CRC' reconocible. ***

=== Registro 3112 (113/1081) ===

<-- Respuesta cruda: $CFG,ACK,LOGREAD,3112,2026-07-22 02:42:13,HEARTBEAT_RECEIVED,0,0
*** Trama sin '*CRC' reconocible. ***

=== Registro 3113 (114/1081) ===

<-- Respuesta cruda: $CFG,ACK,LOGREAD,3113,2026-07-22 02:42:19,CID_RECEIVED,0,0
*** Trama sin '*CRC' reconocible. ***

=== Registro 3114 (115/1081) ===

<-- Respuesta cruda: $CFG,ACK,LOGREAD,3114,2026-07-22 02:42:20,SEND_OK,0,0
*** Trama sin '*CRC' reconocible. ***

=== Registro 3115 (116/1081) ===

<-- Respuesta cruda: $CFG,ACK,LOGREAD,3115,2026-07-22 02:42:20,SERVER_ACK,48,0
*** Trama sin '*CRC' reconocible. ***

=== Registro 3116 (117/1081) ===

<-- Respuesta cruda: $CFG,ACK,LOGREAD,3116,2026-07-22 02:42:20,SERVER_ACK,0,0
*** Trama sin '*CRC' reconocible. ***

=== Registro 3117 (118/1081) ===

<-- Respuesta cruda: $CFG,BAD_CRC,LOGREAD,3117,2026-07-22 02:43:20,SEND_OK,1174405120,12288
*** Trama sin '*CRC' reconocible. ***

=== Registro 3118 (119/1081) ===

<-- Respuesta cruda: $CFG,BAD_CRC,LOGREAD,3118,0000-00-139 98:43:20,SERVER_ACK,48,0
*** Trama sin '*CRC' reconocible. ***

=== Registro 3119 (120/1081) ===

<-- Respuesta cruda: $CFG,ACK,LOGREAD,3119,2026-07-22 02:43:24,HEARTBEAT_RECEIVED,0,0
*** Trama sin '*CRC' reconocible. ***

=== Registro 3120 (121/1081) ===

<-- Respuesta cruda: $CFG,ACK,LOGREAD,3120,2026-07-22 02:44:20,SEND_OK,0,0
*** Trama sin '*CRC' reconocible. ***

=== Registro 3121 (122/1081) ===

<-- Respuesta cruda: $CFG,ACK,LOGREAD,3121,2026-07-22 02:44:20,SERVER_ACK,48,0
*** Trama sin '*CRC' reconocible. ***

=== Registro 3122 (123/1081) ===

<-- Respuesta cruda: $CFG,ACK,LOGREAD,3122,2026-07-22 02:44:26,HEARTBEAT_RECEIVED,0,0
*** Trama sin '*CRC' reconocible. ***

=== Registro 3123 (124/1081) ===

<-- Respuesta cruda: $CFG,ACK,LOGREAD,3123,2026-07-22 02:45:20,SEND_OK,0,0
*** Trama sin '*CRC' reconocible. ***

=== Registro 3124 (125/1081) ===

<-- Respuesta cruda: $CFG,BAD_CRC,LOGREAD,3124,2026-07-22 02:45:21,SIM_PIN_REQUIRED,1143222018,0
*** Trama sin '*CRC' reconocible. ***

=== Registro 3125 (126/1081) ===

<-- Respuesta cruda: $CFG,BAD_CRC,LOGREAD,3125,0000-00-57 219:45:30,HEARTBEAT_RECEIVED,0,0
*** Trama sin '*CRC' reconocible. ***

=== Registro 3126 (127/1081) ===

<-- Respuesta cruda: $CFG,ACK,LOGREAD,3126,2026-07-22 02:46:20,SEND_OK,0,0
*** Trama sin '*CRC' reconocible. ***

=== Registro 3127 (128/1081) ===

<-- Respuesta cruda: $CFG,ACK,LOGREAD,3127,2026-07-22 02:46:21,SERVER_ACK,48,0
*** Trama sin '*CRC' reconocible. ***

=== Registro 3128 (129/1081) ===

<-- Respuesta cruda: $CFG,ACK,LOGREAD,3128,2026-07-22 02:46:33,HEARTBEAT_RECEIVED,0,0
*** Trama sin '*CRC' reconocible. ***

=== Registro 3129 (130/1081) ===

<-- Respuesta cruda: $CFG,ACK,LOGREAD,3129,2026-07-22 02:47:21,SEND_OK,0,0
*** Trama sin '*CRC' reconocible. ***

=== Registro 3130 (131/1081) ===

<-- Respuesta cruda: $CFG,ACK,LOGREAD,3130,2026-07-22 02:47:21,SERVER_ACK,48,0
*** Trama sin '*CRC' reconocible. ***

=== Registro 3131 (132/1081) ===

<-- Respuesta cruda: $CFG,BAD_CRC,LOGREAD,3131,2026-00-133 175:255:255,UNKNOWN,4294967295,4294967295
*** Trama sin '*CRC' reconocible. ***

=== Registro 3132 (133/1081) ===

<-- Respuesta cruda: $CFG,ACK,LOGREAD,3132,2026-07-22 02:48:21,SEND_OK,0,0
*** Trama sin '*CRC' reconocible. ***

=== Registro 3133 (134/1081) ===

<-- Respuesta cruda: $CFG,ACK,LOGREAD,3133,2026-07-22 02:48:21,SERVER_ACK,48,0
*** Trama sin '*CRC' reconocible. ***

=== Registro 3134 (135/1081) ===

<-- Respuesta cruda: $CFG,ACK,LOGREAD,3134,2026-07-22 02:48:39,HEARTBEAT_RECEIVED,0,0
*** Trama sin '*CRC' reconocible. ***

=== Registro 3135 (136/1081) ===

<-- Respuesta cruda: $CFG,ACK,LOGREAD,3135,2026-07-22 02:49:21,SEND_OK,0,0
*** Trama sin '*CRC' reconocible. ***

=== Registro 3136 (137/1081) ===

<-- Respuesta cruda: $CFG,ACK,LOGREAD,3136,2026-07-22 02:49:21,SERVER_ACK,48,0
*** Trama sin '*CRC' reconocible. ***

=== Registro 3137 (138/1081) ===

<-- Respuesta cruda: $CFG,BAD_CRC,LOGREAD,3137,2026-07-22 02:49:42,HEARTBEAT_RECEIVED,0,0
*** Trama sin '*CRC' reconocible. ***

=== Registro 3138 (139/1081) ===

<-- Respuesta cruda: $CFG,BAD_CRC,LOGREAD,3138,0000-00-91 212:50:21,SEND_OK,0,0
*** Trama sin '*CRC' reconocible. ***

=== Registro 3139 (140/1081) ===

<-- Respuesta cruda: $CFG,ACK,LOGREAD,3139,2026-07-22 02:50:21,SERVER_ACK,48,0
*** Trama sin '*CRC' reconocible. ***

=== Registro 3140 (141/1081) ===

<-- Respuesta cruda: $CFG,ACK,LOGREAD,3140,2026-07-22 02:50:45,HEARTBEAT_RECEIVED,0,0
*** Trama sin '*CRC' reconocible. ***

=== Registro 3141 (142/1081) ===

<-- Respuesta cruda: $CFG,ACK,LOGREAD,3141,2026-07-22 02:51:21,SEND_OK,0,0
*** Trama sin '*CRC' reconocible. ***

=== Registro 3142 (143/1081) ===

<-- Respuesta cruda: $CFG,ACK,LOGREAD,3142,2026-07-22 02:51:21,SERVER_ACK,48,0
*** Trama sin '*CRC' reconocible. ***

=== Registro 3143 (144/1081) ===

<-- Respuesta cruda: $CFG,ACK,LOGREAD,3143,2026-07-22 02:51:48,HEARTBEAT_RECEIVED,0,0
*** Trama sin '*CRC' reconocible. ***

=== Registro 3144 (145/1081) ===

<-- Respuesta cruda: $CFG,BAD_CRC,LOGREAD,3144,2026-07-22 02:52:21,SEND_OK,1175846912,12288
*** Trama sin '*CRC' reconocible. ***

=== Registro 3145 (146/1081) ===

<-- Respuesta cruda: $CFG,BAD_CRC,LOGREAD,3145,0000-00-22 51:52:22,SERVER_ACK,48,0
*** Trama sin '*CRC' reconocible. ***

=== Registro 3146 (147/1081) ===

<-- Respuesta cruda: $CFG,ACK,LOGREAD,3146,2026-07-22 02:52:51,HEARTBEAT_RECEIVED,0,0
*** Trama sin '*CRC' reconocible. ***

=== Registro 3147 (148/1081) ===

<-- Respuesta cruda: $CFG,ACK,LOGREAD,3147,2026-07-22 02:53:21,SEND_OK,0,0
*** Trama sin '*CRC' reconocible. ***

=== Registro 3148 (149/1081) ===

<-- Respuesta cruda: $CFG,ACK,LOGREAD,3148,2026-07-22 02:53:22,SERVER_ACK,48,0
*** Trama sin '*CRC' reconocible. ***

=== Registro 3149 (150/1081) ===

<-- Respuesta cruda: $CFG,ACK,LOGREAD,3149,2026-07-22 02:54:21,RS232_TIMEOUT,0,0
*** Trama sin '*CRC' reconocible. ***

=== Registro 3150 (151/1081) ===

<-- Respuesta cruda: $CFG,ACK,LOGREAD,3150,2026-07-22 02:54:22,SEND_OK,0,0
*** Trama sin '*CRC' reconocible. ***

=== Registro 3151 (152/1081) ===

<-- Respuesta cruda: $CFG,BAD_CRC,LOGREAD,3151,2026-07-22 02:54:07,SIM_PIN_REQUIRED,909260546,0
*** Trama sin '*CRC' reconocible. ***

=== Registro 3152 (153/1081) ===

<-- Respuesta cruda: $CFG,BAD_CRC,LOGREAD,3152,0000-00-03 82:55:00,CID_RECEIVED,0,0
*** Trama sin '*CRC' reconocible. ***

=== Registro 3153 (154/1081) ===

<-- Respuesta cruda: $CFG,ACK,LOGREAD,3153,2026-07-22 02:55:01,RS232_RESTORED,0,0
*** Trama sin '*CRC' reconocible. ***

=== Registro 3154 (155/1081) ===

<-- Respuesta cruda: $CFG,ACK,LOGREAD,3154,2026-07-22 02:55:01,SEND_OK,0,0
*** Trama sin '*CRC' reconocible. ***

=== Registro 3155 (156/1081) ===

<-- Respuesta cruda: $CFG,ACK,LOGREAD,3155,2026-07-22 02:55:01,SERVER_ACK,48,0
*** Trama sin '*CRC' reconocible. ***

=== Registro 3156 (157/1081) ===

<-- Respuesta cruda: $CFG,ACK,LOGREAD,3156,2026-07-22 02:55:01,SERVER_ACK,0,0
*** Trama sin '*CRC' reconocible. ***

=== Registro 3157 (158/1081) ===

<-- Respuesta cruda: $CFG,ACK,LOGREAD,3157,2026-07-22 02:55:50,CID_RECEIVED,0,0
*** Trama sin '*CRC' reconocible. ***

=== Registro 3158 (159/1081) ===

<-- Respuesta cruda: $CFG,BAD_CRC,LOGREAD,3158,0234-00-220 154:255:255,UNKNOWN,4294967295,4294967295
*** Trama sin '*CRC' reconocible. ***

=== Registro 3159 (160/1081) ===

<-- Respuesta cruda: $CFG,ACK,LOGREAD,3159,2026-07-22 02:55:51,SERVER_ACK,48,0
*** Trama sin '*CRC' reconocible. ***

=== Registro 3160 (161/1081) ===

<-- Respuesta cruda: $CFG,ACK,LOGREAD,3160,2026-07-22 02:55:51,SERVER_ACK,0,0
*** Trama sin '*CRC' reconocible. ***

=== Registro 3161 (162/1081) ===

<-- Respuesta cruda: $CFG,ACK,LOGREAD,3161,2026-07-22 02:56:51,SEND_OK,0,0
*** Trama sin '*CRC' reconocible. ***

=== Registro 3162 (163/1081) ===

<-- Respuesta cruda: $CFG,ACK,LOGREAD,3162,2026-07-22 02:56:51,SERVER_ACK,48,0
*** Trama sin '*CRC' reconocible. ***

=== Registro 3163 (164/1081) ===

<-- Respuesta cruda: $CFG,ACK,LOGREAD,3163,2026-07-22 02:56:54,HEARTBEAT_RECEIVED,0,0
*** Trama sin '*CRC' reconocible. ***

=== Registro 3164 (165/1081) ===

<-- Respuesta cruda: $CFG,BAD_CRC,LOGREAD,3164,2026-07-22 02:57:51,SEND_OK,0,0
*** Trama sin '*CRC' reconocible. ***

=== Registro 3165 (166/1081) ===

<-- Respuesta cruda: $CFG,BAD_CRC,LOGREAD,3165,0000-00-214 44:57:51,SERVER_ACK,48,0
*** Trama sin '*CRC' reconocible. ***

=== Registro 3166 (167/1081) ===

<-- Respuesta cruda: $CFG,ACK,LOGREAD,3166,2026-07-22 02:57:57,HEARTBEAT_RECEIVED,0,0
*** Trama sin '*CRC' reconocible. ***

=== Registro 3167 (168/1081) ===

<-- Respuesta cruda: $CFG,ACK,LOGREAD,3167,2026-07-22 02:58:51,SEND_OK,0,0
*** Trama sin '*CRC' reconocible. ***

=== Registro 3168 (169/1081) ===

<-- Respuesta cruda: $CFG,ACK,LOGREAD,3168,2026-07-22 02:58:51,SERVER_ACK,48,0
*** Trama sin '*CRC' reconocible. ***

=== Registro 3169 (170/1081) ===

<-- Respuesta cruda: $CFG,ACK,LOGREAD,3169,2026-07-22 02:59:00,HEARTBEAT_RECEIVED,0,0
*** Trama sin '*CRC' reconocible. ***

=== Registro 3170 (171/1081) ===

<-- Respuesta cruda: $CFG,ACK,LOGREAD,3170,2026-07-22 02:59:51,SEND_OK,0,0
*** Trama sin '*CRC' reconocible. ***

=== Registro 3171 (172/1081) ===

<-- Respuesta cruda: $CFG,BAD_CRC,LOGREAD,3171,2026-07-22 02:59:52,SERVER_ACK,1141441072,0
*** Trama sin '*CRC' reconocible. ***

=== Registro 3172 (173/1081) ===

<-- Respuesta cruda: $CFG,BAD_CRC,LOGREAD,3172,0000-00-09 100:00:04,HEARTBEAT_RECEIVED,0,0
*** Trama sin '*CRC' reconocible. ***

=== Registro 3173 (174/1081) ===

<-- Respuesta cruda: $CFG,ACK,LOGREAD,3173,2026-07-22 03:00:51,SEND_OK,0,0
*** Trama sin '*CRC' reconocible. ***

=== Registro 3174 (175/1081) ===

<-- Respuesta cruda: $CFG,ACK,LOGREAD,3174,2026-07-22 03:00:52,SERVER_ACK,48,0
*** Trama sin '*CRC' reconocible. ***

=== Registro 3175 (176/1081) ===

<-- Respuesta cruda: $CFG,ACK,LOGREAD,3175,2026-07-22 03:01:06,HEARTBEAT_RECEIVED,0,0
*** Trama sin '*CRC' reconocible. ***

=== Registro 3176 (177/1081) ===

<-- Respuesta cruda: $CFG,ACK,LOGREAD,3176,2026-07-22 03:01:52,SEND_OK,0,0
*** Trama sin '*CRC' reconocible. ***

=== Registro 3177 (178/1081) ===

<-- Respuesta cruda: $CFG,ACK,LOGREAD,3177,2026-07-22 03:01:52,SERVER_ACK,48,0
*** Trama sin '*CRC' reconocible. ***

=== Registro 3178 (179/1081) ===

<-- Respuesta cruda: $CFG,BAD_CRC,LOGREAD,3178,2026-07-22 03:255:255,UNKNOWN,4294967295,4294967295
*** Trama sin '*CRC' reconocible. ***

=== Registro 3179 (180/1081) ===

<-- Respuesta cruda: $CFG,ACK,LOGREAD,3179,2026-07-22 03:02:52,SEND_OK,0,0
*** Trama sin '*CRC' reconocible. ***

=== Registro 3180 (181/1081) ===

<-- Respuesta cruda: $CFG,ACK,LOGREAD,3180,2026-07-22 03:02:52,SERVER_ACK,48,0
*** Trama sin '*CRC' reconocible. ***

=== Registro 3181 (182/1081) ===

<-- Respuesta cruda: $CFG,ACK,LOGREAD,3181,2026-07-22 03:03:13,HEARTBEAT_RECEIVED,0,0
*** Trama sin '*CRC' reconocible. ***

=== Registro 3182 (183/1081) ===

<-- Respuesta cruda: $CFG,ACK,LOGREAD,3182,2026-07-22 03:03:52,SEND_OK,0,0
*** Trama sin '*CRC' reconocible. ***

=== Registro 3183 (184/1081) ===

<-- Respuesta cruda: $CFG,ACK,LOGREAD,3183,2026-07-22 03:03:52,SERVER_ACK,48,0
*** Trama sin '*CRC' reconocible. ***

=== Registro 3184 (185/1081) ===

<-- Respuesta cruda: $CFG,ACK,LOGREAD,3184,2026-07-22 03:04:16,HEARTBEAT_RECEIVED,0,0
*** Trama sin '*CRC' reconocible. ***

=== Registro 3185 (186/1081) ===

<-- Respuesta cruda: $CFG,BAD_CRC,LOGREAD,3185,0000-00-17 188:04:52,SEND_OK,0,0
*** Trama sin '*CRC' reconocible. ***

=== Registro 3186 (187/1081) ===

<-- Respuesta cruda: $CFG,ACK,LOGREAD,3186,2026-07-22 03:04:52,SERVER_ACK,48,0
*** Trama sin '*CRC' reconocible. ***

=== Registro 3187 (188/1081) ===

<-- Respuesta cruda: $CFG,ACK,LOGREAD,3187,2026-07-22 03:05:19,HEARTBEAT_RECEIVED,0,0
*** Trama sin '*CRC' reconocible. ***

=== Registro 3188 (189/1081) ===

<-- Respuesta cruda: $CFG,ACK,LOGREAD,3188,2026-07-22 03:05:52,SEND_OK,0,0
*** Trama sin '*CRC' reconocible. ***

=== Registro 3189 (190/1081) ===

<-- Respuesta cruda: $CFG,ACK,LOGREAD,3189,2026-07-22 03:05:52,SERVER_ACK,48,0
*** Trama sin '*CRC' reconocible. ***

=== Registro 3190 (191/1081) ===

<-- Respuesta cruda: $CFG,ACK,LOGREAD,3190,2026-07-22 03:06:22,HEARTBEAT_RECEIVED,0,0
*** Trama sin '*CRC' reconocible. ***

=== Registro 3191 (192/1081) ===

<-- Respuesta cruda: $CFG,BAD_CRC,LOGREAD,3191,2026-07-22 03:06:52,SEND_OK,0,12288
*** Trama sin '*CRC' reconocible. ***

=== Registro 3192 (193/1081) ===

<-- Respuesta cruda: $CFG,BAD_CRC,LOGREAD,3192,0000-00-147 237:06:53,SERVER_ACK,48,0
*** Trama sin '*CRC' reconocible. ***

=== Registro 3193 (194/1081) ===

<-- Respuesta cruda: $CFG,ACK,LOGREAD,3193,2026-07-22 03:07:25,HEARTBEAT_RECEIVED,0,0
*** Trama sin '*CRC' reconocible. ***

=== Registro 3194 (195/1081) ===

<-- Respuesta cruda: $CFG,ACK,LOGREAD,3194,2026-07-22 03:07:53,SEND_OK,0,0
*** Trama sin '*CRC' reconocible. ***

=== Registro 3195 (196/1081) ===

<-- Respuesta cruda: $CFG,ACK,LOGREAD,3195,2026-07-22 03:07:53,SERVER_ACK,48,0
*** Trama sin '*CRC' reconocible. ***

=== Registro 3196 (197/1081) ===

<-- Respuesta cruda: $CFG,ACK,LOGREAD,3196,2026-07-22 03:08:28,HEARTBEAT_RECEIVED,0,0
*** Trama sin '*CRC' reconocible. ***

=== Registro 3197 (198/1081) ===

<-- Respuesta cruda: $CFG,ACK,LOGREAD,3197,2026-07-22 03:08:53,SEND_OK,0,0
*** Trama sin '*CRC' reconocible. ***

=== Registro 3198 (199/1081) ===

<-- Respuesta cruda: $CFG,BAD_CRC,LOGREAD,3198,2026-07-22 03:08:53,SERVER_ACK,1143278339,0
*** Trama sin '*CRC' reconocible. ***

=== Registro 3199 (200/1081) ===

<-- Respuesta cruda: $CFG,BAD_CRC,LOGREAD,3199,0000-00-103 37:09:31,HEARTBEAT_RECEIVED,0,0
*** Trama sin '*CRC' reconocible. ***

=== Registro 3200 (201/1081) ===

<-- Respuesta cruda: $CFG,ACK,LOGREAD,3200,2026-07-22 03:09:53,SEND_OK,0,0
*** Trama sin '*CRC' reconocible. ***

=== Registro 3201 (202/1081) ===

<-- Respuesta cruda: $CFG,ACK,LOGREAD,3201,2026-07-22 03:09:53,SERVER_ACK,48,0
*** Trama sin '*CRC' reconocible. ***

=== Registro 3202 (203/1081) ===

<-- Respuesta cruda: $CFG,ACK,LOGREAD,3202,2026-07-22 03:10:34,HEARTBEAT_RECEIVED,0,0
*** Trama sin '*CRC' reconocible. ***

=== Registro 3203 (204/1081) ===

<-- Respuesta cruda: $CFG,ACK,LOGREAD,3203,2026-07-22 03:10:53,SEND_OK,0,0
*** Trama sin '*CRC' reconocible. ***

=== Registro 3204 (205/1081) ===

<-- Respuesta cruda: $CFG,ACK,LOGREAD,3204,2026-07-22 03:10:53,SERVER_ACK,48,0
*** Trama sin '*CRC' reconocible. ***

=== Registro 3205 (206/1081) ===

<-- Respuesta cruda: $CFG,BAD_CRC,LOGREAD,3205,2026-07-22 125:255:255,UNKNOWN,4294967295,4294967295
*** Trama sin '*CRC' reconocible. ***

=== Registro 3206 (207/1081) ===

<-- Respuesta cruda: $CFG,ACK,LOGREAD,3206,2026-07-22 03:11:53,SEND_OK,0,0
*** Trama sin '*CRC' reconocible. ***

=== Registro 3207 (208/1081) ===

<-- Respuesta cruda: $CFG,ACK,LOGREAD,3207,2026-07-22 03:11:53,SERVER_ACK,48,0
*** Trama sin '*CRC' reconocible. ***

=== Registro 3208 (209/1081) ===

<-- Respuesta cruda: $CFG,ACK,LOGREAD,3208,2026-07-22 03:12:40,HEARTBEAT_RECEIVED,0,0
*** Trama sin '*CRC' reconocible. ***

=== Registro 3209 (210/1081) ===

<-- Respuesta cruda: $CFG,ACK,LOGREAD,3209,2026-07-22 03:12:53,SEND_OK,0,0
*** Trama sin '*CRC' reconocible. ***

=== Registro 3210 (211/1081) ===

<-- Respuesta cruda: $CFG,ACK,LOGREAD,3210,2026-07-22 03:12:54,SERVER_ACK,48,0
*** Trama sin '*CRC' reconocible. ***

=== Registro 3211 (212/1081) ===

<-- Respuesta cruda: $CFG,BAD_CRC,LOGREAD,3211,2026-07-22 03:13:43,HEARTBEAT_RECEIVED,0,0
*** Trama sin '*CRC' reconocible. ***

=== Registro 3212 (213/1081) ===

<-- Respuesta cruda: $CFG,BAD_CRC,LOGREAD,3212,0000-00-127 04:13:53,SEND_OK,0,0
*** Trama sin '*CRC' reconocible. ***

=== Registro 3213 (214/1081) ===

<-- Respuesta cruda: $CFG,ACK,LOGREAD,3213,2026-07-22 03:13:54,SERVER_ACK,48,0
*** Trama sin '*CRC' reconocible. ***

=== Registro 3214 (215/1081) ===

<-- Respuesta cruda: $CFG,ACK,LOGREAD,3214,2026-07-22 03:14:46,HEARTBEAT_RECEIVED,0,0
*** Trama sin '*CRC' reconocible. ***

=== Registro 3215 (216/1081) ===

<-- Respuesta cruda: $CFG,ACK,LOGREAD,3215,2026-07-22 03:14:54,SEND_OK,0,0
*** Trama sin '*CRC' reconocible. ***

=== Registro 3216 (217/1081) ===

<-- Respuesta cruda: $CFG,ACK,LOGREAD,3216,2026-07-22 03:14:54,SERVER_ACK,48,0
*** Trama sin '*CRC' reconocible. ***

=== Registro 3217 (218/1081) ===

<-- Respuesta cruda: $CFG,ACK,LOGREAD,3217,2026-07-22 03:15:49,HEARTBEAT_RECEIVED,0,0
*** Trama sin '*CRC' reconocible. ***

=== Registro 3218 (219/1081) ===

<-- Respuesta cruda: $CFG,BAD_CRC,LOGREAD,3218,2026-07-22 03:15:54,SEND_OK,0,0
*** Trama sin '*CRC' reconocible. ***

=== Registro 3219 (220/1081) ===

<-- Respuesta cruda: $CFG,BAD_CRC,LOGREAD,3219,0000-00-251 250:15:54,SERVER_ACK,48,0
*** Trama sin '*CRC' reconocible. ***

=== Registro 3220 (221/1081) ===

<-- Respuesta cruda: $CFG,ACK,LOGREAD,3220,2026-07-22 03:16:52,HEARTBEAT_RECEIVED,0,0
*** Trama sin '*CRC' reconocible. ***

=== Registro 3221 (222/1081) ===

<-- Respuesta cruda: $CFG,ACK,LOGREAD,3221,2026-07-22 03:16:54,SEND_OK,0,0
*** Trama sin '*CRC' reconocible. ***

=== Registro 3222 (223/1081) ===

<-- Respuesta cruda: $CFG,ACK,LOGREAD,3222,2026-07-22 03:16:54,SERVER_ACK,48,0
*** Trama sin '*CRC' reconocible. ***

=== Registro 3223 (224/1081) ===

<-- Respuesta cruda: $CFG,ACK,LOGREAD,3223,2026-07-22 03:17:54,SEND_OK,0,0
*** Trama sin '*CRC' reconocible. ***

=== Registro 3224 (225/1081) ===

<-- Respuesta cruda: $CFG,ACK,LOGREAD,3224,2026-07-22 03:17:54,SERVER_ACK,48,0
*** Trama sin '*CRC' reconocible. ***

=== Registro 3225 (226/1081) ===

<-- Respuesta cruda: $CFG,BAD_CRC,LOGREAD,3225,2026-07-22 03:17:55,HEARTBEAT_RECEIVED,909513731,0
*** Trama sin '*CRC' reconocible. ***

=== Registro 3226 (227/1081) ===

<-- Respuesta cruda: $CFG,BAD_CRC,LOGREAD,3226,0000-00-24 45:18:54,SEND_OK,0,0
*** Trama sin '*CRC' reconocible. ***

=== Registro 3227 (228/1081) ===

<-- Respuesta cruda: $CFG,ACK,LOGREAD,3227,2026-07-22 03:18:54,SERVER_ACK,48,0
*** Trama sin '*CRC' reconocible. ***

=== Registro 3228 (229/1081) ===

<-- Respuesta cruda: $CFG,ACK,LOGREAD,3228,2026-07-22 03:18:58,HEARTBEAT_RECEIVED,0,0
*** Trama sin '*CRC' reconocible. ***

=== Registro 3229 (230/1081) ===

<-- Respuesta cruda: $CFG,ACK,LOGREAD,3229,2026-07-22 03:19:54,SEND_OK,0,0
*** Trama sin '*CRC' reconocible. ***

=== Registro 3230 (231/1081) ===

<-- Respuesta cruda: $CFG,ACK,LOGREAD,3230,2026-07-22 03:19:55,SERVER_ACK,48,0
*** Trama sin '*CRC' reconocible. ***

=== Registro 3231 (232/1081) ===

<-- Respuesta cruda: $CFG,ACK,LOGREAD,3231,2026-07-22 03:20:01,HEARTBEAT_RECEIVED,0,0
*** Trama sin '*CRC' reconocible. ***

=== Registro 3232 (233/1081) ===

<-- Respuesta cruda: $CFG,BAD_CRC,LOGREAD,3232,2026-07-187 243:255:255,UNKNOWN,4294967295,4294967295
*** Trama sin '*CRC' reconocible. ***

=== Registro 3233 (234/1081) ===

<-- Respuesta cruda: $CFG,ACK,LOGREAD,3233,2026-07-22 03:20:55,SERVER_ACK,48,0
*** Trama sin '*CRC' reconocible. ***

=== Registro 3234 (235/1081) ===

<-- Respuesta cruda: $CFG,ACK,LOGREAD,3234,2026-07-22 03:21:04,HEARTBEAT_RECEIVED,0,0
*** Trama sin '*CRC' reconocible. ***

=== Registro 3235 (236/1081) ===

<-- Respuesta cruda: $CFG,ACK,LOGREAD,3235,2026-07-22 03:21:55,SEND_OK,0,0
*** Trama sin '*CRC' reconocible. ***

=== Registro 3236 (237/1081) ===

<-- Respuesta cruda: $CFG,ACK,LOGREAD,3236,2026-07-22 03:21:55,SERVER_ACK,48,0
*** Trama sin '*CRC' reconocible. ***

=== Registro 3237 (238/1081) ===

<-- Respuesta cruda: $CFG,ACK,LOGREAD,3237,2026-07-22 03:22:07,HEARTBEAT_RECEIVED,0,0
*** Trama sin '*CRC' reconocible. ***

=== Registro 3238 (239/1081) ===

<-- Respuesta cruda: $CFG,BAD_CRC,LOGREAD,3238,2026-07-22 03:22:55,SEND_OK,0,0
*** Trama sin '*CRC' reconocible. ***

=== Registro 3239 (240/1081) ===

<-- Respuesta cruda: $CFG,BAD_CRC,LOGREAD,3239,0000-00-112 122:22:55,SERVER_ACK,48,0
*** Trama sin '*CRC' reconocible. ***

=== Registro 3240 (241/1081) ===

<-- Respuesta cruda: $CFG,ACK,LOGREAD,3240,2026-07-22 03:23:10,HEARTBEAT_RECEIVED,0,0
*** Trama sin '*CRC' reconocible. ***

=== Registro 3241 (242/1081) ===

<-- Respuesta cruda: $CFG,ACK,LOGREAD,3241,2026-07-22 03:23:55,SEND_OK,0,0
*** Trama sin '*CRC' reconocible. ***

=== Registro 3242 (243/1081) ===

<-- Respuesta cruda: $CFG,ACK,LOGREAD,3242,2026-07-22 03:23:55,SERVER_ACK,48,0
*** Trama sin '*CRC' reconocible. ***

=== Registro 3243 (244/1081) ===

<-- Respuesta cruda: $CFG,ACK,LOGREAD,3243,2026-07-22 03:24:13,HEARTBEAT_RECEIVED,0,0
*** Trama sin '*CRC' reconocible. ***

=== Registro 3244 (245/1081) ===

<-- Respuesta cruda: $CFG,ACK,LOGREAD,3244,2026-07-22 03:24:55,SEND_OK,0,0
*** Trama sin '*CRC' reconocible. ***

=== Registro 3245 (246/1081) ===

<-- Respuesta cruda: $CFG,BAD_CRC,LOGREAD,3245,2026-07-22 03:24:55,SERVER_ACK,1174405168,12288
*** Trama sin '*CRC' reconocible. ***

=== Registro 3246 (247/1081) ===

<-- Respuesta cruda: $CFG,BAD_CRC,LOGREAD,3246,0000-00-224 214:25:16,HEARTBEAT_RECEIVED,0,0
*** Trama sin '*CRC' reconocible. ***

=== Registro 3247 (248/1081) ===

<-- Respuesta cruda: $CFG,ACK,LOGREAD,3247,2026-07-22 03:25:23,CID_RECEIVED,0,0
*** Trama sin '*CRC' reconocible. ***

=== Registro 3248 (249/1081) ===

<-- Respuesta cruda: $CFG,ACK,LOGREAD,3248,2026-07-22 03:25:23,SEND_OK,0,0
*** Trama sin '*CRC' reconocible. ***

=== Registro 3249 (250/1081) ===

<-- Respuesta cruda: $CFG,ACK,LOGREAD,3249,2026-07-22 03:25:23,SERVER_ACK,48,0
*** Trama sin '*CRC' reconocible. ***

=== Registro 3250 (251/1081) ===

<-- Respuesta cruda: $CFG,ACK,LOGREAD,3250,2026-07-22 03:25:23,SERVER_ACK,0,0
*** Trama sin '*CRC' reconocible. ***

=== Registro 3251 (252/1081) ===

<-- Respuesta cruda: $CFG,ACK,LOGREAD,3251,2026-07-22 03:26:23,SEND_OK,0,0
*** Trama sin '*CRC' reconocible. ***

=== Registro 3252 (253/1081) ===

<-- Respuesta cruda: $CFG,BAD_CRC,LOGREAD,3252,2026-07-22 03:26:23,SIM_PIN_REQUIRED,1142955011,0
*** Trama sin '*CRC' reconocible. ***

=== Registro 3253 (254/1081) ===

<-- Respuesta cruda: $CFG,BAD_CRC,LOGREAD,3253,0000-00-114 147:26:26,HEARTBEAT_RECEIVED,0,0
*** Trama sin '*CRC' reconocible. ***

=== Registro 3254 (255/1081) ===

<-- Respuesta cruda: $CFG,ACK,LOGREAD,3254,2026-07-22 03:27:23,SEND_OK,0,0
*** Trama sin '*CRC' reconocible. ***

=== Registro 3255 (256/1081) ===

<-- Respuesta cruda: $CFG,ACK,LOGREAD,3255,2026-07-22 03:27:23,SERVER_ACK,48,0
*** Trama sin '*CRC' reconocible. ***

=== Registro 3256 (257/1081) ===

<-- Respuesta cruda: $CFG,ACK,LOGREAD,3256,2026-07-22 03:27:29,HEARTBEAT_RECEIVED,0,0
*** Trama sin '*CRC' reconocible. ***

=== Registro 3257 (258/1081) ===

<-- Respuesta cruda: $CFG,ACK,LOGREAD,3257,2026-07-22 03:28:23,SEND_OK,0,0
*** Trama sin '*CRC' reconocible. ***

=== Registro 3258 (259/1081) ===

<-- Respuesta cruda: $CFG,ACK,LOGREAD,3258,2026-07-22 03:28:23,SERVER_ACK,48,0
*** Trama sin '*CRC' reconocible. ***

=== Registro 3259 (260/1081) ===

<-- Respuesta cruda: $CFG,BAD_CRC,LOGREAD,3259,2026-00-108 100:255:255,UNKNOWN,4294967295,4294967295
*** Trama sin '*CRC' reconocible. ***

=== Registro 3260 (261/1081) ===

<-- Respuesta cruda: $CFG,ACK,LOGREAD,3260,2026-07-22 03:29:23,SEND_OK,0,0
*** Trama sin '*CRC' reconocible. ***

=== Registro 3261 (262/1081) ===

<-- Respuesta cruda: $CFG,ACK,LOGREAD,3261,2026-07-22 03:29:23,SERVER_ACK,48,0
*** Trama sin '*CRC' reconocible. ***

=== Registro 3262 (263/1081) ===

<-- Respuesta cruda: $CFG,ACK,LOGREAD,3262,2026-07-22 03:29:35,HEARTBEAT_RECEIVED,0,0
*** Trama sin '*CRC' reconocible. ***

=== Registro 3263 (264/1081) ===

<-- Respuesta cruda: $CFG,ACK,LOGREAD,3263,2026-07-22 03:30:23,SEND_OK,0,0
*** Trama sin '*CRC' reconocible. ***

=== Registro 3264 (265/1081) ===

<-- Respuesta cruda: $CFG,ACK,LOGREAD,3264,2026-07-22 03:30:23,SERVER_ACK,48,0
*** Trama sin '*CRC' reconocible. ***

=== Registro 3265 (266/1081) ===

<-- Respuesta cruda: $CFG,BAD_CRC,LOGREAD,3265,2026-07-22 03:30:38,HEARTBEAT_RECEIVED,0,0
*** Trama sin '*CRC' reconocible. ***

=== Registro 3266 (267/1081) ===

<-- Respuesta cruda: $CFG,BAD_CRC,LOGREAD,3266,0000-00-73 131:31:23,SEND_OK,0,0
*** Trama sin '*CRC' reconocible. ***

=== Registro 3267 (268/1081) ===

<-- Respuesta cruda: $CFG,ACK,LOGREAD,3267,2026-07-22 03:31:23,SERVER_ACK,48,0
*** Trama sin '*CRC' reconocible. ***

=== Registro 3268 (269/1081) ===

<-- Respuesta cruda: $CFG,ACK,LOGREAD,3268,2026-07-22 03:31:41,HEARTBEAT_RECEIVED,0,0
*** Trama sin '*CRC' reconocible. ***

=== Registro 3269 (270/1081) ===

<-- Respuesta cruda: $CFG,ACK,LOGREAD,3269,2026-07-22 03:32:23,SEND_OK,0,0
*** Trama sin '*CRC' reconocible. ***

=== Registro 3270 (271/1081) ===

<-- Respuesta cruda: $CFG,ACK,LOGREAD,3270,2026-07-22 03:32:24,SERVER_ACK,48,0
*** Trama sin '*CRC' reconocible. ***

=== Registro 3271 (272/1081) ===

<-- Respuesta cruda: $CFG,ACK,LOGREAD,3271,2026-07-22 03:32:44,HEARTBEAT_RECEIVED,0,0
*** Trama sin '*CRC' reconocible. ***

=== Registro 3272 (273/1081) ===

<-- Respuesta cruda: $CFG,BAD_CRC,LOGREAD,3272,2026-07-22 03:33:24,SEND_OK,1175977984,12288
*** Trama sin '*CRC' reconocible. ***

=== Registro 3273 (274/1081) ===

<-- Respuesta cruda: $CFG,BAD_CRC,LOGREAD,3273,0000-00-254 28:33:24,SERVER_ACK,48,0
*** Trama sin '*CRC' reconocible. ***

=== Registro 3274 (275/1081) ===

<-- Respuesta cruda: $CFG,ACK,LOGREAD,3274,2026-07-22 03:33:47,HEARTBEAT_RECEIVED,0,0
*** Trama sin '*CRC' reconocible. ***

=== Registro 3275 (276/1081) ===

<-- Respuesta cruda: $CFG,ACK,LOGREAD,3275,2026-07-22 03:34:24,SEND_OK,0,0
*** Trama sin '*CRC' reconocible. ***

=== Registro 3276 (277/1081) ===

<-- Respuesta cruda: $CFG,ACK,LOGREAD,3276,2026-07-22 03:34:24,SERVER_ACK,48,0
*** Trama sin '*CRC' reconocible. ***

=== Registro 3277 (278/1081) ===

<-- Respuesta cruda: $CFG,ACK,LOGREAD,3277,2026-07-22 03:34:50,HEARTBEAT_RECEIVED,0,0
*** Trama sin '*CRC' reconocible. ***

=== Registro 3278 (279/1081) ===

<-- Respuesta cruda: $CFG,ACK,LOGREAD,3278,2026-07-22 03:35:24,SEND_OK,0,0
*** Trama sin '*CRC' reconocible. ***

=== Registro 3279 (280/1081) ===

<-- Respuesta cruda: $CFG,BAD_CRC,LOGREAD,3279,2026-07-22 03:35:07,SIM_PIN_REQUIRED,1124279811,0
*** Trama sin '*CRC' reconocible. ***

=== Registro 3280 (281/1081) ===

<-- Respuesta cruda: $CFG,BAD_CRC,LOGREAD,3280,0000-00-186 25:35:53,HEARTBEAT_RECEIVED,0,0
*** Trama sin '*CRC' reconocible. ***

=== Registro 3281 (282/1081) ===

<-- Respuesta cruda: $CFG,ACK,LOGREAD,3281,2026-07-22 03:36:24,SEND_OK,0,0
*** Trama sin '*CRC' reconocible. ***

=== Registro 3282 (283/1081) ===

<-- Respuesta cruda: $CFG,ACK,LOGREAD,3282,2026-07-22 03:36:24,SERVER_ACK,48,0
*** Trama sin '*CRC' reconocible. ***

=== Registro 3283 (284/1081) ===

<-- Respuesta cruda: $CFG,ACK,LOGREAD,3283,2026-07-22 03:37:23,RS232_TIMEOUT,0,0
*** Trama sin '*CRC' reconocible. ***

=== Registro 3284 (285/1081) ===

<-- Respuesta cruda: $CFG,ACK,LOGREAD,3284,2026-07-22 03:37:24,SEND_OK,0,0
*** Trama sin '*CRC' reconocible. ***

=== Registro 3285 (286/1081) ===

<-- Respuesta cruda: $CFG,ACK,LOGREAD,3285,2026-07-22 03:37:24,SERVER_ACK,48,0
*** Trama sin '*CRC' reconocible. ***

=== Registro 3286 (287/1081) ===

<-- Respuesta cruda: $CFG,BAD_CRC,LOGREAD,3286,0234-00-248 10:255:255,UNKNOWN,4294967295,4294967295
*** Trama sin '*CRC' reconocible. ***

=== Registro 3287 (288/1081) ===

<-- Respuesta cruda: $CFG,ACK,LOGREAD,3287,2026-07-22 03:38:03,RS232_RESTORED,0,0
*** Trama sin '*CRC' reconocible. ***

=== Registro 3288 (289/1081) ===

<-- Respuesta cruda: $CFG,ACK,LOGREAD,3288,2026-07-22 03:38:03,SEND_OK,0,0
*** Trama sin '*CRC' reconocible. ***

=== Registro 3289 (290/1081) ===

<-- Respuesta cruda: $CFG,ACK,LOGREAD,3289,2026-07-22 03:38:03,SERVER_ACK,48,0
*** Trama sin '*CRC' reconocible. ***

=== Registro 3290 (291/1081) ===

<-- Respuesta cruda: $CFG,ACK,LOGREAD,3290,2026-07-22 03:38:03,SERVER_ACK,0,0
*** Trama sin '*CRC' reconocible. ***

=== Registro 3291 (292/1081) ===

<-- Respuesta cruda: $CFG,ACK,LOGREAD,3291,2026-07-22 03:38:53,CID_RECEIVED,0,0
*** Trama sin '*CRC' reconocible. ***

=== Registro 3292 (293/1081) ===

<-- Respuesta cruda: $CFG,BAD_CRC,LOGREAD,3292,2026-07-22 03:38:53,SEND_OK,0,0
*** Trama sin '*CRC' reconocible. ***

=== Registro 3293 (294/1081) ===

<-- Respuesta cruda: $CFG,BAD_CRC,LOGREAD,3293,0000-00-201 251:38:53,SERVER_ACK,48,0
*** Trama sin '*CRC' reconocible. ***

=== Registro 3294 (295/1081) ===

<-- Respuesta cruda: $CFG,ACK,LOGREAD,3294,2026-07-22 03:38:53,SERVER_ACK,0,0
*** Trama sin '*CRC' reconocible. ***

=== Registro 3295 (296/1081) ===

<-- Respuesta cruda: $CFG,ACK,LOGREAD,3295,2026-07-22 03:39:53,SEND_OK,0,0
*** Trama sin '*CRC' reconocible. ***

=== Registro 3296 (297/1081) ===

<-- Respuesta cruda: $CFG,ACK,LOGREAD,3296,2026-07-22 03:39:54,SERVER_ACK,48,0
*** Trama sin '*CRC' reconocible. ***

=== Registro 3297 (298/1081) ===

<-- Respuesta cruda: $CFG,ACK,LOGREAD,3297,2026-07-22 03:39:57,HEARTBEAT_RECEIVED,0,0
*** Trama sin '*CRC' reconocible. ***

=== Registro 3298 (299/1081) ===

<-- Respuesta cruda: $CFG,ACK,LOGREAD,3298,2026-07-22 03:40:53,SEND_OK,0,0
*** Trama sin '*CRC' reconocible. ***

=== Registro 3299 (300/1081) ===

<-- Respuesta cruda: $CFG,BAD_CRC,LOGREAD,3299,2026-07-22 03:40:54,SERVER_ACK,1141254960,0
*** Trama sin '*CRC' reconocible. ***

=== Registro 3300 (301/1081) ===

<-- Respuesta cruda: $CFG,BAD_CRC,LOGREAD,3300,0000-00-71 153:41:00,HEARTBEAT_RECEIVED,0,0
*** Trama sin '*CRC' reconocible. ***

=== Registro 3301 (302/1081) ===

<-- Respuesta cruda: $CFG,ACK,LOGREAD,3301,2026-07-22 03:41:54,SEND_OK,0,0
*** Trama sin '*CRC' reconocible. ***

=== Registro 3302 (303/1081) ===

<-- Respuesta cruda: $CFG,ACK,LOGREAD,3302,2026-07-22 03:41:54,SERVER_ACK,48,0
*** Trama sin '*CRC' reconocible. ***

=== Registro 3303 (304/1081) ===

<-- Respuesta cruda: $CFG,ACK,LOGREAD,3303,2026-07-22 03:42:03,HEARTBEAT_RECEIVED,0,0
*** Trama sin '*CRC' reconocible. ***

=== Registro 3304 (305/1081) ===

<-- Respuesta cruda: $CFG,ACK,LOGREAD,3304,2026-07-22 03:42:54,SEND_OK,0,0
*** Trama sin '*CRC' reconocible. ***

=== Registro 3305 (306/1081) ===

<-- Respuesta cruda: $CFG,ACK,LOGREAD,3305,2026-07-22 03:42:54,SERVER_ACK,48,0
*** Trama sin '*CRC' reconocible. ***

=== Registro 3306 (307/1081) ===

<-- Respuesta cruda: $CFG,BAD_CRC,LOGREAD,3306,2026-07-22 03:255:255,UNKNOWN,4294967295,4294967295
*** Trama sin '*CRC' reconocible. ***

=== Registro 3307 (308/1081) ===

<-- Respuesta cruda: $CFG,ACK,LOGREAD,3307,2026-07-22 03:43:54,SEND_OK,0,0
*** Trama sin '*CRC' reconocible. ***

=== Registro 3308 (309/1081) ===

<-- Respuesta cruda: $CFG,ACK,LOGREAD,3308,2026-07-22 03:43:54,SERVER_ACK,48,0
*** Trama sin '*CRC' reconocible. ***

=== Registro 3309 (310/1081) ===

<-- Respuesta cruda: $CFG,ACK,LOGREAD,3309,2026-07-22 03:44:09,HEARTBEAT_RECEIVED,0,0
*** Trama sin '*CRC' reconocible. ***

=== Registro 3310 (311/1081) ===

<-- Respuesta cruda: $CFG,ACK,LOGREAD,3310,2026-07-22 03:44:54,SEND_OK,0,0
*** Trama sin '*CRC' reconocible. ***

=== Registro 3311 (312/1081) ===

<-- Respuesta cruda: $CFG,ACK,LOGREAD,3311,2026-07-22 03:44:54,SERVER_ACK,48,0
*** Trama sin '*CRC' reconocible. ***

=== Registro 3312 (313/1081) ===

<-- Respuesta cruda: $CFG,ACK,LOGREAD,3312,2026-07-22 03:45:12,HEARTBEAT_RECEIVED,0,0
*** Trama sin '*CRC' reconocible. ***

=== Registro 3313 (314/1081) ===

<-- Respuesta cruda: $CFG,BAD_CRC,LOGREAD,3313,0000-00-223 106:45:54,SEND_OK,0,0
*** Trama sin '*CRC' reconocible. ***

=== Registro 3314 (315/1081) ===

<-- Respuesta cruda: $CFG,ACK,LOGREAD,3314,2026-07-22 03:45:54,SERVER_ACK,48,0
*** Trama sin '*CRC' reconocible. ***

=== Registro 3315 (316/1081) ===

<-- Respuesta cruda: $CFG,ACK,LOGREAD,3315,2026-07-22 03:46:15,HEARTBEAT_RECEIVED,0,0
*** Trama sin '*CRC' reconocible. ***

=== Registro 3316 (317/1081) ===

<-- Respuesta cruda: $CFG,ACK,LOGREAD,3316,2026-07-22 03:46:54,SEND_OK,0,0
*** Trama sin '*CRC' reconocible. ***

=== Registro 3317 (318/1081) ===

<-- Respuesta cruda: $CFG,ACK,LOGREAD,3317,2026-07-22 03:46:55,SERVER_ACK,48,0
*** Trama sin '*CRC' reconocible. ***

=== Registro 3318 (319/1081) ===

<-- Respuesta cruda: $CFG,ACK,LOGREAD,3318,2026-07-22 03:47:18,HEARTBEAT_RECEIVED,0,0
*** Trama sin '*CRC' reconocible. ***

=== Registro 3319 (320/1081) ===

<-- Respuesta cruda: $CFG,BAD_CRC,LOGREAD,3319,2026-07-22 03:47:54,SEND_OK,0,12288
*** Trama sin '*CRC' reconocible. ***

=== Registro 3320 (321/1081) ===

<-- Respuesta cruda: $CFG,BAD_CRC,LOGREAD,3320,0000-00-13 12:47:55,SERVER_ACK,48,0
*** Trama sin '*CRC' reconocible. ***

=== Registro 3321 (322/1081) ===

<-- Respuesta cruda: $CFG,ACK,LOGREAD,3321,2026-07-22 03:48:21,HEARTBEAT_RECEIVED,0,0
*** Trama sin '*CRC' reconocible. ***

=== Registro 3322 (323/1081) ===

<-- Respuesta cruda: $CFG,ACK,LOGREAD,3322,2026-07-22 03:48:55,SEND_OK,0,0
*** Trama sin '*CRC' reconocible. ***

=== Registro 3323 (324/1081) ===

<-- Respuesta cruda: $CFG,ACK,LOGREAD,3323,2026-07-22 03:48:55,SERVER_ACK,48,0
*** Trama sin '*CRC' reconocible. ***

=== Registro 3324 (325/1081) ===

<-- Respuesta cruda: $CFG,ACK,LOGREAD,3324,2026-07-22 03:49:24,HEARTBEAT_RECEIVED,0,0
*** Trama sin '*CRC' reconocible. ***

=== Registro 3325 (326/1081) ===

<-- Respuesta cruda: $CFG,ACK,LOGREAD,3325,2026-07-22 03:49:55,SEND_OK,0,0
*** Trama sin '*CRC' reconocible. ***

=== Registro 3326 (327/1081) ===

<-- Respuesta cruda: $CFG,BAD_CRC,LOGREAD,3326,2026-07-22 03:49:55,SERVER_ACK,1143026691,0
*** Trama sin '*CRC' reconocible. ***

=== Registro 3327 (328/1081) ===

<-- Respuesta cruda: $CFG,BAD_CRC,LOGREAD,3327,0000-00-51 62:50:27,HEARTBEAT_RECEIVED,0,0
*** Trama sin '*CRC' reconocible. ***

=== Registro 3328 (329/1081) ===

<-- Respuesta cruda: $CFG,ACK,LOGREAD,3328,2026-07-22 03:50:55,SEND_OK,0,0
*** Trama sin '*CRC' reconocible. ***

=== Registro 3329 (330/1081) ===

<-- Respuesta cruda: $CFG,ACK,LOGREAD,3329,2026-07-22 03:50:55,SERVER_ACK,48,0
*** Trama sin '*CRC' reconocible. ***

=== Registro 3330 (331/1081) ===

<-- Respuesta cruda: $CFG,ACK,LOGREAD,3330,2026-07-22 03:51:30,HEARTBEAT_RECEIVED,0,0
*** Trama sin '*CRC' reconocible. ***

=== Registro 3331 (332/1081) ===

<-- Respuesta cruda: $CFG,ACK,LOGREAD,3331,2026-07-22 03:51:55,SEND_OK,0,0
*** Trama sin '*CRC' reconocible. ***

=== Registro 3332 (333/1081) ===

<-- Respuesta cruda: $CFG,ACK,LOGREAD,3332,2026-07-22 03:51:55,SERVER_ACK,48,0
*** Trama sin '*CRC' reconocible. ***

=== Registro 3333 (334/1081) ===

<-- Respuesta cruda: $CFG,BAD_CRC,LOGREAD,3333,2026-07-22 201:255:255,UNKNOWN,4294967295,4294967295
*** Trama sin '*CRC' reconocible. ***

=== Registro 3334 (335/1081) ===

<-- Respuesta cruda: $CFG,ACK,LOGREAD,3334,2026-07-22 03:52:55,SEND_OK,0,0
*** Trama sin '*CRC' reconocible. ***

=== Registro 3335 (336/1081) ===

<-- Respuesta cruda: $CFG,ACK,LOGREAD,3335,2026-07-22 03:52:55,SERVER_ACK,48,0
*** Trama sin '*CRC' reconocible. ***

=== Registro 3336 (337/1081) ===

<-- Respuesta cruda: $CFG,ACK,LOGREAD,3336,2026-07-22 03:53:36,HEARTBEAT_RECEIVED,0,0
*** Trama sin '*CRC' reconocible. ***

=== Registro 3337 (338/1081) ===

<-- Respuesta cruda: $CFG,ACK,LOGREAD,3337,2026-07-22 03:53:55,SEND_OK,0,0
*** Trama sin '*CRC' reconocible. ***

=== Registro 3338 (339/1081) ===

<-- Respuesta cruda: $CFG,ACK,LOGREAD,3338,2026-07-22 03:53:56,SERVER_ACK,48,0
*** Trama sin '*CRC' reconocible. ***

=== Registro 3339 (340/1081) ===

<-- Respuesta cruda: $CFG,BAD_CRC,LOGREAD,3339,2026-07-22 03:54:39,HEARTBEAT_RECEIVED,0,0
*** Trama sin '*CRC' reconocible. ***

=== Registro 3340 (341/1081) ===

<-- Respuesta cruda: $CFG,BAD_CRC,LOGREAD,3340,0000-00-190 06:54:56,SEND_OK,0,0
*** Trama sin '*CRC' reconocible. ***

=== Registro 3341 (342/1081) ===

<-- Respuesta cruda: $CFG,ACK,LOGREAD,3341,2026-07-22 03:54:56,SERVER_ACK,48,0
*** Trama sin '*CRC' reconocible. ***

=== Registro 3342 (343/1081) ===

<-- Respuesta cruda: $CFG,ACK,LOGREAD,3342,2026-07-22 03:55:42,HEARTBEAT_RECEIVED,0,0
*** Trama sin '*CRC' reconocible. ***

=== Registro 3343 (344/1081) ===

<-- Respuesta cruda: $CFG,ACK,LOGREAD,3343,2026-07-22 03:55:56,SEND_OK,0,0
*** Trama sin '*CRC' reconocible. ***

=== Registro 3344 (345/1081) ===

<-- Respuesta cruda: $CFG,ACK,LOGREAD,3344,2026-07-22 03:55:56,SERVER_ACK,48,0
*** Trama sin '*CRC' reconocible. ***

=== Registro 3345 (346/1081) ===

<-- Respuesta cruda: $CFG,ACK,LOGREAD,3345,2026-07-22 03:56:45,HEARTBEAT_RECEIVED,0,0
*** Trama sin '*CRC' reconocible. ***

=== Registro 3346 (347/1081) ===

<-- Respuesta cruda: $CFG,BAD_CRC,LOGREAD,3346,2026-07-22 03:56:56,SEND_OK,0,12288
*** Trama sin '*CRC' reconocible. ***

=== Registro 3347 (348/1081) ===

<-- Respuesta cruda: $CFG,BAD_CRC,LOGREAD,3347,0000-00-09 153:56:56,SERVER_ACK,48,0
*** Trama sin '*CRC' reconocible. ***

=== Registro 3348 (349/1081) ===

<-- Respuesta cruda: $CFG,ACK,LOGREAD,3348,2026-07-22 03:57:48,HEARTBEAT_RECEIVED,0,0
*** Trama sin '*CRC' reconocible. ***

=== Registro 3349 (350/1081) ===

<-- Respuesta cruda: $CFG,ACK,LOGREAD,3349,2026-07-22 03:57:56,SEND_OK,0,0
*** Trama sin '*CRC' reconocible. ***

=== Registro 3350 (351/1081) ===

<-- Respuesta cruda: $CFG,ACK,LOGREAD,3350,2026-07-22 03:57:56,SERVER_ACK,48,0
*** Trama sin '*CRC' reconocible. ***

=== Registro 3351 (352/1081) ===

<-- Respuesta cruda: $CFG,ACK,LOGREAD,3351,2026-07-22 03:58:51,HEARTBEAT_RECEIVED,0,0
*** Trama sin '*CRC' reconocible. ***

=== Registro 3352 (353/1081) ===

<-- Respuesta cruda: $CFG,ACK,LOGREAD,3352,2026-07-22 03:58:56,SEND_OK,0,0
*** Trama sin '*CRC' reconocible. ***

=== Registro 3353 (354/1081) ===

<-- Respuesta cruda: $CFG,BAD_CRC,LOGREAD,3353,2026-07-22 03:58:56,SERVER_ACK,909705476,0
*** Trama sin '*CRC' reconocible. ***

=== Registro 3354 (355/1081) ===

<-- Respuesta cruda: $CFG,BAD_CRC,LOGREAD,3354,0000-00-210 85:59:54,HEARTBEAT_RECEIVED,0,0
*** Trama sin '*CRC' reconocible. ***

=== Registro 3355 (356/1081) ===

<-- Respuesta cruda: $CFG,ACK,LOGREAD,3355,2026-07-22 03:59:56,SEND_OK,0,0
*** Trama sin '*CRC' reconocible. ***

=== Registro 3356 (357/1081) ===

<-- Respuesta cruda: $CFG,ACK,LOGREAD,3356,2026-07-22 03:59:57,SERVER_ACK,48,0
*** Trama sin '*CRC' reconocible. ***

=== Registro 3357 (358/1081) ===

<-- Respuesta cruda: $CFG,ACK,LOGREAD,3357,2026-07-22 04:00:56,SEND_OK,0,0
*** Trama sin '*CRC' reconocible. ***

=== Registro 3358 (359/1081) ===

<-- Respuesta cruda: $CFG,ACK,LOGREAD,3358,2026-07-22 04:00:57,SERVER_ACK,48,0
*** Trama sin '*CRC' reconocible. ***

=== Registro 3359 (360/1081) ===

<-- Respuesta cruda: $CFG,ACK,LOGREAD,3359,2026-07-22 04:00:57,HEARTBEAT_RECEIVED,0,0
*** Trama sin '*CRC' reconocible. ***

=== Registro 3360 (361/1081) ===

<-- Respuesta cruda: $CFG,BAD_CRC,LOGREAD,3360,2026-07-56 83:255:255,UNKNOWN,4294967295,4294967295
*** Trama sin '*CRC' reconocible. ***

=== Registro 3361 (362/1081) ===

<-- Respuesta cruda: $CFG,ACK,LOGREAD,3361,2026-07-22 04:01:58,SERVER_ACK,48,0
*** Trama sin '*CRC' reconocible. ***

=== Registro 3362 (363/1081) ===

<-- Respuesta cruda: $CFG,ACK,LOGREAD,3362,2026-07-22 04:02:00,HEARTBEAT_RECEIVED,0,0
*** Trama sin '*CRC' reconocible. ***

=== Registro 3363 (364/1081) ===

<-- Respuesta cruda: $CFG,ACK,LOGREAD,3363,2026-07-22 04:02:57,SEND_OK,0,0
*** Trama sin '*CRC' reconocible. ***

=== Registro 3364 (365/1081) ===

<-- Respuesta cruda: $CFG,ACK,LOGREAD,3364,2026-07-22 04:02:57,SERVER_ACK,48,0
*** Trama sin '*CRC' reconocible. ***

=== Registro 3365 (366/1081) ===

<-- Respuesta cruda: $CFG,ACK,LOGREAD,3365,2026-07-22 04:03:03,HEARTBEAT_RECEIVED,0,0
*** Trama sin '*CRC' reconocible. ***

=== Registro 3366 (367/1081) ===

<-- Respuesta cruda: $CFG,BAD_CRC,LOGREAD,3366,2026-07-22 04:03:57,SEND_OK,0,0
*** Trama sin '*CRC' reconocible. ***

=== Registro 3367 (368/1081) ===

<-- Respuesta cruda: $CFG,BAD_CRC,LOGREAD,3367,0000-00-91 193:03:57,SERVER_ACK,48,0
*** Trama sin '*CRC' reconocible. ***

=== Registro 3368 (369/1081) ===

<-- Respuesta cruda: $CFG,ACK,LOGREAD,3368,2026-07-22 04:04:06,HEARTBEAT_RECEIVED,0,0
*** Trama sin '*CRC' reconocible. ***

=== Registro 3369 (370/1081) ===

<-- Respuesta cruda: $CFG,ACK,LOGREAD,3369,2026-07-22 04:04:57,SEND_OK,0,0
*** Trama sin '*CRC' reconocible. ***

=== Registro 3370 (371/1081) ===

<-- Respuesta cruda: $CFG,ACK,LOGREAD,3370,2026-07-22 04:04:57,SERVER_ACK,48,0
*** Trama sin '*CRC' reconocible. ***

=== Registro 3371 (372/1081) ===

<-- Respuesta cruda: $CFG,ACK,LOGREAD,3371,2026-07-22 04:05:09,HEARTBEAT_RECEIVED,0,0
*** Trama sin '*CRC' reconocible. ***

=== Registro 3372 (373/1081) ===

<-- Respuesta cruda: $CFG,ACK,LOGREAD,3372,2026-07-22 04:05:57,SEND_OK,0,0
*** Trama sin '*CRC' reconocible. ***

=== Registro 3373 (374/1081) ===

<-- Respuesta cruda: $CFG,BAD_CRC,LOGREAD,3373,2026-07-22 04:05:57,SERVER_ACK,1140850736,0
*** Trama sin '*CRC' reconocible. ***

=== Registro 3374 (375/1081) ===

<-- Respuesta cruda: $CFG,BAD_CRC,LOGREAD,3374,0000-00-10 60:06:12,HEARTBEAT_RECEIVED,0,0
*** Trama sin '*CRC' reconocible. ***

=== Registro 3375 (376/1081) ===

<-- Respuesta cruda: $CFG,ACK,LOGREAD,3375,2026-07-22 04:06:57,SEND_OK,0,0
*** Trama sin '*CRC' reconocible. ***

=== Registro 3376 (377/1081) ===

<-- Respuesta cruda: $CFG,ACK,LOGREAD,3376,2026-07-22 04:06:58,SERVER_ACK,48,0
*** Trama sin '*CRC' reconocible. ***

=== Registro 3377 (378/1081) ===

<-- Respuesta cruda: $CFG,ACK,LOGREAD,3377,2026-07-22 04:07:15,HEARTBEAT_RECEIVED,0,0
*** Trama sin '*CRC' reconocible. ***

=== Registro 3378 (379/1081) ===

<-- Respuesta cruda: $CFG,ACK,LOGREAD,3378,2026-07-22 04:07:57,SEND_OK,0,0
*** Trama sin '*CRC' reconocible. ***

=== Registro 3379 (380/1081) ===

<-- Respuesta cruda: $CFG,ACK,LOGREAD,3379,2026-07-22 04:07:58,SERVER_ACK,48,0
*** Trama sin '*CRC' reconocible. ***

=== Registro 3380 (381/1081) ===

<-- Respuesta cruda: $CFG,BAD_CRC,LOGREAD,3380,2026-07-22 04:08:18,SIM_PIN_REQUIRED,1142753540,0
*** Trama sin '*CRC' reconocible. ***

=== Registro 3381 (382/1081) ===

<-- Respuesta cruda: $CFG,BAD_CRC,LOGREAD,3381,0000-00-76 180:08:25,CID_RECEIVED,0,0
*** Trama sin '*CRC' reconocible. ***

=== Registro 3382 (383/1081) ===

<-- Respuesta cruda: $CFG,ACK,LOGREAD,3382,2026-07-22 04:08:25,SEND_OK,0,0
*** Trama sin '*CRC' reconocible. ***

=== Registro 3383 (384/1081) ===

<-- Respuesta cruda: $CFG,ACK,LOGREAD,3383,2026-07-22 04:08:26,SERVER_ACK,48,0
*** Trama sin '*CRC' reconocible. ***

=== Registro 3384 (385/1081) ===

<-- Respuesta cruda: $CFG,ACK,LOGREAD,3384,2026-07-22 04:08:26,SERVER_ACK,0,0
*** Trama sin '*CRC' reconocible. ***

=== Registro 3385 (386/1081) ===

<-- Respuesta cruda: $CFG,ACK,LOGREAD,3385,2026-07-22 04:09:26,SEND_OK,0,0
*** Trama sin '*CRC' reconocible. ***

=== Registro 3386 (387/1081) ===

<-- Respuesta cruda: $CFG,ACK,LOGREAD,3386,2026-07-22 04:09:26,SERVER_ACK,48,0
*** Trama sin '*CRC' reconocible. ***

=== Registro 3387 (388/1081) ===

<-- Respuesta cruda: $CFG,BAD_CRC,LOGREAD,3387,2026-00-155 30:255:255,UNKNOWN,4294967295,4294967295
*** Trama sin '*CRC' reconocible. ***

=== Registro 3388 (389/1081) ===

<-- Respuesta cruda: $CFG,ACK,LOGREAD,3388,2026-07-22 04:10:26,SEND_OK,0,0
*** Trama sin '*CRC' reconocible. ***

=== Registro 3389 (390/1081) ===

<-- Respuesta cruda: $CFG,ACK,LOGREAD,3389,2026-07-22 04:10:26,SERVER_ACK,48,0
*** Trama sin '*CRC' reconocible. ***

=== Registro 3390 (391/1081) ===

<-- Respuesta cruda: $CFG,ACK,LOGREAD,3390,2026-07-22 04:10:32,HEARTBEAT_RECEIVED,0,0
*** Trama sin '*CRC' reconocible. ***

=== Registro 3391 (392/1081) ===

<-- Respuesta cruda: $CFG,ACK,LOGREAD,3391,2026-07-22 04:11:26,SEND_OK,0,0
*** Trama sin '*CRC' reconocible. ***

=== Registro 3392 (393/1081) ===

<-- Respuesta cruda: $CFG,ACK,LOGREAD,3392,2026-07-22 04:11:26,SERVER_ACK,48,0
*** Trama sin '*CRC' reconocible. ***

=== Registro 3393 (394/1081) ===

<-- Respuesta cruda: $CFG,BAD_CRC,LOGREAD,3393,2026-07-22 04:11:35,HEARTBEAT_RECEIVED,0,0
*** Trama sin '*CRC' reconocible. ***

=== Registro 3394 (395/1081) ===

<-- Respuesta cruda: $CFG,BAD_CRC,LOGREAD,3394,0000-00-177 148:12:26,SEND_OK,0,0
*** Trama sin '*CRC' reconocible. ***

=== Registro 3395 (396/1081) ===

<-- Respuesta cruda: $CFG,ACK,LOGREAD,3395,2026-07-22 04:12:26,SERVER_ACK,48,0
*** Trama sin '*CRC' reconocible. ***

=== Registro 3396 (397/1081) ===

<-- Respuesta cruda: $CFG,ACK,LOGREAD,3396,2026-07-22 04:12:38,HEARTBEAT_RECEIVED,0,0
*** Trama sin '*CRC' reconocible. ***

=== Registro 3397 (398/1081) ===

<-- Respuesta cruda: $CFG,ACK,LOGREAD,3397,2026-07-22 04:13:26,SEND_OK,0,0
*** Trama sin '*CRC' reconocible. ***

=== Registro 3398 (399/1081) ===

<-- Respuesta cruda: $CFG,ACK,LOGREAD,3398,2026-07-22 04:13:27,SERVER_ACK,48,0
*** Trama sin '*CRC' reconocible. ***

=== Registro 3399 (400/1081) ===

<-- Respuesta cruda: $CFG,ACK,LOGREAD,3399,2026-07-22 04:13:41,HEARTBEAT_RECEIVED,0,0
*** Trama sin '*CRC' reconocible. ***

=== Registro 3400 (401/1081) ===

<-- Respuesta cruda: $CFG,BAD_CRC,LOGREAD,3400,2026-07-22 04:14:26,SEND_OK,1176174592,12288
*** Trama sin '*CRC' reconocible. ***

=== Registro 3401 (402/1081) ===

<-- Respuesta cruda: $CFG,BAD_CRC,LOGREAD,3401,0000-00-99 242:14:27,SERVER_ACK,48,0
*** Trama sin '*CRC' reconocible. ***

=== Registro 3402 (403/1081) ===

<-- Respuesta cruda: $CFG,ACK,LOGREAD,3402,2026-07-22 04:14:44,HEARTBEAT_RECEIVED,0,0
*** Trama sin '*CRC' reconocible. ***

=== Registro 3403 (404/1081) ===

<-- Respuesta cruda: $CFG,ACK,LOGREAD,3403,2026-07-22 04:15:27,SEND_OK,0,0
*** Trama sin '*CRC' reconocible. ***

=== Registro 3404 (405/1081) ===

<-- Respuesta cruda: $CFG,ACK,LOGREAD,3404,2026-07-22 04:15:27,SERVER_ACK,48,0
*** Trama sin '*CRC' reconocible. ***

=== Registro 3405 (406/1081) ===

<-- Respuesta cruda: $CFG,ACK,LOGREAD,3405,2026-07-22 04:15:47,HEARTBEAT_RECEIVED,0,0
*** Trama sin '*CRC' reconocible. ***

=== Registro 3406 (407/1081) ===

<-- Respuesta cruda: $CFG,ACK,LOGREAD,3406,2026-07-22 04:16:27,SEND_OK,0,0
*** Trama sin '*CRC' reconocible. ***

=== Registro 3407 (408/1081) ===

<-- Respuesta cruda: $CFG,BAD_CRC,LOGREAD,3407,2026-07-22 04:16:07,SIM_PIN_REQUIRED,1144525316,0
*** Trama sin '*CRC' reconocible. ***

=== Registro 3408 (409/1081) ===

<-- Respuesta cruda: $CFG,BAD_CRC,LOGREAD,3408,0000-00-95 190:16:50,HEARTBEAT_RECEIVED,0,0
*** Trama sin '*CRC' reconocible. ***

=== Registro 3409 (410/1081) ===

<-- Respuesta cruda: $CFG,ACK,LOGREAD,3409,2026-07-22 04:17:27,SEND_OK,0,0
*** Trama sin '*CRC' reconocible. ***

=== Registro 3410 (411/1081) ===

<-- Respuesta cruda: $CFG,ACK,LOGREAD,3410,2026-07-22 04:17:27,SERVER_ACK,48,0
*** Trama sin '*CRC' reconocible. ***

=== Registro 3411 (412/1081) ===

<-- Respuesta cruda: $CFG,ACK,LOGREAD,3411,2026-07-22 04:17:53,HEARTBEAT_RECEIVED,0,0
*** Trama sin '*CRC' reconocible. ***

=== Registro 3412 (413/1081) ===

<-- Respuesta cruda: $CFG,ACK,LOGREAD,3412,2026-07-22 04:18:27,SEND_OK,0,0
*** Trama sin '*CRC' reconocible. ***

=== Registro 3413 (414/1081) ===

<-- Respuesta cruda: $CFG,ACK,LOGREAD,3413,2026-07-22 04:18:27,SERVER_ACK,48,0
*** Trama sin '*CRC' reconocible. ***

=== Registro 3414 (415/1081) ===

<-- Respuesta cruda: $CFG,BAD_CRC,LOGREAD,3414,0234-00-110 75:255:255,UNKNOWN,4294967295,4294967295
*** Trama sin '*CRC' reconocible. ***

=== Registro 3415 (416/1081) ===

<-- Respuesta cruda: $CFG,ACK,LOGREAD,3415,2026-07-22 04:19:27,SEND_OK,0,0
*** Trama sin '*CRC' reconocible. ***

=== Registro 3416 (417/1081) ===

<-- Respuesta cruda: $CFG,ACK,LOGREAD,3416,2026-07-22 04:19:27,SERVER_ACK,48,0
*** Trama sin '*CRC' reconocible. ***

=== Registro 3417 (418/1081) ===

<-- Respuesta cruda: $CFG,ACK,LOGREAD,3417,2026-07-22 04:19:59,HEARTBEAT_RECEIVED,0,0
*** Trama sin '*CRC' reconocible. ***

=== Registro 3418 (419/1081) ===

<-- Respuesta cruda: $CFG,ACK,LOGREAD,3418,2026-07-22 04:20:27,SEND_OK,0,0
*** Trama sin '*CRC' reconocible. ***

=== Registro 3419 (420/1081) ===

<-- Respuesta cruda: $CFG,ACK,LOGREAD,3419,2026-07-22 04:20:28,SERVER_ACK,48,0
*** Trama sin '*CRC' reconocible. ***

=== Registro 3420 (421/1081) ===

<-- Respuesta cruda: $CFG,BAD_CRC,LOGREAD,3420,2026-07-22 04:21:02,HEARTBEAT_RECEIVED,0,983040
*** Trama sin '*CRC' reconocible. ***

=== Registro 3421 (422/1081) ===

<-- Respuesta cruda: $CFG,BAD_CRC,LOGREAD,3421,0000-00-200 74:21:27,SEND_OK,0,0
*** Trama sin '*CRC' reconocible. ***

=== Registro 3422 (423/1081) ===

<-- Respuesta cruda: $CFG,ACK,LOGREAD,3422,2026-07-22 04:21:31,SERVER_ACK,48,0
*** Trama sin '*CRC' reconocible. ***

=== Registro 3423 (424/1081) ===

<-- Respuesta cruda: $CFG,ACK,LOGREAD,3423,2026-07-22 04:22:05,HEARTBEAT_RECEIVED,0,0
*** Trama sin '*CRC' reconocible. ***

=== Registro 3424 (425/1081) ===

<-- Respuesta cruda: $CFG,ACK,LOGREAD,3424,2026-07-22 04:22:28,SEND_OK,0,0
*** Trama sin '*CRC' reconocible. ***

=== Registro 3425 (426/1081) ===

<-- Respuesta cruda: $CFG,ACK,LOGREAD,3425,2026-07-22 04:22:28,SERVER_ACK,48,0
*** Trama sin '*CRC' reconocible. ***

=== Registro 3426 (427/1081) ===

<-- Respuesta cruda: $CFG,ACK,LOGREAD,3426,2026-07-22 04:23:08,HEARTBEAT_RECEIVED,0,0
*** Trama sin '*CRC' reconocible. ***

=== Registro 3427 (428/1081) ===

<-- Respuesta cruda: $CFG,BAD_CRC,LOGREAD,3427,2026-07-22 04:23:28,SEND_OK,1176246528,12288
*** Trama sin '*CRC' reconocible. ***

=== Registro 3428 (429/1081) ===

<-- Respuesta cruda: $CFG,BAD_CRC,LOGREAD,3428,0000-00-03 195:23:28,SERVER_ACK,48,0
*** Trama sin '*CRC' reconocible. ***

=== Registro 3429 (430/1081) ===

<-- Respuesta cruda: $CFG,ACK,LOGREAD,3429,2026-07-22 04:24:11,HEARTBEAT_RECEIVED,0,0
*** Trama sin '*CRC' reconocible. ***

=== Registro 3430 (431/1081) ===

<-- Respuesta cruda: $CFG,ACK,LOGREAD,3430,2026-07-22 04:24:28,SEND_OK,0,0
*** Trama sin '*CRC' reconocible. ***

=== Registro 3431 (432/1081) ===

<-- Respuesta cruda: $CFG,ACK,LOGREAD,3431,2026-07-22 04:24:28,SERVER_ACK,48,0
*** Trama sin '*CRC' reconocible. ***

=== Registro 3432 (433/1081) ===

<-- Respuesta cruda: $CFG,ACK,LOGREAD,3432,2026-07-22 04:25:14,HEARTBEAT_RECEIVED,0,0
*** Trama sin '*CRC' reconocible. ***

=== Registro 3433 (434/1081) ===

<-- Respuesta cruda: $CFG,ACK,LOGREAD,3433,2026-07-22 04:25:28,SEND_OK,0,0
*** Trama sin '*CRC' reconocible. ***

=== Registro 3434 (435/1081) ===

<-- Respuesta cruda: $CFG,BAD_CRC,LOGREAD,3434,2026-07-22 04:00:00,UNKNOWN,906573013,0
*** Trama sin '*CRC' reconocible. ***

=== Registro 3435 (436/1081) ===

<-- Respuesta cruda: $CFG,BAD_CRC,LOGREAD,3435,0000-00-97 50:234:07,SIM_PIN_REQUIRED,1175008263,12288
*** Trama sin '*CRC' reconocible. ***

=== Registro 3436 (437/1081) ===

<-- Respuesta cruda: $CFG,BAD_CRC,LOGREAD,3436,0000-00-60 171:234:07,SIM_PIN_REQUIRED,1141454087,0
*** Trama sin '*CRC' reconocible. ***

=== Registro 3437 (438/1081) ===

<-- Respuesta cruda: $CFG,BAD_CRC,LOGREAD,3437,0000-00-31 48:234:07,SIM_PIN_REQUIRED,906573063,0
*** Trama sin '*CRC' reconocible. ***

=== Registro 3438 (439/1081) ===

<-- Respuesta cruda: $CFG,BAD_CRC,LOGREAD,3438,0000-00-20 49:234:07,SIM_PIN_REQUIRED,1175008519,12288
*** Trama sin '*CRC' reconocible. ***

=== Registro 3439 (440/1081) ===

<-- Respuesta cruda: $CFG,BAD_CRC,LOGREAD,3439,0000-00-73 168:234:07,SIM_PIN_REQUIRED,906573319,0
*** Trama sin '*CRC' reconocible. ***

=== Registro 3440 (441/1081) ===

<-- Respuesta cruda: $CFG,BAD_CRC,LOGREAD,3440,0000-00-139 52:234:07,SIM_PIN_REQUIRED,1175074311,12288
*** Trama sin '*CRC' reconocible. ***

=== Registro 3441 (442/1081) ===

<-- Respuesta cruda: $CFG,BAD_CRC,LOGREAD,3441,0000-00-00 00:00:00,UNKNOWN,1141651114,0
*** Trama sin '*CRC' reconocible. ***

=== Registro 3442 (443/1081) ===

<-- Respuesta cruda: $CFG,BAD_CRC,LOGREAD,3442,0000-00-142 188:234:07,SIM_PIN_REQUIRED,906573575,0
*** Trama sin '*CRC' reconocible. ***

=== Registro 3443 (444/1081) ===

<-- Respuesta cruda: $CFG,BAD_CRC,LOGREAD,3443,0000-00-254 55:234:07,SIM_PIN_REQUIRED,1175074567,12288
*** Trama sin '*CRC' reconocible. ***

=== Registro 3444 (445/1081) ===

<-- Respuesta cruda: $CFG,BAD_CRC,LOGREAD,3444,0000-00-89 214:234:07,SIM_PIN_REQUIRED,1141847815,0
*** Trama sin '*CRC' reconocible. ***

=== Registro 3445 (446/1081) ===

<-- Respuesta cruda: $CFG,BAD_CRC,LOGREAD,3445,0000-00-01 199:234:07,SIM_PIN_REQUIRED,906639367,0
*** Trama sin '*CRC' reconocible. ***

=== Registro 3446 (447/1081) ===

<-- Respuesta cruda: $CFG,BAD_CRC,LOGREAD,3446,0000-00-231 92:234:07,SIM_PIN_REQUIRED,1175074823,12288
*** Trama sin '*CRC' reconocible. ***

=== Registro 3447 (448/1081) ===

<-- Respuesta cruda: $CFG,BAD_CRC,LOGREAD,3447,0000-00-186 197:234:07,SIM_PIN_REQUIRED,1142044679,12288
*** Trama sin '*CRC' reconocible. ***

=== Registro 3448 (449/1081) ===

<-- Respuesta cruda: $CFG,BAD_CRC,LOGREAD,3448,0000-00-103 90:234:07,SIM_PIN_REQUIRED,1093679367,0
*** Trama sin '*CRC' reconocible. ***

=== Registro 3449 (450/1081) ===

<-- Respuesta cruda: $CFG,BAD_CRC,LOGREAD,3449,0000-00-147 97:30:29,HEARTBEAT_RECEIVED,0,0
*** Trama sin '*CRC' reconocible. ***

=== Registro 3450 (451/1081) ===

<-- Respuesta cruda: $CFG,ACK,LOGREAD,3450,2026-07-22 04:31:28,SEND_OK,0,0
*** Trama sin '*CRC' reconocible. ***

=== Registro 3451 (452/1081) ===

<-- Respuesta cruda: $CFG,ACK,LOGREAD,3451,2026-07-22 04:31:28,SERVER_ACK,48,0
*** Trama sin '*CRC' reconocible. ***

=== Registro 3452 (453/1081) ===

<-- Respuesta cruda: $CFG,ACK,LOGREAD,3452,2026-07-22 04:31:32,HEARTBEAT_RECEIVED,0,0
*** Trama sin '*CRC' reconocible. ***

=== Registro 3453 (454/1081) ===

<-- Respuesta cruda: $CFG,ACK,LOGREAD,3453,2026-07-22 04:32:28,SEND_OK,0,0
*** Trama sin '*CRC' reconocible. ***

=== Registro 3454 (455/1081) ===

<-- Respuesta cruda: $CFG,BAD_CRC,LOGREAD,3454,2026-07-22 04:32:29,SERVER_ACK,1143546372,0
*** Trama sin '*CRC' reconocible. ***

=== Registro 3455 (456/1081) ===

<-- Respuesta cruda: $CFG,BAD_CRC,LOGREAD,3455,0000-00-219 106:32:35,HEARTBEAT_RECEIVED,0,0
*** Trama sin '*CRC' reconocible. ***

=== Registro 3456 (457/1081) ===

<-- Respuesta cruda: $CFG,ACK,LOGREAD,3456,2026-07-22 04:33:28,SEND_OK,0,0
*** Trama sin '*CRC' reconocible. ***

=== Registro 3457 (458/1081) ===

<-- Respuesta cruda: $CFG,ACK,LOGREAD,3457,2026-07-22 04:33:29,SERVER_ACK,48,0
*** Trama sin '*CRC' reconocible. ***

=== Registro 3458 (459/1081) ===

<-- Respuesta cruda: $CFG,ACK,LOGREAD,3458,2026-07-22 04:33:38,HEARTBEAT_RECEIVED,0,0
*** Trama sin '*CRC' reconocible. ***

=== Registro 3459 (460/1081) ===

<-- Respuesta cruda: $CFG,ACK,LOGREAD,3459,2026-07-22 04:34:29,SEND_OK,0,0
*** Trama sin '*CRC' reconocible. ***

=== Registro 3460 (461/1081) ===

<-- Respuesta cruda: $CFG,ACK,LOGREAD,3460,2026-07-22 04:34:29,SERVER_ACK,48,0
*** Trama sin '*CRC' reconocible. ***

=== Registro 3461 (462/1081) ===

<-- Respuesta cruda: $CFG,BAD_CRC,LOGREAD,3461,2026-07-22 144:00:00,UNKNOWN,389225901,0
*** Trama sin '*CRC' reconocible. ***

=== Registro 3462 (463/1081) ===

<-- Respuesta cruda: $CFG,ACK,LOGREAD,3462,2026-07-22 04:35:29,SEND_OK,0,0
*** Trama sin '*CRC' reconocible. ***

=== Registro 3463 (464/1081) ===

<-- Respuesta cruda: $CFG,ACK,LOGREAD,3463,2026-07-22 04:35:29,SERVER_ACK,48,0
*** Trama sin '*CRC' reconocible. ***

=== Registro 3464 (465/1081) ===

<-- Respuesta cruda: $CFG,ACK,LOGREAD,3464,2026-07-22 04:35:44,HEARTBEAT_RECEIVED,0,0
*** Trama sin '*CRC' reconocible. ***

=== Registro 3465 (466/1081) ===

<-- Respuesta cruda: $CFG,ACK,LOGREAD,3465,2026-07-22 04:36:29,SEND_OK,0,0
*** Trama sin '*CRC' reconocible. ***

=== Registro 3466 (467/1081) ===

<-- Respuesta cruda: $CFG,ACK,LOGREAD,3466,2026-07-22 04:36:29,SERVER_ACK,48,0
*** Trama sin '*CRC' reconocible. ***

=== Registro 3467 (468/1081) ===

<-- Respuesta cruda: $CFG,BAD_CRC,LOGREAD,3467,2026-07-22 04:36:47,HEARTBEAT_RECEIVED,0,0
*** Trama sin '*CRC' reconocible. ***

=== Registro 3468 (469/1081) ===

<-- Respuesta cruda: $CFG,BAD_CRC,LOGREAD,3468,0000-00-113 203:37:29,SEND_OK,0,0
*** Trama sin '*CRC' reconocible. ***

=== Registro 3469 (470/1081) ===

<-- Respuesta cruda: $CFG,ACK,LOGREAD,3469,2026-07-22 04:37:29,SERVER_ACK,48,0
*** Trama sin '*CRC' reconocible. ***

=== Registro 3470 (471/1081) ===

<-- Respuesta cruda: $CFG,ACK,LOGREAD,3470,2026-07-22 04:37:50,HEARTBEAT_RECEIVED,0,0
*** Trama sin '*CRC' reconocible. ***

=== Registro 3471 (472/1081) ===

<-- Respuesta cruda: $CFG,ACK,LOGREAD,3471,2026-07-22 04:38:29,SEND_OK,0,0
*** Trama sin '*CRC' reconocible. ***

=== Registro 3472 (473/1081) ===

<-- Respuesta cruda: $CFG,ACK,LOGREAD,3472,2026-07-22 04:38:29,SERVER_ACK,48,0
*** Trama sin '*CRC' reconocible. ***

=== Registro 3473 (474/1081) ===

<-- Respuesta cruda: $CFG,ACK,LOGREAD,3473,2026-07-22 04:38:53,HEARTBEAT_RECEIVED,0,0
*** Trama sin '*CRC' reconocible. ***

=== Registro 3474 (475/1081) ===

<-- Respuesta cruda: $CFG,BAD_CRC,LOGREAD,3474,2026-07-22 04:39:29,SEND_OK,0,12288
*** Trama sin '*CRC' reconocible. ***

=== Registro 3475 (476/1081) ===

<-- Respuesta cruda: $CFG,BAD_CRC,LOGREAD,3475,0000-00-64 58:39:30,SERVER_ACK,48,0
*** Trama sin '*CRC' reconocible. ***

=== Registro 3476 (477/1081) ===

<-- Respuesta cruda: $CFG,ACK,LOGREAD,3476,2026-07-22 04:39:56,HEARTBEAT_RECEIVED,0,0
*** Trama sin '*CRC' reconocible. ***

=== Registro 3477 (478/1081) ===

<-- Respuesta cruda: $CFG,ACK,LOGREAD,3477,2026-07-22 04:40:29,SEND_OK,0,0
*** Trama sin '*CRC' reconocible. ***

=== Registro 3478 (479/1081) ===

<-- Respuesta cruda: $CFG,ACK,LOGREAD,3478,2026-07-22 04:40:30,SERVER_ACK,48,0
*** Trama sin '*CRC' reconocible. ***

=== Registro 3479 (480/1081) ===

<-- Respuesta cruda: $CFG,ACK,LOGREAD,3479,2026-07-22 04:40:59,HEARTBEAT_RECEIVED,0,0
*** Trama sin '*CRC' reconocible. ***

=== Registro 3480 (481/1081) ===

<-- Respuesta cruda: $CFG,ACK,LOGREAD,3480,2026-07-22 04:41:30,SEND_OK,0,0
*** Trama sin '*CRC' reconocible. ***

=== Registro 3481 (482/1081) ===

<-- Respuesta cruda: $CFG,BAD_CRC,LOGREAD,3481,2026-07-22 04:41:30,SERVER_ACK,1141386244,0
*** Trama sin '*CRC' reconocible. ***

=== Registro 3482 (483/1081) ===

<-- Respuesta cruda: $CFG,BAD_CRC,LOGREAD,3482,0000-00-126 08:42:02,HEARTBEAT_RECEIVED,0,0
*** Trama sin '*CRC' reconocible. ***

=== Registro 3483 (484/1081) ===

<-- Respuesta cruda: $CFG,ACK,LOGREAD,3483,2026-07-22 04:42:30,SEND_OK,0,0
*** Trama sin '*CRC' reconocible. ***

=== Registro 3484 (485/1081) ===

<-- Respuesta cruda: $CFG,ACK,LOGREAD,3484,2026-07-22 04:42:30,SERVER_ACK,48,0
*** Trama sin '*CRC' reconocible. ***

=== Registro 3485 (486/1081) ===

<-- Respuesta cruda: $CFG,ACK,LOGREAD,3485,2026-07-22 04:43:05,HEARTBEAT_RECEIVED,0,0
*** Trama sin '*CRC' reconocible. ***

=== Registro 3486 (487/1081) ===

<-- Respuesta cruda: $CFG,ACK,LOGREAD,3486,2026-07-22 04:43:30,SEND_OK,0,0
*** Trama sin '*CRC' reconocible. ***

=== Registro 3487 (488/1081) ===

<-- Respuesta cruda: $CFG,ACK,LOGREAD,3487,2026-07-22 04:43:30,SERVER_ACK,48,0
*** Trama sin '*CRC' reconocible. ***

=== Registro 3488 (489/1081) ===

<-- Respuesta cruda: $CFG,BAD_CRC,LOGREAD,3488,2026-07-96 255:00:00,UNKNOWN,1175266160,12288
*** Trama sin '*CRC' reconocible. ***

=== Registro 3489 (490/1081) ===

<-- Respuesta cruda: $CFG,ACK,LOGREAD,3489,2026-07-22 04:44:30,SEND_OK,0,0
*** Trama sin '*CRC' reconocible. ***

=== Registro 3490 (491/1081) ===

<-- Respuesta cruda: $CFG,ACK,LOGREAD,3490,2026-07-22 04:44:30,SERVER_ACK,48,0
*** Trama sin '*CRC' reconocible. ***

=== Registro 3491 (492/1081) ===

<-- Respuesta cruda: $CFG,ACK,LOGREAD,3491,2026-07-22 04:45:11,HEARTBEAT_RECEIVED,0,0
*** Trama sin '*CRC' reconocible. ***

=== Registro 3492 (493/1081) ===

<-- Respuesta cruda: $CFG,ACK,LOGREAD,3492,2026-07-22 04:45:30,SEND_OK,0,0
*** Trama sin '*CRC' reconocible. ***

=== Registro 3493 (494/1081) ===

<-- Respuesta cruda: $CFG,ACK,LOGREAD,3493,2026-07-22 04:45:31,SERVER_ACK,48,0
*** Trama sin '*CRC' reconocible. ***

=== Registro 3494 (495/1081) ===

<-- Respuesta cruda: $CFG,BAD_CRC,LOGREAD,3494,2026-07-22 04:46:14,HEARTBEAT_RECEIVED,0,0
*** Trama sin '*CRC' reconocible. ***

=== Registro 3495 (496/1081) ===

<-- Respuesta cruda: $CFG,BAD_CRC,LOGREAD,3495,0000-00-217 84:46:30,SEND_OK,0,0
*** Trama sin '*CRC' reconocible. ***

=== Registro 3496 (497/1081) ===

<-- Respuesta cruda: $CFG,ACK,LOGREAD,3496,2026-07-22 04:46:31,SERVER_ACK,48,0
*** Trama sin '*CRC' reconocible. ***

=== Registro 3497 (498/1081) ===

<-- Respuesta cruda: $CFG,ACK,LOGREAD,3497,2026-07-22 04:47:17,HEARTBEAT_RECEIVED,0,0
*** Trama sin '*CRC' reconocible. ***

=== Registro 3498 (499/1081) ===

<-- Respuesta cruda: $CFG,ACK,LOGREAD,3498,2026-07-22 04:47:31,SEND_OK,0,0
*** Trama sin '*CRC' reconocible. ***

=== Registro 3499 (500/1081) ===

<-- Respuesta cruda: $CFG,ACK,LOGREAD,3499,2026-07-22 04:47:31,SERVER_ACK,48,0
*** Trama sin '*CRC' reconocible. ***

=== Registro 3500 (501/1081) ===

<-- Respuesta cruda: $CFG,ACK,LOGREAD,3500,2026-07-22 04:48:20,HEARTBEAT_RECEIVED,0,0
*** Trama sin '*CRC' reconocible. ***

=== Registro 3501 (502/1081) ===

<-- Respuesta cruda: $CFG,BAD_CRC,LOGREAD,3501,2026-07-22 04:48:31,SEND_OK,1174405120,12288
*** Trama sin '*CRC' reconocible. ***

=== Registro 3502 (503/1081) ===

<-- Respuesta cruda: $CFG,BAD_CRC,LOGREAD,3502,0000-00-110 203:48:31,SERVER_ACK,48,0
*** Trama sin '*CRC' reconocible. ***

=== Registro 3503 (504/1081) ===

<-- Respuesta cruda: $CFG,ACK,LOGREAD,3503,2026-07-22 04:49:23,HEARTBEAT_RECEIVED,0,0
*** Trama sin '*CRC' reconocible. ***

=== Registro 3504 (505/1081) ===

<-- Respuesta cruda: $CFG,ACK,LOGREAD,3504,2026-07-22 04:49:31,SEND_OK,0,0
*** Trama sin '*CRC' reconocible. ***

=== Registro 3505 (506/1081) ===

<-- Respuesta cruda: $CFG,ACK,LOGREAD,3505,2026-07-22 04:49:31,SERVER_ACK,48,0
*** Trama sin '*CRC' reconocible. ***

=== Registro 3506 (507/1081) ===

<-- Respuesta cruda: $CFG,ACK,LOGREAD,3506,2026-07-22 04:50:26,HEARTBEAT_RECEIVED,0,0
*** Trama sin '*CRC' reconocible. ***

=== Registro 3507 (508/1081) ===

<-- Respuesta cruda: $CFG,ACK,LOGREAD,3507,2026-07-22 04:50:31,SEND_OK,0,0
*** Trama sin '*CRC' reconocible. ***

=== Registro 3508 (509/1081) ===

<-- Respuesta cruda: $CFG,BAD_CRC,LOGREAD,3508,2026-07-22 04:50:31,SIM_PIN_REQUIRED,908014852,0
*** Trama sin '*CRC' reconocible. ***

=== Registro 3509 (510/1081) ===

<-- Respuesta cruda: $CFG,BAD_CRC,LOGREAD,3509,0000-00-120 90:51:29,HEARTBEAT_RECEIVED,0,0
*** Trama sin '*CRC' reconocible. ***

=== Registro 3510 (511/1081) ===

<-- Respuesta cruda: $CFG,ACK,LOGREAD,3510,2026-07-22 04:51:31,SEND_OK,0,0
*** Trama sin '*CRC' reconocible. ***

=== Registro 3511 (512/1081) ===

<-- Respuesta cruda: $CFG,ACK,LOGREAD,3511,2026-07-22 04:51:31,SERVER_ACK,48,0
*** Trama sin '*CRC' reconocible. ***

=== Registro 3512 (513/1081) ===

<-- Respuesta cruda: $CFG,ACK,LOGREAD,3512,2026-07-22 04:52:31,SEND_OK,0,0
*** Trama sin '*CRC' reconocible. ***

=== Registro 3513 (514/1081) ===

<-- Respuesta cruda: $CFG,ACK,LOGREAD,3513,2026-07-22 04:52:31,SERVER_ACK,48,0
*** Trama sin '*CRC' reconocible. ***

=== Registro 3514 (515/1081) ===

<-- Respuesta cruda: $CFG,ACK,LOGREAD,3514,2026-07-22 04:52:32,HEARTBEAT_RECEIVED,0,0
*** Trama sin '*CRC' reconocible. ***

=== Registro 3515 (516/1081) ===

<-- Respuesta cruda: $CFG,BAD_CRC,LOGREAD,3515,2026-00-230 40:00:00,UNKNOWN,1176775619,12288
*** Trama sin '*CRC' reconocible. ***

=== Registro 3516 (517/1081) ===

<-- Respuesta cruda: $CFG,ACK,LOGREAD,3516,2026-07-22 04:53:32,SERVER_ACK,48,0
*** Trama sin '*CRC' reconocible. ***

=== Registro 3517 (518/1081) ===

<-- Respuesta cruda: $CFG,ACK,LOGREAD,3517,2026-07-22 04:53:35,HEARTBEAT_RECEIVED,0,0
*** Trama sin '*CRC' reconocible. ***

=== Registro 3518 (519/1081) ===

<-- Respuesta cruda: $CFG,ACK,LOGREAD,3518,2026-07-22 04:54:32,SEND_OK,0,0
*** Trama sin '*CRC' reconocible. ***

=== Registro 3519 (520/1081) ===

<-- Respuesta cruda: $CFG,ACK,LOGREAD,3519,2026-07-22 04:54:32,SERVER_ACK,48,0
*** Trama sin '*CRC' reconocible. ***

=== Registro 3520 (521/1081) ===

<-- Respuesta cruda: $CFG,ACK,LOGREAD,3520,2026-07-22 04:54:38,HEARTBEAT_RECEIVED,0,0
*** Trama sin '*CRC' reconocible. ***

=== Registro 3521 (522/1081) ===

<-- Respuesta cruda: $CFG,BAD_CRC,LOGREAD,3521,2026-07-22 04:55:32,SEND_OK,0,0
*** Trama sin '*CRC' reconocible. ***

=== Registro 3522 (523/1081) ===

<-- Respuesta cruda: $CFG,BAD_CRC,LOGREAD,3522,0000-00-45 161:55:32,SERVER_ACK,48,0
*** Trama sin '*CRC' reconocible. ***

=== Registro 3523 (524/1081) ===

<-- Respuesta cruda: $CFG,ACK,LOGREAD,3523,2026-07-22 04:55:41,HEARTBEAT_RECEIVED,0,0
*** Trama sin '*CRC' reconocible. ***

=== Registro 3524 (525/1081) ===

<-- Respuesta cruda: $CFG,ACK,LOGREAD,3524,2026-07-22 04:56:32,SEND_OK,0,0
*** Trama sin '*CRC' reconocible. ***

=== Registro 3525 (526/1081) ===

<-- Respuesta cruda: $CFG,ACK,LOGREAD,3525,2026-07-22 04:56:32,SERVER_ACK,48,0
*** Trama sin '*CRC' reconocible. ***

=== Registro 3526 (527/1081) ===

<-- Respuesta cruda: $CFG,ACK,LOGREAD,3526,2026-07-22 04:56:44,HEARTBEAT_RECEIVED,0,0
*** Trama sin '*CRC' reconocible. ***

=== Registro 3527 (528/1081) ===

<-- Respuesta cruda: $CFG,ACK,LOGREAD,3527,2026-07-22 04:57:32,SEND_OK,0,0
*** Trama sin '*CRC' reconocible. ***

=== Registro 3528 (529/1081) ===

<-- Respuesta cruda: $CFG,BAD_CRC,LOGREAD,3528,2026-07-22 04:57:32,SERVER_ACK,1144324144,0
*** Trama sin '*CRC' reconocible. ***

=== Registro 3529 (530/1081) ===

<-- Respuesta cruda: $CFG,BAD_CRC,LOGREAD,3529,0000-00-162 227:57:47,HEARTBEAT_RECEIVED,0,0
*** Trama sin '*CRC' reconocible. ***

=== Registro 3530 (531/1081) ===

<-- Respuesta cruda: $CFG,ACK,LOGREAD,3530,2026-07-22 04:58:32,SEND_OK,0,0
*** Trama sin '*CRC' reconocible. ***

=== Registro 3531 (532/1081) ===

<-- Respuesta cruda: $CFG,ACK,LOGREAD,3531,2026-07-22 04:58:32,SERVER_ACK,48,0
*** Trama sin '*CRC' reconocible. ***

=== Registro 3532 (533/1081) ===

<-- Respuesta cruda: $CFG,ACK,LOGREAD,3532,2026-07-22 04:58:50,HEARTBEAT_RECEIVED,0,0
*** Trama sin '*CRC' reconocible. ***

=== Registro 3533 (534/1081) ===

<-- Respuesta cruda: $CFG,ACK,LOGREAD,3533,2026-07-22 04:59:32,SEND_OK,0,0
*** Trama sin '*CRC' reconocible. ***

=== Registro 3534 (535/1081) ===

<-- Respuesta cruda: $CFG,ACK,LOGREAD,3534,2026-07-22 04:59:33,SERVER_ACK,48,0
*** Trama sin '*CRC' reconocible. ***

=== Registro 3535 (536/1081) ===

<-- Respuesta cruda: $CFG,BAD_CRC,LOGREAD,3535,2026-07-22 04:59:07,SIM_PIN_REQUIRED,908132869,0
*** Trama sin '*CRC' reconocible. ***

=== Registro 3536 (537/1081) ===

<-- Respuesta cruda: $CFG,BAD_CRC,LOGREAD,3536,0000-00-157 226:00:32,SEND_OK,0,0
*** Trama sin '*CRC' reconocible. ***

=== Registro 3537 (538/1081) ===

<-- Respuesta cruda: $CFG,ACK,LOGREAD,3537,2026-07-22 05:00:33,SERVER_ACK,48,0
*** Trama sin '*CRC' reconocible. ***

=== Registro 3538 (539/1081) ===

<-- Respuesta cruda: $CFG,ACK,LOGREAD,3538,2026-07-22 05:00:56,HEARTBEAT_RECEIVED,0,0
*** Trama sin '*CRC' reconocible. ***

=== Registro 3539 (540/1081) ===

<-- Respuesta cruda: $CFG,ACK,LOGREAD,3539,2026-07-22 05:01:33,SEND_OK,0,0
*** Trama sin '*CRC' reconocible. ***

=== Registro 3540 (541/1081) ===

<-- Respuesta cruda: $CFG,ACK,LOGREAD,3540,2026-07-22 05:01:33,SERVER_ACK,48,0
*** Trama sin '*CRC' reconocible. ***

=== Registro 3541 (542/1081) ===

<-- Respuesta cruda: $CFG,ACK,LOGREAD,3541,2026-07-22 05:01:59,HEARTBEAT_RECEIVED,0,0
*** Trama sin '*CRC' reconocible. ***

=== Registro 3542 (543/1081) ===

<-- Respuesta cruda: $CFG,BAD_CRC,LOGREAD,3542,0234-00-163 233:00:00,UNKNOWN,1176843338,12288
*** Trama sin '*CRC' reconocible. ***

=== Registro 3543 (544/1081) ===

<-- Respuesta cruda: $CFG,ACK,LOGREAD,3543,2026-07-22 05:02:33,SERVER_ACK,48,0
*** Trama sin '*CRC' reconocible. ***

=== Registro 3544 (545/1081) ===

<-- Respuesta cruda: $CFG,ACK,LOGREAD,3544,2026-07-22 05:03:02,HEARTBEAT_RECEIVED,0,0
*** Trama sin '*CRC' reconocible. ***

=== Registro 3545 (546/1081) ===

<-- Respuesta cruda: $CFG,ACK,LOGREAD,3545,2026-07-22 05:03:33,SEND_OK,0,0
*** Trama sin '*CRC' reconocible. ***

=== Registro 3546 (547/1081) ===

<-- Respuesta cruda: $CFG,ACK,LOGREAD,3546,2026-07-22 05:03:33,SERVER_ACK,48,0
*** Trama sin '*CRC' reconocible. ***

=== Registro 3547 (548/1081) ===

<-- Respuesta cruda: $CFG,ACK,LOGREAD,3547,2026-07-22 05:04:05,HEARTBEAT_RECEIVED,0,0
*** Trama sin '*CRC' reconocible. ***

=== Registro 3548 (549/1081) ===

<-- Respuesta cruda: $CFG,BAD_CRC,LOGREAD,3548,2026-07-22 05:04:33,SEND_OK,0,0
*** Trama sin '*CRC' reconocible. ***

=== Registro 3549 (550/1081) ===

<-- Respuesta cruda: $CFG,BAD_CRC,LOGREAD,3549,0000-00-238 14:04:33,SERVER_ACK,48,0
*** Trama sin '*CRC' reconocible. ***

=== Registro 3550 (551/1081) ===

<-- Respuesta cruda: $CFG,ACK,LOGREAD,3550,2026-07-22 05:05:08,HEARTBEAT_RECEIVED,0,0
*** Trama sin '*CRC' reconocible. ***

=== Registro 3551 (552/1081) ===

<-- Respuesta cruda: $CFG,ACK,LOGREAD,3551,2026-07-22 05:05:33,SEND_OK,0,0
*** Trama sin '*CRC' reconocible. ***

=== Registro 3552 (553/1081) ===

<-- Respuesta cruda: $CFG,ACK,LOGREAD,3552,2026-07-22 05:05:33,SERVER_ACK,48,0
*** Trama sin '*CRC' reconocible. ***

=== Registro 3553 (554/1081) ===

<-- Respuesta cruda: $CFG,ACK,LOGREAD,3553,2026-07-22 05:06:11,HEARTBEAT_RECEIVED,0,0
*** Trama sin '*CRC' reconocible. ***

=== Registro 3554 (555/1081) ===

<-- Respuesta cruda: $CFG,ACK,LOGREAD,3554,2026-07-22 05:06:33,SEND_OK,0,0
*** Trama sin '*CRC' reconocible. ***

=== Registro 3555 (556/1081) ===

<-- Respuesta cruda: $CFG,BAD_CRC,LOGREAD,3555,2026-07-22 05:06:34,SERVER_ACK,1142163760,0
*** Trama sin '*CRC' reconocible. ***

=== Registro 3556 (557/1081) ===

<-- Respuesta cruda: $CFG,BAD_CRC,LOGREAD,3556,0000-00-232 139:07:14,HEARTBEAT_RECEIVED,0,0
*** Trama sin '*CRC' reconocible. ***

=== Registro 3557 (558/1081) ===

<-- Respuesta cruda: $CFG,ACK,LOGREAD,3557,2026-07-22 05:07:33,SEND_OK,0,0
*** Trama sin '*CRC' reconocible. ***

=== Registro 3558 (559/1081) ===

<-- Respuesta cruda: $CFG,ACK,LOGREAD,3558,2026-07-22 05:07:34,SERVER_ACK,48,0
*** Trama sin '*CRC' reconocible. ***

=== Registro 3559 (560/1081) ===

<-- Respuesta cruda: $CFG,ACK,LOGREAD,3559,2026-07-22 05:08:17,HEARTBEAT_RECEIVED,0,0
*** Trama sin '*CRC' reconocible. ***

=== Registro 3560 (561/1081) ===

<-- Respuesta cruda: $CFG,ACK,LOGREAD,3560,2026-07-22 05:08:34,SEND_OK,0,0
*** Trama sin '*CRC' reconocible. ***

=== Registro 3561 (562/1081) ===

<-- Respuesta cruda: $CFG,ACK,LOGREAD,3561,2026-07-22 05:08:34,SERVER_ACK,48,0
*** Trama sin '*CRC' reconocible. ***

=== Registro 3562 (563/1081) ===

<-- Respuesta cruda: $CFG,BAD_CRC,LOGREAD,3562,2026-07-22 05:00:00,UNKNOWN,1176910726,12288
*** Trama sin '*CRC' reconocible. ***

=== Registro 3563 (564/1081) ===

<-- Respuesta cruda: $CFG,ACK,LOGREAD,3563,2026-07-22 05:09:34,SEND_OK,0,0
*** Trama sin '*CRC' reconocible. ***

=== Registro 3564 (565/1081) ===

<-- Respuesta cruda: $CFG,ACK,LOGREAD,3564,2026-07-22 05:09:34,SERVER_ACK,48,0
*** Trama sin '*CRC' reconocible. ***

=== Registro 3565 (566/1081) ===

<-- Respuesta cruda: $CFG,ACK,LOGREAD,3565,2026-07-22 05:10:23,HEARTBEAT_RECEIVED,0,0
*** Trama sin '*CRC' reconocible. ***

=== Registro 3566 (567/1081) ===

<-- Respuesta cruda: $CFG,ACK,LOGREAD,3566,2026-07-22 05:10:34,SEND_OK,0,0
*** Trama sin '*CRC' reconocible. ***

=== Registro 3567 (568/1081) ===

<-- Respuesta cruda: $CFG,ACK,LOGREAD,3567,2026-07-22 05:10:34,SERVER_ACK,48,0
*** Trama sin '*CRC' reconocible. ***

=== Registro 3568 (569/1081) ===

<-- Respuesta cruda: $CFG,ACK,LOGREAD,3568,2026-07-22 05:11:26,HEARTBEAT_RECEIVED,0,0
*** Trama sin '*CRC' reconocible. ***

=== Registro 3569 (570/1081) ===

<-- Respuesta cruda: $CFG,BAD_CRC,LOGREAD,3569,0000-00-132 137:11:34,SEND_OK,0,0
*** Trama sin '*CRC' reconocible. ***

=== Registro 3570 (571/1081) ===

<-- Respuesta cruda: $CFG,ACK,LOGREAD,3570,2026-07-22 05:11:34,SERVER_ACK,48,0
*** Trama sin '*CRC' reconocible. ***

=== Registro 3571 (572/1081) ===

<-- Respuesta cruda: $CFG,ACK,LOGREAD,3571,2026-07-22 05:12:29,HEARTBEAT_RECEIVED,0,0
*** Trama sin '*CRC' reconocible. ***

=== Registro 3572 (573/1081) ===

<-- Respuesta cruda: $CFG,ACK,LOGREAD,3572,2026-07-22 05:12:34,SEND_OK,0,0
*** Trama sin '*CRC' reconocible. ***

=== Registro 3573 (574/1081) ===

<-- Respuesta cruda: $CFG,ACK,LOGREAD,3573,2026-07-22 05:12:34,SERVER_ACK,48,0
*** Trama sin '*CRC' reconocible. ***

=== Registro 3574 (575/1081) ===

<-- Respuesta cruda: $CFG,ACK,LOGREAD,3574,2026-07-22 05:13:32,HEARTBEAT_RECEIVED,0,0
*** Trama sin '*CRC' reconocible. ***

=== Registro 3575 (576/1081) ===

<-- Respuesta cruda: $CFG,BAD_CRC,LOGREAD,3575,2026-07-22 05:13:34,SEND_OK,0,0
*** Trama sin '*CRC' reconocible. ***

=== Registro 3576 (577/1081) ===

<-- Respuesta cruda: $CFG,BAD_CRC,LOGREAD,3576,0000-00-148 115:14:34,SEND_OK,0,0
*** Trama sin '*CRC' reconocible. ***

=== Registro 3577 (578/1081) ===

<-- Respuesta cruda: $CFG,ACK,LOGREAD,3577,2026-07-22 05:14:35,SERVER_ACK,48,0
*** Trama sin '*CRC' reconocible. ***

=== Registro 3578 (579/1081) ===

<-- Respuesta cruda: $CFG,ACK,LOGREAD,3578,2026-07-22 05:14:35,HEARTBEAT_RECEIVED,0,0
*** Trama sin '*CRC' reconocible. ***

=== Registro 3579 (580/1081) ===

<-- Respuesta cruda: $CFG,ACK,LOGREAD,3579,2026-07-22 05:15:35,SEND_OK,0,0
*** Trama sin '*CRC' reconocible. ***

=== Registro 3580 (581/1081) ===

<-- Respuesta cruda: $CFG,ACK,LOGREAD,3580,2026-07-22 05:15:35,SERVER_ACK,48,0
*** Trama sin '*CRC' reconocible. ***

=== Registro 3581 (582/1081) ===

<-- Respuesta cruda: $CFG,ACK,LOGREAD,3581,2026-07-22 05:15:38,HEARTBEAT_RECEIVED,0,0
*** Trama sin '*CRC' reconocible. ***

=== Registro 3582 (583/1081) ===

<-- Respuesta cruda: $CFG,BAD_CRC,LOGREAD,3582,2026-07-22 05:16:35,SEND_OK,1143935493,0
*** Trama sin '*CRC' reconocible. ***

=== Registro 3583 (584/1081) ===

<-- Respuesta cruda: $CFG,BAD_CRC,LOGREAD,3583,0000-00-188 135:16:35,SERVER_ACK,48,0
*** Trama sin '*CRC' reconocible. ***

=== Registro 3584 (585/1081) ===

<-- Respuesta cruda: $CFG,ACK,LOGREAD,3584,2026-07-22 05:16:41,HEARTBEAT_RECEIVED,0,0
*** Trama sin '*CRC' reconocible. ***

=== Registro 3585 (586/1081) ===

<-- Respuesta cruda: $CFG,ACK,LOGREAD,3585,2026-07-22 05:17:35,SEND_OK,0,0
*** Trama sin '*CRC' reconocible. ***

=== Registro 3586 (587/1081) ===

<-- Respuesta cruda: $CFG,ACK,LOGREAD,3586,2026-07-22 05:17:35,SERVER_ACK,48,0
*** Trama sin '*CRC' reconocible. ***

=== Registro 3587 (588/1081) ===

<-- Respuesta cruda: $CFG,ACK,LOGREAD,3587,2026-07-22 05:17:44,HEARTBEAT_RECEIVED,0,0
*** Trama sin '*CRC' reconocible. ***

=== Registro 3588 (589/1081) ===

<-- Respuesta cruda: $CFG,ACK,LOGREAD,3588,2026-07-22 05:18:35,SEND_OK,0,0
*** Trama sin '*CRC' reconocible. ***

=== Registro 3589 (590/1081) ===

<-- Respuesta cruda: $CFG,BAD_CRC,LOGREAD,3589,2026-07-22 155:00:00,UNKNOWN,1177028627,12288
*** Trama sin '*CRC' reconocible. ***

=== Registro 3590 (591/1081) ===

<-- Respuesta cruda: $CFG,ACK,LOGREAD,3590,2026-07-22 05:19:35,SEND_OK,0,0
*** Trama sin '*CRC' reconocible. ***

=== Registro 3591 (592/1081) ===

<-- Respuesta cruda: $CFG,ACK,LOGREAD,3591,2026-07-22 05:19:35,SERVER_ACK,48,0
*** Trama sin '*CRC' reconocible. ***

=== Registro 3592 (593/1081) ===

<-- Respuesta cruda: $CFG,ACK,LOGREAD,3592,2026-07-22 05:20:17,RS232_TIMEOUT,0,0
*** Trama sin '*CRC' reconocible. ***

=== Registro 3593 (594/1081) ===

<-- Respuesta cruda: $CFG,ACK,LOGREAD,3593,2026-07-22 05:20:35,SEND_OK,0,0
*** Trama sin '*CRC' reconocible. ***

=== Registro 3594 (595/1081) ===

<-- Respuesta cruda: $CFG,ACK,LOGREAD,3594,2026-07-22 05:20:36,SERVER_ACK,48,0
*** Trama sin '*CRC' reconocible. ***

=== Registro 3595 (596/1081) ===

<-- Respuesta cruda: $CFG,BAD_CRC,LOGREAD,3595,2026-07-22 05:21:07,CID_RECEIVED,0,0
*** Trama sin '*CRC' reconocible. ***

=== Registro 3596 (597/1081) ===

<-- Respuesta cruda: $CFG,BAD_CRC,LOGREAD,3596,0000-00-146 203:21:07,RS232_RESTORED,0,0
*** Trama sin '*CRC' reconocible. ***

=== Registro 3597 (598/1081) ===

<-- Respuesta cruda: $CFG,ACK,LOGREAD,3597,2026-07-22 05:21:07,SEND_OK,0,0
*** Trama sin '*CRC' reconocible. ***

=== Registro 3598 (599/1081) ===

<-- Respuesta cruda: $CFG,ACK,LOGREAD,3598,2026-07-22 05:21:08,SERVER_ACK,48,0
*** Trama sin '*CRC' reconocible. ***

=== Registro 3599 (600/1081) ===

<-- Respuesta cruda: $CFG,ACK,LOGREAD,3599,2026-07-22 05:21:08,SERVER_ACK,0,0
*** Trama sin '*CRC' reconocible. ***

=== Registro 3600 (601/1081) ===

<-- Respuesta cruda: $CFG,ACK,LOGREAD,3600,2026-07-22 05:21:57,CID_RECEIVED,0,0
*** Trama sin '*CRC' reconocible. ***

=== Registro 3601 (602/1081) ===

<-- Respuesta cruda: $CFG,ACK,LOGREAD,3601,2026-07-22 05:21:57,SEND_OK,0,0
*** Trama sin '*CRC' reconocible. ***

=== Registro 3602 (603/1081) ===

<-- Respuesta cruda: $CFG,BAD_CRC,LOGREAD,3602,2026-07-22 05:21:58,SERVER_ACK,48,0
*** Trama sin '*CRC' reconocible. ***

=== Registro 3603 (604/1081) ===

<-- Respuesta cruda: $CFG,BAD_CRC,LOGREAD,3603,0000-00-240 234:21:58,SERVER_ACK,0,0
*** Trama sin '*CRC' reconocible. ***

=== Registro 3604 (605/1081) ===

<-- Respuesta cruda: $CFG,ACK,LOGREAD,3604,2026-07-22 05:22:58,SEND_OK,0,0
*** Trama sin '*CRC' reconocible. ***

=== Registro 3605 (606/1081) ===

<-- Respuesta cruda: $CFG,ACK,LOGREAD,3605,2026-07-22 05:22:58,SERVER_ACK,48,0
*** Trama sin '*CRC' reconocible. ***

=== Registro 3606 (607/1081) ===

<-- Respuesta cruda: $CFG,ACK,LOGREAD,3606,2026-07-22 05:23:01,HEARTBEAT_RECEIVED,0,0
*** Trama sin '*CRC' reconocible. ***

=== Registro 3607 (608/1081) ===

<-- Respuesta cruda: $CFG,ACK,LOGREAD,3607,2026-07-22 05:23:58,SEND_OK,0,0
*** Trama sin '*CRC' reconocible. ***

=== Registro 3608 (609/1081) ===

<-- Respuesta cruda: $CFG,ACK,LOGREAD,3608,2026-07-22 05:23:58,SERVER_ACK,48,0
*** Trama sin '*CRC' reconocible. ***

=== Registro 3609 (610/1081) ===

<-- Respuesta cruda: $CFG,BAD_CRC,LOGREAD,3609,2026-07-22 05:24:04,HEARTBEAT_RECEIVED,909777413,0
*** Trama sin '*CRC' reconocible. ***

=== Registro 3610 (611/1081) ===

<-- Respuesta cruda: $CFG,BAD_CRC,LOGREAD,3610,0000-00-44 65:24:58,SEND_OK,0,0
*** Trama sin '*CRC' reconocible. ***

=== Registro 3611 (612/1081) ===

<-- Respuesta cruda: $CFG,ACK,LOGREAD,3611,2026-07-22 05:24:58,SERVER_ACK,48,0
*** Trama sin '*CRC' reconocible. ***

=== Registro 3612 (613/1081) ===

<-- Respuesta cruda: $CFG,ACK,LOGREAD,3612,2026-07-22 05:25:07,HEARTBEAT_RECEIVED,0,0
*** Trama sin '*CRC' reconocible. ***

=== Registro 3613 (614/1081) ===

<-- Respuesta cruda: $CFG,ACK,LOGREAD,3613,2026-07-22 05:25:58,SEND_OK,0,0
*** Trama sin '*CRC' reconocible. ***

=== Registro 3614 (615/1081) ===

<-- Respuesta cruda: $CFG,ACK,LOGREAD,3614,2026-07-22 05:25:58,SERVER_ACK,48,0
*** Trama sin '*CRC' reconocible. ***

=== Registro 3615 (616/1081) ===

<-- Respuesta cruda: $CFG,ACK,LOGREAD,3615,2026-07-22 05:26:10,HEARTBEAT_RECEIVED,0,0
*** Trama sin '*CRC' reconocible. ***

=== Registro 3616 (617/1081) ===

<-- Respuesta cruda: $CFG,BAD_CRC,LOGREAD,3616,2026-07-18 74:00:00,UNKNOWN,1177096676,12288
*** Trama sin '*CRC' reconocible. ***

=== Registro 3617 (618/1081) ===

<-- Respuesta cruda: $CFG,ACK,LOGREAD,3617,2026-07-22 05:27:02,SERVER_ACK,48,0
*** Trama sin '*CRC' reconocible. ***

=== Registro 3618 (619/1081) ===

<-- Respuesta cruda: $CFG,ACK,LOGREAD,3618,2026-07-22 05:27:13,HEARTBEAT_RECEIVED,0,0
*** Trama sin '*CRC' reconocible. ***

=== Registro 3619 (620/1081) ===

<-- Respuesta cruda: $CFG,ACK,LOGREAD,3619,2026-07-22 05:27:58,SEND_OK,0,0
*** Trama sin '*CRC' reconocible. ***

=== Registro 3620 (621/1081) ===

<-- Respuesta cruda: $CFG,ACK,LOGREAD,3620,2026-07-22 05:27:58,SERVER_ACK,48,0
*** Trama sin '*CRC' reconocible. ***

=== Registro 3621 (622/1081) ===

<-- Respuesta cruda: $CFG,ACK,LOGREAD,3621,2026-07-22 05:28:16,HEARTBEAT_RECEIVED,0,0
*** Trama sin '*CRC' reconocible. ***

=== Registro 3622 (623/1081) ===

<-- Respuesta cruda: $CFG,BAD_CRC,LOGREAD,3622,2026-07-22 05:28:58,SEND_OK,0,0
*** Trama sin '*CRC' reconocible. ***

=== Registro 3623 (624/1081) ===

<-- Respuesta cruda: $CFG,BAD_CRC,LOGREAD,3623,0000-00-165 213:28:58,SERVER_ACK,48,0
*** Trama sin '*CRC' reconocible. ***

=== Registro 3624 (625/1081) ===

<-- Respuesta cruda: $CFG,ACK,LOGREAD,3624,2026-07-22 05:29:19,HEARTBEAT_RECEIVED,0,0
*** Trama sin '*CRC' reconocible. ***

=== Registro 3625 (626/1081) ===

<-- Respuesta cruda: $CFG,ACK,LOGREAD,3625,2026-07-22 05:29:58,SEND_OK,0,0
*** Trama sin '*CRC' reconocible. ***

=== Registro 3626 (627/1081) ===

<-- Respuesta cruda: $CFG,ACK,LOGREAD,3626,2026-07-22 05:29:58,SERVER_ACK,48,0
*** Trama sin '*CRC' reconocible. ***

=== Registro 3627 (628/1081) ===

<-- Respuesta cruda: $CFG,ACK,LOGREAD,3627,2026-07-22 05:30:22,HEARTBEAT_RECEIVED,0,0
*** Trama sin '*CRC' reconocible. ***

=== Registro 3628 (629/1081) ===

<-- Respuesta cruda: $CFG,ACK,LOGREAD,3628,2026-07-22 05:30:58,SEND_OK,0,0
*** Trama sin '*CRC' reconocible. ***

=== Registro 3629 (630/1081) ===

<-- Respuesta cruda: $CFG,BAD_CRC,LOGREAD,3629,2026-07-22 05:30:58,SERVER_ACK,1140850736,0
*** Trama sin '*CRC' reconocible. ***

=== Registro 3630 (631/1081) ===

<-- Respuesta cruda: $CFG,BAD_CRC,LOGREAD,3630,0000-00-148 36:31:25,HEARTBEAT_RECEIVED,0,0
*** Trama sin '*CRC' reconocible. ***

=== Registro 3631 (632/1081) ===

<-- Respuesta cruda: $CFG,ACK,LOGREAD,3631,2026-07-22 05:31:58,SEND_OK,0,0
*** Trama sin '*CRC' reconocible. ***

=== Registro 3632 (633/1081) ===

<-- Respuesta cruda: $CFG,ACK,LOGREAD,3632,2026-07-22 05:31:59,SERVER_ACK,48,0
*** Trama sin '*CRC' reconocible. ***

=== Registro 3633 (634/1081) ===

<-- Respuesta cruda: $CFG,ACK,LOGREAD,3633,2026-07-22 05:32:28,HEARTBEAT_RECEIVED,0,0
*** Trama sin '*CRC' reconocible. ***

=== Registro 3634 (635/1081) ===

<-- Respuesta cruda: $CFG,ACK,LOGREAD,3634,2026-07-22 05:32:58,SEND_OK,0,0
*** Trama sin '*CRC' reconocible. ***

=== Registro 3635 (636/1081) ===

<-- Respuesta cruda: $CFG,ACK,LOGREAD,3635,2026-07-22 05:32:59,SERVER_ACK,48,0
*** Trama sin '*CRC' reconocible. ***

=== Registro 3636 (637/1081) ===

<-- Respuesta cruda: $CFG,BAD_CRC,LOGREAD,3636,2026-07-22 05:33:31,SIM_PIN_REQUIRED,909845253,0
*** Trama sin '*CRC' reconocible. ***

=== Registro 3637 (638/1081) ===

<-- Respuesta cruda: $CFG,BAD_CRC,LOGREAD,3637,0000-00-72 216:33:59,SEND_OK,0,0
*** Trama sin '*CRC' reconocible. ***

=== Registro 3638 (639/1081) ===

<-- Respuesta cruda: $CFG,ACK,LOGREAD,3638,2026-07-22 05:33:59,SERVER_ACK,48,0
*** Trama sin '*CRC' reconocible. ***

=== Registro 3639 (640/1081) ===

<-- Respuesta cruda: $CFG,ACK,LOGREAD,3639,2026-07-22 05:34:34,HEARTBEAT_RECEIVED,0,0
*** Trama sin '*CRC' reconocible. ***

=== Registro 3640 (641/1081) ===

<-- Respuesta cruda: $CFG,ACK,LOGREAD,3640,2026-07-22 05:34:59,SEND_OK,0,0
*** Trama sin '*CRC' reconocible. ***

=== Registro 3641 (642/1081) ===

<-- Respuesta cruda: $CFG,ACK,LOGREAD,3641,2026-07-22 05:34:59,SERVER_ACK,48,0
*** Trama sin '*CRC' reconocible. ***

=== Registro 3642 (643/1081) ===

<-- Respuesta cruda: $CFG,ACK,LOGREAD,3642,2026-07-22 05:35:37,HEARTBEAT_RECEIVED,0,0
*** Trama sin '*CRC' reconocible. ***

=== Registro 3643 (644/1081) ===

<-- Respuesta cruda: $CFG,BAD_CRC,LOGREAD,3643,2026-00-118 211:00:00,UNKNOWN,1144527388,0
*** Trama sin '*CRC' reconocible. ***

=== Registro 3644 (645/1081) ===

<-- Respuesta cruda: $CFG,ACK,LOGREAD,3644,2026-07-22 05:35:59,SERVER_ACK,48,0
*** Trama sin '*CRC' reconocible. ***

=== Registro 3645 (646/1081) ===

<-- Respuesta cruda: $CFG,ACK,LOGREAD,3645,2026-07-22 05:36:40,HEARTBEAT_RECEIVED,0,0
*** Trama sin '*CRC' reconocible. ***

=== Registro 3646 (647/1081) ===

<-- Respuesta cruda: $CFG,ACK,LOGREAD,3646,2026-07-22 05:36:59,SEND_OK,0,0
*** Trama sin '*CRC' reconocible. ***

=== Registro 3647 (648/1081) ===

<-- Respuesta cruda: $CFG,ACK,LOGREAD,3647,2026-07-22 05:36:59,SERVER_ACK,48,0
*** Trama sin '*CRC' reconocible. ***

=== Registro 3648 (649/1081) ===

<-- Respuesta cruda: $CFG,ACK,LOGREAD,3648,2026-07-22 05:37:43,HEARTBEAT_RECEIVED,0,0
*** Trama sin '*CRC' reconocible. ***

=== Registro 3649 (650/1081) ===

<-- Respuesta cruda: $CFG,BAD_CRC,LOGREAD,3649,2026-07-22 05:37:59,SEND_OK,0,0
*** Trama sin '*CRC' reconocible. ***

=== Registro 3650 (651/1081) ===

<-- Respuesta cruda: $CFG,BAD_CRC,LOGREAD,3650,0000-00-17 122:37:59,SERVER_ACK,48,0
*** Trama sin '*CRC' reconocible. ***

=== Registro 3651 (652/1081) ===

<-- Respuesta cruda: $CFG,ACK,LOGREAD,3651,2026-07-22 05:38:46,HEARTBEAT_RECEIVED,0,0
*** Trama sin '*CRC' reconocible. ***

=== Registro 3652 (653/1081) ===

<-- Respuesta cruda: $CFG,ACK,LOGREAD,3652,2026-07-22 05:38:59,SEND_OK,0,0
*** Trama sin '*CRC' reconocible. ***

=== Registro 3653 (654/1081) ===

<-- Respuesta cruda: $CFG,ACK,LOGREAD,3653,2026-07-22 05:39:00,SERVER_ACK,48,0
*** Trama sin '*CRC' reconocible. ***

=== Registro 3654 (655/1081) ===

<-- Respuesta cruda: $CFG,ACK,LOGREAD,3654,2026-07-22 05:39:49,HEARTBEAT_RECEIVED,0,0
*** Trama sin '*CRC' reconocible. ***

=== Registro 3655 (656/1081) ===

<-- Respuesta cruda: $CFG,ACK,LOGREAD,3655,2026-07-22 05:39:59,SEND_OK,0,0
*** Trama sin '*CRC' reconocible. ***

=== Registro 3656 (657/1081) ===

<-- Respuesta cruda: $CFG,BAD_CRC,LOGREAD,3656,2026-07-22 05:40:00,SERVER_ACK,1144651824,0
*** Trama sin '*CRC' reconocible. ***

=== Registro 3657 (658/1081) ===

<-- Respuesta cruda: $CFG,BAD_CRC,LOGREAD,3657,0000-00-215 25:40:52,HEARTBEAT_RECEIVED,0,0
*** Trama sin '*CRC' reconocible. ***

=== Registro 3658 (659/1081) ===

<-- Respuesta cruda: $CFG,ACK,LOGREAD,3658,2026-07-22 05:41:00,SEND_OK,0,0
*** Trama sin '*CRC' reconocible. ***

=== Registro 3659 (660/1081) ===

<-- Respuesta cruda: $CFG,ACK,LOGREAD,3659,2026-07-22 05:41:00,SERVER_ACK,48,0
*** Trama sin '*CRC' reconocible. ***

=== Registro 3660 (661/1081) ===

<-- Respuesta cruda: $CFG,ACK,LOGREAD,3660,2026-07-22 05:41:55,HEARTBEAT_RECEIVED,0,0
*** Trama sin '*CRC' reconocible. ***

=== Registro 3661 (662/1081) ===

<-- Respuesta cruda: $CFG,ACK,LOGREAD,3661,2026-07-22 05:42:00,SEND_OK,0,0
*** Trama sin '*CRC' reconocible. ***

=== Registro 3662 (663/1081) ===

<-- Respuesta cruda: $CFG,ACK,LOGREAD,3662,2026-07-22 05:42:00,SERVER_ACK,48,0
*** Trama sin '*CRC' reconocible. ***

=== Registro 3663 (664/1081) ===

<-- Respuesta cruda: $CFG,BAD_CRC,LOGREAD,3663,2026-07-22 05:42:07,SIM_PIN_REQUIRED,1174416645,12288
*** Trama sin '*CRC' reconocible. ***

=== Registro 3664 (665/1081) ===

<-- Respuesta cruda: $CFG,BAD_CRC,LOGREAD,3664,0000-00-176 116:43:00,SEND_OK,0,0
*** Trama sin '*CRC' reconocible. ***

=== Registro 3665 (666/1081) ===

<-- Respuesta cruda: $CFG,ACK,LOGREAD,3665,2026-07-22 05:43:00,SERVER_ACK,48,0
*** Trama sin '*CRC' reconocible. ***

=== Registro 3666 (667/1081) ===

<-- Respuesta cruda: $CFG,ACK,LOGREAD,3666,2026-07-22 05:44:00,SEND_OK,0,0
*** Trama sin '*CRC' reconocible. ***

=== Registro 3667 (668/1081) ===

<-- Respuesta cruda: $CFG,ACK,LOGREAD,3667,2026-07-22 05:44:00,SERVER_ACK,48,0
*** Trama sin '*CRC' reconocible. ***

=== Registro 3668 (669/1081) ===

<-- Respuesta cruda: $CFG,ACK,LOGREAD,3668,2026-07-22 05:44:01,HEARTBEAT_RECEIVED,0,0
*** Trama sin '*CRC' reconocible. ***

=== Registro 3669 (670/1081) ===

<-- Respuesta cruda: $CFG,ACK,LOGREAD,3669,2026-07-22 05:45:00,SEND_OK,0,0
*** Trama sin '*CRC' reconocible. ***

=== Registro 3670 (671/1081) ===

<-- Respuesta cruda: $CFG,BAD_CRC,LOGREAD,3670,0234-00-19 170:00:00,UNKNOWN,1142367365,0
*** Trama sin '*CRC' reconocible. ***

=== Registro 3671 (672/1081) ===

<-- Respuesta cruda: $CFG,ACK,LOGREAD,3671,2026-07-22 05:45:04,HEARTBEAT_RECEIVED,0,0
*** Trama sin '*CRC' reconocible. ***

=== Registro 3672 (673/1081) ===

<-- Respuesta cruda: $CFG,ACK,LOGREAD,3672,2026-07-22 05:46:00,SEND_OK,0,0
*** Trama sin '*CRC' reconocible. ***

=== Registro 3673 (674/1081) ===

<-- Respuesta cruda: $CFG,ACK,LOGREAD,3673,2026-07-22 05:46:01,SERVER_ACK,48,0
*** Trama sin '*CRC' reconocible. ***

=== Registro 3674 (675/1081) ===

<-- Respuesta cruda: $CFG,ACK,LOGREAD,3674,2026-07-22 05:46:07,HEARTBEAT_RECEIVED,0,0
*** Trama sin '*CRC' reconocible. ***

=== Registro 3675 (676/1081) ===

<-- Respuesta cruda: $CFG,ACK,LOGREAD,3675,2026-07-22 05:47:01,SEND_OK,0,0
*** Trama sin '*CRC' reconocible. ***

=== Registro 3676 (677/1081) ===

<-- Respuesta cruda: $CFG,BAD_CRC,LOGREAD,3676,2026-07-22 05:47:01,SERVER_ACK,48,0
*** Trama sin '*CRC' reconocible. ***

=== Registro 3677 (678/1081) ===

<-- Respuesta cruda: $CFG,BAD_CRC,LOGREAD,3677,0000-00-247 152:47:10,HEARTBEAT_RECEIVED,0,0
*** Trama sin '*CRC' reconocible. ***

=== Registro 3678 (679/1081) ===

<-- Respuesta cruda: $CFG,ACK,LOGREAD,3678,2026-07-22 05:48:01,SEND_OK,0,0
*** Trama sin '*CRC' reconocible. ***

=== Registro 3679 (680/1081) ===

<-- Respuesta cruda: $CFG,ACK,LOGREAD,3679,2026-07-22 05:48:01,SERVER_ACK,48,0
*** Trama sin '*CRC' reconocible. ***

=== Registro 3680 (681/1081) ===

<-- Respuesta cruda: $CFG,ACK,LOGREAD,3680,2026-07-22 05:48:13,HEARTBEAT_RECEIVED,0,0
*** Trama sin '*CRC' reconocible. ***

=== Registro 3681 (682/1081) ===

<-- Respuesta cruda: $CFG,ACK,LOGREAD,3681,2026-07-22 05:49:01,SEND_OK,0,0
*** Trama sin '*CRC' reconocible. ***

=== Registro 3682 (683/1081) ===

<-- Respuesta cruda: $CFG,ACK,LOGREAD,3682,2026-07-22 05:49:01,SERVER_ACK,48,0
*** Trama sin '*CRC' reconocible. ***

=== Registro 3683 (684/1081) ===

<-- Respuesta cruda: $CFG,BAD_CRC,LOGREAD,3683,2026-07-22 05:49:16,HEARTBEAT_RECEIVED,1125987072,0
*** Trama sin '*CRC' reconocible. ***

=== Registro 3684 (685/1081) ===

<-- Respuesta cruda: $CFG,BAD_CRC,LOGREAD,3684,0000-00-103 169:50:01,SEND_OK,0,0
*** Trama sin '*CRC' reconocible. ***

=== Registro 3685 (686/1081) ===

<-- Respuesta cruda: $CFG,ACK,LOGREAD,3685,2026-07-22 05:50:01,SERVER_ACK,48,0
*** Trama sin '*CRC' reconocible. ***

=== Registro 3686 (687/1081) ===

<-- Respuesta cruda: $CFG,ACK,LOGREAD,3686,2026-07-22 05:50:19,HEARTBEAT_RECEIVED,0,0
*** Trama sin '*CRC' reconocible. ***

=== Registro 3687 (688/1081) ===

<-- Respuesta cruda: $CFG,ACK,LOGREAD,3687,2026-07-22 05:51:01,SEND_OK,0,0
*** Trama sin '*CRC' reconocible. ***

=== Registro 3688 (689/1081) ===

<-- Respuesta cruda: $CFG,ACK,LOGREAD,3688,2026-07-22 05:51:01,SERVER_ACK,48,0
*** Trama sin '*CRC' reconocible. ***

=== Registro 3689 (690/1081) ===

<-- Respuesta cruda: $CFG,ACK,LOGREAD,3689,2026-07-22 05:51:22,HEARTBEAT_RECEIVED,0,0
*** Trama sin '*CRC' reconocible. ***

=== Registro 3690 (691/1081) ===

<-- Respuesta cruda: $CFG,BAD_CRC,LOGREAD,3690,2026-07-22 05:00:00,UNKNOWN,1177299481,12288
*** Trama sin '*CRC' reconocible. ***

=== Registro 3691 (692/1081) ===

<-- Respuesta cruda: $CFG,ACK,LOGREAD,3691,2026-07-22 05:51:29,SEND_OK,0,0
*** Trama sin '*CRC' reconocible. ***

=== Registro 3692 (693/1081) ===

<-- Respuesta cruda: $CFG,ACK,LOGREAD,3692,2026-07-22 05:51:29,SERVER_ACK,48,0
*** Trama sin '*CRC' reconocible. ***

=== Registro 3693 (694/1081) ===

<-- Respuesta cruda: $CFG,ACK,LOGREAD,3693,2026-07-22 05:51:29,SERVER_ACK,0,0
*** Trama sin '*CRC' reconocible. ***

=== Registro 3694 (695/1081) ===

<-- Respuesta cruda: $CFG,ACK,LOGREAD,3694,2026-07-22 05:52:29,SEND_OK,0,0
*** Trama sin '*CRC' reconocible. ***

=== Registro 3695 (696/1081) ===

<-- Respuesta cruda: $CFG,ACK,LOGREAD,3695,2026-07-22 05:52:30,SERVER_ACK,48,0
*** Trama sin '*CRC' reconocible. ***

=== Registro 3696 (697/1081) ===

<-- Respuesta cruda: $CFG,ACK,LOGREAD,3696,2026-07-22 05:52:33,HEARTBEAT_RECEIVED,0,0
*** Trama sin '*CRC' reconocible. ***

=== Registro 3697 (698/1081) ===

<-- Respuesta cruda: $CFG,BAD_CRC,LOGREAD,3697,0000-00-184 193:53:29,SEND_OK,0,0
*** Trama sin '*CRC' reconocible. ***

=== Registro 3698 (699/1081) ===

<-- Respuesta cruda: $CFG,ACK,LOGREAD,3698,2026-07-22 05:53:30,SERVER_ACK,48,0
*** Trama sin '*CRC' reconocible. ***

=== Registro 3699 (700/1081) ===

<-- Respuesta cruda: $CFG,ACK,LOGREAD,3699,2026-07-22 05:53:36,HEARTBEAT_RECEIVED,0,0
*** Trama sin '*CRC' reconocible. ***

=== Registro 3700 (701/1081) ===

<-- Respuesta cruda: $CFG,ACK,LOGREAD,3700,2026-07-22 05:54:30,SEND_OK,0,0
*** Trama sin '*CRC' reconocible. ***

=== Registro 3701 (702/1081) ===

<-- Respuesta cruda: $CFG,ACK,LOGREAD,3701,2026-07-22 05:54:30,SERVER_ACK,48,0
*** Trama sin '*CRC' reconocible. ***

=== Registro 3702 (703/1081) ===

<-- Respuesta cruda: $CFG,ACK,LOGREAD,3702,2026-07-22 05:54:39,HEARTBEAT_RECEIVED,0,0
*** Trama sin '*CRC' reconocible. ***

=== Registro 3703 (704/1081) ===

<-- Respuesta cruda: $CFG,BAD_CRC,LOGREAD,3703,2026-07-22 05:55:30,SEND_OK,0,12288
*** Trama sin '*CRC' reconocible. ***

=== Registro 3704 (705/1081) ===

<-- Respuesta cruda: $CFG,BAD_CRC,LOGREAD,3704,0000-00-115 72:55:30,SERVER_ACK,48,0
*** Trama sin '*CRC' reconocible. ***

=== Registro 3705 (706/1081) ===

<-- Respuesta cruda: $CFG,ACK,LOGREAD,3705,2026-07-22 05:55:42,HEARTBEAT_RECEIVED,0,0
*** Trama sin '*CRC' reconocible. ***

=== Registro 3706 (707/1081) ===

<-- Respuesta cruda: $CFG,ACK,LOGREAD,3706,2026-07-22 05:56:30,SEND_OK,0,0
*** Trama sin '*CRC' reconocible. ***

=== Registro 3707 (708/1081) ===

<-- Respuesta cruda: $CFG,ACK,LOGREAD,3707,2026-07-22 05:56:34,SERVER_ACK,48,0
*** Trama sin '*CRC' reconocible. ***

=== Registro 3708 (709/1081) ===

<-- Respuesta cruda: $CFG,ACK,LOGREAD,3708,2026-07-22 05:56:45,HEARTBEAT_RECEIVED,0,0
*** Trama sin '*CRC' reconocible. ***

=== Registro 3709 (710/1081) ===

<-- Respuesta cruda: $CFG,ACK,LOGREAD,3709,2026-07-22 05:57:30,SEND_OK,0,0
*** Trama sin '*CRC' reconocible. ***

=== Registro 3710 (711/1081) ===

<-- Respuesta cruda: $CFG,BAD_CRC,LOGREAD,3710,2026-07-22 05:57:30,SERVER_ACK,1144404741,0
*** Trama sin '*CRC' reconocible. ***

=== Registro 3711 (712/1081) ===

<-- Respuesta cruda: $CFG,BAD_CRC,LOGREAD,3711,0000-00-59 222:57:48,HEARTBEAT_RECEIVED,0,0
*** Trama sin '*CRC' reconocible. ***

=== Registro 3712 (713/1081) ===

<-- Respuesta cruda: $CFG,ACK,LOGREAD,3712,2026-07-22 05:58:30,SEND_OK,0,0
*** Trama sin '*CRC' reconocible. ***

=== Registro 3713 (714/1081) ===

<-- Respuesta cruda: $CFG,ACK,LOGREAD,3713,2026-07-22 05:58:30,SERVER_ACK,48,0
*** Trama sin '*CRC' reconocible. ***

=== Registro 3714 (715/1081) ===

<-- Respuesta cruda: $CFG,ACK,LOGREAD,3714,2026-07-22 05:58:51,HEARTBEAT_RECEIVED,0,0
*** Trama sin '*CRC' reconocible. ***

=== Registro 3715 (716/1081) ===

<-- Respuesta cruda: $CFG,ACK,LOGREAD,3715,2026-07-22 05:59:30,SEND_OK,0,0
*** Trama sin '*CRC' reconocible. ***

=== Registro 3716 (717/1081) ===

<-- Respuesta cruda: $CFG,ACK,LOGREAD,3716,2026-07-22 05:59:31,SERVER_ACK,48,0
*** Trama sin '*CRC' reconocible. ***

=== Registro 3717 (718/1081) ===

<-- Respuesta cruda: $CFG,BAD_CRC,LOGREAD,3717,2026-07-22 94:00:00,UNKNOWN,906048360,0
*** Trama sin '*CRC' reconocible. ***

=== Registro 3718 (719/1081) ===

<-- Respuesta cruda: $CFG,ACK,LOGREAD,3718,2026-07-22 06:00:31,SEND_OK,0,0
*** Trama sin '*CRC' reconocible. ***

=== Registro 3719 (720/1081) ===

<-- Respuesta cruda: $CFG,ACK,LOGREAD,3719,2026-07-22 06:00:31,SERVER_ACK,48,0
*** Trama sin '*CRC' reconocible. ***

=== Registro 3720 (721/1081) ===

<-- Respuesta cruda: $CFG,ACK,LOGREAD,3720,2026-07-22 06:00:57,HEARTBEAT_RECEIVED,0,0
*** Trama sin '*CRC' reconocible. ***

=== Registro 3721 (722/1081) ===

<-- Respuesta cruda: $CFG,ACK,LOGREAD,3721,2026-07-22 06:01:31,SEND_OK,0,0
*** Trama sin '*CRC' reconocible. ***

=== Registro 3722 (723/1081) ===

<-- Respuesta cruda: $CFG,ACK,LOGREAD,3722,2026-07-22 06:01:31,SERVER_ACK,48,0
*** Trama sin '*CRC' reconocible. ***

=== Registro 3723 (724/1081) ===

<-- Respuesta cruda: $CFG,BAD_CRC,LOGREAD,3723,2026-07-22 06:02:00,HEARTBEAT_RECEIVED,0,0
*** Trama sin '*CRC' reconocible. ***

=== Registro 3724 (725/1081) ===

<-- Respuesta cruda: $CFG,BAD_CRC,LOGREAD,3724,0000-00-188 36:02:31,SEND_OK,0,0
*** Trama sin '*CRC' reconocible. ***

=== Registro 3725 (726/1081) ===

<-- Respuesta cruda: $CFG,ACK,LOGREAD,3725,2026-07-22 06:02:31,SERVER_ACK,48,0
*** Trama sin '*CRC' reconocible. ***

=== Registro 3726 (727/1081) ===

<-- Respuesta cruda: $CFG,ACK,LOGREAD,3726,2026-07-22 06:03:30,RS232_TIMEOUT,0,0
*** Trama sin '*CRC' reconocible. ***

=== Registro 3727 (728/1081) ===

<-- Respuesta cruda: $CFG,ACK,LOGREAD,3727,2026-07-22 06:03:31,SEND_OK,0,0
*** Trama sin '*CRC' reconocible. ***

=== Registro 3728 (729/1081) ===

<-- Respuesta cruda: $CFG,ACK,LOGREAD,3728,2026-07-22 06:03:31,SERVER_ACK,48,0
*** Trama sin '*CRC' reconocible. ***

=== Registro 3729 (730/1081) ===

<-- Respuesta cruda: $CFG,ACK,LOGREAD,3729,2026-07-22 06:04:10,CID_RECEIVED,0,0
*** Trama sin '*CRC' reconocible. ***

=== Registro 3730 (731/1081) ===

<-- Respuesta cruda: $CFG,BAD_CRC,LOGREAD,3730,2026-07-22 06:04:10,RS232_RESTORED,0,0
*** Trama sin '*CRC' reconocible. ***

=== Registro 3731 (732/1081) ===

<-- Respuesta cruda: $CFG,BAD_CRC,LOGREAD,3731,0000-00-193 136:04:10,SEND_OK,0,0
*** Trama sin '*CRC' reconocible. ***

=== Registro 3732 (733/1081) ===

<-- Respuesta cruda: $CFG,ACK,LOGREAD,3732,2026-07-22 06:04:10,SERVER_ACK,48,0
*** Trama sin '*CRC' reconocible. ***

=== Registro 3733 (734/1081) ===

<-- Respuesta cruda: $CFG,ACK,LOGREAD,3733,2026-07-22 06:04:10,SERVER_ACK,0,0
*** Trama sin '*CRC' reconocible. ***

=== Registro 3734 (735/1081) ===

<-- Respuesta cruda: $CFG,ACK,LOGREAD,3734,2026-07-22 06:05:00,CID_RECEIVED,0,0
*** Trama sin '*CRC' reconocible. ***

=== Registro 3735 (736/1081) ===

<-- Respuesta cruda: $CFG,ACK,LOGREAD,3735,2026-07-22 06:05:00,SEND_OK,0,0
*** Trama sin '*CRC' reconocible. ***

=== Registro 3736 (737/1081) ===

<-- Respuesta cruda: $CFG,ACK,LOGREAD,3736,2026-07-22 06:05:00,SERVER_ACK,48,0
*** Trama sin '*CRC' reconocible. ***

=== Registro 3737 (738/1081) ===

<-- Respuesta cruda: $CFG,BAD_CRC,LOGREAD,3737,2026-07-22 06:05:00,SERVER_ACK,905971718,0
*** Trama sin '*CRC' reconocible. ***

=== Registro 3738 (739/1081) ===

<-- Respuesta cruda: $CFG,BAD_CRC,LOGREAD,3738,0000-00-73 66:06:00,SEND_OK,0,0
*** Trama sin '*CRC' reconocible. ***

=== Registro 3739 (740/1081) ===

<-- Respuesta cruda: $CFG,ACK,LOGREAD,3739,2026-07-22 06:06:00,SERVER_ACK,48,0
*** Trama sin '*CRC' reconocible. ***

=== Registro 3740 (741/1081) ===

<-- Respuesta cruda: $CFG,ACK,LOGREAD,3740,2026-07-22 06:06:04,HEARTBEAT_RECEIVED,0,0
*** Trama sin '*CRC' reconocible. ***

=== Registro 3741 (742/1081) ===

<-- Respuesta cruda: $CFG,ACK,LOGREAD,3741,2026-07-22 06:07:00,SEND_OK,0,0
*** Trama sin '*CRC' reconocible. ***

=== Registro 3742 (743/1081) ===

<-- Respuesta cruda: $CFG,ACK,LOGREAD,3742,2026-07-22 06:07:01,SERVER_ACK,48,0
*** Trama sin '*CRC' reconocible. ***

=== Registro 3743 (744/1081) ===

<-- Respuesta cruda: $CFG,ACK,LOGREAD,3743,2026-07-22 06:07:07,HEARTBEAT_RECEIVED,0,0
*** Trama sin '*CRC' reconocible. ***

=== Registro 3744 (745/1081) ===

<-- Respuesta cruda: $CFG,BAD_CRC,LOGREAD,3744,2026-07-234 156:00:00,UNKNOWN,906166315,0
*** Trama sin '*CRC' reconocible. ***

=== Registro 3745 (746/1081) ===

<-- Respuesta cruda: $CFG,ACK,LOGREAD,3745,2026-07-22 06:08:01,SERVER_ACK,48,0
*** Trama sin '*CRC' reconocible. ***

=== Registro 3746 (747/1081) ===

<-- Respuesta cruda: $CFG,ACK,LOGREAD,3746,2026-07-22 06:08:10,HEARTBEAT_RECEIVED,0,0
*** Trama sin '*CRC' reconocible. ***

=== Registro 3747 (748/1081) ===

<-- Respuesta cruda: $CFG,ACK,LOGREAD,3747,2026-07-22 06:09:01,SEND_OK,0,0
*** Trama sin '*CRC' reconocible. ***

=== Registro 3748 (749/1081) ===

<-- Respuesta cruda: $CFG,ACK,LOGREAD,3748,2026-07-22 06:09:01,SERVER_ACK,48,0
*** Trama sin '*CRC' reconocible. ***

=== Registro 3749 (750/1081) ===

<-- Respuesta cruda: $CFG,ACK,LOGREAD,3749,2026-07-22 06:09:13,HEARTBEAT_RECEIVED,0,0
*** Trama sin '*CRC' reconocible. ***

=== Registro 3750 (751/1081) ===

<-- Respuesta cruda: $CFG,BAD_CRC,LOGREAD,3750,2026-07-22 06:10:01,SEND_OK,0,0
*** Trama sin '*CRC' reconocible. ***

=== Registro 3751 (752/1081) ===

<-- Respuesta cruda: $CFG,BAD_CRC,LOGREAD,3751,0000-00-137 14:10:01,SERVER_ACK,48,0
*** Trama sin '*CRC' reconocible. ***

=== Registro 3752 (753/1081) ===

<-- Respuesta cruda: $CFG,ACK,LOGREAD,3752,2026-07-22 06:10:16,HEARTBEAT_RECEIVED,0,0
*** Trama sin '*CRC' reconocible. ***

=== Registro 3753 (754/1081) ===

<-- Respuesta cruda: $CFG,ACK,LOGREAD,3753,2026-07-22 06:11:01,SEND_OK,0,0
*** Trama sin '*CRC' reconocible. ***

=== Registro 3754 (755/1081) ===

<-- Respuesta cruda: $CFG,ACK,LOGREAD,3754,2026-07-22 06:11:01,SERVER_ACK,48,0
*** Trama sin '*CRC' reconocible. ***

=== Registro 3755 (756/1081) ===

<-- Respuesta cruda: $CFG,ACK,LOGREAD,3755,2026-07-22 06:11:19,HEARTBEAT_RECEIVED,0,0
*** Trama sin '*CRC' reconocible. ***

=== Registro 3756 (757/1081) ===

<-- Respuesta cruda: $CFG,ACK,LOGREAD,3756,2026-07-22 06:12:01,SEND_OK,0,0
*** Trama sin '*CRC' reconocible. ***

=== Registro 3757 (758/1081) ===

<-- Respuesta cruda: $CFG,BAD_CRC,LOGREAD,3757,2026-07-22 06:12:01,SERVER_ACK,1140850736,0
*** Trama sin '*CRC' reconocible. ***

=== Registro 3758 (759/1081) ===

<-- Respuesta cruda: $CFG,BAD_CRC,LOGREAD,3758,0000-00-136 238:12:22,HEARTBEAT_RECEIVED,0,0
*** Trama sin '*CRC' reconocible. ***

=== Registro 3759 (760/1081) ===

<-- Respuesta cruda: $CFG,ACK,LOGREAD,3759,2026-07-22 06:13:01,SEND_OK,0,0
*** Trama sin '*CRC' reconocible. ***

=== Registro 3760 (761/1081) ===

<-- Respuesta cruda: $CFG,ACK,LOGREAD,3760,2026-07-22 06:13:01,SERVER_ACK,48,0
*** Trama sin '*CRC' reconocible. ***

=== Registro 3761 (762/1081) ===

<-- Respuesta cruda: $CFG,ACK,LOGREAD,3761,2026-07-22 06:13:25,HEARTBEAT_RECEIVED,0,0
*** Trama sin '*CRC' reconocible. ***

=== Registro 3762 (763/1081) ===

<-- Respuesta cruda: $CFG,ACK,LOGREAD,3762,2026-07-22 06:14:01,SEND_OK,0,0
*** Trama sin '*CRC' reconocible. ***

=== Registro 3763 (764/1081) ===

<-- Respuesta cruda: $CFG,ACK,LOGREAD,3763,2026-07-22 06:14:02,SERVER_ACK,48,0
*** Trama sin '*CRC' reconocible. ***

=== Registro 3764 (765/1081) ===

<-- Respuesta cruda: $CFG,BAD_CRC,LOGREAD,3764,2026-07-22 06:14:28,SIM_PIN_REQUIRED,906105094,0
*** Trama sin '*CRC' reconocible. ***

=== Registro 3765 (766/1081) ===

<-- Respuesta cruda: $CFG,BAD_CRC,LOGREAD,3765,0000-00-119 205:15:02,SEND_OK,0,0
*** Trama sin '*CRC' reconocible. ***

=== Registro 3766 (767/1081) ===

<-- Respuesta cruda: $CFG,ACK,LOGREAD,3766,2026-07-22 06:15:02,SERVER_ACK,48,0
*** Trama sin '*CRC' reconocible. ***

=== Registro 3767 (768/1081) ===

<-- Respuesta cruda: $CFG,ACK,LOGREAD,3767,2026-07-22 06:15:31,HEARTBEAT_RECEIVED,0,0
*** Trama sin '*CRC' reconocible. ***

=== Registro 3768 (769/1081) ===

<-- Respuesta cruda: $CFG,ACK,LOGREAD,3768,2026-07-22 06:16:02,SEND_OK,0,0
*** Trama sin '*CRC' reconocible. ***

=== Registro 3769 (770/1081) ===

<-- Respuesta cruda: $CFG,ACK,LOGREAD,3769,2026-07-22 06:16:02,SERVER_ACK,48,0
*** Trama sin '*CRC' reconocible. ***

=== Registro 3770 (771/1081) ===

<-- Respuesta cruda: $CFG,ACK,LOGREAD,3770,2026-07-22 06:16:34,HEARTBEAT_RECEIVED,0,0
*** Trama sin '*CRC' reconocible. ***

=== Registro 3771 (772/1081) ===

<-- Respuesta cruda: $CFG,BAD_CRC,LOGREAD,3771,2026-00-157 203:00:00,UNKNOWN,906234306,0
*** Trama sin '*CRC' reconocible. ***

=== Registro 3772 (773/1081) ===

<-- Respuesta cruda: $CFG,ACK,LOGREAD,3772,2026-07-22 06:17:02,SERVER_ACK,48,0
*** Trama sin '*CRC' reconocible. ***

=== Registro 3773 (774/1081) ===

<-- Respuesta cruda: $CFG,ACK,LOGREAD,3773,2026-07-22 06:17:37,HEARTBEAT_RECEIVED,0,0
*** Trama sin '*CRC' reconocible. ***

=== Registro 3774 (775/1081) ===

<-- Respuesta cruda: $CFG,ACK,LOGREAD,3774,2026-07-22 06:18:02,SEND_OK,0,0
*** Trama sin '*CRC' reconocible. ***

=== Registro 3775 (776/1081) ===

<-- Respuesta cruda: $CFG,ACK,LOGREAD,3775,2026-07-22 06:18:02,SERVER_ACK,48,0
*** Trama sin '*CRC' reconocible. ***

=== Registro 3776 (777/1081) ===

<-- Respuesta cruda: $CFG,ACK,LOGREAD,3776,2026-07-22 06:18:40,HEARTBEAT_RECEIVED,0,0
*** Trama sin '*CRC' reconocible. ***

=== Registro 3777 (778/1081) ===

<-- Respuesta cruda: $CFG,BAD_CRC,LOGREAD,3777,2026-07-22 06:19:02,SEND_OK,0,0
*** Trama sin '*CRC' reconocible. ***

=== Registro 3778 (779/1081) ===

<-- Respuesta cruda: $CFG,BAD_CRC,LOGREAD,3778,0000-00-183 129:19:02,SERVER_ACK,48,0
*** Trama sin '*CRC' reconocible. ***

=== Registro 3779 (780/1081) ===

<-- Respuesta cruda: $CFG,ACK,LOGREAD,3779,2026-07-22 06:19:43,HEARTBEAT_RECEIVED,0,0
*** Trama sin '*CRC' reconocible. ***

=== Registro 3780 (781/1081) ===

<-- Respuesta cruda: $CFG,ACK,LOGREAD,3780,2026-07-22 06:20:02,SEND_OK,0,0
*** Trama sin '*CRC' reconocible. ***

=== Registro 3781 (782/1081) ===

<-- Respuesta cruda: $CFG,ACK,LOGREAD,3781,2026-07-22 06:20:03,SERVER_ACK,48,0
*** Trama sin '*CRC' reconocible. ***

=== Registro 3782 (783/1081) ===

<-- Respuesta cruda: $CFG,ACK,LOGREAD,3782,2026-07-22 06:20:46,HEARTBEAT_RECEIVED,0,0
*** Trama sin '*CRC' reconocible. ***

=== Registro 3783 (784/1081) ===

<-- Respuesta cruda: $CFG,ACK,LOGREAD,3783,2026-07-22 06:21:02,SEND_OK,0,0
*** Trama sin '*CRC' reconocible. ***

=== Registro 3784 (785/1081) ===

<-- Respuesta cruda: $CFG,BAD_CRC,LOGREAD,3784,2026-07-22 06:21:03,SERVER_ACK,906166320,0
*** Trama sin '*CRC' reconocible. ***

=== Registro 3785 (786/1081) ===

<-- Respuesta cruda: $CFG,BAD_CRC,LOGREAD,3785,0000-00-227 13:21:49,HEARTBEAT_RECEIVED,0,0
*** Trama sin '*CRC' reconocible. ***

=== Registro 3786 (787/1081) ===

<-- Respuesta cruda: $CFG,ACK,LOGREAD,3786,2026-07-22 06:22:03,SEND_OK,0,0
*** Trama sin '*CRC' reconocible. ***

=== Registro 3787 (788/1081) ===

<-- Respuesta cruda: $CFG,ACK,LOGREAD,3787,2026-07-22 06:22:03,SERVER_ACK,48,0
*** Trama sin '*CRC' reconocible. ***

=== Registro 3788 (789/1081) ===

<-- Respuesta cruda: $CFG,ACK,LOGREAD,3788,2026-07-22 06:22:52,HEARTBEAT_RECEIVED,0,0
*** Trama sin '*CRC' reconocible. ***

=== Registro 3789 (790/1081) ===

<-- Respuesta cruda: $CFG,ACK,LOGREAD,3789,2026-07-22 06:23:03,SEND_OK,0,0
*** Trama sin '*CRC' reconocible. ***

=== Registro 3790 (791/1081) ===

<-- Respuesta cruda: $CFG,ACK,LOGREAD,3790,2026-07-22 06:23:55,HEARTBEAT_RECEIVED,0,0
*** Trama sin '*CRC' reconocible. ***

=== Registro 3791 (792/1081) ===

<-- Respuesta cruda: $CFG,BAD_CRC,LOGREAD,3791,2026-07-22 06:24:07,SIM_PIN_REQUIRED,1174608390,12288
*** Trama sin '*CRC' reconocible. ***

=== Registro 3792 (793/1081) ===

<-- Respuesta cruda: $CFG,BAD_CRC,LOGREAD,3792,0000-00-84 146:24:03,SERVER_ACK,48,0
*** Trama sin '*CRC' reconocible. ***

=== Registro 3793 (794/1081) ===

<-- Respuesta cruda: $CFG,ACK,LOGREAD,3793,2026-07-22 06:24:58,HEARTBEAT_RECEIVED,0,0
*** Trama sin '*CRC' reconocible. ***

=== Registro 3794 (795/1081) ===

<-- Respuesta cruda: $CFG,ACK,LOGREAD,3794,2026-07-22 06:25:03,SEND_OK,0,0
*** Trama sin '*CRC' reconocible. ***

=== Registro 3795 (796/1081) ===

<-- Respuesta cruda: $CFG,ACK,LOGREAD,3795,2026-07-22 06:25:03,SERVER_ACK,48,0
*** Trama sin '*CRC' reconocible. ***

=== Registro 3796 (797/1081) ===

<-- Respuesta cruda: $CFG,ACK,LOGREAD,3796,2026-07-22 06:26:00,HEARTBEAT_RECEIVED,0,0
*** Trama sin '*CRC' reconocible. ***

=== Registro 3797 (798/1081) ===

<-- Respuesta cruda: $CFG,ACK,LOGREAD,3797,2026-07-22 06:26:02,SEND_OK,0,0
*** Trama sin '*CRC' reconocible. ***

=== Registro 3798 (799/1081) ===

<-- Respuesta cruda: $CFG,BAD_CRC,LOGREAD,3798,0234-00-50 136:00:00,UNKNOWN,1174802951,12288
*** Trama sin '*CRC' reconocible. ***

=== Registro 3799 (800/1081) ===

<-- Respuesta cruda: $CFG,ACK,LOGREAD,3799,2026-07-22 06:27:03,SEND_OK,0,0
*** Trama sin '*CRC' reconocible. ***

=== Registro 3800 (801/1081) ===

<-- Respuesta cruda: $CFG,ACK,LOGREAD,3800,2026-07-22 06:27:03,HEARTBEAT_RECEIVED,0,0
*** Trama sin '*CRC' reconocible. ***

=== Registro 3801 (802/1081) ===

<-- Respuesta cruda: $CFG,ACK,LOGREAD,3801,2026-07-22 06:27:06,SERVER_ACK,48,0
*** Trama sin '*CRC' reconocible. ***

=== Registro 3802 (803/1081) ===

<-- Respuesta cruda: $CFG,ACK,LOGREAD,3802,2026-07-22 06:28:03,SEND_OK,0,0
*** Trama sin '*CRC' reconocible. ***

=== Registro 3803 (804/1081) ===

<-- Respuesta cruda: $CFG,ACK,LOGREAD,3803,2026-07-22 06:28:03,SERVER_ACK,48,0
*** Trama sin '*CRC' reconocible. ***

=== Registro 3804 (805/1081) ===

<-- Respuesta cruda: $CFG,BAD_CRC,LOGREAD,3804,2026-07-22 06:28:06,HEARTBEAT_RECEIVED,0,0
*** Trama sin '*CRC' reconocible. ***

=== Registro 3805 (806/1081) ===

<-- Respuesta cruda: $CFG,BAD_CRC,LOGREAD,3805,0000-00-168 05:29:03,SEND_OK,0,0
*** Trama sin '*CRC' reconocible. ***

=== Registro 3806 (807/1081) ===

<-- Respuesta cruda: $CFG,ACK,LOGREAD,3806,2026-07-22 06:29:03,SERVER_ACK,48,0
*** Trama sin '*CRC' reconocible. ***

=== Registro 3807 (808/1081) ===

<-- Respuesta cruda: $CFG,ACK,LOGREAD,3807,2026-07-22 06:29:09,HEARTBEAT_RECEIVED,0,0
*** Trama sin '*CRC' reconocible. ***

=== Registro 3808 (809/1081) ===

<-- Respuesta cruda: $CFG,ACK,LOGREAD,3808,2026-07-22 06:30:03,SEND_OK,0,0
*** Trama sin '*CRC' reconocible. ***

=== Registro 3809 (810/1081) ===

<-- Respuesta cruda: $CFG,ACK,LOGREAD,3809,2026-07-22 06:30:03,SERVER_ACK,48,0
*** Trama sin '*CRC' reconocible. ***

=== Registro 3810 (811/1081) ===

<-- Respuesta cruda: $CFG,ACK,LOGREAD,3810,2026-07-22 06:30:12,HEARTBEAT_RECEIVED,0,0
*** Trama sin '*CRC' reconocible. ***

=== Registro 3811 (812/1081) ===

<-- Respuesta cruda: $CFG,BAD_CRC,LOGREAD,3811,2026-07-22 06:31:03,SEND_OK,1174675712,12288
*** Trama sin '*CRC' reconocible. ***

=== Registro 3812 (813/1081) ===

<-- Respuesta cruda: $CFG,BAD_CRC,LOGREAD,3812,0000-00-46 252:31:03,SERVER_ACK,48,0
*** Trama sin '*CRC' reconocible. ***

=== Registro 3813 (814/1081) ===

<-- Respuesta cruda: $CFG,ACK,LOGREAD,3813,2026-07-22 06:31:15,HEARTBEAT_RECEIVED,0,0
*** Trama sin '*CRC' reconocible. ***

=== Registro 3814 (815/1081) ===

<-- Respuesta cruda: $CFG,ACK,LOGREAD,3814,2026-07-22 06:32:03,SEND_OK,0,0
*** Trama sin '*CRC' reconocible. ***

=== Registro 3815 (816/1081) ===

<-- Respuesta cruda: $CFG,ACK,LOGREAD,3815,2026-07-22 06:32:04,SERVER_ACK,48,0
*** Trama sin '*CRC' reconocible. ***

=== Registro 3816 (817/1081) ===

<-- Respuesta cruda: $CFG,ACK,LOGREAD,3816,2026-07-22 06:32:18,HEARTBEAT_RECEIVED,0,0
*** Trama sin '*CRC' reconocible. ***

=== Registro 3817 (818/1081) ===

<-- Respuesta cruda: $CFG,ACK,LOGREAD,3817,2026-07-22 06:33:03,SEND_OK,0,0
*** Trama sin '*CRC' reconocible. ***

=== Registro 3818 (819/1081) ===

<-- Respuesta cruda: $CFG,BAD_CRC,LOGREAD,3818,2026-07-22 06:00:00,UNKNOWN,1143740196,0
*** Trama sin '*CRC' reconocible. ***

=== Registro 3819 (820/1081) ===

<-- Respuesta cruda: $CFG,ACK,LOGREAD,3819,2026-07-22 06:33:21,HEARTBEAT_RECEIVED,0,0
*** Trama sin '*CRC' reconocible. ***

=== Registro 3820 (821/1081) ===

<-- Respuesta cruda: $CFG,ACK,LOGREAD,3820,2026-07-22 06:34:04,SEND_OK,0,0
*** Trama sin '*CRC' reconocible. ***

=== Registro 3821 (822/1081) ===

<-- Respuesta cruda: $CFG,ACK,LOGREAD,3821,2026-07-22 06:34:24,HEARTBEAT_RECEIVED,0,0
*** Trama sin '*CRC' reconocible. ***

=== Registro 3822 (823/1081) ===

<-- Respuesta cruda: $CFG,ACK,LOGREAD,3822,2026-07-22 06:34:31,CID_RECEIVED,0,0
*** Trama sin '*CRC' reconocible. ***

=== Registro 3823 (824/1081) ===

<-- Respuesta cruda: $CFG,ACK,LOGREAD,3823,2026-07-22 06:34:31,SEND_OK,0,0
*** Trama sin '*CRC' reconocible. ***

=== Registro 3824 (825/1081) ===

<-- Respuesta cruda: $CFG,ACK,LOGREAD,3824,2026-07-22 06:34:32,SERVER_ACK,48,0
*** Trama sin '*CRC' reconocible. ***

=== Registro 3825 (826/1081) ===

<-- Respuesta cruda: $CFG,BAD_CRC,LOGREAD,3825,0000-00-16 96:34:32,SERVER_ACK,0,0
*** Trama sin '*CRC' reconocible. ***

=== Registro 3826 (827/1081) ===

<-- Respuesta cruda: $CFG,ACK,LOGREAD,3826,2026-07-22 06:35:32,SEND_OK,0,0
*** Trama sin '*CRC' reconocible. ***

=== Registro 3827 (828/1081) ===

<-- Respuesta cruda: $CFG,ACK,LOGREAD,3827,2026-07-22 06:35:32,SERVER_ACK,48,0
*** Trama sin '*CRC' reconocible. ***

=== Registro 3828 (829/1081) ===

<-- Respuesta cruda: $CFG,ACK,LOGREAD,3828,2026-07-22 06:35:35,HEARTBEAT_RECEIVED,0,0
*** Trama sin '*CRC' reconocible. ***

=== Registro 3829 (830/1081) ===

<-- Respuesta cruda: $CFG,ACK,LOGREAD,3829,2026-07-22 06:36:32,SEND_OK,0,0
*** Trama sin '*CRC' reconocible. ***

=== Registro 3830 (831/1081) ===

<-- Respuesta cruda: $CFG,ACK,LOGREAD,3830,2026-07-22 06:36:32,SERVER_ACK,48,0
*** Trama sin '*CRC' reconocible. ***

=== Registro 3831 (832/1081) ===

<-- Respuesta cruda: $CFG,BAD_CRC,LOGREAD,3831,2026-07-22 06:36:38,HEARTBEAT_RECEIVED,0,0
*** Trama sin '*CRC' reconocible. ***

=== Registro 3832 (833/1081) ===

<-- Respuesta cruda: $CFG,BAD_CRC,LOGREAD,3832,0000-00-112 149:37:32,SEND_OK,0,0
*** Trama sin '*CRC' reconocible. ***

=== Registro 3833 (834/1081) ===

<-- Respuesta cruda: $CFG,ACK,LOGREAD,3833,2026-07-22 06:37:32,SERVER_ACK,48,0
*** Trama sin '*CRC' reconocible. ***

=== Registro 3834 (835/1081) ===

<-- Respuesta cruda: $CFG,ACK,LOGREAD,3834,2026-07-22 06:37:41,HEARTBEAT_RECEIVED,0,0
*** Trama sin '*CRC' reconocible. ***

=== Registro 3835 (836/1081) ===

<-- Respuesta cruda: $CFG,ACK,LOGREAD,3835,2026-07-22 06:38:32,SEND_OK,0,0
*** Trama sin '*CRC' reconocible. ***

=== Registro 3836 (837/1081) ===

<-- Respuesta cruda: $CFG,ACK,LOGREAD,3836,2026-07-22 06:38:32,SERVER_ACK,48,0
*** Trama sin '*CRC' reconocible. ***

=== Registro 3837 (838/1081) ===

<-- Respuesta cruda: $CFG,ACK,LOGREAD,3837,2026-07-22 06:38:44,HEARTBEAT_RECEIVED,0,0
*** Trama sin '*CRC' reconocible. ***

=== Registro 3838 (839/1081) ===

<-- Respuesta cruda: $CFG,BAD_CRC,LOGREAD,3838,2026-07-22 06:39:32,SEND_OK,1176578310,12288
*** Trama sin '*CRC' reconocible. ***

=== Registro 3839 (840/1081) ===

<-- Respuesta cruda: $CFG,BAD_CRC,LOGREAD,3839,0000-00-242 196:39:34,SERVER_ACK,48,0
*** Trama sin '*CRC' reconocible. ***

=== Registro 3840 (841/1081) ===

<-- Respuesta cruda: $CFG,ACK,LOGREAD,3840,2026-07-22 06:39:47,HEARTBEAT_RECEIVED,0,0
*** Trama sin '*CRC' reconocible. ***

=== Registro 3841 (842/1081) ===

<-- Respuesta cruda: $CFG,ACK,LOGREAD,3841,2026-07-22 06:40:32,SEND_OK,0,0
*** Trama sin '*CRC' reconocible. ***

=== Registro 3842 (843/1081) ===

<-- Respuesta cruda: $CFG,ACK,LOGREAD,3842,2026-07-22 06:40:33,SERVER_ACK,48,0
*** Trama sin '*CRC' reconocible. ***

=== Registro 3843 (844/1081) ===

<-- Respuesta cruda: $CFG,ACK,LOGREAD,3843,2026-07-22 06:40:50,HEARTBEAT_RECEIVED,0,0
*** Trama sin '*CRC' reconocible. ***

=== Registro 3844 (845/1081) ===

<-- Respuesta cruda: $CFG,ACK,LOGREAD,3844,2026-07-22 06:41:33,SEND_OK,0,0
*** Trama sin '*CRC' reconocible. ***

=== Registro 3845 (846/1081) ===

<-- Respuesta cruda: $CFG,BAD_CRC,LOGREAD,3845,2026-07-22 194:00:00,UNKNOWN,1127881441,0
*** Trama sin '*CRC' reconocible. ***

=== Registro 3846 (847/1081) ===

<-- Respuesta cruda: $CFG,ACK,LOGREAD,3846,2026-07-22 06:41:53,HEARTBEAT_RECEIVED,0,0
*** Trama sin '*CRC' reconocible. ***

=== Registro 3847 (848/1081) ===

<-- Respuesta cruda: $CFG,ACK,LOGREAD,3847,2026-07-22 06:42:33,SEND_OK,0,0
*** Trama sin '*CRC' reconocible. ***

=== Registro 3848 (849/1081) ===

<-- Respuesta cruda: $CFG,ACK,LOGREAD,3848,2026-07-22 06:42:33,SERVER_ACK,48,0
*** Trama sin '*CRC' reconocible. ***

=== Registro 3849 (850/1081) ===

<-- Respuesta cruda: $CFG,ACK,LOGREAD,3849,2026-07-22 06:42:56,HEARTBEAT_RECEIVED,0,0
*** Trama sin '*CRC' reconocible. ***

=== Registro 3850 (851/1081) ===

<-- Respuesta cruda: $CFG,ACK,LOGREAD,3850,2026-07-22 06:43:33,SEND_OK,0,0
*** Trama sin '*CRC' reconocible. ***

=== Registro 3851 (852/1081) ===

<-- Respuesta cruda: $CFG,BAD_CRC,LOGREAD,3851,2026-07-22 06:43:33,SERVER_ACK,48,0
*** Trama sin '*CRC' reconocible. ***

=== Registro 3852 (853/1081) ===

<-- Respuesta cruda: $CFG,BAD_CRC,LOGREAD,3852,0000-00-214 78:43:59,HEARTBEAT_RECEIVED,0,0
*** Trama sin '*CRC' reconocible. ***

=== Registro 3853 (854/1081) ===

<-- Respuesta cruda: $CFG,ACK,LOGREAD,3853,2026-07-22 06:44:33,SEND_OK,0,0
*** Trama sin '*CRC' reconocible. ***

=== Registro 3854 (855/1081) ===

<-- Respuesta cruda: $CFG,ACK,LOGREAD,3854,2026-07-22 06:44:33,SERVER_ACK,48,0
*** Trama sin '*CRC' reconocible. ***

=== Registro 3855 (856/1081) ===

<-- Respuesta cruda: $CFG,ACK,LOGREAD,3855,2026-07-22 06:45:02,HEARTBEAT_RECEIVED,0,0
*** Trama sin '*CRC' reconocible. ***

=== Registro 3856 (857/1081) ===

<-- Respuesta cruda: $CFG,ACK,LOGREAD,3856,2026-07-22 06:45:33,SEND_OK,0,0
*** Trama sin '*CRC' reconocible. ***

=== Registro 3857 (858/1081) ===

<-- Respuesta cruda: $CFG,ACK,LOGREAD,3857,2026-07-22 06:45:33,SERVER_ACK,48,0
*** Trama sin '*CRC' reconocible. ***

=== Registro 3858 (859/1081) ===

<-- Respuesta cruda: $CFG,BAD_CRC,LOGREAD,3858,2026-07-22 06:46:32,RS232_TIMEOUT,0,0
*** Trama sin '*CRC' reconocible. ***

=== Registro 3859 (860/1081) ===

<-- Respuesta cruda: $CFG,BAD_CRC,LOGREAD,3859,0000-00-163 208:46:33,SEND_OK,0,0
*** Trama sin '*CRC' reconocible. ***

=== Registro 3860 (861/1081) ===

<-- Respuesta cruda: $CFG,ACK,LOGREAD,3860,2026-07-22 06:46:34,SERVER_ACK,48,0
*** Trama sin '*CRC' reconocible. ***

=== Registro 3861 (862/1081) ===

<-- Respuesta cruda: $CFG,ACK,LOGREAD,3861,2026-07-22 06:47:12,CID_RECEIVED,0,0
*** Trama sin '*CRC' reconocible. ***

=== Registro 3862 (863/1081) ===

<-- Respuesta cruda: $CFG,ACK,LOGREAD,3862,2026-07-22 06:47:12,RS232_RESTORED,0,0
*** Trama sin '*CRC' reconocible. ***

=== Registro 3863 (864/1081) ===

<-- Respuesta cruda: $CFG,ACK,LOGREAD,3863,2026-07-22 06:47:12,SEND_OK,0,0
*** Trama sin '*CRC' reconocible. ***

=== Registro 3864 (865/1081) ===

<-- Respuesta cruda: $CFG,ACK,LOGREAD,3864,2026-07-22 06:47:13,SERVER_ACK,48,0
*** Trama sin '*CRC' reconocible. ***

=== Registro 3865 (866/1081) ===

<-- Respuesta cruda: $CFG,BAD_CRC,LOGREAD,3865,2026-07-22 06:47:13,SERVER_ACK,1141256454,0
*** Trama sin '*CRC' reconocible. ***

=== Registro 3866 (867/1081) ===

<-- Respuesta cruda: $CFG,BAD_CRC,LOGREAD,3866,0000-00-155 243:48:02,CID_RECEIVED,0,0
*** Trama sin '*CRC' reconocible. ***

=== Registro 3867 (868/1081) ===

<-- Respuesta cruda: $CFG,ACK,LOGREAD,3867,2026-07-22 06:48:02,SEND_OK,0,0
*** Trama sin '*CRC' reconocible. ***

=== Registro 3868 (869/1081) ===

<-- Respuesta cruda: $CFG,ACK,LOGREAD,3868,2026-07-22 06:48:03,SERVER_ACK,48,0
*** Trama sin '*CRC' reconocible. ***

=== Registro 3869 (870/1081) ===

<-- Respuesta cruda: $CFG,ACK,LOGREAD,3869,2026-07-22 06:48:03,SERVER_ACK,0,0
*** Trama sin '*CRC' reconocible. ***

=== Registro 3870 (871/1081) ===

<-- Respuesta cruda: $CFG,ACK,LOGREAD,3870,2026-07-22 06:49:03,SEND_OK,0,0
*** Trama sin '*CRC' reconocible. ***

=== Registro 3871 (872/1081) ===

<-- Respuesta cruda: $CFG,ACK,LOGREAD,3871,2026-07-22 06:49:03,SERVER_ACK,48,0
*** Trama sin '*CRC' reconocible. ***

=== Registro 3872 (873/1081) ===

<-- Respuesta cruda: $CFG,BAD_CRC,LOGREAD,3872,2026-07-76 247:00:00,UNKNOWN,1143152499,0
*** Trama sin '*CRC' reconocible. ***

=== Registro 3873 (874/1081) ===

<-- Respuesta cruda: $CFG,ACK,LOGREAD,3873,2026-07-22 06:50:03,SEND_OK,0,0
*** Trama sin '*CRC' reconocible. ***

=== Registro 3874 (875/1081) ===

<-- Respuesta cruda: $CFG,ACK,LOGREAD,3874,2026-07-22 06:50:03,SERVER_ACK,48,0
*** Trama sin '*CRC' reconocible. ***

=== Registro 3875 (876/1081) ===

<-- Respuesta cruda: $CFG,ACK,LOGREAD,3875,2026-07-22 06:50:09,HEARTBEAT_RECEIVED,0,0
*** Trama sin '*CRC' reconocible. ***

=== Registro 3876 (877/1081) ===

<-- Respuesta cruda: $CFG,ACK,LOGREAD,3876,2026-07-22 06:51:03,SEND_OK,0,0
*** Trama sin '*CRC' reconocible. ***

=== Registro 3877 (878/1081) ===

<-- Respuesta cruda: $CFG,ACK,LOGREAD,3877,2026-07-22 06:51:03,SERVER_ACK,48,0
*** Trama sin '*CRC' reconocible. ***

=== Registro 3878 (879/1081) ===

<-- Respuesta cruda: $CFG,BAD_CRC,LOGREAD,3878,2026-07-22 06:51:12,HEARTBEAT_RECEIVED,0,0
*** Trama sin '*CRC' reconocible. ***

=== Registro 3879 (880/1081) ===

<-- Respuesta cruda: $CFG,BAD_CRC,LOGREAD,3879,0000-00-213 115:52:03,SEND_OK,0,0
*** Trama sin '*CRC' reconocible. ***

=== Registro 3880 (881/1081) ===

<-- Respuesta cruda: $CFG,ACK,LOGREAD,3880,2026-07-22 06:52:03,SERVER_ACK,48,0
*** Trama sin '*CRC' reconocible. ***

=== Registro 3881 (882/1081) ===

<-- Respuesta cruda: $CFG,ACK,LOGREAD,3881,2026-07-22 06:52:15,HEARTBEAT_RECEIVED,0,0
*** Trama sin '*CRC' reconocible. ***

=== Registro 3882 (883/1081) ===

<-- Respuesta cruda: $CFG,ACK,LOGREAD,3882,2026-07-22 06:53:03,SEND_OK,0,0
*** Trama sin '*CRC' reconocible. ***

=== Registro 3883 (884/1081) ===

<-- Respuesta cruda: $CFG,ACK,LOGREAD,3883,2026-07-22 06:53:04,SERVER_ACK,48,0
*** Trama sin '*CRC' reconocible. ***

=== Registro 3884 (885/1081) ===

<-- Respuesta cruda: $CFG,ACK,LOGREAD,3884,2026-07-22 06:53:18,HEARTBEAT_RECEIVED,0,0
*** Trama sin '*CRC' reconocible. ***

=== Registro 3885 (886/1081) ===

<-- Respuesta cruda: $CFG,BAD_CRC,LOGREAD,3885,2026-07-22 06:54:03,SEND_OK,1174405120,12288
*** Trama sin '*CRC' reconocible. ***

=== Registro 3886 (887/1081) ===

<-- Respuesta cruda: $CFG,BAD_CRC,LOGREAD,3886,0000-00-163 211:54:04,SERVER_ACK,48,0
*** Trama sin '*CRC' reconocible. ***

=== Registro 3887 (888/1081) ===

<-- Respuesta cruda: $CFG,ACK,LOGREAD,3887,2026-07-22 06:54:21,HEARTBEAT_RECEIVED,0,0
*** Trama sin '*CRC' reconocible. ***

=== Registro 3888 (889/1081) ===

<-- Respuesta cruda: $CFG,ACK,LOGREAD,3888,2026-07-22 06:55:04,SEND_OK,0,0
*** Trama sin '*CRC' reconocible. ***

=== Registro 3889 (890/1081) ===

<-- Respuesta cruda: $CFG,ACK,LOGREAD,3889,2026-07-22 06:55:04,SERVER_ACK,48,0
*** Trama sin '*CRC' reconocible. ***

=== Registro 3890 (891/1081) ===

<-- Respuesta cruda: $CFG,ACK,LOGREAD,3890,2026-07-22 06:55:24,HEARTBEAT_RECEIVED,0,0
*** Trama sin '*CRC' reconocible. ***

=== Registro 3891 (892/1081) ===

<-- Respuesta cruda: $CFG,ACK,LOGREAD,3891,2026-07-22 06:56:04,SEND_OK,0,0
*** Trama sin '*CRC' reconocible. ***

=== Registro 3892 (893/1081) ===

<-- Respuesta cruda: $CFG,BAD_CRC,LOGREAD,3892,2026-07-22 06:56:04,SIM_PIN_REQUIRED,1143028230,0
*** Trama sin '*CRC' reconocible. ***

=== Registro 3893 (894/1081) ===

<-- Respuesta cruda: $CFG,BAD_CRC,LOGREAD,3893,0000-00-107 110:56:27,HEARTBEAT_RECEIVED,0,0
*** Trama sin '*CRC' reconocible. ***

=== Registro 3894 (895/1081) ===

<-- Respuesta cruda: $CFG,ACK,LOGREAD,3894,2026-07-22 06:57:04,SEND_OK,0,0
*** Trama sin '*CRC' reconocible. ***

=== Registro 3895 (896/1081) ===

<-- Respuesta cruda: $CFG,ACK,LOGREAD,3895,2026-07-22 06:57:04,SERVER_ACK,48,0
*** Trama sin '*CRC' reconocible. ***

=== Registro 3896 (897/1081) ===

<-- Respuesta cruda: $CFG,ACK,LOGREAD,3896,2026-07-22 06:57:30,HEARTBEAT_RECEIVED,0,0
*** Trama sin '*CRC' reconocible. ***

=== Registro 3897 (898/1081) ===

<-- Respuesta cruda: $CFG,ACK,LOGREAD,3897,2026-07-22 06:58:04,SEND_OK,0,0
*** Trama sin '*CRC' reconocible. ***

=== Registro 3898 (899/1081) ===

<-- Respuesta cruda: $CFG,ACK,LOGREAD,3898,2026-07-22 06:58:04,SERVER_ACK,48,0
*** Trama sin '*CRC' reconocible. ***

=== Registro 3899 (900/1081) ===

<-- Respuesta cruda: $CFG,BAD_CRC,LOGREAD,3899,2026-00-176 78:00:00,UNKNOWN,1175398634,12288
*** Trama sin '*CRC' reconocible. ***

=== Registro 3900 (901/1081) ===

<-- Respuesta cruda: $CFG,ACK,LOGREAD,3900,2026-07-22 06:59:04,SEND_OK,0,0
*** Trama sin '*CRC' reconocible. ***

=== Registro 3901 (902/1081) ===

<-- Respuesta cruda: $CFG,ACK,LOGREAD,3901,2026-07-22 06:59:36,HEARTBEAT_RECEIVED,0,0
*** Trama sin '*CRC' reconocible. ***

=== Registro 3902 (903/1081) ===

<-- Respuesta cruda: $CFG,ACK,LOGREAD,3902,2026-07-22 07:00:04,SEND_OK,0,0
*** Trama sin '*CRC' reconocible. ***

=== Registro 3903 (904/1081) ===

<-- Respuesta cruda: $CFG,ACK,LOGREAD,3903,2026-07-22 07:00:05,SERVER_ACK,48,0
*** Trama sin '*CRC' reconocible. ***

=== Registro 3904 (905/1081) ===

<-- Respuesta cruda: $CFG,ACK,LOGREAD,3904,2026-07-22 07:00:39,HEARTBEAT_RECEIVED,0,0
*** Trama sin '*CRC' reconocible. ***

=== Registro 3905 (906/1081) ===

<-- Respuesta cruda: $CFG,BAD_CRC,LOGREAD,3905,2026-07-22 07:01:04,SEND_OK,0,0
*** Trama sin '*CRC' reconocible. ***

=== Registro 3906 (907/1081) ===

<-- Respuesta cruda: $CFG,BAD_CRC,LOGREAD,3906,0000-00-78 09:01:05,SERVER_ACK,48,0
*** Trama sin '*CRC' reconocible. ***

=== Registro 3907 (908/1081) ===

<-- Respuesta cruda: $CFG,ACK,LOGREAD,3907,2026-07-22 07:01:42,HEARTBEAT_RECEIVED,0,0
*** Trama sin '*CRC' reconocible. ***

=== Registro 3908 (909/1081) ===

<-- Respuesta cruda: $CFG,ACK,LOGREAD,3908,2026-07-22 07:02:05,SEND_OK,0,0
*** Trama sin '*CRC' reconocible. ***

=== Registro 3909 (910/1081) ===

<-- Respuesta cruda: $CFG,ACK,LOGREAD,3909,2026-07-22 07:02:05,SERVER_ACK,48,0
*** Trama sin '*CRC' reconocible. ***

=== Registro 3910 (911/1081) ===

<-- Respuesta cruda: $CFG,ACK,LOGREAD,3910,2026-07-22 07:02:45,HEARTBEAT_RECEIVED,0,0
*** Trama sin '*CRC' reconocible. ***

=== Registro 3911 (912/1081) ===

<-- Respuesta cruda: $CFG,ACK,LOGREAD,3911,2026-07-22 07:03:05,SEND_OK,0,0
*** Trama sin '*CRC' reconocible. ***

=== Registro 3912 (913/1081) ===

<-- Respuesta cruda: $CFG,BAD_CRC,LOGREAD,3912,2026-07-22 07:03:05,SERVER_ACK,1175781424,0
*** Trama sin '*CRC' reconocible. ***

=== Registro 3913 (914/1081) ===

<-- Respuesta cruda: $CFG,BAD_CRC,LOGREAD,3913,0000-00-228 18:03:48,HEARTBEAT_RECEIVED,0,0
*** Trama sin '*CRC' reconocible. ***

=== Registro 3914 (915/1081) ===

<-- Respuesta cruda: $CFG,ACK,LOGREAD,3914,2026-07-22 07:04:05,SEND_OK,0,0
*** Trama sin '*CRC' reconocible. ***

=== Registro 3915 (916/1081) ===

<-- Respuesta cruda: $CFG,ACK,LOGREAD,3915,2026-07-22 07:04:05,SERVER_ACK,48,0
*** Trama sin '*CRC' reconocible. ***

=== Registro 3916 (917/1081) ===

<-- Respuesta cruda: $CFG,ACK,LOGREAD,3916,2026-07-22 07:04:21,CID_RECEIVED,0,0
*** Trama sin '*CRC' reconocible. ***

=== Registro 3917 (918/1081) ===

<-- Respuesta cruda: $CFG,ACK,LOGREAD,3917,2026-07-22 07:04:21,SEND_OK,0,0
*** Trama sin '*CRC' reconocible. ***

=== Registro 3918 (919/1081) ===

<-- Respuesta cruda: $CFG,ACK,LOGREAD,3918,2026-07-22 07:04:21,SERVER_ACK,48,0
*** Trama sin '*CRC' reconocible. ***

=== Registro 3919 (920/1081) ===

<-- Respuesta cruda: $CFG,BAD_CRC,LOGREAD,3919,2026-07-22 07:04:07,SIM_PIN_REQUIRED,907413255,0
*** Trama sin '*CRC' reconocible. ***

=== Registro 3920 (921/1081) ===

<-- Respuesta cruda: $CFG,BAD_CRC,LOGREAD,3920,0000-00-00 176:05:22,SEND_OK,0,0
*** Trama sin '*CRC' reconocible. ***

=== Registro 3921 (922/1081) ===

<-- Respuesta cruda: $CFG,ACK,LOGREAD,3921,2026-07-22 07:05:22,SERVER_ACK,48,0
*** Trama sin '*CRC' reconocible. ***

=== Registro 3922 (923/1081) ===

<-- Respuesta cruda: $CFG,ACK,LOGREAD,3922,2026-07-22 07:05:24,HEARTBEAT_RECEIVED,0,0
*** Trama sin '*CRC' reconocible. ***

=== Registro 3923 (924/1081) ===

<-- Respuesta cruda: $CFG,ACK,LOGREAD,3923,2026-07-22 07:06:22,SEND_OK,0,0
*** Trama sin '*CRC' reconocible. ***

=== Registro 3924 (925/1081) ===

<-- Respuesta cruda: $CFG,ACK,LOGREAD,3924,2026-07-22 07:06:22,SERVER_ACK,48,0
*** Trama sin '*CRC' reconocible. ***

=== Registro 3925 (926/1081) ===

<-- Respuesta cruda: $CFG,ACK,LOGREAD,3925,2026-07-22 07:06:27,HEARTBEAT_RECEIVED,0,0
*** Trama sin '*CRC' reconocible. ***

=== Registro 3926 (927/1081) ===

<-- Respuesta cruda: $CFG,BAD_CRC,LOGREAD,3926,0234-00-150 160:00:00,UNKNOWN,908275668,0
*** Trama sin '*CRC' reconocible. ***

=== Registro 3927 (928/1081) ===

<-- Respuesta cruda: $CFG,ACK,LOGREAD,3927,2026-07-22 07:07:22,SERVER_ACK,48,0
*** Trama sin '*CRC' reconocible. ***

=== Registro 3928 (929/1081) ===

<-- Respuesta cruda: $CFG,ACK,LOGREAD,3928,2026-07-22 07:07:30,HEARTBEAT_RECEIVED,0,0
*** Trama sin '*CRC' reconocible. ***

=== Registro 3929 (930/1081) ===

<-- Respuesta cruda: $CFG,ACK,LOGREAD,3929,2026-07-22 07:08:22,SEND_OK,0,0
*** Trama sin '*CRC' reconocible. ***

=== Registro 3930 (931/1081) ===

<-- Respuesta cruda: $CFG,ACK,LOGREAD,3930,2026-07-22 07:08:22,SERVER_ACK,48,0
*** Trama sin '*CRC' reconocible. ***

=== Registro 3931 (932/1081) ===

<-- Respuesta cruda: $CFG,ACK,LOGREAD,3931,2026-07-22 07:08:34,HEARTBEAT_RECEIVED,0,0
*** Trama sin '*CRC' reconocible. ***

=== Registro 3932 (933/1081) ===

<-- Respuesta cruda: $CFG,BAD_CRC,LOGREAD,3932,2026-07-22 07:09:22,SEND_OK,0,0
*** Trama sin '*CRC' reconocible. ***

=== Registro 3933 (934/1081) ===

<-- Respuesta cruda: $CFG,BAD_CRC,LOGREAD,3933,0000-00-104 231:09:26,SERVER_ACK,48,0
*** Trama sin '*CRC' reconocible. ***

=== Registro 3934 (935/1081) ===

<-- Respuesta cruda: $CFG,ACK,LOGREAD,3934,2026-07-22 07:09:36,HEARTBEAT_RECEIVED,0,0
*** Trama sin '*CRC' reconocible. ***

=== Registro 3935 (936/1081) ===

<-- Respuesta cruda: $CFG,ACK,LOGREAD,3935,2026-07-22 07:10:22,SEND_OK,0,0
*** Trama sin '*CRC' reconocible. ***

=== Registro 3936 (937/1081) ===

<-- Respuesta cruda: $CFG,ACK,LOGREAD,3936,2026-07-22 07:10:28,SERVER_ACK,48,0
*** Trama sin '*CRC' reconocible. ***

=== Registro 3937 (938/1081) ===

<-- Respuesta cruda: $CFG,ACK,LOGREAD,3937,2026-07-22 07:10:39,HEARTBEAT_RECEIVED,0,0
*** Trama sin '*CRC' reconocible. ***

=== Registro 3938 (939/1081) ===

<-- Respuesta cruda: $CFG,ACK,LOGREAD,3938,2026-07-22 07:11:22,SEND_OK,0,0
*** Trama sin '*CRC' reconocible. ***

=== Registro 3939 (940/1081) ===

<-- Respuesta cruda: $CFG,BAD_CRC,LOGREAD,3939,2026-07-22 07:11:23,SERVER_ACK,1143999792,0
*** Trama sin '*CRC' reconocible. ***

=== Registro 3940 (941/1081) ===

<-- Respuesta cruda: $CFG,BAD_CRC,LOGREAD,3940,0000-00-199 247:11:43,HEARTBEAT_RECEIVED,0,0
*** Trama sin '*CRC' reconocible. ***

=== Registro 3941 (942/1081) ===

<-- Respuesta cruda: $CFG,ACK,LOGREAD,3941,2026-07-22 07:12:23,SEND_OK,0,0
*** Trama sin '*CRC' reconocible. ***

=== Registro 3942 (943/1081) ===

<-- Respuesta cruda: $CFG,ACK,LOGREAD,3942,2026-07-22 07:12:23,SERVER_ACK,48,0
*** Trama sin '*CRC' reconocible. ***

=== Registro 3943 (944/1081) ===

<-- Respuesta cruda: $CFG,ACK,LOGREAD,3943,2026-07-22 07:12:46,HEARTBEAT_RECEIVED,0,0
*** Trama sin '*CRC' reconocible. ***

=== Registro 3944 (945/1081) ===

<-- Respuesta cruda: $CFG,ACK,LOGREAD,3944,2026-07-22 07:13:23,SEND_OK,0,0
*** Trama sin '*CRC' reconocible. ***

=== Registro 3945 (946/1081) ===

<-- Respuesta cruda: $CFG,ACK,LOGREAD,3945,2026-07-22 07:13:23,SERVER_ACK,48,0
*** Trama sin '*CRC' reconocible. ***

=== Registro 3946 (947/1081) ===

<-- Respuesta cruda: $CFG,BAD_CRC,LOGREAD,3946,2026-07-22 07:00:00,UNKNOWN,1176908969,12288
*** Trama sin '*CRC' reconocible. ***

=== Registro 3947 (948/1081) ===

<-- Respuesta cruda: $CFG,ACK,LOGREAD,3947,2026-07-22 07:14:23,SEND_OK,0,0
*** Trama sin '*CRC' reconocible. ***

=== Registro 3948 (949/1081) ===

<-- Respuesta cruda: $CFG,ACK,LOGREAD,3948,2026-07-22 07:14:23,SERVER_ACK,48,0
*** Trama sin '*CRC' reconocible. ***

=== Registro 3949 (950/1081) ===

<-- Respuesta cruda: $CFG,ACK,LOGREAD,3949,2026-07-22 07:14:52,HEARTBEAT_RECEIVED,0,0
*** Trama sin '*CRC' reconocible. ***

=== Registro 3950 (951/1081) ===

<-- Respuesta cruda: $CFG,ACK,LOGREAD,3950,2026-07-22 07:15:23,SEND_OK,0,0
*** Trama sin '*CRC' reconocible. ***

=== Registro 3951 (952/1081) ===

<-- Respuesta cruda: $CFG,ACK,LOGREAD,3951,2026-07-22 07:15:23,SERVER_ACK,48,0
*** Trama sin '*CRC' reconocible. ***

=== Registro 3952 (953/1081) ===

<-- Respuesta cruda: $CFG,ACK,LOGREAD,3952,2026-07-22 07:15:55,HEARTBEAT_RECEIVED,0,0
*** Trama sin '*CRC' reconocible. ***

=== Registro 3953 (954/1081) ===

<-- Respuesta cruda: $CFG,BAD_CRC,LOGREAD,3953,0000-00-83 32:16:23,SEND_OK,0,0
*** Trama sin '*CRC' reconocible. ***

=== Registro 3954 (955/1081) ===

<-- Respuesta cruda: $CFG,ACK,LOGREAD,3954,2026-07-22 07:16:23,SERVER_ACK,48,0
*** Trama sin '*CRC' reconocible. ***

=== Registro 3955 (956/1081) ===

<-- Respuesta cruda: $CFG,ACK,LOGREAD,3955,2026-07-22 07:16:58,HEARTBEAT_RECEIVED,0,0
*** Trama sin '*CRC' reconocible. ***

=== Registro 3956 (957/1081) ===

<-- Respuesta cruda: $CFG,ACK,LOGREAD,3956,2026-07-22 07:17:23,SEND_OK,0,0
*** Trama sin '*CRC' reconocible. ***

=== Registro 3957 (958/1081) ===

<-- Respuesta cruda: $CFG,ACK,LOGREAD,3957,2026-07-22 07:17:24,SERVER_ACK,48,0
*** Trama sin '*CRC' reconocible. ***

=== Registro 3958 (959/1081) ===

<-- Respuesta cruda: $CFG,ACK,LOGREAD,3958,2026-07-22 07:17:40,CID_RECEIVED,0,0
*** Trama sin '*CRC' reconocible. ***

=== Registro 3959 (960/1081) ===

<-- Respuesta cruda: $CFG,BAD_CRC,LOGREAD,3959,2026-07-22 07:17:40,SEND_OK,0,12288
*** Trama sin '*CRC' reconocible. ***

=== Registro 3960 (961/1081) ===

<-- Respuesta cruda: $CFG,BAD_CRC,LOGREAD,3960,0000-00-173 103:17:40,SERVER_ACK,48,0
*** Trama sin '*CRC' reconocible. ***

=== Registro 3961 (962/1081) ===

<-- Respuesta cruda: $CFG,ACK,LOGREAD,3961,2026-07-22 07:17:40,SERVER_ACK,0,0
*** Trama sin '*CRC' reconocible. ***

=== Registro 3962 (963/1081) ===

<-- Respuesta cruda: $CFG,ACK,LOGREAD,3962,2026-07-22 07:18:40,SEND_OK,0,0
*** Trama sin '*CRC' reconocible. ***

=== Registro 3963 (964/1081) ===

<-- Respuesta cruda: $CFG,ACK,LOGREAD,3963,2026-07-22 07:18:40,SERVER_ACK,48,0
*** Trama sin '*CRC' reconocible. ***

=== Registro 3964 (965/1081) ===

<-- Respuesta cruda: $CFG,ACK,LOGREAD,3964,2026-07-22 07:18:44,HEARTBEAT_RECEIVED,0,0
*** Trama sin '*CRC' reconocible. ***

=== Registro 3965 (966/1081) ===

<-- Respuesta cruda: $CFG,ACK,LOGREAD,3965,2026-07-22 07:19:40,SEND_OK,0,0
*** Trama sin '*CRC' reconocible. ***

=== Registro 3966 (967/1081) ===

<-- Respuesta cruda: $CFG,BAD_CRC,LOGREAD,3966,2026-07-22 07:19:41,SERVER_ACK,1144329479,0
*** Trama sin '*CRC' reconocible. ***

=== Registro 3967 (968/1081) ===

<-- Respuesta cruda: $CFG,BAD_CRC,LOGREAD,3967,0000-00-49 82:19:47,HEARTBEAT_RECEIVED,0,0
*** Trama sin '*CRC' reconocible. ***

=== Registro 3968 (969/1081) ===

<-- Respuesta cruda: $CFG,ACK,LOGREAD,3968,2026-07-22 07:20:40,SEND_OK,0,0
*** Trama sin '*CRC' reconocible. ***

=== Registro 3969 (970/1081) ===

<-- Respuesta cruda: $CFG,ACK,LOGREAD,3969,2026-07-22 07:20:41,SERVER_ACK,48,0
*** Trama sin '*CRC' reconocible. ***

=== Registro 3970 (971/1081) ===

<-- Respuesta cruda: $CFG,ACK,LOGREAD,3970,2026-07-22 07:20:50,HEARTBEAT_RECEIVED,0,0
*** Trama sin '*CRC' reconocible. ***

=== Registro 3971 (972/1081) ===

<-- Respuesta cruda: $CFG,ACK,LOGREAD,3971,2026-07-22 07:21:41,SEND_OK,0,0
*** Trama sin '*CRC' reconocible. ***

=== Registro 3972 (973/1081) ===

<-- Respuesta cruda: $CFG,ACK,LOGREAD,3972,2026-07-22 07:21:41,SERVER_ACK,48,0
*** Trama sin '*CRC' reconocible. ***

=== Registro 3973 (974/1081) ===

<-- Respuesta cruda: $CFG,BAD_CRC,LOGREAD,3973,2026-07-22 07:00:00,UNKNOWN,1174418736,12288
*** Trama sin '*CRC' reconocible. ***

=== Registro 3974 (975/1081) ===

<-- Respuesta cruda: $CFG,ACK,LOGREAD,3974,2026-07-22 07:22:41,SEND_OK,0,0
*** Trama sin '*CRC' reconocible. ***

=== Registro 3975 (976/1081) ===

<-- Respuesta cruda: $CFG,ACK,LOGREAD,3975,2026-07-22 07:22:41,SERVER_ACK,48,0
*** Trama sin '*CRC' reconocible. ***

=== Registro 3976 (977/1081) ===

<-- Respuesta cruda: $CFG,ACK,LOGREAD,3976,2026-07-22 07:22:56,HEARTBEAT_RECEIVED,0,0
*** Trama sin '*CRC' reconocible. ***

=== Registro 3977 (978/1081) ===

<-- Respuesta cruda: $CFG,ACK,LOGREAD,3977,2026-07-22 07:23:41,SEND_OK,0,0
*** Trama sin '*CRC' reconocible. ***

=== Registro 3978 (979/1081) ===

<-- Respuesta cruda: $CFG,ACK,LOGREAD,3978,2026-07-22 07:23:41,SERVER_ACK,48,0
*** Trama sin '*CRC' reconocible. ***

=== Registro 3979 (980/1081) ===

<-- Respuesta cruda: $CFG,BAD_CRC,LOGREAD,3979,2026-07-22 07:23:59,HEARTBEAT_RECEIVED,0,0
*** Trama sin '*CRC' reconocible. ***

=== Registro 3980 (981/1081) ===

<-- Respuesta cruda: $CFG,BAD_CRC,LOGREAD,3980,0000-00-45 230:24:41,SEND_OK,0,0
*** Trama sin '*CRC' reconocible. ***

=== Registro 3981 (982/1081) ===

<-- Respuesta cruda: $CFG,ACK,LOGREAD,3981,2026-07-22 07:24:41,SERVER_ACK,48,0
*** Trama sin '*CRC' reconocible. ***

=== Registro 3982 (983/1081) ===

<-- Respuesta cruda: $CFG,ACK,LOGREAD,3982,2026-07-22 07:25:02,HEARTBEAT_RECEIVED,0,0
*** Trama sin '*CRC' reconocible. ***

=== Registro 3983 (984/1081) ===

<-- Respuesta cruda: $CFG,ACK,LOGREAD,3983,2026-07-22 07:25:41,SEND_OK,0,0
*** Trama sin '*CRC' reconocible. ***

=== Registro 3984 (985/1081) ===

<-- Respuesta cruda: $CFG,ACK,LOGREAD,3984,2026-07-22 07:25:41,SERVER_ACK,48,0
*** Trama sin '*CRC' reconocible. ***

=== Registro 3985 (986/1081) ===

<-- Respuesta cruda: $CFG,ACK,LOGREAD,3985,2026-07-22 07:26:04,HEARTBEAT_RECEIVED,0,0
*** Trama sin '*CRC' reconocible. ***

=== Registro 3986 (987/1081) ===

<-- Respuesta cruda: $CFG,BAD_CRC,LOGREAD,3986,2026-07-22 07:26:41,SEND_OK,0,12288
*** Trama sin '*CRC' reconocible. ***

=== Registro 3987 (988/1081) ===

<-- Respuesta cruda: $CFG,BAD_CRC,LOGREAD,3987,0000-00-78 116:26:41,SERVER_ACK,48,0
*** Trama sin '*CRC' reconocible. ***

=== Registro 3988 (989/1081) ===

<-- Respuesta cruda: $CFG,ACK,LOGREAD,3988,2026-07-22 07:27:07,HEARTBEAT_RECEIVED,0,0
*** Trama sin '*CRC' reconocible. ***

=== Registro 3989 (990/1081) ===

<-- Respuesta cruda: $CFG,ACK,LOGREAD,3989,2026-07-22 07:27:41,SEND_OK,0,0
*** Trama sin '*CRC' reconocible. ***

=== Registro 3990 (991/1081) ===

<-- Respuesta cruda: $CFG,ACK,LOGREAD,3990,2026-07-22 07:27:41,SERVER_ACK,48,0
*** Trama sin '*CRC' reconocible. ***

=== Registro 3991 (992/1081) ===

<-- Respuesta cruda: $CFG,ACK,LOGREAD,3991,2026-07-22 07:28:10,HEARTBEAT_RECEIVED,0,0
*** Trama sin '*CRC' reconocible. ***

=== Registro 3992 (993/1081) ===

<-- Respuesta cruda: $CFG,ACK,LOGREAD,3992,2026-07-22 07:28:41,SEND_OK,0,0
*** Trama sin '*CRC' reconocible. ***

=== Registro 3993 (994/1081) ===

<-- Respuesta cruda: $CFG,BAD_CRC,LOGREAD,3993,2026-07-22 07:28:41,SERVER_ACK,1175395847,12288
*** Trama sin '*CRC' reconocible. ***

=== Registro 3994 (995/1081) ===

<-- Respuesta cruda: $CFG,BAD_CRC,LOGREAD,3994,0000-00-42 41:29:40,RS232_TIMEOUT,0,0
*** Trama sin '*CRC' reconocible. ***

=== Registro 3995 (996/1081) ===

<-- Respuesta cruda: $CFG,ACK,LOGREAD,3995,2026-07-22 07:29:41,SEND_OK,0,0
*** Trama sin '*CRC' reconocible. ***

=== Registro 3996 (997/1081) ===

<-- Respuesta cruda: $CFG,ACK,LOGREAD,3996,2026-07-22 07:29:41,SERVER_ACK,48,0
*** Trama sin '*CRC' reconocible. ***

=== Registro 3997 (998/1081) ===

<-- Respuesta cruda: $CFG,ACK,LOGREAD,3997,2026-07-22 07:30:15,CID_RECEIVED,0,0
*** Trama sin '*CRC' reconocible. ***

=== Registro 3998 (999/1081) ===

<-- Respuesta cruda: $CFG,ACK,LOGREAD,3998,2026-07-22 07:30:15,RS232_RESTORED,0,0
*** Trama sin '*CRC' reconocible. ***

=== Registro 3999 (1000/1081) ===

<-- Respuesta cruda: $CFG,ACK,LOGREAD,3999,2026-07-22 07:30:15,SEND_OK,0,0
*** Trama sin '*CRC' reconocible. ***

=== Registro 4000 (1001/1081) ===

<-- Respuesta cruda: $CFG,BAD_CRC,LOGREAD,4000,2026-07-214 131:00:00,UNKNOWN,907885421,0
*** Trama sin '*CRC' reconocible. ***

=== Registro 4001 (1002/1081) ===

<-- Respuesta cruda: $CFG,ACK,LOGREAD,4001,2026-07-22 07:30:15,SERVER_ACK,0,0
*** Trama sin '*CRC' reconocible. ***

=== Registro 4002 (1003/1081) ===

<-- Respuesta cruda: $CFG,ACK,LOGREAD,4002,2026-07-22 07:31:05,CID_RECEIVED,0,0
*** Trama sin '*CRC' reconocible. ***

=== Registro 4003 (1004/1081) ===

<-- Respuesta cruda: $CFG,ACK,LOGREAD,4003,2026-07-22 07:31:05,SEND_OK,0,0
*** Trama sin '*CRC' reconocible. ***

=== Registro 4004 (1005/1081) ===

<-- Respuesta cruda: $CFG,ACK,LOGREAD,4004,2026-07-22 07:31:06,SERVER_ACK,48,0
*** Trama sin '*CRC' reconocible. ***

=== Registro 4005 (1006/1081) ===

<-- Respuesta cruda: $CFG,ACK,LOGREAD,4005,2026-07-22 07:31:06,SERVER_ACK,0,0
*** Trama sin '*CRC' reconocible. ***

=== Registro 4006 (1007/1081) ===

<-- Respuesta cruda: $CFG,BAD_CRC,LOGREAD,4006,2026-07-22 07:32:06,SEND_OK,0,0
*** Trama sin '*CRC' reconocible. ***

=== Registro 4007 (1008/1081) ===

<-- Respuesta cruda: $CFG,BAD_CRC,LOGREAD,4007,0000-00-240 254:32:06,SERVER_ACK,48,0
*** Trama sin '*CRC' reconocible. ***

=== Registro 4008 (1009/1081) ===

<-- Respuesta cruda: $CFG,ACK,LOGREAD,4008,2026-07-22 07:32:09,HEARTBEAT_RECEIVED,0,0
*** Trama sin '*CRC' reconocible. ***

=== Registro 4009 (1010/1081) ===

<-- Respuesta cruda: $CFG,ACK,LOGREAD,4009,2026-07-22 07:33:06,SEND_OK,0,0
*** Trama sin '*CRC' reconocible. ***

=== Registro 4010 (1011/1081) ===

<-- Respuesta cruda: $CFG,ACK,LOGREAD,4010,2026-07-22 07:33:07,SERVER_ACK,48,0
*** Trama sin '*CRC' reconocible. ***

=== Registro 4011 (1012/1081) ===

<-- Respuesta cruda: $CFG,ACK,LOGREAD,4011,2026-07-22 07:33:12,HEARTBEAT_RECEIVED,0,0
*** Trama sin '*CRC' reconocible. ***

=== Registro 4012 (1013/1081) ===

<-- Respuesta cruda: $CFG,ACK,LOGREAD,4012,2026-07-22 07:34:06,SEND_OK,0,0
*** Trama sin '*CRC' reconocible. ***

=== Registro 4013 (1014/1081) ===

<-- Respuesta cruda: $CFG,BAD_CRC,LOGREAD,4013,2026-07-22 07:34:15,HEARTBEAT_RECEIVED,905969664,0
*** Trama sin '*CRC' reconocible. ***

=== Registro 4014 (1015/1081) ===

<-- Respuesta cruda: $CFG,BAD_CRC,LOGREAD,4014,0000-00-62 85:35:07,SEND_OK,0,0
*** Trama sin '*CRC' reconocible. ***

=== Registro 4015 (1016/1081) ===

<-- Respuesta cruda: $CFG,ACK,LOGREAD,4015,2026-07-22 07:35:07,SERVER_ACK,48,0
*** Trama sin '*CRC' reconocible. ***

=== Registro 4016 (1017/1081) ===

<-- Respuesta cruda: $CFG,ACK,LOGREAD,4016,2026-07-22 07:35:18,HEARTBEAT_RECEIVED,0,0
*** Trama sin '*CRC' reconocible. ***

=== Registro 4017 (1018/1081) ===

<-- Respuesta cruda: $CFG,ACK,LOGREAD,4017,2026-07-22 07:36:07,SEND_OK,0,0
*** Trama sin '*CRC' reconocible. ***

=== Registro 4018 (1019/1081) ===

<-- Respuesta cruda: $CFG,ACK,LOGREAD,4018,2026-07-22 07:36:07,SERVER_ACK,48,0
*** Trama sin '*CRC' reconocible. ***

=== Registro 4019 (1020/1081) ===

<-- Respuesta cruda: $CFG,ACK,LOGREAD,4019,2026-07-22 07:36:21,HEARTBEAT_RECEIVED,0,0
*** Trama sin '*CRC' reconocible. ***

=== Registro 4020 (1021/1081) ===

<-- Respuesta cruda: $CFG,BAD_CRC,LOGREAD,4020,2026-07-22 07:37:07,SIM_PIN_REQUIRED,1174873863,12288
*** Trama sin '*CRC' reconocible. ***

=== Registro 4021 (1022/1081) ===

<-- Respuesta cruda: $CFG,BAD_CRC,LOGREAD,4021,0000-00-137 202:37:07,SERVER_ACK,48,0
*** Trama sin '*CRC' reconocible. ***

=== Registro 4022 (1023/1081) ===

<-- Respuesta cruda: $CFG,ACK,LOGREAD,4022,2026-07-22 07:37:24,HEARTBEAT_RECEIVED,0,0
*** Trama sin '*CRC' reconocible. ***

=== Registro 4023 (1024/1081) ===

<-- Respuesta cruda: $CFG,ACK,LOGREAD,4023,2026-07-22 07:38:07,SEND_OK,0,0
*** Trama sin '*CRC' reconocible. ***

=== Registro 4024 (1025/1081) ===

<-- Respuesta cruda: $CFG,ACK,LOGREAD,4024,2026-07-22 07:38:07,SERVER_ACK,48,0
*** Trama sin '*CRC' reconocible. ***

=== Registro 4025 (1026/1081) ===

<-- Respuesta cruda: $CFG,ACK,LOGREAD,4025,2026-07-22 07:38:27,HEARTBEAT_RECEIVED,0,0
*** Trama sin '*CRC' reconocible. ***

=== Registro 4026 (1027/1081) ===

<-- Respuesta cruda: $CFG,ACK,LOGREAD,4026,2026-07-22 07:39:07,SEND_OK,0,0
*** Trama sin '*CRC' reconocible. ***

=== Registro 4027 (1028/1081) ===

<-- Respuesta cruda: $CFG,BAD_CRC,LOGREAD,4027,2026-00-44 81:00:00,UNKNOWN,1142294403,0
*** Trama sin '*CRC' reconocible. ***

=== Registro 4028 (1029/1081) ===

<-- Respuesta cruda: $CFG,ACK,LOGREAD,4028,2026-07-22 07:39:30,HEARTBEAT_RECEIVED,0,0
*** Trama sin '*CRC' reconocible. ***

=== Registro 4029 (1030/1081) ===

<-- Respuesta cruda: $CFG,ACK,LOGREAD,4029,2026-07-22 07:40:07,SEND_OK,0,0
*** Trama sin '*CRC' reconocible. ***

=== Registro 4030 (1031/1081) ===

<-- Respuesta cruda: $CFG,ACK,LOGREAD,4030,2026-07-22 07:40:09,SERVER_ACK,48,0
*** Trama sin '*CRC' reconocible. ***

=== Registro 4031 (1032/1081) ===

<-- Respuesta cruda: $CFG,ACK,LOGREAD,4031,2026-07-22 07:40:33,HEARTBEAT_RECEIVED,0,0
*** Trama sin '*CRC' reconocible. ***

=== Registro 4032 (1033/1081) ===

<-- Respuesta cruda: $CFG,ACK,LOGREAD,4032,2026-07-22 07:41:07,SEND_OK,0,0
*** Trama sin '*CRC' reconocible. ***

=== Registro 4033 (1034/1081) ===

<-- Respuesta cruda: $CFG,BAD_CRC,LOGREAD,4033,2026-07-22 07:41:08,SERVER_ACK,48,0
*** Trama sin '*CRC' reconocible. ***

=== Registro 4034 (1035/1081) ===

<-- Respuesta cruda: $CFG,BAD_CRC,LOGREAD,4034,0000-00-89 197:41:36,HEARTBEAT_RECEIVED,0,0
*** Trama sin '*CRC' reconocible. ***

=== Registro 4035 (1036/1081) ===

<-- Respuesta cruda: $CFG,ACK,LOGREAD,4035,2026-07-22 07:42:08,SEND_OK,0,0
*** Trama sin '*CRC' reconocible. ***

=== Registro 4036 (1037/1081) ===

<-- Respuesta cruda: $CFG,ACK,LOGREAD,4036,2026-07-22 07:42:08,SERVER_ACK,48,0
*** Trama sin '*CRC' reconocible. ***

=== Registro 4037 (1038/1081) ===

<-- Respuesta cruda: $CFG,ACK,LOGREAD,4037,2026-07-22 07:42:39,HEARTBEAT_RECEIVED,0,0
*** Trama sin '*CRC' reconocible. ***

=== Registro 4038 (1039/1081) ===

<-- Respuesta cruda: $CFG,ACK,LOGREAD,4038,2026-07-22 07:43:08,SEND_OK,0,0
*** Trama sin '*CRC' reconocible. ***

=== Registro 4039 (1040/1081) ===

<-- Respuesta cruda: $CFG,ACK,LOGREAD,4039,2026-07-22 07:43:08,SERVER_ACK,48,0
*** Trama sin '*CRC' reconocible. ***

=== Registro 4040 (1041/1081) ===

<-- Respuesta cruda: $CFG,BAD_CRC,LOGREAD,4040,2026-07-22 07:43:42,HEARTBEAT_RECEIVED,906493952,0
*** Trama sin '*CRC' reconocible. ***

=== Registro 4041 (1042/1081) ===

<-- Respuesta cruda: $CFG,BAD_CRC,LOGREAD,4041,0000-00-58 192:44:08,SEND_OK,0,0
*** Trama sin '*CRC' reconocible. ***

=== Registro 4042 (1043/1081) ===

<-- Respuesta cruda: $CFG,ACK,LOGREAD,4042,2026-07-22 07:44:08,SERVER_ACK,48,0
*** Trama sin '*CRC' reconocible. ***

=== Registro 4043 (1044/1081) ===

<-- Respuesta cruda: $CFG,ACK,LOGREAD,4043,2026-07-22 07:44:45,HEARTBEAT_RECEIVED,0,0
*** Trama sin '*CRC' reconocible. ***

=== Registro 4044 (1045/1081) ===

<-- Respuesta cruda: $CFG,ACK,LOGREAD,4044,2026-07-22 07:45:08,SEND_OK,0,0
*** Trama sin '*CRC' reconocible. ***

=== Registro 4045 (1046/1081) ===

<-- Respuesta cruda: $CFG,ACK,LOGREAD,4045,2026-07-22 07:45:08,SERVER_ACK,48,0
*** Trama sin '*CRC' reconocible. ***

=== Registro 4046 (1047/1081) ===

<-- Respuesta cruda: $CFG,ACK,LOGREAD,4046,2026-07-22 07:45:48,HEARTBEAT_RECEIVED,0,0
*** Trama sin '*CRC' reconocible. ***

=== Registro 4047 (1048/1081) ===

<-- Respuesta cruda: $CFG,BAD_CRC,LOGREAD,4047,2026-07-22 07:46:07,SIM_PIN_REQUIRED,1175007239,12288
*** Trama sin '*CRC' reconocible. ***

=== Registro 4048 (1049/1081) ===

<-- Respuesta cruda: $CFG,BAD_CRC,LOGREAD,4048,0000-00-232 166:46:08,SERVER_ACK,48,0
*** Trama sin '*CRC' reconocible. ***

=== Registro 4049 (1050/1081) ===

<-- Respuesta cruda: $CFG,ACK,LOGREAD,4049,2026-07-22 07:46:51,HEARTBEAT_RECEIVED,0,0
*** Trama sin '*CRC' reconocible. ***

=== Registro 4050 (1051/1081) ===

<-- Respuesta cruda: $CFG,ACK,LOGREAD,4050,2026-07-22 07:47:08,SEND_OK,0,0
*** Trama sin '*CRC' reconocible. ***

=== Registro 4051 (1052/1081) ===

<-- Respuesta cruda: $CFG,ACK,LOGREAD,4051,2026-07-22 07:47:09,SERVER_ACK,48,0
*** Trama sin '*CRC' reconocible. ***

=== Registro 4052 (1053/1081) ===

<-- Respuesta cruda: $CFG,ACK,LOGREAD,4052,2026-07-22 07:47:54,HEARTBEAT_RECEIVED,0,0
*** Trama sin '*CRC' reconocible. ***

=== Registro 4053 (1054/1081) ===

<-- Respuesta cruda: $CFG,ACK,LOGREAD,4053,2026-07-22 07:48:08,SEND_OK,0,0
*** Trama sin '*CRC' reconocible. ***

=== Registro 4054 (1055/1081) ===

<-- Respuesta cruda: $CFG,BAD_CRC,LOGREAD,4054,0234-00-02 160:00:00,UNKNOWN,907873661,0
*** Trama sin '*CRC' reconocible. ***

=== Registro 4055 (1056/1081) ===

<-- Respuesta cruda: $CFG,ACK,LOGREAD,4055,2026-07-22 07:48:57,HEARTBEAT_RECEIVED,0,0
*** Trama sin '*CRC' reconocible. ***

=== Registro 4056 (1057/1081) ===

<-- Respuesta cruda: $CFG,ACK,LOGREAD,4056,2026-07-22 07:49:09,SEND_OK,0,0
*** Trama sin '*CRC' reconocible. ***

=== Registro 4057 (1058/1081) ===

<-- Respuesta cruda: $CFG,ACK,LOGREAD,4057,2026-07-22 07:49:09,SERVER_ACK,48,0
*** Trama sin '*CRC' reconocible. ***

=== Registro 4058 (1059/1081) ===

<-- Respuesta cruda: $CFG,ACK,LOGREAD,4058,2026-07-22 07:50:00,HEARTBEAT_RECEIVED,0,0
*** Trama sin '*CRC' reconocible. ***

=== Registro 4059 (1060/1081) ===

<-- Respuesta cruda: $CFG,ACK,LOGREAD,4059,2026-07-22 07:50:09,SEND_OK,0,0
*** Trama sin '*CRC' reconocible. ***

=== Registro 4060 (1061/1081) ===

<-- Respuesta cruda: $CFG,BAD_CRC,LOGREAD,4060,2026-07-22 07:50:09,SERVER_ACK,48,286326784
*** Trama sin '*CRC' reconocible. ***

=== Registro 4061 (1062/1081) ===

<-- Respuesta cruda: $CFG,ACK,LOGREAD,4061,2026-07-22 07:51:03,HEARTBEAT_RECEIVED,0,0
*** Trama sin '*CRC' reconocible. ***

=== Registro 4062 (1063/1081) ===

<-- Respuesta cruda: $CFG,ACK,LOGREAD,4062,2026-07-22 07:51:09,SEND_OK,0,0
*** Trama sin '*CRC' reconocible. ***

=== Registro 4063 (1064/1081) ===

<-- Respuesta cruda: $CFG,ACK,LOGREAD,4063,2026-07-22 07:51:09,SERVER_ACK,48,0
*** Trama sin '*CRC' reconocible. ***

=== Registro 4064 (1065/1081) ===

<-- Respuesta cruda: $CFG,ACK,LOGREAD,4064,2026-07-22 07:52:06,HEARTBEAT_RECEIVED,0,0
*** Trama sin '*CRC' reconocible. ***

=== Registro 4065 (1066/1081) ===

<-- Respuesta cruda: $CFG,BAD_CRC,LOGREAD,4065,0000-00-44 213:52:09,SEND_OK,0,0
*** Trama sin '*CRC' reconocible. ***

=== Registro 4066 (1067/1081) ===

<-- Respuesta cruda: $CFG,ACK,LOGREAD,4066,2026-07-22 07:52:09,SERVER_ACK,48,0
*** Trama sin '*CRC' reconocible. ***

=== Registro 4067 (1068/1081) ===

<-- Respuesta cruda: $CFG,ACK,LOGREAD,4067,2026-07-22 07:53:09,HEARTBEAT_RECEIVED,0,0
*** Trama sin '*CRC' reconocible. ***

=== Registro 4068 (1069/1081) ===

<-- Respuesta cruda: $CFG,ACK,LOGREAD,4068,2026-07-22 07:53:09,SEND_OK,0,0
*** Trama sin '*CRC' reconocible. ***

=== Registro 4069 (1070/1081) ===

<-- Respuesta cruda: $CFG,ACK,LOGREAD,4069,2026-07-22 07:53:09,SERVER_ACK,48,0
*** Trama sin '*CRC' reconocible. ***

=== Registro 4070 (1071/1081) ===

<-- Respuesta cruda: $CFG,ACK,LOGREAD,4070,2026-07-22 07:54:09,SEND_OK,0,0
*** Trama sin '*CRC' reconocible. ***

=== Registro 4071 (1072/1081) ===

<-- Respuesta cruda: $CFG,BAD_CRC,LOGREAD,4071,2026-07-22 07:54:10,SERVER_ACK,48,0
*** Trama sin '*CRC' reconocible. ***

=== Registro 4072 (1073/1081) ===

<-- Respuesta cruda: $CFG,BAD_CRC,LOGREAD,4072,0000-00-95 170:54:12,HEARTBEAT_RECEIVED,0,0
*** Trama sin '*CRC' reconocible. ***

=== Registro 4073 (1074/1081) ===

<-- Respuesta cruda: $CFG,ACK,LOGREAD,4073,2026-07-22 07:55:09,SEND_OK,0,0
*** Trama sin '*CRC' reconocible. ***

=== Registro 4074 (1075/1081) ===

<-- Respuesta cruda: $CFG,ACK,LOGREAD,4074,2026-07-22 07:55:10,SERVER_ACK,48,0
*** Trama sin '*CRC' reconocible. ***

=== Registro 4075 (1076/1081) ===

<-- Respuesta cruda: $CFG,ACK,LOGREAD,4075,2026-07-22 07:55:15,HEARTBEAT_RECEIVED,0,0
*** Trama sin '*CRC' reconocible. ***

=== Registro 4076 (1077/1081) ===

<-- Respuesta cruda: $CFG,ACK,LOGREAD,4076,2026-07-22 07:56:10,SEND_OK,0,0
*** Trama sin '*CRC' reconocible. ***

=== Registro 4077 (1078/1081) ===

<-- Respuesta cruda: $CFG,ACK,LOGREAD,4077,2026-07-22 07:56:10,SERVER_ACK,48,0
*** Trama sin '*CRC' reconocible. ***

=== Registro 4078 (1079/1081) ===

<-- Respuesta cruda: $CFG,BAD_CRC,LOGREAD,4078,2026-07-22 07:56:18,HEARTBEAT_RECEIVED,48,0
*** Trama sin '*CRC' reconocible. ***

=== Registro 4079 (1080/1081) ===

<-- Respuesta cruda: $CFG,ACK,LOGREAD,4079,2026-07-22 07:57:48,RS232_TIMEOUT,0,0
*** Trama sin '*CRC' reconocible. ***

=== Registro 4080 (1081/1081) ===

<-- Respuesta cruda: $CFG,ERROR,LOGINDEX*5252
ERROR -> Log Index fuera de rango

--- Fin del rango: 0 OK, 1 error(es), 0 timeout(s) de 1081 solicitados ---

==================== BKP-A7670SA - Configuración ====================
 1) Leer configuración
 2) Escribir configuración
 3) Guardar en FLASH
 4) Restaurar valores de fábrica
 5) Reiniciar STM32
 6) Reiniciar BKP-A7670SA (módem)
 7) Información del LOG
 8) Lectura del LOG
 9) Borrado del LOG
10) Salir
11) Conectar
12) Exit (volver a modo NORMAL)
13) Leer rango de registros de LOG
=======================================================================

Seleccione una opción: 
--- Información del LOG ---
Ingrese los 4 dígitos de password de configuración: 
<-- Respuesta cruda: $CFG,ACK,LOGINFO,4080,15
*** Trama sin '*CRC' reconocible. ***

==================== BKP-A7670SA - Configuración ====================
 1) Leer configuración
 2) Escribir configuración
 3) Guardar en FLASH
 4) Restaurar valores de fábrica
 5) Reiniciar STM32
 6) Reiniciar BKP-A7670SA (módem)
 7) Información del LOG
 8) Lectura del LOG
 9) Borrado del LOG
10) Salir
11) Conectar
12) Exit (volver a modo NORMAL)
13) Leer rango de registros de LOG
=======================================================================

Seleccione una opción: 
--- Borrado del LOG ---
Ingrese los 4 dígitos de password de configuración: 
<-- Respuesta cruda: $CFG,ACK,LOGCLEAR,OK*7648
OK -> Log borrado

==================== BKP-A7670SA - Configuración ====================
 1) Leer configuración
 2) Escribir configuración
 3) Guardar en FLASH
 4) Restaurar valores de fábrica
 5) Reiniciar STM32
 6) Reiniciar BKP-A7670SA (módem)
 7) Información del LOG
 8) Lectura del LOG
 9) Borrado del LOG
10) Salir
11) Conectar
12) Exit (volver a modo NORMAL)
13) Leer rango de registros de LOG
=======================================================================

Seleccione una opción: 
--- Información del LOG ---
Ingrese los 4 dígitos de password de configuración:   El password debe ser exactamente 4 dígitos numéricos.
Ingrese los 4 dígitos de password de configuración: 
<-- Respuesta cruda: $CFG,ACK,LOGINFO,0,0
*** Trama sin '*CRC' reconocible. ***

==================== BKP-A7670SA - Configuración ====================
 1) Leer configuración
 2) Escribir configuración
 3) Guardar en FLASH
 4) Restaurar valores de fábrica
 5) Reiniciar STM32
 6) Reiniciar BKP-A7670SA (módem)
 7) Información del LOG
 8) Lectura del LOG
 9) Borrado del LOG
10) Salir
11) Conectar
12) Exit (volver a modo NORMAL)
13) Leer rango de registros de LOG
=======================================================================

Seleccione una opción: 
--- Exit (volver a modo NORMAL) ---
Ingrese los 4 dígitos de password de configuración: 
<-- Respuesta cruda: [MODO] NORMAL

[HB-RX] @@HB[2800][0x02][0x1B][0xFE][0x00][0x1B]

[RS232-ACK] enviado, status=0

[HB-RX] @@HB[2800][0x02][0x1B][0xFE][0x00][0x1B]

[RS232-ACK] enviado, status=0

[HB-RX] @@HB[2800][0x02][0x1B][0xFE][0x00][0x1B]

[RS232-ACK] enviado, status=0
El equipo volvió a modo NORMAL.

==================== BKP-A7670SA - Configuración ====================
 1) Leer configuración
 2) Escribir configuración
 3) Guardar en FLASH
 4) Restaurar valores de fábrica
 5) Reiniciar STM32
 6) Reiniciar BKP-A7670SA (módem)
 7) Información del LOG
 8) Lectura del LOG
 9) Borrado del LOG
10) Salir
11) Conectar
12) Exit (volver a modo NORMAL)
13) Leer rango de registros de LOG
=======================================================================

Seleccione una opción: 
Cerrando conexión y saliendo del script.
(Esto solo cierra el puerto serie local; el equipo permanece en el modo en que estaba. Usar la opción 12 si querés que el equipo confirme la vuelta a modo NORMAL antes de salir.)
