2026-07-08 11:42:42.651 [  1B] 0D
2026-07-08 11:42:42.652 [ 15B] 0A 52 65 73 65 74 3A 20 50 4F 52 2F 42 4F 52
2026-07-08 11:42:42.671 [  1B] 20
2026-07-08 11:42:42.672 [ 15B] 28 62 72 6F 77 6E 6F 75 74 20 6F 20 70 6F 77
2026-07-08 11:42:42.691 [  1B] 65
2026-07-08 11:42:42.692 [ 15B] 72 2D 6F 6E 29 0D 0A 42 6C 61 63 6B 20 50 69
2026-07-08 11:42:42.712 [  1B] 6C
2026-07-08 11:42:42.712 [ 15B] 6C 20 49 6E 69 63 69 61 64 61 0D 0A 0D 0A 45
2026-07-08 11:42:42.728 [  1B] 45
2026-07-08 11:42:42.728 [  9B] 50 52 4F 4D 20 4F 4B 0D 0A
2026-07-08 11:42:46.855 [  1B] 0D
2026-07-08 11:42:46.856 [ 15B] 0A 5B 42 52 49 44 47 45 5D 20 55 53 42 20 43
2026-07-08 11:42:46.871 [  1B] 44
2026-07-08 11:42:46.872 [  9B] 43 20 6C 69 73 74 6F 0D 0A
2026-07-08 11:42:47.107 [  1B] 0D
2026-07-08 11:42:47.107 [ 15B] 0A 5B 4C 49 4E 45 5D 3A 20 2A 41 54 52 45 41
2026-07-08 11:42:47.119 [  1B] 44
2026-07-08 11:42:47.119 [  6B] 59 3A 20 31 0D 0A
2026-07-08 11:42:47.231 [  1B] 0D
2026-07-08 11:42:47.231 [ 15B] 0A 5B 4C 49 4E 45 5D 3A 20 2B 43 50 49 4E 3A
2026-07-08 11:42:47.244 [  1B] 20
2026-07-08 11:42:47.244 [  7B] 52 45 41 44 59 0D 0A
2026-07-08 11:42:48.174 [  1B] 0D
2026-07-08 11:42:48.174 [ 15B] 0A 5B 4C 49 4E 45 5D 3A 20 53 4D 53 20 44 4F
2026-07-08 11:42:48.182 [  1B] 4E
2026-07-08 11:42:48.182 [  3B] 45 0D 0A
2026-07-08 11:42:55.209 [  1B] 0D
2026-07-08 11:42:55.209 [ 15B] 0A 5B 4C 49 4E 45 5D 3A 20 2B 43 47 45 56 3A
2026-07-08 11:42:55.229 [  1B] 20
2026-07-08 11:42:55.229 [ 15B] 45 50 53 20 50 44 4E 20 41 43 54 20 31 0D 0A
2026-07-08 11:42:55.265 [  1B] 5B
2026-07-08 11:42:55.265 [ 15B] 54 49 4D 45 20 31 32 35 33 37 20 6D 73 5D 20
2026-07-08 11:42:55.285 [  1B] 5B
2026-07-08 11:42:55.286 [ 15B] 55 52 43 5D 3A 20 2B 43 47 45 56 3A 20 45 50
2026-07-08 11:42:55.307 [  1B] 53
2026-07-08 11:42:55.307 [ 15B] 20 50 44 4E 20 41 43 54 20 31 0D 0A 5B 54 58
2026-07-08 11:42:55.327 [  1B] 2D
2026-07-08 11:42:55.327 [ 15B] 53 54 41 54 55 53 5D 20 41 54 45 30 0D 0A 20
2026-07-08 11:42:55.338 [  1B] 2D
2026-07-08 11:42:55.338 [  5B] 3E 20 30 0D 0A
2026-07-08 11:42:55.452 [  1B] 0D
2026-07-08 11:42:55.452 [ 15B] 0A 5B 4C 49 4E 45 5D 3A 20 41 54 45 30 0D 0A
2026-07-08 11:42:55.475 [  1B] 0D
2026-07-08 11:42:55.475 [ 15B] 0A 5B 4C 49 4E 45 5D 3A 20 4F 4B 0D 0A 5B 54
2026-07-08 11:42:55.495 [  1B] 58
2026-07-08 11:42:55.495 [ 15B] 2D 53 54 41 54 55 53 5D 20 41 54 2B 43 4D 45
2026-07-08 11:42:55.517 [  1B] 45
2026-07-08 11:42:55.518 [ 15B] 3D 32 0D 0A 20 2D 3E 20 30 0D 0A 0D 0A 5B 4C
2026-07-08 11:42:55.533 [  1B] 49
2026-07-08 11:42:55.533 [  9B] 4E 45 5D 3A 20 4F 4B 0D 0A
2026-07-08 11:42:55.566 [  1B] 5B
2026-07-08 11:42:55.566 [ 15B] 54 58 2D 53 54 41 54 55 53 5D 20 41 54 2B 43
2026-07-08 11:42:55.589 [  1B] 50
2026-07-08 11:42:55.589 [ 15B] 49 4E 3F 0D 0A 20 2D 3E 20 30 0D 0A 0D 0A 5B
2026-07-08 11:42:55.609 [  1B] 4C
2026-07-08 11:42:55.609 [ 15B] 49 4E 45 5D 3A 20 2B 43 50 49 4E 3A 20 52 45
2026-07-08 11:42:55.618 [  1B] 41
2026-07-08 11:42:55.619 [  4B] 44 59 0D 0A
2026-07-08 11:42:55.649 [  1B] 5B
2026-07-08 11:42:55.649 [ 15B] 54 58 2D 53 54 41 54 55 53 5D 20 41 54 2B 43
2026-07-08 11:42:55.669 [  1B] 53
2026-07-08 11:42:55.670 [ 15B] 51 0D 0A 20 2D 3E 20 30 0D 0A 0D 0A 5B 4C 49
2026-07-08 11:42:55.690 [  1B] 4E
2026-07-08 11:42:55.690 [ 15B] 45 5D 3A 20 4F 4B 0D 0A 0D 0A 5B 4C 49 4E 45
2026-07-08 11:42:55.710 [  1B] 5D
2026-07-08 11:42:55.710 [ 15B] 3A 20 2B 43 53 51 3A 20 32 37 2C 39 39 0D 0A
2026-07-08 11:42:55.730 [  1B] 5B
2026-07-08 11:42:55.730 [ 15B] 54 58 2D 53 54 41 54 55 53 5D 20 41 54 2B 43
2026-07-08 11:42:55.750 [  1B] 46
2026-07-08 11:42:55.750 [ 12B] 55 4E 3F 0D 0A 20 2D 3E 20 30 0D 0A
2026-07-08 11:42:55.781 [  1B] 0D
2026-07-08 11:42:55.782 [ 15B] 0A 5B 4C 49 4E 45 5D 3A 20 4F 4B 0D 0A 0D 0A
2026-07-08 11:42:55.801 [  1B] 5B
2026-07-08 11:42:55.802 [ 15B] 4C 49 4E 45 5D 3A 20 2B 43 46 55 4E 3A 20 31
2026-07-08 11:42:55.807 [  1B] 0D
2026-07-08 11:42:55.808 [  1B] 0A
2026-07-08 11:42:55.838 [  1B] 5B
2026-07-08 11:42:55.838 [ 15B] 54 58 2D 53 54 41 54 55 53 5D 20 41 54 2B 43
2026-07-08 11:42:55.859 [  1B] 52
2026-07-08 11:42:55.859 [ 15B] 45 47 3F 0D 0A 20 2D 3E 20 30 0D 0A 0D 0A 5B
2026-07-08 11:42:55.879 [  1B] 4C
2026-07-08 11:42:55.879 [ 15B] 49 4E 45 5D 3A 20 4F 4B 0D 0A 5B 54 58 2D 53
2026-07-08 11:42:55.899 [  1B] 54
2026-07-08 11:42:55.899 [ 15B] 41 54 55 53 5D 20 41 54 45 30 0D 0A 20 2D 3E
2026-07-08 11:42:55.919 [  1B] 20
2026-07-08 11:42:55.920 [ 15B] 30 0D 0A 0D 0A 5B 4C 49 4E 45 5D 3A 20 2B 43
2026-07-08 11:42:55.940 [  1B] 52
2026-07-08 11:42:55.940 [ 15B] 45 47 3A 20 30 2C 31 0D 0A 0D 0A 5B 4C 49 4E
2026-07-08 11:42:55.960 [  1B] 45
2026-07-08 11:42:55.960 [ 15B] 5D 3A 20 4F 4B 0D 0A 5B 54 58 2D 53 54 41 54
2026-07-08 11:42:55.980 [  1B] 55
2026-07-08 11:42:55.980 [ 15B] 53 5D 20 41 54 2B 43 4D 45 45 3D 32 0D 0A 20
2026-07-08 11:42:56.001 [  1B] 2D
2026-07-08 11:42:56.001 [ 15B] 3E 20 30 0D 0A 0D 0A 5B 4C 49 4E 45 5D 3A 20
2026-07-08 11:42:56.009 [  1B] 4F
2026-07-08 11:42:56.010 [  3B] 4B 0D 0A
2026-07-08 11:42:56.040 [  1B] 5B
2026-07-08 11:42:56.040 [ 15B] 54 58 2D 53 54 41 54 55 53 5D 20 41 54 2B 43
2026-07-08 11:42:56.061 [  1B] 50
2026-07-08 11:42:56.061 [ 15B] 49 4E 3F 0D 0A 20 2D 3E 20 30 0D 0A 0D 0A 5B
2026-07-08 11:42:56.081 [  1B] 4C
2026-07-08 11:42:56.082 [ 15B] 49 4E 45 5D 3A 20 4F 4B 0D 0A 0D 0A 5B 4C 49
2026-07-08 11:42:56.101 [  1B] 4E
2026-07-08 11:42:56.102 [ 15B] 45 5D 3A 20 2B 43 50 49 4E 3A 20 52 45 41 44
2026-07-08 11:42:56.109 [  1B] 59
2026-07-08 11:42:56.109 [  2B] 0D 0A
2026-07-08 11:42:56.139 [  1B] 5B
2026-07-08 11:42:56.139 [ 15B] 54 58 2D 53 54 41 54 55 53 5D 20 41 54 2B 43
2026-07-08 11:42:56.159 [  1B] 53
2026-07-08 11:42:56.160 [ 15B] 51 0D 0A 20 2D 3E 20 30 0D 0A 0D 0A 5B 4C 49
2026-07-08 11:42:56.180 [  1B] 4E
2026-07-08 11:42:56.180 [ 15B] 45 5D 3A 20 4F 4B 0D 0A 0D 0A 5B 4C 49 4E 45
2026-07-08 11:42:56.200 [  1B] 5D
2026-07-08 11:42:56.200 [ 15B] 3A 20 2B 43 53 51 3A 20 32 37 2C 39 39 0D 0A
2026-07-08 11:42:56.220 [  1B] 5B
2026-07-08 11:42:56.220 [ 15B] 54 58 2D 53 54 41 54 55 53 5D 20 41 54 2B 43
2026-07-08 11:42:56.240 [  1B] 46
2026-07-08 11:42:56.240 [ 12B] 55 4E 3F 0D 0A 20 2D 3E 20 30 0D 0A
2026-07-08 11:42:56.271 [  1B] 0D
2026-07-08 11:42:56.272 [ 15B] 0A 5B 4C 49 4E 45 5D 3A 20 4F 4B 0D 0A 0D 0A
2026-07-08 11:42:56.291 [  1B] 5B
2026-07-08 11:42:56.292 [ 15B] 4C 49 4E 45 5D 3A 20 2B 43 46 55 4E 3A 20 31
2026-07-08 11:42:56.297 [  1B] 0D
2026-07-08 11:42:56.298 [  1B] 0A
2026-07-08 11:42:56.328 [  1B] 5B
2026-07-08 11:42:56.328 [ 15B] 54 58 2D 53 54 41 54 55 53 5D 20 41 54 2B 43
2026-07-08 11:42:56.349 [  1B] 52
2026-07-08 11:42:56.349 [ 15B] 45 47 3F 0D 0A 20 2D 3E 20 30 0D 0A 0D 0A 5B
2026-07-08 11:42:56.369 [  1B] 4C
2026-07-08 11:42:56.369 [ 15B] 49 4E 45 5D 3A 20 4F 4B 0D 0A 5B 54 58 2D 53
2026-07-08 11:42:56.389 [  1B] 54
2026-07-08 11:42:56.390 [ 15B] 41 54 55 53 5D 20 41 54 45 30 0D 0A 20 2D 3E
2026-07-08 11:42:56.410 [  1B] 20
2026-07-08 11:42:56.410 [ 15B] 30 0D 0A 0D 0A 5B 4C 49 4E 45 5D 3A 20 2B 43
2026-07-08 11:42:56.430 [  1B] 52
2026-07-08 11:42:56.431 [ 15B] 45 47 3A 20 30 2C 31 0D 0A 0D 0A 5B 4C 49 4E
2026-07-08 11:42:56.450 [  1B] 45
2026-07-08 11:42:56.451 [ 15B] 5D 3A 20 4F 4B 0D 0A 5B 54 58 2D 53 54 41 54
2026-07-08 11:42:56.470 [  1B] 55
2026-07-08 11:42:56.470 [ 15B] 53 5D 20 41 54 2B 43 4D 45 45 3D 32 0D 0A 20
2026-07-08 11:42:56.491 [  1B] 2D
2026-07-08 11:42:56.492 [ 15B] 3E 20 30 0D 0A 0D 0A 5B 4C 49 4E 45 5D 3A 20
2026-07-08 11:42:56.500 [  1B] 4F
2026-07-08 11:42:56.500 [  3B] 4B 0D 0A
2026-07-08 11:42:56.530 [  1B] 5B
2026-07-08 11:42:56.530 [ 15B] 54 58 2D 53 54 41 54 55 53 5D 20 41 54 2B 43
2026-07-08 11:42:56.551 [  1B] 50
2026-07-08 11:42:56.552 [ 15B] 49 4E 3F 0D 0A 20 2D 3E 20 30 0D 0A 0D 0A 5B
2026-07-08 11:42:56.571 [  1B] 4C
2026-07-08 11:42:56.572 [ 15B] 49 4E 45 5D 3A 20 4F 4B 0D 0A 0D 0A 5B 4C 49
2026-07-08 11:42:56.591 [  1B] 4E
2026-07-08 11:42:56.592 [ 15B] 45 5D 3A 20 2B 43 50 49 4E 3A 20 52 45 41 44
2026-07-08 11:42:56.599 [  1B] 59
2026-07-08 11:42:56.599 [  2B] 0D 0A
2026-07-08 11:42:56.629 [  1B] 5B
2026-07-08 11:42:56.629 [ 15B] 54 58 2D 53 54 41 54 55 53 5D 20 41 54 2B 43
2026-07-08 11:42:56.650 [  1B] 53
2026-07-08 11:42:56.651 [ 15B] 51 0D 0A 20 2D 3E 20 30 0D 0A 0D 0A 5B 4C 49
2026-07-08 11:42:56.671 [  1B] 4E
2026-07-08 11:42:56.671 [ 15B] 45 5D 3A 20 4F 4B 0D 0A 0D 0A 5B 4C 49 4E 45
2026-07-08 11:42:56.691 [  1B] 5D
2026-07-08 11:42:56.691 [ 15B] 3A 20 2B 43 53 51 3A 20 32 37 2C 39 39 0D 0A
2026-07-08 11:42:56.711 [  1B] 5B
2026-07-08 11:42:56.711 [ 15B] 54 58 2D 53 54 41 54 55 53 5D 20 41 54 2B 43
2026-07-08 11:42:56.731 [  1B] 46
2026-07-08 11:42:56.731 [ 12B] 55 4E 3F 0D 0A 20 2D 3E 20 30 0D 0A
2026-07-08 11:42:56.762 [  1B] 0D
2026-07-08 11:42:56.762 [ 15B] 0A 5B 4C 49 4E 45 5D 3A 20 4F 4B 0D 0A 0D 0A
2026-07-08 11:42:56.782 [  1B] 5B
2026-07-08 11:42:56.782 [ 15B] 4C 49 4E 45 5D 3A 20 2B 43 46 55 4E 3A 20 31
2026-07-08 11:42:56.788 [  1B] 0D
2026-07-08 11:42:56.788 [  1B] 0A
2026-07-08 11:42:56.818 [  1B] 5B
2026-07-08 11:42:56.818 [ 15B] 54 58 2D 53 54 41 54 55 53 5D 20 41 54 2B 43
2026-07-08 11:42:56.839 [  1B] 52
2026-07-08 11:42:56.840 [ 15B] 45 47 3F 0D 0A 20 2D 3E 20 30 0D 0A 0D 0A 5B
2026-07-08 11:42:56.859 [  1B] 4C
2026-07-08 11:42:56.860 [ 15B] 49 4E 45 5D 3A 20 4F 4B 0D 0A 5B 54 58 2D 53
2026-07-08 11:42:56.879 [  1B] 54
2026-07-08 11:42:56.880 [ 15B] 41 54 55 53 5D 20 41 54 45 30 0D 0A 20 2D 3E
2026-07-08 11:42:56.900 [  1B] 20
2026-07-08 11:42:56.900 [ 15B] 30 0D 0A 0D 0A 5B 4C 49 4E 45 5D 3A 20 2B 43
2026-07-08 11:42:56.920 [  1B] 52
2026-07-08 11:42:56.920 [ 15B] 45 47 3A 20 30 2C 31 0D 0A 0D 0A 5B 4C 49 4E
2026-07-08 11:42:56.940 [  1B] 45
2026-07-08 11:42:56.940 [ 15B] 5D 3A 20 4F 4B 0D 0A 5B 54 58 2D 53 54 41 54
2026-07-08 11:42:56.960 [  1B] 55
2026-07-08 11:42:56.960 [ 15B] 53 5D 20 41 54 2B 43 4D 45 45 3D 32 0D 0A 20
2026-07-08 11:42:56.981 [  1B] 2D
2026-07-08 11:42:56.982 [ 15B] 3E 20 30 0D 0A 0D 0A 5B 4C 49 4E 45 5D 3A 20
2026-07-08 11:42:56.990 [  1B] 4F
2026-07-08 11:42:56.990 [  3B] 4B 0D 0A
2026-07-08 11:42:57.020 [  1B] 5B
2026-07-08 11:42:57.020 [ 15B] 54 58 2D 53 54 41 54 55 53 5D 20 41 54 2B 43
2026-07-08 11:42:57.041 [  1B] 50
2026-07-08 11:42:57.042 [ 15B] 49 4E 3F 0D 0A 20 2D 3E 20 30 0D 0A 0D 0A 5B
2026-07-08 11:42:57.062 [  1B] 4C
2026-07-08 11:42:57.062 [ 15B] 49 4E 45 5D 3A 20 4F 4B 0D 0A 0D 0A 5B 4C 49
2026-07-08 11:42:57.082 [  1B] 4E
2026-07-08 11:42:57.082 [ 15B] 45 5D 3A 20 2B 43 50 49 4E 3A 20 52 45 41 44
2026-07-08 11:42:57.089 [  1B] 59
2026-07-08 11:42:57.089 [  2B] 0D 0A
2026-07-08 11:42:57.119 [  1B] 5B
2026-07-08 11:42:57.119 [ 15B] 54 58 2D 53 54 41 54 55 53 5D 20 41 54 2B 43
2026-07-08 11:42:57.141 [  1B] 53
2026-07-08 11:42:57.141 [ 15B] 51 0D 0A 20 2D 3E 20 30 0D 0A 0D 0A 5B 4C 49
2026-07-08 11:42:57.161 [  1B] 4E
2026-07-08 11:42:57.162 [ 15B] 45 5D 3A 20 4F 4B 0D 0A 0D 0A 5B 4C 49 4E 45
2026-07-08 11:42:57.181 [  1B] 5D
2026-07-08 11:42:57.182 [ 15B] 3A 20 2B 43 53 51 3A 20 32 37 2C 39 39 0D 0A
2026-07-08 11:42:57.201 [  1B] 5B
2026-07-08 11:42:57.202 [ 15B] 54 58 2D 53 54 41 54 55 53 5D 20 41 54 2B 43
2026-07-08 11:42:57.221 [  1B] 46
2026-07-08 11:42:57.221 [ 12B] 55 4E 3F 0D 0A 20 2D 3E 20 30 0D 0A
2026-07-08 11:42:57.251 [  1B] 0D
2026-07-08 11:42:57.252 [ 15B] 0A 5B 4C 49 4E 45 5D 3A 20 4F 4B 0D 0A 0D 0A
2026-07-08 11:42:57.272 [  1B] 5B
2026-07-08 11:42:57.273 [ 15B] 4C 49 4E 45 5D 3A 20 2B 43 46 55 4E 3A 20 31
2026-07-08 11:42:57.277 [  1B] 0D
2026-07-08 11:42:57.279 [  1B] 0A
2026-07-08 11:42:57.308 [  1B] 5B
2026-07-08 11:42:57.308 [ 15B] 54 58 2D 53 54 41 54 55 53 5D 20 41 54 2B 43
2026-07-08 11:42:57.330 [  1B] 52
2026-07-08 11:42:57.330 [ 15B] 45 47 3F 0D 0A 20 2D 3E 20 30 0D 0A 0D 0A 5B
2026-07-08 11:42:57.350 [  1B] 4C
2026-07-08 11:42:57.350 [ 15B] 49 4E 45 5D 3A 20 4F 4B 0D 0A 5B 54 58 2D 53
2026-07-08 11:42:57.370 [  1B] 54
2026-07-08 11:42:57.370 [ 15B] 41 54 55 53 5D 20 41 54 45 30 0D 0A 20 2D 3E
2026-07-08 11:42:57.390 [  1B] 20
2026-07-08 11:42:57.391 [ 15B] 30 0D 0A 0D 0A 5B 4C 49 4E 45 5D 3A 20 2B 43
2026-07-08 11:42:57.410 [  1B] 52
2026-07-08 11:42:57.411 [ 15B] 45 47 3A 20 30 2C 31 0D 0A 0D 0A 5B 4C 49 4E
2026-07-08 11:42:57.430 [  1B] 45
2026-07-08 11:42:57.431 [ 15B] 5D 3A 20 4F 4B 0D 0A 5B 54 58 2D 53 54 41 54
2026-07-08 11:42:57.450 [  1B] 55
2026-07-08 11:42:57.451 [ 15B] 53 5D 20 41 54 2B 43 4D 45 45 3D 32 0D 0A 20
2026-07-08 11:42:57.472 [  1B] 2D
2026-07-08 11:42:57.472 [ 15B] 3E 20 30 0D 0A 0D 0A 5B 4C 49 4E 45 5D 3A 20
2026-07-08 11:42:57.480 [  1B] 4F
2026-07-08 11:42:57.481 [  3B] 4B 0D 0A
2026-07-08 11:42:57.510 [  1B] 5B
2026-07-08 11:42:57.510 [ 15B] 54 58 2D 53 54 41 54 55 53 5D 20 41 54 2B 43
2026-07-08 11:42:57.531 [  1B] 50
2026-07-08 11:42:57.532 [ 15B] 49 4E 3F 0D 0A 20 2D 3E 20 30 0D 0A 0D 0A 5B
2026-07-08 11:42:57.552 [  1B] 4C
2026-07-08 11:42:57.552 [ 15B] 49 4E 45 5D 3A 20 4F 4B 0D 0A 0D 0A 5B 4C 49
2026-07-08 11:42:57.572 [  1B] 4E
2026-07-08 11:42:57.572 [ 15B] 45 5D 3A 20 2B 43 50 49 4E 3A 20 52 45 41 44
2026-07-08 11:42:57.579 [  1B] 59
2026-07-08 11:42:57.579 [  2B] 0D 0A
2026-07-08 11:42:57.609 [  1B] 5B
2026-07-08 11:42:57.609 [ 15B] 54 58 2D 53 54 41 54 55 53 5D 20 41 54 2B 43
2026-07-08 11:42:57.631 [  1B] 53
2026-07-08 11:42:57.631 [ 15B] 51 0D 0A 20 2D 3E 20 30 0D 0A 0D 0A 5B 4C 49
2026-07-08 11:42:57.651 [  1B] 4E
2026-07-08 11:42:57.651 [ 15B] 45 5D 3A 20 4F 4B 0D 0A 0D 0A 5B 4C 49 4E 45
2026-07-08 11:42:57.671 [  1B] 5D
2026-07-08 11:42:57.671 [ 15B] 3A 20 2B 43 53 51 3A 20 32 34 2C 39 39 0D 0A
2026-07-08 11:42:57.691 [  1B] 5B
2026-07-08 11:42:57.691 [ 15B] 54 58 2D 53 54 41 54 55 53 5D 20 41 54 2B 43
2026-07-08 11:42:57.710 [  1B] 46
2026-07-08 11:42:57.711 [ 12B] 55 4E 3F 0D 0A 20 2D 3E 20 30 0D 0A
2026-07-08 11:42:57.741 [  1B] 06
2026-07-08 11:42:57.742 [ 15B] 0D 0A 5B 52 53 32 33 32 2D 41 43 4B 5D 20 65
2026-07-08 11:42:57.761 [  1B] 6E
2026-07-08 11:42:57.761 [ 15B] 76 69 61 64 6F 2C 20 73 74 61 74 75 73 3D 30
2026-07-08 11:42:57.767 [  1B] 0D
2026-07-08 11:42:57.767 [  1B] 0A
2026-07-08 11:42:57.797 [  1B] 0D
2026-07-08 11:42:57.798 [ 15B] 0A 5B 4C 49 4E 45 5D 3A 20 4F 4B 0D 0A 0D 0A
2026-07-08 11:42:57.817 [  1B] 5B
2026-07-08 11:42:57.818 [ 15B] 4C 49 4E 45 5D 3A 20 2B 43 46 55 4E 3A 20 31
2026-07-08 11:42:57.823 [  1B] 0D
2026-07-08 11:42:57.824 [  1B] 0A
2026-07-08 11:42:57.853 [  1B] 5B
2026-07-08 11:42:57.853 [ 15B] 54 58 2D 53 54 41 54 55 53 5D 20 41 54 2B 43
2026-07-08 11:42:57.875 [  1B] 52
2026-07-08 11:42:57.875 [ 15B] 45 47 3F 0D 0A 20 2D 3E 20 30 0D 0A 0D 0A 5B
2026-07-08 11:42:57.895 [  1B] 4C
2026-07-08 11:42:57.896 [ 15B] 49 4E 45 5D 3A 20 4F 4B 0D 0A 5B 54 58 2D 53
2026-07-08 11:42:57.915 [  1B] 54
2026-07-08 11:42:57.915 [ 15B] 41 54 55 53 5D 20 41 54 45 30 0D 0A 20 2D 3E
2026-07-08 11:42:57.935 [  1B] 20
2026-07-08 11:42:57.936 [ 15B] 30 0D 0A 0D 0A 5B 4C 49 4E 45 5D 3A 20 2B 43
2026-07-08 11:42:57.956 [  1B] 52
2026-07-08 11:42:57.956 [ 15B] 45 47 3A 20 30 2C 31 0D 0A 0D 0A 5B 4C 49 4E
2026-07-08 11:42:57.976 [  1B] 45
2026-07-08 11:42:57.976 [ 15B] 5D 3A 20 4F 4B 0D 0A 5B 54 58 2D 53 54 41 54
2026-07-08 11:42:57.996 [  1B] 55
2026-07-08 11:42:57.996 [ 15B] 53 5D 20 41 54 2B 43 4D 45 45 3D 32 0D 0A 20
2026-07-08 11:42:58.017 [  1B] 2D
2026-07-08 11:42:58.017 [ 15B] 3E 20 30 0D 0A 0D 0A 5B 4C 49 4E 45 5D 3A 20
2026-07-08 11:42:58.025 [  1B] 4F
2026-07-08 11:42:58.026 [  3B] 4B 0D 0A
2026-07-08 11:42:58.055 [  1B] 5B
2026-07-08 11:42:58.055 [ 15B] 54 58 2D 53 54 41 54 55 53 5D 20 41 54 2B 43
2026-07-08 11:42:58.076 [  1B] 50
2026-07-08 11:42:58.077 [ 15B] 49 4E 3F 0D 0A 20 2D 3E 20 30 0D 0A 0D 0A 5B
2026-07-08 11:42:58.096 [  1B] 4C
2026-07-08 11:42:58.097 [ 15B] 49 4E 45 5D 3A 20 4F 4B 0D 0A 0D 0A 5B 4C 49
2026-07-08 11:42:58.116 [  1B] 4E
2026-07-08 11:42:58.117 [ 15B] 45 5D 3A 20 2B 43 50 49 4E 3A 20 52 45 41 44
2026-07-08 11:42:58.123 [  1B] 59
2026-07-08 11:42:58.124 [  2B] 0D 0A
2026-07-08 11:42:58.154 [  1B] 5B
2026-07-08 11:42:58.154 [ 15B] 54 58 2D 53 54 41 54 55 53 5D 20 41 54 2B 43
2026-07-08 11:42:58.175 [  1B] 53
2026-07-08 11:42:58.176 [ 15B] 51 0D 0A 20 2D 3E 20 30 0D 0A 0D 0A 5B 4C 49
2026-07-08 11:42:58.196 [  1B] 4E
2026-07-08 11:42:58.196 [ 15B] 45 5D 3A 20 4F 4B 0D 0A 0D 0A 5B 4C 49 4E 45
2026-07-08 11:42:58.216 [  1B] 5D
2026-07-08 11:42:58.216 [ 15B] 3A 20 2B 43 53 51 3A 20 32 34 2C 39 39 0D 0A
2026-07-08 11:42:58.236 [  1B] 5B
2026-07-08 11:42:58.236 [ 15B] 54 58 2D 53 54 41 54 55 53 5D 20 41 54 2B 43
2026-07-08 11:42:58.255 [  1B] 46
2026-07-08 11:42:58.256 [ 12B] 55 4E 3F 0D 0A 20 2D 3E 20 30 0D 0A
2026-07-08 11:42:58.288 [  1B] 0D
2026-07-08 11:42:58.288 [ 15B] 0A 5B 4C 49 4E 45 5D 3A 20 4F 4B 0D 0A 0D 0A
2026-07-08 11:42:58.308 [  1B] 5B
2026-07-08 11:42:58.308 [ 15B] 4C 49 4E 45 5D 3A 20 2B 43 46 55 4E 3A 20 31
2026-07-08 11:42:58.314 [  1B] 0D
2026-07-08 11:42:58.315 [  1B] 0A
2026-07-08 11:42:58.344 [  1B] 5B
2026-07-08 11:42:58.345 [ 15B] 54 58 2D 53 54 41 54 55 53 5D 20 41 54 2B 43
2026-07-08 11:42:58.364 [  1B] 52
2026-07-08 11:42:58.365 [ 15B] 45 47 3F 0D 0A 20 2D 3E 20 30 0D 0A 0D 0A 5B
2026-07-08 11:42:58.384 [  1B] 4C
2026-07-08 11:42:58.385 [ 15B] 49 4E 45 5D 3A 20 4F 4B 0D 0A 5B 54 58 2D 53
2026-07-08 11:42:58.404 [  1B] 54
2026-07-08 11:42:58.405 [ 15B] 41 54 55 53 5D 20 41 54 45 30 0D 0A 20 2D 3E
2026-07-08 11:42:58.425 [  1B] 20
2026-07-08 11:42:58.425 [ 15B] 30 0D 0A 0D 0A 5B 4C 49 4E 45 5D 3A 20 2B 43
2026-07-08 11:42:58.445 [  1B] 52
2026-07-08 11:42:58.445 [ 15B] 45 47 3A 20 30 2C 31 0D 0A 0D 0A 5B 4C 49 4E
2026-07-08 11:42:58.465 [  1B] 45
2026-07-08 11:42:58.465 [ 15B] 5D 3A 20 4F 4B 0D 0A 5B 54 58 2D 53 54 41 54
2026-07-08 11:42:58.485 [  1B] 55
2026-07-08 11:42:58.485 [ 15B] 53 5D 20 41 54 2B 43 4D 45 45 3D 32 0D 0A 20
2026-07-08 11:42:58.506 [  1B] 2D
2026-07-08 11:42:58.507 [ 15B] 3E 20 30 0D 0A 0D 0A 5B 4C 49 4E 45 5D 3A 20
2026-07-08 11:42:58.514 [  1B] 4F
2026-07-08 11:42:58.515 [  3B] 4B 0D 0A
2026-07-08 11:42:58.545 [  1B] 5B
2026-07-08 11:42:58.545 [ 15B] 54 58 2D 53 54 41 54 55 53 5D 20 41 54 2B 43
2026-07-08 11:42:58.566 [  1B] 50
2026-07-08 11:42:58.567 [ 15B] 49 4E 3F 0D 0A 20 2D 3E 20 30 0D 0A 0D 0A 5B
2026-07-08 11:42:58.586 [  1B] 4C
2026-07-08 11:42:58.587 [ 15B] 49 4E 45 5D 3A 20 4F 4B 0D 0A 0D 0A 5B 4C 49
2026-07-08 11:42:58.606 [  1B] 4E
2026-07-08 11:42:58.607 [ 15B] 45 5D 3A 20 2B 43 50 49 4E 3A 20 52 45 41 44
2026-07-08 11:42:58.614 [  1B] 59
2026-07-08 11:42:58.614 [  2B] 0D 0A
2026-07-08 11:42:58.644 [  1B] 5B
2026-07-08 11:42:58.644 [ 15B] 54 58 2D 53 54 41 54 55 53 5D 20 41 54 2B 43
2026-07-08 11:42:58.665 [  1B] 53
2026-07-08 11:42:58.666 [ 15B] 51 0D 0A 20 2D 3E 20 30 0D 0A 0D 0A 5B 4C 49
2026-07-08 11:42:58.686 [  1B] 4E
2026-07-08 11:42:58.686 [ 15B] 45 5D 3A 20 4F 4B 0D 0A 0D 0A 5B 4C 49 4E 45
2026-07-08 11:42:58.706 [  1B] 5D
2026-07-08 11:42:58.706 [ 15B] 3A 20 2B 43 53 51 3A 20 32 34 2C 39 39 0D 0A
2026-07-08 11:42:58.726 [  1B] 5B
2026-07-08 11:42:58.726 [ 15B] 54 58 2D 53 54 41 54 55 53 5D 20 41 54 2B 43
2026-07-08 11:42:58.745 [  1B] 46
2026-07-08 11:42:58.746 [ 12B] 55 4E 3F 0D 0A 20 2D 3E 20 30 0D 0A
2026-07-08 11:42:58.778 [  1B] 0D
2026-07-08 11:42:58.778 [ 15B] 0A 5B 4C 49 4E 45 5D 3A 20 4F 4B 0D 0A 0D 0A
2026-07-08 11:42:58.798 [  1B] 5B
2026-07-08 11:42:58.798 [ 15B] 4C 49 4E 45 5D 3A 20 2B 43 46 55 4E 3A 20 31
2026-07-08 11:42:58.803 [  1B] 0D
2026-07-08 11:42:58.804 [  1B] 0A
2026-07-08 11:42:58.834 [  1B] 5B
2026-07-08 11:42:58.834 [ 15B] 54 58 2D 53 54 41 54 55 53 5D 20 41 54 2B 43
2026-07-08 11:42:58.855 [  1B] 52
2026-07-08 11:42:58.855 [ 15B] 45 47 3F 0D 0A 20 2D 3E 20 30 0D 0A 0D 0A 5B
2026-07-08 11:42:58.874 [  1B] 4C
2026-07-08 11:42:58.875 [ 15B] 49 4E 45 5D 3A 20 4F 4B 0D 0A 5B 54 58 2D 53
2026-07-08 11:42:58.894 [  1B] 54
2026-07-08 11:42:58.895 [ 15B] 41 54 55 53 5D 20 41 54 45 30 0D 0A 20 2D 3E
2026-07-08 11:42:58.915 [  1B] 20
2026-07-08 11:42:58.915 [ 15B] 30 0D 0A 0D 0A 5B 4C 49 4E 45 5D 3A 20 2B 43
2026-07-08 11:42:58.935 [  1B] 52
2026-07-08 11:42:58.935 [ 15B] 45 47 3A 20 30 2C 31 0D 0A 0D 0A 5B 4C 49 4E
2026-07-08 11:42:58.955 [  1B] 45
2026-07-08 11:42:58.955 [ 15B] 5D 3A 20 4F 4B 0D 0A 5B 54 58 2D 53 54 41 54
2026-07-08 11:42:58.975 [  1B] 55
2026-07-08 11:42:58.975 [ 15B] 53 5D 20 41 54 2B 43 4D 45 45 3D 32 0D 0A 20
2026-07-08 11:42:58.996 [  1B] 2D
2026-07-08 11:42:58.996 [ 15B] 3E 20 30 0D 0A 0D 0A 5B 4C 49 4E 45 5D 3A 20
2026-07-08 11:42:59.004 [  1B] 4F
2026-07-08 11:42:59.005 [  3B] 4B 0D 0A
2026-07-08 11:42:59.035 [  1B] 5B
2026-07-08 11:42:59.035 [ 15B] 54 58 2D 53 54 41 54 55 53 5D 20 41 54 2B 43
2026-07-08 11:42:59.056 [  1B] 50
2026-07-08 11:42:59.057 [ 15B] 49 4E 3F 0D 0A 20 2D 3E 20 30 0D 0A 0D 0A 5B
2026-07-08 11:42:59.076 [  1B] 4C
2026-07-08 11:42:59.077 [ 15B] 49 4E 45 5D 3A 20 4F 4B 0D 0A 0D 0A 5B 4C 49
2026-07-08 11:42:59.096 [  1B] 4E
2026-07-08 11:42:59.097 [ 15B] 45 5D 3A 20 2B 43 50 49 4E 3A 20 52 45 41 44
2026-07-08 11:42:59.104 [  1B] 59
2026-07-08 11:42:59.104 [  2B] 0D 0A
2026-07-08 11:42:59.134 [  1B] 5B
2026-07-08 11:42:59.134 [ 15B] 54 58 2D 53 54 41 54 55 53 5D 20 41 54 2B 43
2026-07-08 11:42:59.155 [  1B] 53
2026-07-08 11:42:59.155 [ 15B] 51 0D 0A 20 2D 3E 20 30 0D 0A 0D 0A 5B 4C 49
2026-07-08 11:42:59.175 [  1B] 4E
2026-07-08 11:42:59.176 [ 15B] 45 5D 3A 20 4F 4B 0D 0A 0D 0A 5B 4C 49 4E 45
2026-07-08 11:42:59.195 [  1B] 5D
2026-07-08 11:42:59.195 [ 15B] 3A 20 2B 43 53 51 3A 20 32 34 2C 39 39 0D 0A
2026-07-08 11:42:59.215 [  1B] 5B
2026-07-08 11:42:59.216 [ 15B] 54 58 2D 53 54 41 54 55 53 5D 20 41 54 2B 43
2026-07-08 11:42:59.235 [  1B] 46
2026-07-08 11:42:59.235 [ 12B] 55 4E 3F 0D 0A 20 2D 3E 20 30 0D 0A
2026-07-08 11:42:59.266 [  1B] 0D
2026-07-08 11:42:59.267 [ 15B] 0A 5B 4C 49 4E 45 5D 3A 20 4F 4B 0D 0A 0D 0A
2026-07-08 11:42:59.286 [  1B] 5B
2026-07-08 11:42:59.287 [ 15B] 4C 49 4E 45 5D 3A 20 2B 43 46 55 4E 3A 20 31
2026-07-08 11:42:59.292 [  1B] 0D
2026-07-08 11:42:59.293 [  1B] 0A
2026-07-08 11:42:59.323 [  1B] 5B
2026-07-08 11:42:59.323 [ 15B] 54 58 2D 53 54 41 54 55 53 5D 20 41 54 2B 43
2026-07-08 11:42:59.344 [  1B] 52
2026-07-08 11:42:59.345 [ 15B] 45 47 3F 0D 0A 20 2D 3E 20 30 0D 0A 0D 0A 5B
2026-07-08 11:42:59.364 [  1B] 4C
2026-07-08 11:42:59.365 [ 15B] 49 4E 45 5D 3A 20 4F 4B 0D 0A 5B 54 58 2D 53
2026-07-08 11:42:59.384 [  1B] 54
2026-07-08 11:42:59.385 [ 15B] 41 54 55 53 5D 20 41 54 45 30 0D 0A 20 2D 3E
2026-07-08 11:42:59.405 [  1B] 20
2026-07-08 11:42:59.405 [ 15B] 30 0D 0A 0D 0A 5B 4C 49 4E 45 5D 3A 20 2B 43
2026-07-08 11:42:59.425 [  1B] 52
2026-07-08 11:42:59.425 [ 15B] 45 47 3A 20 30 2C 31 0D 0A 0D 0A 5B 4C 49 4E
2026-07-08 11:42:59.445 [  1B] 45
2026-07-08 11:42:59.446 [ 15B] 5D 3A 20 4F 4B 0D 0A 5B 54 58 2D 53 54 41 54
2026-07-08 11:42:59.465 [  1B] 55
2026-07-08 11:42:59.466 [ 15B] 53 5D 20 41 54 2B 43 4D 45 45 3D 32 0D 0A 20
2026-07-08 11:42:59.486 [  1B] 2D
2026-07-08 11:42:59.487 [ 15B] 3E 20 30 0D 0A 0D 0A 5B 4C 49 4E 45 5D 3A 20
2026-07-08 11:42:59.495 [  1B] 4F
2026-07-08 11:42:59.495 [  3B] 4B 0D 0A
2026-07-08 11:42:59.525 [  1B] 5B
2026-07-08 11:42:59.525 [ 15B] 54 58 2D 53 54 41 54 55 53 5D 20 41 54 2B 43
2026-07-08 11:42:59.546 [  1B] 50
2026-07-08 11:42:59.546 [ 15B] 49 4E 3F 0D 0A 20 2D 3E 20 30 0D 0A 0D 0A 5B
2026-07-08 11:42:59.566 [  1B] 4C
2026-07-08 11:42:59.567 [ 15B] 49 4E 45 5D 3A 20 4F 4B 0D 0A 0D 0A 5B 4C 49
2026-07-08 11:42:59.586 [  1B] 4E
2026-07-08 11:42:59.587 [ 15B] 45 5D 3A 20 2B 43 50 49 4E 3A 20 52 45 41 44
2026-07-08 11:42:59.593 [  1B] 59
2026-07-08 11:42:59.594 [  2B] 0D 0A
2026-07-08 11:42:59.624 [  1B] 5B
2026-07-08 11:42:59.624 [ 15B] 54 58 2D 53 54 41 54 55 53 5D 20 41 54 2B 43
2026-07-08 11:42:59.645 [  1B] 53
2026-07-08 11:42:59.645 [ 15B] 51 0D 0A 20 2D 3E 20 30 0D 0A 0D 0A 5B 4C 49
2026-07-08 11:42:59.665 [  1B] 4E
2026-07-08 11:42:59.666 [ 15B] 45 5D 3A 20 4F 4B 0D 0A 0D 0A 5B 4C 49 4E 45
2026-07-08 11:42:59.685 [  1B] 5D
2026-07-08 11:42:59.686 [ 15B] 3A 20 2B 43 53 51 3A 20 32 34 2C 39 39 0D 0A
2026-07-08 11:42:59.706 [  1B] 5B
2026-07-08 11:42:59.706 [ 15B] 54 58 2D 53 54 41 54 55 53 5D 20 41 54 2B 43
2026-07-08 11:42:59.725 [  1B] 46
2026-07-08 11:42:59.726 [ 12B] 55 4E 3F 0D 0A 20 2D 3E 20 30 0D 0A
2026-07-08 11:42:59.757 [  1B] 0D
2026-07-08 11:42:59.757 [ 15B] 0A 5B 4C 49 4E 45 5D 3A 20 4F 4B 0D 0A 0D 0A
2026-07-08 11:42:59.777 [  1B] 5B
2026-07-08 11:42:59.777 [ 15B] 4C 49 4E 45 5D 3A 20 2B 43 46 55 4E 3A 20 31
2026-07-08 11:42:59.782 [  1B] 0D
2026-07-08 11:42:59.783 [  1B] 0A
2026-07-08 11:42:59.813 [  1B] 5B
2026-07-08 11:42:59.813 [ 15B] 54 58 2D 53 54 41 54 55 53 5D 20 41 54 2B 43
2026-07-08 11:42:59.834 [  1B] 52
2026-07-08 11:42:59.835 [ 15B] 45 47 3F 0D 0A 20 2D 3E 20 30 0D 0A 0D 0A 5B
2026-07-08 11:42:59.854 [  1B] 4C
2026-07-08 11:42:59.855 [ 15B] 49 4E 45 5D 3A 20 4F 4B 0D 0A 5B 54 58 2D 53
2026-07-08 11:42:59.874 [  1B] 54
2026-07-08 11:42:59.875 [ 15B] 41 54 55 53 5D 20 41 54 45 30 0D 0A 20 2D 3E
2026-07-08 11:42:59.895 [  1B] 20
2026-07-08 11:42:59.895 [ 15B] 30 0D 0A 0D 0A 5B 4C 49 4E 45 5D 3A 20 2B 43
2026-07-08 11:42:59.915 [  1B] 52
2026-07-08 11:42:59.915 [ 15B] 45 47 3A 20 30 2C 31 0D 0A 0D 0A 5B 4C 49 4E
2026-07-08 11:42:59.935 [  1B] 45
2026-07-08 11:42:59.935 [ 15B] 5D 3A 20 4F 4B 0D 0A 5B 54 58 2D 53 54 41 54
2026-07-08 11:42:59.955 [  1B] 55
2026-07-08 11:42:59.955 [ 15B] 53 5D 20 41 54 2B 43 4D 45 45 3D 32 0D 0A 20
2026-07-08 11:42:59.976 [  1B] 2D
2026-07-08 11:42:59.976 [ 15B] 3E 20 30 0D 0A 0D 0A 5B 4C 49 4E 45 5D 3A 20
2026-07-08 11:42:59.984 [  1B] 4F
2026-07-08 11:42:59.985 [  3B] 4B 0D 0A
2026-07-08 11:43:00.015 [  1B] 5B
2026-07-08 11:43:00.015 [ 15B] 54 58 2D 53 54 41 54 55 53 5D 20 41 54 2B 43
2026-07-08 11:43:00.035 [  1B] 50
2026-07-08 11:43:00.036 [ 15B] 49 4E 3F 0D 0A 20 2D 3E 20 30 0D 0A 0D 0A 5B
2026-07-08 11:43:00.056 [  1B] 4C
2026-07-08 11:43:00.056 [ 15B] 49 4E 45 5D 3A 20 4F 4B 0D 0A 0D 0A 5B 4C 49
2026-07-08 11:43:00.076 [  1B] 4E
2026-07-08 11:43:00.076 [ 15B] 45 5D 3A 20 2B 43 50 49 4E 3A 20 52 45 41 44
2026-07-08 11:43:00.083 [  1B] 59
2026-07-08 11:43:00.083 [  2B] 0D 0A
2026-07-08 11:43:00.113 [  1B] 5B
2026-07-08 11:43:00.113 [ 15B] 54 58 2D 53 54 41 54 55 53 5D 20 41 54 2B 43
2026-07-08 11:43:00.134 [  1B] 53
2026-07-08 11:43:00.135 [ 15B] 51 0D 0A 20 2D 3E 20 30 0D 0A 0D 0A 5B 4C 49
2026-07-08 11:43:00.155 [  1B] 4E
2026-07-08 11:43:00.155 [ 15B] 45 5D 3A 20 4F 4B 0D 0A 0D 0A 5B 4C 49 4E 45
2026-07-08 11:43:00.175 [  1B] 5D
2026-07-08 11:43:00.175 [ 15B] 3A 20 2B 43 53 51 3A 20 32 34 2C 39 39 0D 0A
2026-07-08 11:43:00.195 [  1B] 5B
2026-07-08 11:43:00.195 [ 15B] 54 58 2D 53 54 41 54 55 53 5D 20 41 54 2B 43
2026-07-08 11:43:00.215 [  1B] 46
2026-07-08 11:43:00.216 [ 12B] 55 4E 3F 0D 0A 20 2D 3E 20 30 0D 0A
2026-07-08 11:43:00.247 [  1B] 0D
2026-07-08 11:43:00.247 [ 15B] 0A 5B 4C 49 4E 45 5D 3A 20 4F 4B 0D 0A 0D 0A
2026-07-08 11:43:00.267 [  1B] 5B
2026-07-08 11:43:00.267 [ 15B] 4C 49 4E 45 5D 3A 20 2B 43 46 55 4E 3A 20 31
2026-07-08 11:43:00.272 [  1B] 0D
2026-07-08 11:43:00.273 [  1B] 0A
2026-07-08 11:43:00.303 [  1B] 5B
2026-07-08 11:43:00.303 [ 15B] 54 58 2D 53 54 41 54 55 53 5D 20 41 54 2B 43
2026-07-08 11:43:00.324 [  1B] 52
2026-07-08 11:43:00.325 [ 15B] 45 47 3F 0D 0A 20 2D 3E 20 30 0D 0A 0D 0A 5B
2026-07-08 11:43:00.344 [  1B] 4C
2026-07-08 11:43:00.345 [ 15B] 49 4E 45 5D 3A 20 4F 4B 0D 0A 5B 54 58 2D 53
2026-07-08 11:43:00.364 [  1B] 54
2026-07-08 11:43:00.365 [ 15B] 41 54 55 53 5D 20 41 54 45 30 0D 0A 20 2D 3E
2026-07-08 11:43:00.385 [  1B] 20
2026-07-08 11:43:00.385 [ 15B] 30 0D 0A 0D 0A 5B 4C 49 4E 45 5D 3A 20 2B 43
2026-07-08 11:43:00.405 [  1B] 52
2026-07-08 11:43:00.405 [ 15B] 45 47 3A 20 30 2C 31 0D 0A 0D 0A 5B 4C 49 4E
2026-07-08 11:43:00.425 [  1B] 45
2026-07-08 11:43:00.426 [ 15B] 5D 3A 20 4F 4B 0D 0A 5B 54 58 2D 53 54 41 54
2026-07-08 11:43:00.445 [  1B] 55
2026-07-08 11:43:00.445 [ 15B] 53 5D 20 41 54 2B 43 4D 45 45 3D 32 0D 0A 20
2026-07-08 11:43:00.466 [  1B] 2D
2026-07-08 11:43:00.466 [ 15B] 3E 20 30 0D 0A 0D 0A 5B 4C 49 4E 45 5D 3A 20
2026-07-08 11:43:00.474 [  1B] 4F
2026-07-08 11:43:00.475 [  3B] 4B 0D 0A
2026-07-08 11:43:00.505 [  1B] 5B
2026-07-08 11:43:00.505 [ 15B] 54 58 2D 53 54 41 54 55 53 5D 20 41 54 2B 43
2026-07-08 11:43:00.525 [  1B] 50
2026-07-08 11:43:00.526 [ 15B] 49 4E 3F 0D 0A 20 2D 3E 20 30 0D 0A 0D 0A 5B
2026-07-08 11:43:00.546 [  1B] 4C
2026-07-08 11:43:00.546 [ 15B] 49 4E 45 5D 3A 20 4F 4B 0D 0A 0D 0A 5B 4C 49
2026-07-08 11:43:00.566 [  1B] 4E
2026-07-08 11:43:00.566 [ 15B] 45 5D 3A 20 2B 43 50 49 4E 3A 20 52 45 41 44
2026-07-08 11:43:00.573 [  1B] 59
2026-07-08 11:43:00.573 [  2B] 0D 0A
2026-07-08 11:43:00.603 [  1B] 5B
2026-07-08 11:43:00.603 [ 15B] 54 58 2D 53 54 41 54 55 53 5D 20 41 54 2B 43
2026-07-08 11:43:00.625 [  1B] 53
2026-07-08 11:43:00.625 [ 15B] 51 0D 0A 20 2D 3E 20 30 0D 0A 0D 0A 5B 4C 49
2026-07-08 11:43:00.645 [  1B] 4E
2026-07-08 11:43:00.645 [ 15B] 45 5D 3A 20 4F 4B 0D 0A 0D 0A 5B 4C 49 4E 45
2026-07-08 11:43:00.665 [  1B] 5D
2026-07-08 11:43:00.665 [ 15B] 3A 20 2B 43 53 51 3A 20 32 34 2C 39 39 0D 0A
2026-07-08 11:43:00.685 [  1B] 5B
2026-07-08 11:43:00.686 [ 15B] 54 58 2D 53 54 41 54 55 53 5D 20 41 54 2B 43
2026-07-08 11:43:00.705 [  1B] 46
2026-07-08 11:43:00.706 [ 12B] 55 4E 3F 0D 0A 20 2D 3E 20 30 0D 0A
2026-07-08 11:43:00.736 [  1B] 0D
2026-07-08 11:43:00.737 [ 15B] 0A 5B 4C 49 4E 45 5D 3A 20 4F 4B 0D 0A 0D 0A
2026-07-08 11:43:00.756 [  1B] 5B
2026-07-08 11:43:00.756 [ 15B] 4C 49 4E 45 5D 3A 20 2B 43 46 55 4E 3A 20 31
2026-07-08 11:43:00.762 [  1B] 0D
2026-07-08 11:43:00.763 [  1B] 0A
2026-07-08 11:43:00.792 [  1B] 5B
2026-07-08 11:43:00.792 [ 15B] 54 58 2D 53 54 41 54 55 53 5D 20 41 54 2B 43
2026-07-08 11:43:00.813 [  1B] 52
2026-07-08 11:43:00.814 [ 15B] 45 47 3F 0D 0A 20 2D 3E 20 30 0D 0A 0D 0A 5B
2026-07-08 11:43:00.833 [  1B] 4C
2026-07-08 11:43:00.834 [ 15B] 49 4E 45 5D 3A 20 4F 4B 0D 0A 5B 54 58 2D 53
2026-07-08 11:43:00.853 [  1B] 54
2026-07-08 11:43:00.854 [ 15B] 41 54 55 53 5D 20 41 54 45 30 0D 0A 20 2D 3E
2026-07-08 11:43:00.874 [  1B] 20
2026-07-08 11:43:00.874 [ 15B] 30 0D 0A 0D 0A 5B 4C 49 4E 45 5D 3A 20 2B 43
2026-07-08 11:43:00.894 [  1B] 52
2026-07-08 11:43:00.894 [ 15B] 45 47 3A 20 30 2C 31 0D 0A 0D 0A 5B 4C 49 4E
2026-07-08 11:43:00.914 [  1B] 45
2026-07-08 11:43:00.915 [ 15B] 5D 3A 20 4F 4B 0D 0A 5B 54 58 2D 53 54 41 54
2026-07-08 11:43:00.934 [  1B] 55
2026-07-08 11:43:00.935 [ 15B] 53 5D 20 41 54 2B 43 4D 45 45 3D 32 0D 0A 20
2026-07-08 11:43:00.956 [  1B] 2D
2026-07-08 11:43:00.956 [ 15B] 3E 20 30 0D 0A 0D 0A 5B 4C 49 4E 45 5D 3A 20
2026-07-08 11:43:00.964 [  1B] 4F
2026-07-08 11:43:00.965 [  3B] 4B 0D 0A
2026-07-08 11:43:00.995 [  1B] 5B
2026-07-08 11:43:00.995 [ 15B] 54 58 2D 53 54 41 54 55 53 5D 20 41 54 2B 43
2026-07-08 11:43:01.017 [  1B] 50
2026-07-08 11:43:01.017 [ 15B] 49 4E 3F 0D 0A 20 2D 3E 20 30 0D 0A 0D 0A 5B
2026-07-08 11:43:01.037 [  1B] 4C
2026-07-08 11:43:01.037 [ 15B] 49 4E 45 5D 3A 20 4F 4B 0D 0A 0D 0A 5B 4C 49
2026-07-08 11:43:01.057 [  1B] 4E
2026-07-08 11:43:01.057 [ 15B] 45 5D 3A 20 2B 43 50 49 4E 3A 20 52 45 41 44
2026-07-08 11:43:01.064 [  1B] 59
2026-07-08 11:43:01.065 [  2B] 0D 0A
2026-07-08 11:43:01.094 [  1B] 5B
2026-07-08 11:43:01.095 [ 15B] 54 58 2D 53 54 41 54 55 53 5D 20 41 54 2B 43
2026-07-08 11:43:01.116 [  1B] 53
2026-07-08 11:43:01.116 [ 15B] 51 0D 0A 20 2D 3E 20 30 0D 0A 0D 0A 5B 4C 49
2026-07-08 11:43:01.136 [  1B] 4E
2026-07-08 11:43:01.136 [ 15B] 45 5D 3A 20 4F 4B 0D 0A 0D 0A 5B 4C 49 4E 45
2026-07-08 11:43:01.156 [  1B] 5D
2026-07-08 11:43:01.156 [ 15B] 3A 20 2B 43 53 51 3A 20 32 34 2C 39 39 0D 0A
2026-07-08 11:43:01.176 [  1B] 5B
2026-07-08 11:43:01.176 [ 15B] 54 58 2D 53 54 41 54 55 53 5D 20 41 54 2B 43
2026-07-08 11:43:01.196 [  1B] 46
2026-07-08 11:43:01.196 [ 12B] 55 4E 3F 0D 0A 20 2D 3E 20 30 0D 0A
2026-07-08 11:43:01.229 [  1B] 0D
2026-07-08 11:43:01.229 [ 15B] 0A 5B 4C 49 4E 45 5D 3A 20 4F 4B 0D 0A 0D 0A
2026-07-08 11:43:01.249 [  1B] 5B
2026-07-08 11:43:01.249 [ 15B] 4C 49 4E 45 5D 3A 20 2B 43 46 55 4E 3A 20 31
2026-07-08 11:43:01.255 [  1B] 0D
2026-07-08 11:43:01.255 [  1B] 0A
2026-07-08 11:43:01.285 [  1B] 5B
2026-07-08 11:43:01.286 [ 15B] 54 58 2D 53 54 41 54 55 53 5D 20 41 54 2B 43
2026-07-08 11:43:01.307 [  1B] 52
2026-07-08 11:43:01.307 [ 15B] 45 47 3F 0D 0A 20 2D 3E 20 30 0D 0A 0D 0A 5B
2026-07-08 11:43:01.326 [  1B] 4C
2026-07-08 11:43:01.327 [ 15B] 49 4E 45 5D 3A 20 4F 4B 0D 0A 5B 54 58 2D 53
2026-07-08 11:43:01.346 [  1B] 54
2026-07-08 11:43:01.347 [ 15B] 41 54 55 53 5D 20 41 54 45 30 0D 0A 20 2D 3E
2026-07-08 11:43:01.367 [  1B] 20
2026-07-08 11:43:01.367 [ 15B] 30 0D 0A 0D 0A 5B 4C 49 4E 45 5D 3A 20 2B 43
2026-07-08 11:43:01.387 [  1B] 52
2026-07-08 11:43:01.387 [ 15B] 45 47 3A 20 30 2C 31 0D 0A 0D 0A 5B 4C 49 4E
2026-07-08 11:43:01.407 [  1B] 45
2026-07-08 11:43:01.407 [ 15B] 5D 3A 20 4F 4B 0D 0A 5B 54 58 2D 53 54 41 54
2026-07-08 11:43:01.427 [  1B] 55
2026-07-08 11:43:01.428 [ 15B] 53 5D 20 41 54 2B 43 4D 45 45 3D 32 0D 0A 20
2026-07-08 11:43:01.448 [  1B] 2D
2026-07-08 11:43:01.449 [ 15B] 3E 20 30 0D 0A 0D 0A 5B 4C 49 4E 45 5D 3A 20
2026-07-08 11:43:01.457 [  1B] 4F
2026-07-08 11:43:01.457 [  3B] 4B 0D 0A
2026-07-08 11:43:01.487 [  1B] 5B
2026-07-08 11:43:01.487 [ 15B] 54 58 2D 53 54 41 54 55 53 5D 20 41 54 2B 43
2026-07-08 11:43:01.508 [  1B] 50
2026-07-08 11:43:01.509 [ 15B] 49 4E 3F 0D 0A 20 2D 3E 20 30 0D 0A 0D 0A 5B
2026-07-08 11:43:01.529 [  1B] 4C
2026-07-08 11:43:01.529 [ 15B] 49 4E 45 5D 3A 20 4F 4B 0D 0A 0D 0A 5B 4C 49
2026-07-08 11:43:01.549 [  1B] 4E
2026-07-08 11:43:01.549 [ 15B] 45 5D 3A 20 2B 43 50 49 4E 3A 20 52 45 41 44
2026-07-08 11:43:01.556 [  1B] 59
2026-07-08 11:43:01.556 [  2B] 0D 0A
2026-07-08 11:43:01.586 [  1B] 5B
2026-07-08 11:43:01.586 [ 15B] 54 58 2D 53 54 41 54 55 53 5D 20 41 54 2B 43
2026-07-08 11:43:01.607 [  1B] 53
2026-07-08 11:43:01.607 [ 15B] 51 0D 0A 20 2D 3E 20 30 0D 0A 0D 0A 5B 4C 49
2026-07-08 11:43:01.627 [  1B] 4E
2026-07-08 11:43:01.628 [ 15B] 45 5D 3A 20 4F 4B 0D 0A 0D 0A 5B 4C 49 4E 45
2026-07-08 11:43:01.647 [  1B] 5D
2026-07-08 11:43:01.648 [ 15B] 3A 20 2B 43 53 51 3A 20 32 34 2C 39 39 0D 0A
2026-07-08 11:43:01.667 [  1B] 5B
2026-07-08 11:43:01.668 [ 15B] 54 58 2D 53 54 41 54 55 53 5D 20 41 54 2B 43
2026-07-08 11:43:01.688 [  1B] 46
2026-07-08 11:43:01.688 [ 12B] 55 4E 3F 0D 0A 20 2D 3E 20 30 0D 0A
2026-07-08 11:43:01.719 [  1B] 0D
2026-07-08 11:43:01.719 [ 15B] 0A 5B 4C 49 4E 45 5D 3A 20 4F 4B 0D 0A 0D 0A
2026-07-08 11:43:01.739 [  1B] 5B
2026-07-08 11:43:01.739 [ 15B] 4C 49 4E 45 5D 3A 20 2B 43 46 55 4E 3A 20 31
2026-07-08 11:43:01.744 [  1B] 0D
2026-07-08 11:43:01.745 [  1B] 0A
2026-07-08 11:43:01.775 [  1B] 5B
2026-07-08 11:43:01.776 [ 15B] 54 58 2D 53 54 41 54 55 53 5D 20 41 54 2B 43
2026-07-08 11:43:01.796 [  1B] 52
2026-07-08 11:43:01.797 [ 15B] 45 47 3F 0D 0A 20 2D 3E 20 30 0D 0A 0D 0A 5B
2026-07-08 11:43:01.816 [  1B] 4C
2026-07-08 11:43:01.817 [ 15B] 49 4E 45 5D 3A 20 4F 4B 0D 0A 5B 54 58 2D 53
2026-07-08 11:43:01.836 [  1B] 54
2026-07-08 11:43:01.837 [ 15B] 41 54 55 53 5D 20 41 54 45 30 0D 0A 20 2D 3E
2026-07-08 11:43:01.857 [  1B] 20
2026-07-08 11:43:01.857 [ 15B] 30 0D 0A 0D 0A 5B 4C 49 4E 45 5D 3A 20 2B 43
2026-07-08 11:43:01.877 [  1B] 52
2026-07-08 11:43:01.878 [ 15B] 45 47 3A 20 30 2C 31 0D 0A 0D 0A 5B 4C 49 4E
2026-07-08 11:43:01.898 [  1B] 45
2026-07-08 11:43:01.899 [ 15B] 5D 3A 20 4F 4B 0D 0A 5B 54 58 2D 53 54 41 54
2026-07-08 11:43:01.917 [  1B] 55
2026-07-08 11:43:01.918 [ 15B] 53 5D 20 41 54 2B 43 4D 45 45 3D 32 0D 0A 20
2026-07-08 11:43:01.938 [  1B] 2D
2026-07-08 11:43:01.939 [ 15B] 3E 20 30 0D 0A 0D 0A 5B 4C 49 4E 45 5D 3A 20
2026-07-08 11:43:01.946 [  1B] 4F
2026-07-08 11:43:01.947 [  3B] 4B 0D 0A
2026-07-08 11:43:01.977 [  1B] 5B
2026-07-08 11:43:01.978 [ 15B] 54 58 2D 53 54 41 54 55 53 5D 20 41 54 2B 43
2026-07-08 11:43:01.998 [  1B] 50
2026-07-08 11:43:01.999 [ 15B] 49 4E 3F 0D 0A 20 2D 3E 20 30 0D 0A 0D 0A 5B
2026-07-08 11:43:02.018 [  1B] 4C
2026-07-08 11:43:02.019 [ 15B] 49 4E 45 5D 3A 20 4F 4B 0D 0A 0D 0A 5B 4C 49
2026-07-08 11:43:02.038 [  1B] 4E
2026-07-08 11:43:02.039 [ 15B] 45 5D 3A 20 2B 43 50 49 4E 3A 20 52 45 41 44
2026-07-08 11:43:02.046 [  1B] 59
2026-07-08 11:43:02.046 [  2B] 0D 0A
2026-07-08 11:43:02.076 [  1B] 5B
2026-07-08 11:43:02.077 [ 15B] 54 58 2D 53 54 41 54 55 53 5D 20 41 54 2B 43
2026-07-08 11:43:02.097 [  1B] 53
2026-07-08 11:43:02.097 [ 15B] 51 0D 0A 20 2D 3E 20 30 0D 0A 0D 0A 5B 4C 49
2026-07-08 11:43:02.117 [  1B] 4E
2026-07-08 11:43:02.118 [ 15B] 45 5D 3A 20 4F 4B 0D 0A 0D 0A 5B 4C 49 4E 45
2026-07-08 11:43:02.137 [  1B] 5D
2026-07-08 11:43:02.138 [ 15B] 3A 20 2B 43 53 51 3A 20 32 34 2C 39 39 0D 0A
2026-07-08 11:43:02.157 [  1B] 5B
2026-07-08 11:43:02.158 [ 15B] 54 58 2D 53 54 41 54 55 53 5D 20 41 54 2B 43
2026-07-08 11:43:02.177 [  1B] 46
2026-07-08 11:43:02.177 [ 12B] 55 4E 3F 0D 0A 20 2D 3E 20 30 0D 0A
2026-07-08 11:43:02.209 [  1B] 0D
2026-07-08 11:43:02.209 [ 15B] 0A 5B 4C 49 4E 45 5D 3A 20 4F 4B 0D 0A 0D 0A
2026-07-08 11:43:02.229 [  1B] 5B
2026-07-08 11:43:02.229 [ 15B] 4C 49 4E 45 5D 3A 20 2B 43 46 55 4E 3A 20 31
2026-07-08 11:43:02.234 [  1B] 0D
2026-07-08 11:43:02.235 [  1B] 0A
2026-07-08 11:43:02.265 [  1B] 5B
2026-07-08 11:43:02.266 [ 15B] 54 58 2D 53 54 41 54 55 53 5D 20 41 54 2B 43
2026-07-08 11:43:02.286 [  1B] 52
2026-07-08 11:43:02.287 [ 15B] 45 47 3F 0D 0A 20 2D 3E 20 30 0D 0A 0D 0A 5B
2026-07-08 11:43:02.306 [  1B] 4C
2026-07-08 11:43:02.307 [ 15B] 49 4E 45 5D 3A 20 4F 4B 0D 0A 5B 54 58 2D 53
2026-07-08 11:43:02.327 [  1B] 54
2026-07-08 11:43:02.327 [ 15B] 41 54 55 53 5D 20 41 54 45 30 0D 0A 20 2D 3E
2026-07-08 11:43:02.347 [  1B] 20
2026-07-08 11:43:02.347 [ 15B] 30 0D 0A 0D 0A 5B 4C 49 4E 45 5D 3A 20 2B 43
2026-07-08 11:43:02.367 [  1B] 52
2026-07-08 11:43:02.368 [ 15B] 45 47 3A 20 30 2C 31 0D 0A 0D 0A 5B 4C 49 4E
2026-07-08 11:43:02.387 [  1B] 45
2026-07-08 11:43:02.388 [ 15B] 5D 3A 20 4F 4B 0D 0A 5B 54 58 2D 53 54 41 54
2026-07-08 11:43:02.407 [  1B] 55
2026-07-08 11:43:02.408 [ 15B] 53 5D 20 41 54 2B 43 4D 45 45 3D 32 0D 0A 20
2026-07-08 11:43:02.428 [  1B] 2D
2026-07-08 11:43:02.429 [ 15B] 3E 20 30 0D 0A 0D 0A 5B 4C 49 4E 45 5D 3A 20
2026-07-08 11:43:02.437 [  1B] 4F
2026-07-08 11:43:02.437 [  3B] 4B 0D 0A
2026-07-08 11:43:02.467 [  1B] 5B
2026-07-08 11:43:02.467 [ 15B] 54 58 2D 53 54 41 54 55 53 5D 20 41 54 2B 43
2026-07-08 11:43:02.488 [  1B] 50
2026-07-08 11:43:02.489 [ 15B] 49 4E 3F 0D 0A 20 2D 3E 20 30 0D 0A 0D 0A 5B
2026-07-08 11:43:02.508 [  1B] 4C
2026-07-08 11:43:02.509 [ 15B] 49 4E 45 5D 3A 20 4F 4B 0D 0A 0D 0A 5B 4C 49
2026-07-08 11:43:02.529 [  1B] 4E
2026-07-08 11:43:02.529 [ 15B] 45 5D 3A 20 2B 43 50 49 4E 3A 20 52 45 41 44
2026-07-08 11:43:02.536 [  1B] 59
2026-07-08 11:43:02.536 [  2B] 0D 0A
2026-07-08 11:43:02.566 [  1B] 5B
2026-07-08 11:43:02.566 [ 15B] 54 58 2D 53 54 41 54 55 53 5D 20 41 54 2B 43
2026-07-08 11:43:02.587 [  1B] 53
2026-07-08 11:43:02.588 [ 15B] 51 0D 0A 20 2D 3E 20 30 0D 0A 0D 0A 5B 4C 49
2026-07-08 11:43:02.607 [  1B] 4E
2026-07-08 11:43:02.608 [ 15B] 45 5D 3A 20 4F 4B 0D 0A 0D 0A 5B 4C 49 4E 45
2026-07-08 11:43:02.627 [  1B] 5D
2026-07-08 11:43:02.628 [ 15B] 3A 20 2B 43 53 51 3A 20 32 34 2C 39 39 0D 0A
2026-07-08 11:43:02.648 [  1B] 5B
2026-07-08 11:43:02.648 [ 15B] 54 58 2D 53 54 41 54 55 53 5D 20 41 54 2B 43
2026-07-08 11:43:02.667 [  1B] 46
2026-07-08 11:43:02.668 [ 12B] 55 4E 3F 0D 0A 20 2D 3E 20 30 0D 0A
2026-07-08 11:43:02.699 [  1B] 0D
2026-07-08 11:43:02.699 [ 15B] 0A 5B 4C 49 4E 45 5D 3A 20 4F 4B 0D 0A 0D 0A
2026-07-08 11:43:02.719 [  1B] 5B
2026-07-08 11:43:02.719 [ 15B] 4C 49 4E 45 5D 3A 20 2B 43 46 55 4E 3A 20 31
2026-07-08 11:43:02.725 [  1B] 0D
2026-07-08 11:43:02.725 [  1B] 0A
2026-07-08 11:43:02.755 [  1B] 5B
2026-07-08 11:43:02.756 [ 15B] 54 58 2D 53 54 41 54 55 53 5D 20 41 54 2B 43
2026-07-08 11:43:02.776 [  1B] 52
2026-07-08 11:43:02.777 [ 15B] 45 47 3F 0D 0A 20 2D 3E 20 30 0D 0A 0D 0A 5B
2026-07-08 11:43:02.797 [  1B] 4C
2026-07-08 11:43:02.797 [ 15B] 49 4E 45 5D 3A 20 4F 4B 0D 0A 5B 54 58 2D 53
2026-07-08 11:43:02.816 [  1B] 54
2026-07-08 11:43:02.817 [ 15B] 41 54 55 53 5D 20 41 54 45 30 0D 0A 20 2D 3E
2026-07-08 11:43:02.837 [  1B] 20
2026-07-08 11:43:02.837 [ 15B] 30 0D 0A 0D 0A 5B 4C 49 4E 45 5D 3A 20 2B 43
2026-07-08 11:43:02.857 [  1B] 52
2026-07-08 11:43:02.858 [ 15B] 45 47 3A 20 30 2C 31 0D 0A 0D 0A 5B 4C 49 4E
2026-07-08 11:43:02.877 [  1B] 45
2026-07-08 11:43:02.878 [ 15B] 5D 3A 20 4F 4B 0D 0A 5B 54 58 2D 53 54 41 54
2026-07-08 11:43:02.897 [  1B] 55
2026-07-08 11:43:02.898 [ 15B] 53 5D 20 41 54 2B 43 4D 45 45 3D 32 0D 0A 20
2026-07-08 11:43:02.918 [  1B] 2D
2026-07-08 11:43:02.919 [ 15B] 3E 20 30 0D 0A 0D 0A 5B 4C 49 4E 45 5D 3A 20
2026-07-08 11:43:02.927 [  1B] 4F
2026-07-08 11:43:02.927 [  3B] 4B 0D 0A
2026-07-08 11:43:02.957 [  1B] 5B
2026-07-08 11:43:02.958 [ 15B] 54 58 2D 53 54 41 54 55 53 5D 20 41 54 2B 43
2026-07-08 11:43:02.978 [  1B] 50
2026-07-08 11:43:02.979 [ 15B] 49 4E 3F 0D 0A 20 2D 3E 20 30 0D 0A 0D 0A 5B
2026-07-08 11:43:02.999 [  1B] 4C
2026-07-08 11:43:02.999 [ 15B] 49 4E 45 5D 3A 20 4F 4B 0D 0A 0D 0A 5B 4C 49
2026-07-08 11:43:03.018 [  1B] 4E
2026-07-08 11:43:03.019 [ 15B] 45 5D 3A 20 2B 43 50 49 4E 3A 20 52 45 41 44
2026-07-08 11:43:03.026 [  1B] 59
2026-07-08 11:43:03.026 [  2B] 0D 0A
2026-07-08 11:43:03.056 [  1B] 5B
2026-07-08 11:43:03.057 [ 15B] 54 58 2D 53 54 41 54 55 53 5D 20 41 54 2B 43
2026-07-08 11:43:03.077 [  1B] 53
2026-07-08 11:43:03.078 [ 15B] 51 0D 0A 20 2D 3E 20 30 0D 0A 0D 0A 5B 4C 49
2026-07-08 11:43:03.098 [  1B] 4E
2026-07-08 11:43:03.098 [ 15B] 45 5D 3A 20 4F 4B 0D 0A 0D 0A 5B 4C 49 4E 45
2026-07-08 11:43:03.118 [  1B] 5D
2026-07-08 11:43:03.118 [ 15B] 3A 20 2B 43 53 51 3A 20 32 34 2C 39 39 0D 0A
2026-07-08 11:43:03.138 [  1B] 5B
2026-07-08 11:43:03.138 [ 15B] 54 58 2D 53 54 41 54 55 53 5D 20 41 54 2B 43
2026-07-08 11:43:03.157 [  1B] 46
2026-07-08 11:43:03.158 [ 12B] 55 4E 3F 0D 0A 20 2D 3E 20 30 0D 0A
2026-07-08 11:43:03.188 [  1B] 0D
2026-07-08 11:43:03.189 [ 15B] 0A 5B 4C 49 4E 45 5D 3A 20 4F 4B 0D 0A 0D 0A
2026-07-08 11:43:03.209 [  1B] 5B
2026-07-08 11:43:03.209 [ 15B] 4C 49 4E 45 5D 3A 20 2B 43 46 55 4E 3A 20 31
2026-07-08 11:43:03.214 [  1B] 0D
2026-07-08 11:43:03.215 [  1B] 0A
2026-07-08 11:43:03.245 [  1B] 5B
2026-07-08 11:43:03.246 [ 15B] 54 58 2D 53 54 41 54 55 53 5D 20 41 54 2B 43
2026-07-08 11:43:03.266 [  1B] 52
2026-07-08 11:43:03.267 [ 15B] 45 47 3F 0D 0A 20 2D 3E 20 30 0D 0A 0D 0A 5B
2026-07-08 11:43:03.286 [  1B] 4C
2026-07-08 11:43:03.287 [ 15B] 49 4E 45 5D 3A 20 4F 4B 0D 0A 5B 54 58 2D 53
2026-07-08 11:43:03.307 [  1B] 54
2026-07-08 11:43:03.307 [ 15B] 41 54 55 53 5D 20 41 54 45 30 0D 0A 20 2D 3E
2026-07-08 11:43:03.327 [  1B] 20
2026-07-08 11:43:03.327 [ 15B] 30 0D 0A 0D 0A 5B 4C 49 4E 45 5D 3A 20 2B 43
2026-07-08 11:43:03.347 [  1B] 52
2026-07-08 11:43:03.348 [ 15B] 45 47 3A 20 30 2C 31 0D 0A 0D 0A 5B 4C 49 4E
2026-07-08 11:43:03.367 [  1B] 45
2026-07-08 11:43:03.368 [ 15B] 5D 3A 20 4F 4B 0D 0A 5B 54 58 2D 53 54 41 54
2026-07-08 11:43:03.387 [  1B] 55
2026-07-08 11:43:03.388 [ 15B] 53 5D 20 41 54 2B 43 4D 45 45 3D 32 0D 0A 20
2026-07-08 11:43:03.408 [  1B] 2D
2026-07-08 11:43:03.409 [ 15B] 3E 20 30 0D 0A 0D 0A 5B 4C 49 4E 45 5D 3A 20
2026-07-08 11:43:03.417 [  1B] 4F
2026-07-08 11:43:03.417 [  3B] 4B 0D 0A
2026-07-08 11:43:03.447 [  1B] 5B
2026-07-08 11:43:03.448 [ 15B] 54 58 2D 53 54 41 54 55 53 5D 20 41 54 2B 43
2026-07-08 11:43:03.468 [  1B] 50
2026-07-08 11:43:03.469 [ 15B] 49 4E 3F 0D 0A 20 2D 3E 20 30 0D 0A 0D 0A 5B
2026-07-08 11:43:03.489 [  1B] 4C
2026-07-08 11:43:03.489 [ 15B] 49 4E 45 5D 3A 20 4F 4B 0D 0A 0D 0A 5B 4C 49
2026-07-08 11:43:03.509 [  1B] 4E
2026-07-08 11:43:03.509 [ 15B] 45 5D 3A 20 2B 43 50 49 4E 3A 20 52 45 41 44
2026-07-08 11:43:03.516 [  1B] 59
2026-07-08 11:43:03.516 [  2B] 0D 0A
2026-07-08 11:43:03.546 [  1B] 5B
2026-07-08 11:43:03.547 [ 15B] 54 58 2D 53 54 41 54 55 53 5D 20 41 54 2B 43
2026-07-08 11:43:03.570 [  1B] 53
2026-07-08 11:43:03.570 [ 15B] 51 0D 0A 20 2D 3E 20 30 0D 0A 0D 0A 5B 4C 49
2026-07-08 11:43:03.588 [  1B] 4E
2026-07-08 11:43:03.588 [ 15B] 45 5D 3A 20 4F 4B 0D 0A 0D 0A 5B 4C 49 4E 45
2026-07-08 11:43:03.608 [  1B] 5D
2026-07-08 11:43:03.608 [ 15B] 3A 20 2B 43 53 51 3A 20 32 34 2C 39 39 0D 0A
2026-07-08 11:43:03.628 [  1B] 5B
2026-07-08 11:43:03.628 [ 15B] 54 58 2D 53 54 41 54 55 53 5D 20 41 54 2B 43
2026-07-08 11:43:03.647 [  1B] 46
2026-07-08 11:43:03.648 [ 12B] 55 4E 3F 0D 0A 20 2D 3E 20 30 0D 0A
2026-07-08 11:43:03.678 [  1B] 0D
2026-07-08 11:43:03.679 [ 15B] 0A 5B 4C 49 4E 45 5D 3A 20 4F 4B 0D 0A 0D 0A
2026-07-08 11:43:03.698 [  1B] 5B
2026-07-08 11:43:03.699 [ 15B] 4C 49 4E 45 5D 3A 20 2B 43 46 55 4E 3A 20 31
2026-07-08 11:43:03.704 [  1B] 0D
2026-07-08 11:43:03.705 [  1B] 0A
2026-07-08 11:43:03.734 [  1B] 5B
2026-07-08 11:43:03.734 [ 15B] 54 58 2D 53 54 41 54 55 53 5D 20 41 54 2B 43
2026-07-08 11:43:03.755 [  1B] 52
2026-07-08 11:43:03.756 [ 15B] 45 47 3F 0D 0A 20 2D 3E 20 30 0D 0A 0D 0A 5B
2026-07-08 11:43:03.776 [  1B] 4C
2026-07-08 11:43:03.776 [ 15B] 49 4E 45 5D 3A 20 4F 4B 0D 0A 5B 54 58 2D 53
2026-07-08 11:43:03.796 [  1B] 54
2026-07-08 11:43:03.796 [ 15B] 41 54 55 53 5D 20 41 54 45 30 0D 0A 20 2D 3E
2026-07-08 11:43:03.816 [  1B] 20
2026-07-08 11:43:03.816 [ 15B] 30 0D 0A 0D 0A 5B 4C 49 4E 45 5D 3A 20 2B 43
2026-07-08 11:43:03.836 [  1B] 52
2026-07-08 11:43:03.837 [ 15B] 45 47 3A 20 30 2C 31 0D 0A 0D 0A 5B 4C 49 4E
2026-07-08 11:43:03.856 [  1B] 45
2026-07-08 11:43:03.857 [ 15B] 5D 3A 20 4F 4B 0D 0A 5B 54 58 2D 53 54 41 54
2026-07-08 11:43:03.876 [  1B] 55
2026-07-08 11:43:03.877 [ 15B] 53 5D 20 41 54 2B 43 4D 45 45 3D 32 0D 0A 20
2026-07-08 11:43:03.897 [  1B] 2D
2026-07-08 11:43:03.898 [ 15B] 3E 20 30 0D 0A 0D 0A 5B 4C 49 4E 45 5D 3A 20
2026-07-08 11:43:03.906 [  1B] 4F
2026-07-08 11:43:03.906 [  3B] 4B 0D 0A
2026-07-08 11:43:03.936 [  1B] 5B
2026-07-08 11:43:03.936 [ 15B] 54 58 2D 53 54 41 54 55 53 5D 20 41 54 2B 43
2026-07-08 11:43:03.956 [  1B] 50
2026-07-08 11:43:03.957 [ 15B] 49 4E 3F 0D 0A 20 2D 3E 20 30 0D 0A 0D 0A 5B
2026-07-08 11:43:03.977 [  1B] 4C
2026-07-08 11:43:03.977 [ 15B] 49 4E 45 5D 3A 20 4F 4B 0D 0A 0D 0A 5B 4C 49
2026-07-08 11:43:03.997 [  1B] 4E
2026-07-08 11:43:03.997 [ 15B] 45 5D 3A 20 2B 43 50 49 4E 3A 20 52 45 41 44
2026-07-08 11:43:04.004 [  1B] 59
2026-07-08 11:43:04.005 [  2B] 0D 0A
2026-07-08 11:43:04.034 [  1B] 5B
2026-07-08 11:43:04.035 [ 15B] 54 58 2D 53 54 41 54 55 53 5D 20 41 54 2B 43
2026-07-08 11:43:04.055 [  1B] 53
2026-07-08 11:43:04.056 [ 15B] 51 0D 0A 20 2D 3E 20 30 0D 0A 0D 0A 5B 4C 49
2026-07-08 11:43:04.076 [  1B] 4E
2026-07-08 11:43:04.076 [ 15B] 45 5D 3A 20 4F 4B 0D 0A 0D 0A 5B 4C 49 4E 45
2026-07-08 11:43:04.096 [  1B] 5D
2026-07-08 11:43:04.096 [ 15B] 3A 20 2B 43 53 51 3A 20 32 34 2C 39 39 0D 0A
2026-07-08 11:43:04.116 [  1B] 5B
2026-07-08 11:43:04.116 [ 15B] 54 58 2D 53 54 41 54 55 53 5D 20 41 54 2B 43
2026-07-08 11:43:04.136 [  1B] 46
2026-07-08 11:43:04.136 [ 12B] 55 4E 3F 0D 0A 20 2D 3E 20 30 0D 0A
2026-07-08 11:43:04.167 [  1B] 0D
2026-07-08 11:43:04.167 [ 15B] 0A 5B 4C 49 4E 45 5D 3A 20 4F 4B 0D 0A 0D 0A
2026-07-08 11:43:04.187 [  1B] 5B
2026-07-08 11:43:04.187 [ 15B] 4C 49 4E 45 5D 3A 20 2B 43 46 55 4E 3A 20 31
2026-07-08 11:43:04.193 [  1B] 0D
2026-07-08 11:43:04.193 [  1B] 0A
2026-07-08 11:43:04.223 [  1B] 5B
2026-07-08 11:43:04.224 [ 15B] 54 58 2D 53 54 41 54 55 53 5D 20 41 54 2B 43
2026-07-08 11:43:04.244 [  1B] 52
2026-07-08 11:43:04.245 [ 15B] 45 47 3F 0D 0A 20 2D 3E 20 30 0D 0A 0D 0A 5B
2026-07-08 11:43:04.265 [  1B] 4C
2026-07-08 11:43:04.265 [ 15B] 49 4E 45 5D 3A 20 4F 4B 0D 0A 5B 54 58 2D 53
2026-07-08 11:43:04.285 [  1B] 54
2026-07-08 11:43:04.285 [ 15B] 41 54 55 53 5D 20 41 54 45 30 0D 0A 20 2D 3E
2026-07-08 11:43:04.305 [  1B] 20
2026-07-08 11:43:04.305 [ 15B] 30 0D 0A 0D 0A 5B 4C 49 4E 45 5D 3A 20 2B 43
2026-07-08 11:43:04.325 [  1B] 52
2026-07-08 11:43:04.326 [ 15B] 45 47 3A 20 30 2C 31 0D 0A 0D 0A 5B 4C 49 4E
2026-07-08 11:43:04.345 [  1B] 45
2026-07-08 11:43:04.346 [ 15B] 5D 3A 20 4F 4B 0D 0A 5B 54 58 2D 53 54 41 54
2026-07-08 11:43:04.365 [  1B] 55
2026-07-08 11:43:04.366 [ 15B] 53 5D 20 41 54 2B 43 4D 45 45 3D 32 0D 0A 20
2026-07-08 11:43:04.386 [  1B] 2D
2026-07-08 11:43:04.387 [ 15B] 3E 20 30 0D 0A 0D 0A 5B 4C 49 4E 45 5D 3A 20
2026-07-08 11:43:04.395 [  1B] 4F
2026-07-08 11:43:04.395 [  3B] 4B 0D 0A
2026-07-08 11:43:04.425 [  1B] 5B
2026-07-08 11:43:04.426 [ 15B] 54 58 2D 53 54 41 54 55 53 5D 20 41 54 2B 43
2026-07-08 11:43:04.446 [  1B] 50
2026-07-08 11:43:04.447 [ 15B] 49 4E 3F 0D 0A 20 2D 3E 20 30 0D 0A 0D 0A 5B
2026-07-08 11:43:04.467 [  1B] 4C
2026-07-08 11:43:04.467 [ 15B] 49 4E 45 5D 3A 20 4F 4B 0D 0A 0D 0A 5B 4C 49
2026-07-08 11:43:04.487 [  1B] 4E
2026-07-08 11:43:04.487 [ 15B] 45 5D 3A 20 2B 43 50 49 4E 3A 20 52 45 41 44
2026-07-08 11:43:04.494 [  1B] 59
2026-07-08 11:43:04.495 [  2B] 0D 0A
2026-07-08 11:43:04.524 [  1B] 5B
2026-07-08 11:43:04.525 [ 15B] 54 58 2D 53 54 41 54 55 53 5D 20 41 54 2B 43
2026-07-08 11:43:04.545 [  1B] 53
2026-07-08 11:43:04.546 [ 15B] 51 0D 0A 20 2D 3E 20 30 0D 0A 0D 0A 5B 4C 49
2026-07-08 11:43:04.566 [  1B] 4E
2026-07-08 11:43:04.566 [ 15B] 45 5D 3A 20 4F 4B 0D 0A 0D 0A 5B 4C 49 4E 45
2026-07-08 11:43:04.586 [  1B] 5D
2026-07-08 11:43:04.586 [ 15B] 3A 20 2B 43 53 51 3A 20 32 34 2C 39 39 0D 0A
2026-07-08 11:43:04.606 [  1B] 5B
2026-07-08 11:43:04.606 [ 15B] 54 58 2D 53 54 41 54 55 53 5D 20 41 54 2B 43
2026-07-08 11:43:04.625 [  1B] 46
2026-07-08 11:43:04.626 [ 12B] 55 4E 3F 0D 0A 20 2D 3E 20 30 0D 0A
2026-07-08 11:43:04.656 [  1B] 0D
2026-07-08 11:43:04.656 [ 15B] 0A 5B 4C 49 4E 45 5D 3A 20 4F 4B 0D 0A 0D 0A
2026-07-08 11:43:04.676 [  1B] 5B
2026-07-08 11:43:04.676 [ 15B] 4C 49 4E 45 5D 3A 20 2B 43 46 55 4E 3A 20 31
2026-07-08 11:43:04.682 [  1B] 0D
2026-07-08 11:43:04.683 [  1B] 0A
2026-07-08 11:43:04.712 [  1B] 5B
2026-07-08 11:43:04.713 [ 15B] 54 58 2D 53 54 41 54 55 53 5D 20 41 54 2B 43
2026-07-08 11:43:04.734 [  1B] 52
2026-07-08 11:43:04.734 [ 15B] 45 47 3F 0D 0A 20 2D 3E 20 30 0D 0A 0D 0A 5B
2026-07-08 11:43:04.754 [  1B] 4C
2026-07-08 11:43:04.754 [ 15B] 49 4E 45 5D 3A 20 4F 4B 0D 0A 5B 54 58 2D 53
2026-07-08 11:43:04.774 [  1B] 54
2026-07-08 11:43:04.774 [ 15B] 41 54 55 53 5D 20 41 54 45 30 0D 0A 20 2D 3E
2026-07-08 11:43:04.794 [  1B] 20
2026-07-08 11:43:04.794 [ 15B] 30 0D 0A 0D 0A 5B 4C 49 4E 45 5D 3A 20 2B 43
2026-07-08 11:43:04.814 [  1B] 52
2026-07-08 11:43:04.815 [ 15B] 45 47 3A 20 30 2C 31 0D 0A 0D 0A 5B 4C 49 4E
2026-07-08 11:43:04.834 [  1B] 45
2026-07-08 11:43:04.835 [ 15B] 5D 3A 20 4F 4B 0D 0A 5B 54 58 2D 53 54 41 54
2026-07-08 11:43:04.854 [  1B] 55
2026-07-08 11:43:04.855 [ 15B] 53 5D 20 41 54 2B 43 4D 45 45 3D 32 0D 0A 20
2026-07-08 11:43:04.875 [  1B] 2D
2026-07-08 11:43:04.876 [ 15B] 3E 20 30 0D 0A 0D 0A 5B 4C 49 4E 45 5D 3A 20
2026-07-08 11:43:04.884 [  1B] 4F
2026-07-08 11:43:04.884 [  3B] 4B 0D 0A
2026-07-08 11:43:04.914 [  1B] 5B
2026-07-08 11:43:04.915 [ 15B] 54 58 2D 53 54 41 54 55 53 5D 20 41 54 2B 43
2026-07-08 11:43:04.934 [  1B] 50
2026-07-08 11:43:04.935 [ 15B] 49 4E 3F 0D 0A 20 2D 3E 20 30 0D 0A 0D 0A 5B
2026-07-08 11:43:04.955 [  1B] 4C
2026-07-08 11:43:04.955 [ 15B] 49 4E 45 5D 3A 20 4F 4B 0D 0A 0D 0A 5B 4C 49
2026-07-08 11:43:04.975 [  1B] 4E
2026-07-08 11:43:04.975 [ 15B] 45 5D 3A 20 2B 43 50 49 4E 3A 20 52 45 41 44
2026-07-08 11:43:04.982 [  1B] 59
2026-07-08 11:43:04.982 [  2B] 0D 0A
2026-07-08 11:43:05.012 [  1B] 5B
2026-07-08 11:43:05.013 [ 15B] 54 58 2D 53 54 41 54 55 53 5D 20 41 54 2B 43
2026-07-08 11:43:05.033 [  1B] 53
2026-07-08 11:43:05.034 [ 15B] 51 0D 0A 20 2D 3E 20 30 0D 0A 0D 0A 5B 4C 49
2026-07-08 11:43:05.054 [  1B] 4E
2026-07-08 11:43:05.054 [ 15B] 45 5D 3A 20 4F 4B 0D 0A 0D 0A 5B 4C 49 4E 45
2026-07-08 11:43:05.074 [  1B] 5D
2026-07-08 11:43:05.074 [ 15B] 3A 20 2B 43 53 51 3A 20 32 34 2C 39 39 0D 0A
2026-07-08 11:43:05.094 [  1B] 5B
2026-07-08 11:43:05.094 [ 15B] 54 58 2D 53 54 41 54 55 53 5D 20 41 54 2B 43
2026-07-08 11:43:05.114 [  1B] 46
2026-07-08 11:43:05.114 [ 12B] 55 4E 3F 0D 0A 20 2D 3E 20 30 0D 0A
2026-07-08 11:43:05.146 [  1B] 0D
2026-07-08 11:43:05.146 [ 15B] 0A 5B 4C 49 4E 45 5D 3A 20 4F 4B 0D 0A 0D 0A
2026-07-08 11:43:05.166 [  1B] 5B
2026-07-08 11:43:05.166 [ 15B] 4C 49 4E 45 5D 3A 20 2B 43 46 55 4E 3A 20 31
2026-07-08 11:43:05.171 [  1B] 0D
2026-07-08 11:43:05.172 [  1B] 0A
2026-07-08 11:43:05.202 [  1B] 5B
2026-07-08 11:43:05.203 [ 15B] 54 58 2D 53 54 41 54 55 53 5D 20 41 54 2B 43
2026-07-08 11:43:05.224 [  1B] 52
2026-07-08 11:43:05.224 [ 15B] 45 47 3F 0D 0A 20 2D 3E 20 30 0D 0A 0D 0A 5B
2026-07-08 11:43:05.244 [  1B] 4C
2026-07-08 11:43:05.244 [ 15B] 49 4E 45 5D 3A 20 4F 4B 0D 0A 5B 54 58 2D 53
2026-07-08 11:43:05.265 [  1B] 54
2026-07-08 11:43:05.266 [ 15B] 41 54 55 53 5D 20 41 54 45 30 0D 0A 20 2D 3E
2026-07-08 11:43:05.284 [  1B] 20
2026-07-08 11:43:05.284 [ 15B] 30 0D 0A 0D 0A 5B 4C 49 4E 45 5D 3A 20 2B 43
2026-07-08 11:43:05.304 [  1B] 52
2026-07-08 11:43:05.305 [ 15B] 45 47 3A 20 30 2C 31 0D 0A 0D 0A 5B 4C 49 4E
2026-07-08 11:43:05.324 [  1B] 45
2026-07-08 11:43:05.325 [ 15B] 5D 3A 20 4F 4B 0D 0A 5B 54 58 2D 53 54 41 54
2026-07-08 11:43:05.344 [  1B] 55
2026-07-08 11:43:05.345 [ 15B] 53 5D 20 41 54 2B 43 4D 45 45 3D 32 0D 0A 20
2026-07-08 11:43:05.365 [  1B] 2D
2026-07-08 11:43:05.366 [ 15B] 3E 20 30 0D 0A 0D 0A 5B 4C 49 4E 45 5D 3A 20
2026-07-08 11:43:05.374 [  1B] 4F
2026-07-08 11:43:05.374 [  3B] 4B 0D 0A
2026-07-08 11:43:05.404 [  1B] 5B
2026-07-08 11:43:05.405 [ 15B] 54 58 2D 53 54 41 54 55 53 5D 20 41 54 2B 43
2026-07-08 11:43:05.424 [  1B] 50
2026-07-08 11:43:05.425 [ 15B] 49 4E 3F 0D 0A 20 2D 3E 20 30 0D 0A 0D 0A 5B
2026-07-08 11:43:05.445 [  1B] 4C
2026-07-08 11:43:05.445 [ 15B] 49 4E 45 5D 3A 20 4F 4B 0D 0A 0D 0A 5B 4C 49
2026-07-08 11:43:05.465 [  1B] 4E
2026-07-08 11:43:05.465 [ 15B] 45 5D 3A 20 2B 43 50 49 4E 3A 20 52 45 41 44
2026-07-08 11:43:05.472 [  1B] 59
2026-07-08 11:43:05.472 [  2B] 0D 0A
2026-07-08 11:43:05.502 [  1B] 5B
2026-07-08 11:43:05.503 [ 15B] 54 58 2D 53 54 41 54 55 53 5D 20 41 54 2B 43
2026-07-08 11:43:05.523 [  1B] 53
2026-07-08 11:43:05.524 [ 15B] 51 0D 0A 20 2D 3E 20 30 0D 0A 0D 0A 5B 4C 49
2026-07-08 11:43:05.544 [  1B] 4E
2026-07-08 11:43:05.544 [ 15B] 45 5D 3A 20 4F 4B 0D 0A 0D 0A 5B 4C 49 4E 45
2026-07-08 11:43:05.564 [  1B] 5D
2026-07-08 11:43:05.564 [ 15B] 3A 20 2B 43 53 51 3A 20 32 34 2C 39 39 0D 0A
2026-07-08 11:43:05.584 [  1B] 5B
2026-07-08 11:43:05.584 [ 15B] 54 58 2D 53 54 41 54 55 53 5D 20 41 54 2B 43
2026-07-08 11:43:05.603 [  1B] 46
2026-07-08 11:43:05.604 [ 12B] 55 4E 3F 0D 0A 20 2D 3E 20 30 0D 0A
2026-07-08 11:43:05.636 [  1B] 0D
2026-07-08 11:43:05.636 [ 15B] 0A 5B 4C 49 4E 45 5D 3A 20 4F 4B 0D 0A 0D 0A
2026-07-08 11:43:05.656 [  1B] 5B
2026-07-08 11:43:05.656 [ 15B] 4C 49 4E 45 5D 3A 20 2B 43 46 55 4E 3A 20 31
2026-07-08 11:43:05.662 [  1B] 0D
2026-07-08 11:43:05.662 [  1B] 0A
2026-07-08 11:43:05.692 [  1B] 5B
2026-07-08 11:43:05.693 [ 15B] 54 58 2D 53 54 41 54 55 53 5D 20 41 54 2B 43
2026-07-08 11:43:05.713 [  1B] 52
2026-07-08 11:43:05.713 [ 15B] 45 47 3F 0D 0A 20 2D 3E 20 30 0D 0A 0D 0A 5B
2026-07-08 11:43:05.733 [  1B] 4C
2026-07-08 11:43:05.734 [ 15B] 49 4E 45 5D 3A 20 4F 4B 0D 0A 0D 0A 5B 4C 49
2026-07-08 11:43:05.753 [  1B] 4E
2026-07-08 11:43:05.754 [ 15B] 45 5D 3A 20 2B 43 52 45 47 3A 20 30 2C 31 0D
2026-07-08 11:43:05.773 [  1B] 0A
2026-07-08 11:43:05.774 [ 15B] 5B 54 58 2D 53 54 41 54 55 53 5D 20 41 54 2B
2026-07-08 11:43:05.795 [  1B] 43
2026-07-08 11:43:05.796 [ 15B] 45 52 45 47 3F 0D 0A 20 2D 3E 20 30 0D 0A 0D
2026-07-08 11:43:05.815 [  1B] 0A
2026-07-08 11:43:05.815 [ 15B] 5B 4C 49 4E 45 5D 3A 20 4F 4B 0D 0A 0D 0A 5B
2026-07-08 11:43:05.835 [  1B] 4C
2026-07-08 11:43:05.835 [ 15B] 49 4E 45 5D 3A 20 2B 43 45 52 45 47 3A 20 30
2026-07-08 11:43:05.843 [  1B] 2C
2026-07-08 11:43:05.844 [  3B] 31 0D 0A
2026-07-08 11:43:05.873 [  1B] 5B
2026-07-08 11:43:05.874 [ 15B] 54 58 2D 53 54 41 54 55 53 5D 20 41 54 2B 43
2026-07-08 11:43:05.895 [  1B] 47
2026-07-08 11:43:05.895 [ 15B] 52 45 47 3F 0D 0A 20 2D 3E 20 30 0D 0A 0D 0A
2026-07-08 11:43:05.915 [  1B] 5B
2026-07-08 11:43:05.916 [ 15B] 4C 49 4E 45 5D 3A 20 4F 4B 0D 0A 0D 0A 5B 4C
2026-07-08 11:43:05.935 [  1B] 49
2026-07-08 11:43:05.936 [ 15B] 4E 45 5D 3A 20 2B 43 47 52 45 47 3A 20 30 2C
2026-07-08 11:43:05.942 [  1B] 31
2026-07-08 11:43:05.943 [  2B] 0D 0A
2026-07-08 11:43:05.972 [  1B] 5B
2026-07-08 11:43:05.973 [ 15B] 54 58 2D 53 54 41 54 55 53 5D 20 41 54 2B 43
2026-07-08 11:43:05.993 [  1B] 54
2026-07-08 11:43:05.993 [ 15B] 5A 55 3D 31 0D 20 2D 3E 20 30 0D 0A 0D 0A 5B
2026-07-08 11:43:06.013 [  1B] 4C
2026-07-08 11:43:06.013 [ 15B] 49 4E 45 5D 3A 20 4F 4B 0D 0A 5B 54 58 2D 53
2026-07-08 11:43:06.033 [  1B] 54
2026-07-08 11:43:06.033 [ 15B] 41 54 55 53 5D 20 41 54 2B 43 43 4C 4B 3F 0D
2026-07-08 11:43:06.055 [  1B] 20
2026-07-08 11:43:06.055 [ 15B] 2D 3E 20 30 0D 0A 0D 0A 5B 4C 49 4E 45 5D 3A
2026-07-08 11:43:06.075 [  1B] 20
2026-07-08 11:43:06.076 [ 15B] 4F 4B 0D 0A 0D 0A 5B 4C 49 4E 45 5D 3A 20 2B
2026-07-08 11:43:06.095 [  1B] 43
2026-07-08 11:43:06.096 [ 15B] 43 4C 4B 3A 20 22 32 36 2F 30 37 2F 30 38 2C
2026-07-08 11:43:06.116 [  1B] 31
2026-07-08 11:43:06.117 [ 13B] 31 3A 34 33 3A 30 35 2D 31 32 22 0D 0A
2026-07-08 11:43:06.147 [  1B] 5B
2026-07-08 11:43:06.148 [ 15B] 54 58 2D 53 54 41 54 55 53 5D 20 41 54 2B 43
2026-07-08 11:43:06.168 [  1B] 50
2026-07-08 11:43:06.168 [ 15B] 53 49 3F 0D 0A 20 2D 3E 20 30 0D 0A 0D 0A 5B
2026-07-08 11:43:06.188 [  1B] 4C
2026-07-08 11:43:06.188 [ 15B] 49 4E 45 5D 3A 20 4F 4B 0D 0A 5B 54 58 2D 53
2026-07-08 11:43:06.208 [  1B] 54
2026-07-08 11:43:06.208 [ 15B] 41 54 55 53 5D 20 41 54 2B 43 47 44 43 4F 4E
2026-07-08 11:43:06.229 [  1B] 54
2026-07-08 11:43:06.229 [ 15B] 3D 31 2C 22 49 50 22 2C 22 69 6E 74 65 72 6E
2026-07-08 11:43:06.250 [  1B] 65
2026-07-08 11:43:06.250 [ 15B] 74 2E 6D 6F 76 69 73 74 61 72 2E 6F 72 67 2E
2026-07-08 11:43:06.268 [  1B] 61
2026-07-08 11:43:06.269 [ 15B] 72 22 0D 0A 20 2D 3E 20 30 0D 0A 5B 4C 49 4E
2026-07-08 11:43:06.288 [  1B] 45
2026-07-08 11:43:06.289 [ 15B] 5D 3A 20 2B 43 50 53 49 3A 20 4C 54 45 2C 4F
2026-07-08 11:43:06.308 [  1B] 6E
2026-07-08 11:43:06.309 [ 15B] 6C 69 6E 65 2C 37 32 32 2D 30 37 2C 30 78 42
2026-07-08 11:43:06.328 [  1B] 31
2026-07-08 11:43:06.329 [ 15B] 35 43 2C 31 32 38 32 36 38 34 33 32 2C 36 35
2026-07-08 11:43:06.348 [  1B] 2C
2026-07-08 11:43:06.349 [ 15B] 45 55 54 52 41 4E 2D 42 41 4E 44 34 2C 32 30
2026-07-08 11:43:06.368 [  1B] 30
2026-07-08 11:43:06.369 [ 15B] 30 2C 33 2C 33 2C 32 30 2C 35 31 0D 0A 5B 4C
2026-07-08 11:43:06.384 [  1B] 49
2026-07-08 11:43:06.384 [  9B] 4E 45 5D 3A 20 4F 4B 0D 0A
2026-07-08 11:43:06.414 [  1B] 5B
2026-07-08 11:43:06.415 [ 15B] 54 58 2D 53 54 41 54 55 53 5D 20 41 54 2B 4E
2026-07-08 11:43:06.436 [  1B] 45
2026-07-08 11:43:06.436 [ 15B] 54 4F 50 45 4E 0D 0A 20 2D 3E 20 30 0D 0A 0D
2026-07-08 11:43:06.455 [  1B] 0A
2026-07-08 11:43:06.456 [ 12B] 5B 4C 49 4E 45 5D 3A 20 4F 4B 0D 0A
2026-07-08 11:43:06.488 [  1B] 0D
2026-07-08 11:43:06.488 [ 13B] 0A 5B 4C 49 4E 45 5D 3A 20 4F 4B 0D 0A
2026-07-08 11:43:06.599 [ 16B] 0D 0A 5B 4C 49 4E 45 5D 3A 20 2B 4E 45 54 4F 50
2026-07-08 11:43:06.608 [  1B] 45
2026-07-08 11:43:06.609 [  6B] 4E 3A 20 30 0D 0A
2026-07-08 11:43:06.643 [  1B] 5B
2026-07-08 11:43:06.643 [ 15B] 54 49 4D 45 20 32 33 39 31 34 20 6D 73 5D 20
2026-07-08 11:43:06.663 [  1B] 5B
2026-07-08 11:43:06.663 [ 15B] 44 4E 53 5D 20 49 50 20 65 73 74 61 74 69 63
2026-07-08 11:43:06.683 [  1B] 61
2026-07-08 11:43:06.683 [ 15B] 20 2D 3E 20 31 39 30 2E 31 31 31 2E 32 31 37
2026-07-08 11:43:06.703 [  1B] 2E
2026-07-08 11:43:06.704 [ 15B] 31 38 38 0D 0A 5B 54 58 2D 53 54 41 54 55 53
2026-07-08 11:43:06.723 [  1B] 5D
2026-07-08 11:43:06.724 [ 15B] 20 41 54 2B 49 50 41 44 44 52 0D 0A 20 2D 3E
2026-07-08 11:43:06.732 [  1B] 20
2026-07-08 11:43:06.732 [  3B] 30 0D 0A
2026-07-08 11:43:06.755 [  1B] 0D
2026-07-08 11:43:06.755 [ 15B] 0A 5B 4C 49 4E 45 5D 3A 20 2B 49 50 41 44 44
2026-07-08 11:43:06.775 [  1B] 52
2026-07-08 11:43:06.775 [ 15B] 3A 20 31 30 2E 34 33 2E 31 38 37 2E 32 39 0D
2026-07-08 11:43:06.798 [  1B] 0A
2026-07-08 11:43:06.798 [ 14B] 0D 0A 5B 4C 49 4E 45 5D 3A 20 4F 4B 0D 0A
2026-07-08 11:43:26.864 [  1B] 5B
2026-07-08 11:43:26.865 [ 15B] 54 58 2D 53 54 41 54 55 53 5D 20 41 54 2B 43
2026-07-08 11:43:26.884 [  1B] 49
2026-07-08 11:43:26.885 [ 15B] 50 4F 50 45 4E 3D 30 2C 22 55 44 50 22 2C 22
2026-07-08 11:43:26.904 [  1B] 31
2026-07-08 11:43:26.905 [ 15B] 39 30 2E 31 31 31 2E 32 31 37 2E 31 38 38 22
2026-07-08 11:43:26.924 [  1B] 2C
2026-07-08 11:43:26.925 [ 15B] 35 37 37 37 37 2C 30 0D 0A 20 2D 3E 20 30 5B
2026-07-08 11:43:26.944 [  1B] 54
2026-07-08 11:43:26.945 [ 15B] 49 4D 45 20 34 34 32 31 33 20 6D 73 5D 20 5B
2026-07-08 11:43:26.964 [  1B] 43
2026-07-08 11:43:26.965 [ 15B] 49 50 4F 50 45 4E 5D 20 41 54 2B 43 49 50 4F
2026-07-08 11:43:26.984 [  1B] 50
2026-07-08 11:43:26.985 [ 15B] 45 4E 3D 30 2C 22 55 44 50 22 2C 22 31 39 30
2026-07-08 11:43:27.004 [  1B] 2E
2026-07-08 11:43:27.005 [ 15B] 31 31 31 2E 32 31 37 2E 31 38 38 22 2C 35 37
2026-07-08 11:43:27.016 [  1B] 37
2026-07-08 11:43:27.017 [  6B] 37 37 2C 30 0D 0A
2026-07-08 11:43:52.048 [  1B] 5B
2026-07-08 11:43:52.048 [ 15B] 54 49 4D 45 20 36 39 33 31 38 20 6D 73 5D 20
2026-07-08 11:43:52.068 [  1B] 5B
2026-07-08 11:43:52.068 [ 15B] 43 49 50 4F 50 45 4E 5D 20 54 49 4D 45 4F 55
2026-07-08 11:43:52.088 [  1B] 54
2026-07-08 11:43:52.088 [ 15B] 20 65 73 70 65 72 61 6E 64 6F 20 72 65 73 70
2026-07-08 11:43:52.108 [  1B] 75
2026-07-08 11:43:52.108 [ 15B] 65 73 74 61 20 28 32 35 73 29 0D 0A 5B 54 58
2026-07-08 11:43:52.128 [  1B] 2D
2026-07-08 11:43:52.128 [ 15B] 53 54 41 54 55 53 5D 20 41 54 2B 43 49 50 43
2026-07-08 11:43:52.150 [  1B] 4C
2026-07-08 11:43:52.150 [ 14B] 4F 53 45 3D 30 0D 0A 20 2D 3E 20 30 0D 0A
2026-07-08 11:44:00.167 [  1B] 5B
2026-07-08 11:44:00.167 [ 15B] 54 49 4D 45 20 37 37 34 33 37 20 6D 73 5D 20
2026-07-08 11:44:00.187 [  1B] 5B
2026-07-08 11:44:00.187 [ 15B] 43 49 50 4F 50 45 4E 5D 20 52 65 69 6E 74 65
2026-07-08 11:44:00.207 [  1B] 6E
2026-07-08 11:44:00.207 [ 15B] 74 6F 3A 20 41 54 2B 43 49 50 4F 50 45 4E 3D
2026-07-08 11:44:00.227 [  1B] 30
2026-07-08 11:44:00.227 [ 15B] 2C 22 55 44 50 22 2C 22 31 39 30 2E 31 31 31
2026-07-08 11:44:00.247 [  1B] 2E
2026-07-08 11:44:00.247 [ 15B] 32 31 37 2E 31 38 38 22 2C 35 37 37 37 37 2C
2026-07-08 11:44:00.267 [  1B] 30
2026-07-08 11:44:00.267 [ 15B] 0D 5B 54 58 2D 53 54 41 54 55 53 5D 20 41 54
2026-07-08 11:44:00.287 [  1B] 2B
2026-07-08 11:44:00.287 [ 15B] 43 49 50 4F 50 45 4E 3D 30 2C 22 55 44 50 22
2026-07-08 11:44:00.307 [  1B] 2C
2026-07-08 11:44:00.307 [ 15B] 22 31 39 30 2E 31 31 31 2E 32 31 37 2E 31 38
2026-07-08 11:44:00.327 [  1B] 38
2026-07-08 11:44:00.327 [ 15B] 22 2C 35 37 37 37 37 2C 30 0D 0A 20 2D 3E 20
2026-07-08 11:44:00.332 [  1B] 30
2026-07-08 11:44:25.364 [  1B] 5B
2026-07-08 11:44:25.364 [ 15B] 54 49 4D 45 20 31 30 32 36 33 33 20 6D 73 5D
2026-07-08 11:44:25.384 [  1B] 20
2026-07-08 11:44:25.384 [ 15B] 5B 43 49 50 4F 50 45 4E 5D 20 54 49 4D 45 4F
2026-07-08 11:44:25.404 [  1B] 55
2026-07-08 11:44:25.404 [ 15B] 54 20 65 73 70 65 72 61 6E 64 6F 20 72 65 73
2026-07-08 11:44:25.424 [  1B] 70
2026-07-08 11:44:25.425 [ 15B] 75 65 73 74 61 20 28 32 35 73 29 0D 0A 5B 54
2026-07-08 11:44:25.444 [  1B] 58
2026-07-08 11:44:25.444 [ 15B] 2D 53 54 41 54 55 53 5D 20 41 54 2B 43 49 50
2026-07-08 11:44:25.464 [  1B] 43
2026-07-08 11:44:25.464 [ 15B] 4C 4F 53 45 3D 30 0D 0A 20 2D 3E 20 30 0D 0A
2026-07-08 11:44:33.486 [  1B] 5B
2026-07-08 11:44:33.486 [ 15B] 54 49 4D 45 20 31 31 30 37 35 34 20 6D 73 5D
2026-07-08 11:44:33.505 [  1B] 20
2026-07-08 11:44:33.506 [ 15B] 5B 43 49 50 4F 50 45 4E 5D 20 52 65 69 6E 74
2026-07-08 11:44:33.525 [  1B] 65
2026-07-08 11:44:33.526 [ 15B] 6E 74 6F 3A 20 41 54 2B 43 49 50 4F 50 45 4E
2026-07-08 11:44:33.545 [  1B] 3D
2026-07-08 11:44:33.546 [ 15B] 30 2C 22 55 44 50 22 2C 22 31 39 30 2E 31 31
2026-07-08 11:44:33.565 [  1B] 31
2026-07-08 11:44:33.566 [ 15B] 2E 32 31 37 2E 31 38 38 22 2C 35 37 37 37 37
2026-07-08 11:44:33.585 [  1B] 2C
2026-07-08 11:44:33.586 [ 15B] 30 5B 54 58 2D 53 54 41 54 55 53 5D 20 41 54
2026-07-08 11:44:33.605 [  1B] 2B
2026-07-08 11:44:33.606 [ 15B] 43 49 50 4F 50 45 4E 3D 30 2C 22 55 44 50 22
2026-07-08 11:44:33.625 [  1B] 2C
2026-07-08 11:44:33.626 [ 15B] 22 31 39 30 2E 31 31 31 2E 32 31 37 2E 31 38
2026-07-08 11:44:33.645 [  1B] 38
2026-07-08 11:44:33.646 [ 15B] 22 2C 35 37 37 37 37 2C 30 0D 0A 20 2D 3E 20
2026-07-08 11:44:33.650 [  1B] 30
2026-07-08 11:44:58.682 [  1B] 5B
2026-07-08 11:44:58.683 [ 15B] 54 49 4D 45 20 31 33 35 39 35 30 20 6D 73 5D
2026-07-08 11:44:58.702 [  1B] 20
2026-07-08 11:44:58.703 [ 15B] 5B 43 49 50 4F 50 45 4E 5D 20 54 49 4D 45 4F
2026-07-08 11:44:58.722 [  1B] 55
2026-07-08 11:44:58.723 [ 15B] 54 20 65 73 70 65 72 61 6E 64 6F 20 72 65 73
2026-07-08 11:44:58.742 [  1B] 70
2026-07-08 11:44:58.743 [ 15B] 75 65 73 74 61 20 28 32 35 73 29 0D 0A 5B 54
2026-07-08 11:44:58.762 [  1B] 58
2026-07-08 11:44:58.763 [ 15B] 2D 53 54 41 54 55 53 5D 20 41 54 2B 43 49 50
2026-07-08 11:44:58.782 [  1B] 43
2026-07-08 11:44:58.783 [ 15B] 4C 4F 53 45 3D 30 0D 0A 20 2D 3E 20 30 0D 0A
2026-07-08 11:45:06.803 [  1B] 5B
2026-07-08 11:45:06.804 [ 15B] 54 49 4D 45 20 31 34 34 30 37 31 20 6D 73 5D
2026-07-08 11:45:06.823 [  1B] 20
2026-07-08 11:45:06.824 [ 15B] 5B 43 49 50 4F 50 45 4E 5D 20 52 65 69 6E 74
2026-07-08 11:45:06.843 [  1B] 65
2026-07-08 11:45:06.844 [ 15B] 6E 74 6F 3A 20 41 54 2B 43 49 50 4F 50 45 4E
2026-07-08 11:45:06.863 [  1B] 3D
2026-07-08 11:45:06.864 [ 15B] 30 2C 22 55 44 50 22 2C 22 31 39 30 2E 31 31
2026-07-08 11:45:06.883 [  1B] 31
2026-07-08 11:45:06.884 [ 15B] 2E 32 31 37 2E 31 38 38 22 2C 35 37 37 37 37
2026-07-08 11:45:06.903 [  1B] 2C
2026-07-08 11:45:06.904 [ 15B] 30 5B 54 58 2D 53 54 41 54 55 53 5D 20 41 54
2026-07-08 11:45:06.923 [  1B] 2B
2026-07-08 11:45:06.924 [ 15B] 43 49 50 4F 50 45 4E 3D 30 2C 22 55 44 50 22
2026-07-08 11:45:06.943 [  1B] 2C
2026-07-08 11:45:06.944 [ 15B] 22 31 39 30 2E 31 31 31 2E 32 31 37 2E 31 38
2026-07-08 11:45:06.963 [  1B] 38
2026-07-08 11:45:06.964 [ 15B] 22 2C 35 37 37 37 37 2C 30 0D 0A 20 2D 3E 20
2026-07-08 11:45:06.968 [  1B] 30
2026-07-08 11:45:32.000 [  1B] 5B
2026-07-08 11:45:32.001 [ 15B] 54 49 4D 45 20 31 36 39 32 36 37 20 6D 73 5D
2026-07-08 11:45:32.020 [  1B] 20
2026-07-08 11:45:32.021 [ 15B] 5B 43 49 50 4F 50 45 4E 5D 20 54 49 4D 45 4F
2026-07-08 11:45:32.040 [  1B] 55
2026-07-08 11:45:32.041 [ 15B] 54 20 65 73 70 65 72 61 6E 64 6F 20 72 65 73
2026-07-08 11:45:32.060 [  1B] 70
2026-07-08 11:45:32.061 [ 15B] 75 65 73 74 61 20 28 32 35 73 29 0D 0A 5B 54
2026-07-08 11:45:32.080 [  1B] 58
2026-07-08 11:45:32.081 [ 15B] 2D 53 54 41 54 55 53 5D 20 41 54 2B 43 49 50
2026-07-08 11:45:32.100 [  1B] 43
2026-07-08 11:45:32.101 [ 15B] 4C 4F 53 45 3D 30 0D 0A 20 2D 3E 20 30 0D 0A
2026-07-08 11:45:40.122 [  1B] 5B
2026-07-08 11:45:40.122 [ 15B] 54 49 4D 45 20 31 37 37 33 38 38 20 6D 73 5D
2026-07-08 11:45:40.142 [  1B] 20
2026-07-08 11:45:40.142 [ 15B] 5B 43 49 50 4F 50 45 4E 5D 20 52 65 69 6E 74
2026-07-08 11:45:40.162 [  1B] 65
2026-07-08 11:45:40.162 [ 15B] 6E 74 6F 3A 20 41 54 2B 43 49 50 4F 50 45 4E
2026-07-08 11:45:40.181 [  1B] 3D
2026-07-08 11:45:40.182 [ 15B] 30 2C 22 55 44 50 22 2C 22 31 39 30 2E 31 31
2026-07-08 11:45:40.201 [  1B] 31
2026-07-08 11:45:40.202 [ 15B] 2E 32 31 37 2E 31 38 38 22 2C 35 37 37 37 37
2026-07-08 11:45:40.222 [  1B] 2C
2026-07-08 11:45:40.222 [ 15B] 30 5B 54 58 2D 53 54 41 54 55 53 5D 20 41 54
2026-07-08 11:45:40.241 [  1B] 2B
2026-07-08 11:45:40.242 [ 15B] 43 49 50 4F 50 45 4E 3D 30 2C 22 55 44 50 22
2026-07-08 11:45:40.261 [  1B] 2C
2026-07-08 11:45:40.262 [ 15B] 22 31 39 30 2E 31 31 31 2E 32 31 37 2E 31 38
2026-07-08 11:45:40.281 [  1B] 38
2026-07-08 11:45:40.282 [ 15B] 22 2C 35 37 37 37 37 2C 30 0D 0A 20 2D 3E 20
2026-07-08 11:45:40.286 [  1B] 30
2026-07-08 11:46:05.318 [  1B] 5B
2026-07-08 11:46:05.318 [ 15B] 54 49 4D 45 20 32 30 32 35 38 34 20 6D 73 5D
2026-07-08 11:46:05.338 [  1B] 20
2026-07-08 11:46:05.338 [ 15B] 5B 43 49 50 4F 50 45 4E 5D 20 54 49 4D 45 4F
2026-07-08 11:46:05.358 [  1B] 55
2026-07-08 11:46:05.358 [ 15B] 54 20 65 73 70 65 72 61 6E 64 6F 20 72 65 73
2026-07-08 11:46:05.378 [  1B] 70
2026-07-08 11:46:05.379 [ 15B] 75 65 73 74 61 20 28 32 35 73 29 0D 0A 5B 54
2026-07-08 11:46:05.398 [  1B] 58
2026-07-08 11:46:05.399 [ 15B] 2D 53 54 41 54 55 53 5D 20 41 54 2B 43 49 50
2026-07-08 11:46:05.418 [  1B] 43
2026-07-08 11:46:05.419 [ 15B] 4C 4F 53 45 3D 30 0D 0A 20 2D 3E 20 30 0D 0A
2026-07-08 11:46:13.441 [  1B] 5B
2026-07-08 11:46:13.442 [ 15B] 54 58 2D 53 54 41 54 55 53 5D 20 41 54 45 30
2026-07-08 11:46:13.455 [  1B] 0D
2026-07-08 11:46:13.456 [  8B] 0A 20 2D 3E 20 30 0D 0A
2026-07-08 11:46:22.989 [  1B] 5B
2026-07-08 11:46:22.989 [ 15B] 54 58 2D 53 54 41 54 55 53 5D 20 41 54 45 30
2026-07-08 11:46:23.003 [  1B] 0D
2026-07-08 11:46:23.004 [  8B] 0A 20 2D 3E 20 30 0D 0A
2026-07-08 11:46:32.537 [  1B] 5B
2026-07-08 11:46:32.538 [ 15B] 54 58 2D 53 54 41 54 55 53 5D 20 41 54 45 30
2026-07-08 11:46:32.552 [  1B] 0D
2026-07-08 11:46:32.553 [  8B] 0A 20 2D 3E 20 30 0D 0A
2026-07-08 11:46:42.085 [  1B] 5B
2026-07-08 11:46:42.086 [ 15B] 54 58 2D 53 54 41 54 55 53 5D 20 41 54 45 30
2026-07-08 11:46:42.100 [  1B] 0D
2026-07-08 11:46:42.101 [  8B] 0A 20 2D 3E 20 30 0D 0A
2026-07-08 11:46:51.634 [  1B] 5B
2026-07-08 11:46:51.634 [ 15B] 54 58 2D 53 54 41 54 55 53 5D 20 41 54 45 30
2026-07-08 11:46:51.648 [  1B] 0D
2026-07-08 11:46:51.649 [  8B] 0A 20 2D 3E 20 30 0D 0A
2026-07-08 11:47:01.182 [  1B] 5B
2026-07-08 11:47:01.183 [ 15B] 54 58 2D 53 54 41 54 55 53 5D 20 41 54 45 30
2026-07-08 11:47:01.197 [  1B] 0D
2026-07-08 11:47:01.198 [  8B] 0A 20 2D 3E 20 30 0D 0A
2026-07-08 11:47:10.730 [  1B] 5B
2026-07-08 11:47:10.731 [ 15B] 54 58 2D 53 54 41 54 55 53 5D 20 41 54 45 30
2026-07-08 11:47:10.745 [  1B] 0D
2026-07-08 11:47:10.746 [  8B] 0A 20 2D 3E 20 30 0D 0A
2026-07-08 11:47:20.279 [  1B] 5B
2026-07-08 11:47:20.279 [ 15B] 54 58 2D 53 54 41 54 55 53 5D 20 41 54 45 30
2026-07-08 11:47:20.293 [  1B] 0D
2026-07-08 11:47:20.294 [  8B] 0A 20 2D 3E 20 30 0D 0A
2026-07-08 11:47:29.827 [  1B] 5B
2026-07-08 11:47:29.827 [ 15B] 54 58 2D 53 54 41 54 55 53 5D 20 41 54 45 30
2026-07-08 11:47:29.842 [  1B] 0D
2026-07-08 11:47:29.842 [  8B] 0A 20 2D 3E 20 30 0D 0A
2026-07-08 11:47:39.375 [  1B] 5B
2026-07-08 11:47:39.376 [ 15B] 54 58 2D 53 54 41 54 55 53 5D 20 41 54 45 30
2026-07-08 11:47:39.390 [  1B] 0D
2026-07-08 11:47:39.391 [  8B] 0A 20 2D 3E 20 30 0D 0A
2026-07-08 11:47:48.924 [  1B] 5B
2026-07-08 11:47:48.924 [ 15B] 54 58 2D 53 54 41 54 55 53 5D 20 41 54 45 30
2026-07-08 11:47:48.938 [  1B] 0D
2026-07-08 11:47:48.938 [  8B] 0A 20 2D 3E 20 30 0D 0A
2026-07-08 11:47:58.472 [  1B] 5B
2026-07-08 11:47:58.473 [ 15B] 54 58 2D 53 54 41 54 55 53 5D 20 41 54 45 30
2026-07-08 11:47:58.487 [  1B] 0D
2026-07-08 11:47:58.488 [  8B] 0A 20 2D 3E 20 30 0D 0A
2026-07-08 11:48:08.020 [  1B] 5B
2026-07-08 11:48:08.020 [ 15B] 54 58 2D 53 54 41 54 55 53 5D 20 41 54 45 30
2026-07-08 11:48:08.035 [  1B] 0D
2026-07-08 11:48:08.035 [  8B] 0A 20 2D 3E 20 30 0D 0A
2026-07-08 11:48:17.569 [  1B] 5B
2026-07-08 11:48:17.570 [ 15B] 54 58 2D 53 54 41 54 55 53 5D 20 41 54 45 30
2026-07-08 11:48:17.583 [  1B] 0D
2026-07-08 11:48:17.584 [  8B] 0A 20 2D 3E 20 30 0D 0A
2026-07-08 11:48:27.117 [  1B] 5B
2026-07-08 11:48:27.117 [ 15B] 54 58 2D 53 54 41 54 55 53 5D 20 41 54 45 30
2026-07-08 11:48:27.131 [  1B] 0D
2026-07-08 11:48:27.132 [  8B] 0A 20 2D 3E 20 30 0D 0A
2026-07-08 11:48:36.665 [  1B] 5B
2026-07-08 11:48:36.666 [ 15B] 54 58 2D 53 54 41 54 55 53 5D 20 41 54 45 30
2026-07-08 11:48:36.680 [  1B] 0D
2026-07-08 11:48:36.681 [  8B] 0A 20 2D 3E 20 30 0D 0A
2026-07-08 11:48:46.213 [  1B] 5B
2026-07-08 11:48:46.214 [ 15B] 54 58 2D 53 54 41 54 55 53 5D 20 41 54 45 30
2026-07-08 11:48:46.228 [  1B] 0D
2026-07-08 11:48:46.229 [  8B] 0A 20 2D 3E 20 30 0D 0A
2026-07-08 11:48:49.162 [  1B] 0D
2026-07-08 11:48:49.163 [ 15B] 0A 52 65 73 65 74 3A 20 50 49 4E 20 28 4E 52
2026-07-08 11:48:49.182 [  1B] 53
2026-07-08 11:48:49.183 [ 15B] 54 20 65 78 74 65 72 6E 6F 29 0D 0A 42 6C 61
2026-07-08 11:48:49.202 [  1B] 63
2026-07-08 11:48:49.203 [ 15B] 6B 20 50 69 6C 6C 20 49 6E 69 63 69 61 64 61
2026-07-08 11:48:49.225 [  1B] 0D
2026-07-08 11:48:49.225 [ 14B] 0A 0D 0A 45 45 50 52 4F 4D 20 4F 4B 0D 0A
2026-07-08 11:48:53.240 [  1B] 0D
2026-07-08 11:48:53.241 [ 15B] 0A 5B 42 52 49 44 47 45 5D 20 55 53 42 20 43
2026-07-08 11:48:53.256 [  1B] 44
2026-07-08 11:48:53.257 [  9B] 43 20 6C 69 73 74 6F 0D 0A
2026-07-08 11:48:53.516 [  1B] 0D
2026-07-08 11:48:53.517 [ 15B] 0A 5B 4C 49 4E 45 5D 3A 20 2A 41 54 52 45 41
2026-07-08 11:48:53.529 [  1B] 44
2026-07-08 11:48:53.529 [  6B] 59 3A 20 31 0D 0A
2026-07-08 11:48:53.846 [  1B] 0D
2026-07-08 11:48:53.847 [ 15B] 0A 5B 4C 49 4E 45 5D 3A 20 2B 43 50 49 4E 3A
2026-07-08 11:48:53.860 [  1B] 20
2026-07-08 11:48:53.860 [  7B] 52 45 41 44 59 0D 0A
2026-07-08 11:48:54.568 [  1B] 0D
2026-07-08 11:48:54.569 [ 15B] 0A 5B 4C 49 4E 45 5D 3A 20 53 4D 53 20 44 4F
2026-07-08 11:48:54.577 [  1B] 4E
2026-07-08 11:48:54.577 [  3B] 45 0D 0A
2026-07-08 11:48:59.602 [  1B] 0D
2026-07-08 11:48:59.603 [ 15B] 0A 5B 4C 49 4E 45 5D 3A 20 2B 43 47 45 56 3A
2026-07-08 11:48:59.622 [  1B] 20
2026-07-08 11:48:59.623 [ 15B] 45 50 53 20 50 44 4E 20 41 43 54 20 31 0D 0A
2026-07-08 11:48:59.659 [  1B] 5B
2026-07-08 11:48:59.659 [ 15B] 54 49 4D 45 20 31 30 34 33 34 20 6D 73 5D 20
2026-07-08 11:48:59.679 [  1B] 5B
2026-07-08 11:48:59.679 [ 15B] 55 52 43 5D 3A 20 2B 43 47 45 56 3A 20 45 50
2026-07-08 11:48:59.700 [  1B] 53
2026-07-08 11:48:59.701 [ 15B] 20 50 44 4E 20 41 43 54 20 31 0D 0A 5B 54 58
2026-07-08 11:48:59.720 [  1B] 2D
2026-07-08 11:48:59.721 [ 15B] 53 54 41 54 55 53 5D 20 41 54 45 30 0D 0A 20
2026-07-08 11:48:59.731 [  1B] 2D
2026-07-08 11:48:59.732 [  5B] 3E 20 30 0D 0A
2026-07-08 11:48:59.848 [  1B] 0D
2026-07-08 11:48:59.848 [ 15B] 0A 5B 4C 49 4E 45 5D 3A 20 41 54 45 30 0D 0A
2026-07-08 11:48:59.868 [  1B] 0D
2026-07-08 11:48:59.869 [ 15B] 0A 5B 4C 49 4E 45 5D 3A 20 4F 4B 0D 0A 5B 54
2026-07-08 11:48:59.888 [  1B] 58
2026-07-08 11:48:59.889 [ 15B] 2D 53 54 41 54 55 53 5D 20 41 54 2B 43 4D 45
2026-07-08 11:48:59.911 [  1B] 45
2026-07-08 11:48:59.911 [ 15B] 3D 32 0D 0A 20 2D 3E 20 30 0D 0A 0D 0A 5B 4C
2026-07-08 11:48:59.927 [  1B] 49
2026-07-08 11:48:59.927 [  9B] 4E 45 5D 3A 20 4F 4B 0D 0A
2026-07-08 11:48:59.960 [  1B] 5B
2026-07-08 11:48:59.960 [ 15B] 54 58 2D 53 54 41 54 55 53 5D 20 41 54 2B 43
2026-07-08 11:48:59.983 [  1B] 50
2026-07-08 11:48:59.983 [ 15B] 49 4E 3F 0D 0A 20 2D 3E 20 30 0D 0A 0D 0A 5B
2026-07-08 11:49:00.003 [  1B] 4C
2026-07-08 11:49:00.003 [ 15B] 49 4E 45 5D 3A 20 2B 43 50 49 4E 3A 20 52 45
2026-07-08 11:49:00.012 [  1B] 41
2026-07-08 11:49:00.013 [  4B] 44 59 0D 0A
2026-07-08 11:49:00.043 [  1B] 5B
2026-07-08 11:49:00.043 [ 15B] 54 58 2D 53 54 41 54 55 53 5D 20 41 54 2B 43
2026-07-08 11:49:00.064 [  1B] 53
2026-07-08 11:49:00.065 [ 15B] 51 0D 0A 20 2D 3E 20 30 0D 0A 0D 0A 5B 4C 49
2026-07-08 11:49:00.084 [  1B] 4E
2026-07-08 11:49:00.085 [ 15B] 45 5D 3A 20 4F 4B 0D 0A 0D 0A 5B 4C 49 4E 45
2026-07-08 11:49:00.104 [  1B] 5D
2026-07-08 11:49:00.105 [ 15B] 3A 20 2B 43 53 51 3A 20 32 36 2C 39 39 0D 0A
2026-07-08 11:49:00.125 [  1B] 5B
2026-07-08 11:49:00.125 [ 15B] 54 58 2D 53 54 41 54 55 53 5D 20 41 54 2B 43
2026-07-08 11:49:00.144 [  1B] 46
2026-07-08 11:49:00.145 [ 12B] 55 4E 3F 0D 0A 20 2D 3E 20 30 0D 0A
2026-07-08 11:49:00.175 [  1B] 0D
2026-07-08 11:49:00.176 [ 15B] 0A 5B 4C 49 4E 45 5D 3A 20 4F 4B 0D 0A 0D 0A
2026-07-08 11:49:00.195 [  1B] 5B
2026-07-08 11:49:00.196 [ 15B] 4C 49 4E 45 5D 3A 20 2B 43 46 55 4E 3A 20 31
2026-07-08 11:49:00.201 [  1B] 0D
2026-07-08 11:49:00.202 [  1B] 0A
2026-07-08 11:49:00.232 [  1B] 5B
2026-07-08 11:49:00.232 [ 15B] 54 58 2D 53 54 41 54 55 53 5D 20 41 54 2B 43
2026-07-08 11:49:00.253 [  1B] 52
2026-07-08 11:49:00.253 [ 15B] 45 47 3F 0D 0A 20 2D 3E 20 30 0D 0A 0D 0A 5B
2026-07-08 11:49:00.275 [  1B] 4C
2026-07-08 11:49:00.275 [ 15B] 49 4E 45 5D 3A 20 4F 4B 0D 0A 5B 54 58 2D 53
2026-07-08 11:49:00.293 [  1B] 54
2026-07-08 11:49:00.293 [ 15B] 41 54 55 53 5D 20 41 54 45 30 0D 0A 20 2D 3E
2026-07-08 11:49:00.313 [  1B] 20
2026-07-08 11:49:00.313 [ 15B] 30 0D 0A 0D 0A 5B 4C 49 4E 45 5D 3A 20 2B 43
2026-07-08 11:49:00.333 [  1B] 52
2026-07-08 11:49:00.334 [ 15B] 45 47 3A 20 30 2C 31 0D 0A 0D 0A 5B 4C 49 4E
2026-07-08 11:49:00.353 [  1B] 45
2026-07-08 11:49:00.354 [ 15B] 5D 3A 20 4F 4B 0D 0A 5B 54 58 2D 53 54 41 54
2026-07-08 11:49:00.373 [  1B] 55
2026-07-08 11:49:00.374 [ 15B] 53 5D 20 41 54 2B 43 4D 45 45 3D 32 0D 0A 20
2026-07-08 11:49:00.395 [  1B] 2D
2026-07-08 11:49:00.395 [ 15B] 3E 20 30 0D 0A 0D 0A 5B 4C 49 4E 45 5D 3A 20
2026-07-08 11:49:00.403 [  1B] 4F
2026-07-08 11:49:00.404 [  3B] 4B 0D 0A
2026-07-08 11:49:00.434 [  1B] 5B
2026-07-08 11:49:00.434 [ 15B] 54 58 2D 53 54 41 54 55 53 5D 20 41 54 2B 43
2026-07-08 11:49:00.455 [  1B] 50
2026-07-08 11:49:00.455 [ 15B] 49 4E 3F 0D 0A 20 2D 3E 20 30 0D 0A 0D 0A 5B
2026-07-08 11:49:00.475 [  1B] 4C
2026-07-08 11:49:00.476 [ 15B] 49 4E 45 5D 3A 20 4F 4B 0D 0A 0D 0A 5B 4C 49
2026-07-08 11:49:00.495 [  1B] 4E
2026-07-08 11:49:00.496 [ 15B] 45 5D 3A 20 2B 43 50 49 4E 3A 20 52 45 41 44
2026-07-08 11:49:00.502 [  1B] 59
2026-07-08 11:49:00.503 [  2B] 0D 0A
2026-07-08 11:49:00.532 [  1B] 5B
2026-07-08 11:49:00.533 [ 15B] 54 58 2D 53 54 41 54 55 53 5D 20 41 54 2B 43
2026-07-08 11:49:00.554 [  1B] 53
2026-07-08 11:49:00.554 [ 15B] 51 0D 0A 20 2D 3E 20 30 0D 0A 0D 0A 5B 4C 49
2026-07-08 11:49:00.574 [  1B] 4E
2026-07-08 11:49:00.575 [ 15B] 45 5D 3A 20 4F 4B 0D 0A 0D 0A 5B 4C 49 4E 45
2026-07-08 11:49:00.594 [  1B] 5D
2026-07-08 11:49:00.595 [ 15B] 3A 20 2B 43 53 51 3A 20 32 36 2C 39 39 0D 0A
2026-07-08 11:49:00.614 [  1B] 5B
2026-07-08 11:49:00.615 [ 15B] 54 58 2D 53 54 41 54 55 53 5D 20 41 54 2B 43
2026-07-08 11:49:00.634 [  1B] 46
2026-07-08 11:49:00.634 [ 12B] 55 4E 3F 0D 0A 20 2D 3E 20 30 0D 0A
2026-07-08 11:49:00.665 [  1B] 06
2026-07-08 11:49:00.665 [ 15B] 0D 0A 5B 52 53 32 33 32 2D 41 43 4B 5D 20 65
2026-07-08 11:49:00.685 [  1B] 6E
2026-07-08 11:49:00.685 [ 15B] 76 69 61 64 6F 2C 20 73 74 61 74 75 73 3D 30
2026-07-08 11:49:00.691 [  1B] 0D
2026-07-08 11:49:00.691 [  1B] 0A
2026-07-08 11:49:00.721 [  1B] 0D
2026-07-08 11:49:00.721 [ 15B] 0A 5B 4C 49 4E 45 5D 3A 20 4F 4B 0D 0A 0D 0A
2026-07-08 11:49:00.741 [  1B] 5B
2026-07-08 11:49:00.741 [ 15B] 4C 49 4E 45 5D 3A 20 2B 43 46 55 4E 3A 20 31
2026-07-08 11:49:00.747 [  1B] 0D
2026-07-08 11:49:00.747 [  1B] 0A
2026-07-08 11:49:00.777 [  1B] 5B
2026-07-08 11:49:00.777 [ 15B] 54 58 2D 53 54 41 54 55 53 5D 20 41 54 2B 43
2026-07-08 11:49:00.798 [  1B] 52
2026-07-08 11:49:00.799 [ 15B] 45 47 3F 0D 0A 20 2D 3E 20 30 0D 0A 0D 0A 5B
2026-07-08 11:49:00.819 [  1B] 4C
2026-07-08 11:49:00.819 [ 15B] 49 4E 45 5D 3A 20 4F 4B 0D 0A 5B 54 58 2D 53
2026-07-08 11:49:00.839 [  1B] 54
2026-07-08 11:49:00.839 [ 15B] 41 54 55 53 5D 20 41 54 45 30 0D 0A 20 2D 3E
2026-07-08 11:49:00.859 [  1B] 20
2026-07-08 11:49:00.859 [ 15B] 30 0D 0A 0D 0A 5B 4C 49 4E 45 5D 3A 20 2B 43
2026-07-08 11:49:00.879 [  1B] 52
2026-07-08 11:49:00.880 [ 15B] 45 47 3A 20 30 2C 31 0D 0A 0D 0A 5B 4C 49 4E
2026-07-08 11:49:00.899 [  1B] 45
2026-07-08 11:49:00.900 [ 15B] 5D 3A 20 4F 4B 0D 0A 5B 54 58 2D 53 54 41 54
2026-07-08 11:49:00.919 [  1B] 55
2026-07-08 11:49:00.920 [ 15B] 53 5D 20 41 54 2B 43 4D 45 45 3D 32 0D 0A 20
2026-07-08 11:49:00.940 [  1B] 2D
2026-07-08 11:49:00.941 [ 15B] 3E 20 30 0D 0A 0D 0A 5B 4C 49 4E 45 5D 3A 20
2026-07-08 11:49:00.949 [  1B] 4F
2026-07-08 11:49:00.949 [  3B] 4B 0D 0A
2026-07-08 11:49:00.980 [  1B] 5B
2026-07-08 11:49:00.980 [ 15B] 54 58 2D 53 54 41 54 55 53 5D 20 41 54 2B 43
2026-07-08 11:49:01.001 [  1B] 50
2026-07-08 11:49:01.001 [ 15B] 49 4E 3F 0D 0A 20 2D 3E 20 30 0D 0A 0D 0A 5B
2026-07-08 11:49:01.021 [  1B] 4C
2026-07-08 11:49:01.022 [ 15B] 49 4E 45 5D 3A 20 4F 4B 0D 0A 0D 0A 5B 4C 49
2026-07-08 11:49:01.041 [  1B] 4E
2026-07-08 11:49:01.042 [ 15B] 45 5D 3A 20 2B 43 50 49 4E 3A 20 52 45 41 44
2026-07-08 11:49:01.048 [  1B] 59
2026-07-08 11:49:01.049 [  2B] 0D 0A
2026-07-08 11:49:01.079 [  1B] 5B
2026-07-08 11:49:01.079 [ 15B] 54 58 2D 53 54 41 54 55 53 5D 20 41 54 2B 43
2026-07-08 11:49:01.100 [  1B] 53
2026-07-08 11:49:01.100 [ 15B] 51 0D 0A 20 2D 3E 20 30 0D 0A 0D 0A 5B 4C 49
2026-07-08 11:49:01.120 [  1B] 4E
2026-07-08 11:49:01.121 [ 15B] 45 5D 3A 20 4F 4B 0D 0A 0D 0A 5B 4C 49 4E 45
2026-07-08 11:49:01.140 [  1B] 5D
2026-07-08 11:49:01.141 [ 15B] 3A 20 2B 43 53 51 3A 20 32 35 2C 39 39 0D 0A
2026-07-08 11:49:01.161 [  1B] 5B
2026-07-08 11:49:01.161 [ 15B] 54 58 2D 53 54 41 54 55 53 5D 20 41 54 2B 43
2026-07-08 11:49:01.180 [  1B] 46
2026-07-08 11:49:01.180 [ 12B] 55 4E 3F 0D 0A 20 2D 3E 20 30 0D 0A
2026-07-08 11:49:01.212 [  1B] 0D
2026-07-08 11:49:01.212 [ 15B] 0A 5B 4C 49 4E 45 5D 3A 20 4F 4B 0D 0A 0D 0A
2026-07-08 11:49:01.232 [  1B] 5B
2026-07-08 11:49:01.233 [ 15B] 4C 49 4E 45 5D 3A 20 2B 43 46 55 4E 3A 20 31
2026-07-08 11:49:01.238 [  1B] 0D
2026-07-08 11:49:01.239 [  1B] 0A
2026-07-08 11:49:01.269 [  1B] 5B
2026-07-08 11:49:01.269 [ 15B] 54 58 2D 53 54 41 54 55 53 5D 20 41 54 2B 43
2026-07-08 11:49:01.290 [  1B] 52
2026-07-08 11:49:01.291 [ 15B] 45 47 3F 0D 0A 20 2D 3E 20 30 0D 0A 0D 0A 5B
2026-07-08 11:49:01.310 [  1B] 4C
2026-07-08 11:49:01.311 [ 15B] 49 4E 45 5D 3A 20 4F 4B 0D 0A 5B 54 58 2D 53
2026-07-08 11:49:01.331 [  1B] 54
2026-07-08 11:49:01.331 [ 15B] 41 54 55 53 5D 20 41 54 45 30 0D 0A 20 2D 3E
2026-07-08 11:49:01.351 [  1B] 20
2026-07-08 11:49:01.351 [ 15B] 30 0D 0A 0D 0A 5B 4C 49 4E 45 5D 3A 20 2B 43
2026-07-08 11:49:01.371 [  1B] 52
2026-07-08 11:49:01.371 [ 15B] 45 47 3A 20 30 2C 31 0D 0A 0D 0A 5B 4C 49 4E
2026-07-08 11:49:01.391 [  1B] 45
2026-07-08 11:49:01.391 [ 15B] 5D 3A 20 4F 4B 0D 0A 5B 54 58 2D 53 54 41 54
2026-07-08 11:49:01.411 [  1B] 55
2026-07-08 11:49:01.411 [ 15B] 53 5D 20 41 54 2B 43 4D 45 45 3D 32 0D 0A 20
2026-07-08 11:49:01.432 [  1B] 2D
2026-07-08 11:49:01.433 [ 15B] 3E 20 30 0D 0A 0D 0A 5B 4C 49 4E 45 5D 3A 20
2026-07-08 11:49:01.441 [  1B] 4F
2026-07-08 11:49:01.442 [  3B] 4B 0D 0A
2026-07-08 11:49:01.471 [  1B] 5B
2026-07-08 11:49:01.471 [ 15B] 54 58 2D 53 54 41 54 55 53 5D 20 41 54 2B 43
2026-07-08 11:49:01.492 [  1B] 50
2026-07-08 11:49:01.492 [ 15B] 49 4E 3F 0D 0A 20 2D 3E 20 30 0D 0A 0D 0A 5B
2026-07-08 11:49:01.512 [  1B] 4C
2026-07-08 11:49:01.512 [ 15B] 49 4E 45 5D 3A 20 4F 4B 0D 0A 0D 0A 5B 4C 49
2026-07-08 11:49:01.532 [  1B] 4E
2026-07-08 11:49:01.532 [ 15B] 45 5D 3A 20 2B 43 50 49 4E 3A 20 52 45 41 44
2026-07-08 11:49:01.539 [  1B] 59
2026-07-08 11:49:01.540 [  2B] 0D 0A
2026-07-08 11:49:01.570 [  1B] 5B
2026-07-08 11:49:01.570 [ 15B] 54 58 2D 53 54 41 54 55 53 5D 20 41 54 2B 43
2026-07-08 11:49:01.590 [  1B] 53
2026-07-08 11:49:01.591 [ 15B] 51 0D 0A 20 2D 3E 20 30 0D 0A 0D 0A 5B 4C 49
2026-07-08 11:49:01.610 [  1B] 4E
2026-07-08 11:49:01.611 [ 15B] 45 5D 3A 20 4F 4B 0D 0A 0D 0A 5B 4C 49 4E 45
2026-07-08 11:49:01.630 [  1B] 5D
2026-07-08 11:49:01.631 [ 15B] 3A 20 2B 43 53 51 3A 20 32 35 2C 39 39 0D 0A
2026-07-08 11:49:01.651 [  1B] 5B
2026-07-08 11:49:01.651 [ 15B] 54 58 2D 53 54 41 54 55 53 5D 20 41 54 2B 43
2026-07-08 11:49:01.670 [  1B] 46
2026-07-08 11:49:01.671 [ 12B] 55 4E 3F 0D 0A 20 2D 3E 20 30 0D 0A
2026-07-08 11:49:01.702 [  1B] 0D
2026-07-08 11:49:01.703 [ 15B] 0A 5B 4C 49 4E 45 5D 3A 20 4F 4B 0D 0A 0D 0A
2026-07-08 11:49:01.722 [  1B] 5B
2026-07-08 11:49:01.723 [ 15B] 4C 49 4E 45 5D 3A 20 2B 43 46 55 4E 3A 20 31
2026-07-08 11:49:01.728 [  1B] 0D
2026-07-08 11:49:01.729 [  1B] 0A
2026-07-08 11:49:01.759 [  1B] 5B
2026-07-08 11:49:01.759 [ 15B] 54 58 2D 53 54 41 54 55 53 5D 20 41 54 2B 43
2026-07-08 11:49:01.780 [  1B] 52
2026-07-08 11:49:01.780 [ 15B] 45 47 3F 0D 0A 20 2D 3E 20 30 0D 0A 0D 0A 5B
2026-07-08 11:49:01.800 [  1B] 4C
2026-07-08 11:49:01.800 [ 15B] 49 4E 45 5D 3A 20 4F 4B 0D 0A 5B 54 58 2D 53
2026-07-08 11:49:01.820 [  1B] 54
2026-07-08 11:49:01.820 [ 15B] 41 54 55 53 5D 20 41 54 45 30 0D 0A 20 2D 3E
2026-07-08 11:49:01.840 [  1B] 20
2026-07-08 11:49:01.841 [ 15B] 30 0D 0A 0D 0A 5B 4C 49 4E 45 5D 3A 20 2B 43
2026-07-08 11:49:01.860 [  1B] 52
2026-07-08 11:49:01.861 [ 15B] 45 47 3A 20 30 2C 31 0D 0A 0D 0A 5B 4C 49 4E
2026-07-08 11:49:01.881 [  1B] 45
2026-07-08 11:49:01.881 [ 15B] 5D 3A 20 4F 4B 0D 0A 5B 54 58 2D 53 54 41 54
2026-07-08 11:49:01.901 [  1B] 55
2026-07-08 11:49:01.901 [ 15B] 53 5D 20 41 54 2B 43 4D 45 45 3D 32 0D 0A 20
2026-07-08 11:49:01.922 [  1B] 2D
2026-07-08 11:49:01.922 [ 15B] 3E 20 30 0D 0A 0D 0A 5B 4C 49 4E 45 5D 3A 20
2026-07-08 11:49:01.930 [  1B] 4F
2026-07-08 11:49:01.931 [  3B] 4B 0D 0A
2026-07-08 11:49:01.961 [  1B] 5B
2026-07-08 11:49:01.961 [ 15B] 54 58 2D 53 54 41 54 55 53 5D 20 41 54 2B 43
2026-07-08 11:49:01.982 [  1B] 50
2026-07-08 11:49:01.982 [ 15B] 49 4E 3F 0D 0A 20 2D 3E 20 30 0D 0A 0D 0A 5B
2026-07-08 11:49:02.002 [  1B] 4C
2026-07-08 11:49:02.002 [ 15B] 49 4E 45 5D 3A 20 4F 4B 0D 0A 0D 0A 5B 4C 49
2026-07-08 11:49:02.022 [  1B] 4E
2026-07-08 11:49:02.022 [ 15B] 45 5D 3A 20 2B 43 50 49 4E 3A 20 52 45 41 44
2026-07-08 11:49:02.029 [  1B] 59
2026-07-08 11:49:02.029 [  2B] 0D 0A
2026-07-08 11:49:02.060 [  1B] 5B
2026-07-08 11:49:02.060 [ 15B] 54 58 2D 53 54 41 54 55 53 5D 20 41 54 2B 43
2026-07-08 11:49:02.080 [  1B] 53
2026-07-08 11:49:02.081 [ 15B] 51 0D 0A 20 2D 3E 20 30 0D 0A 0D 0A 5B 4C 49
2026-07-08 11:49:02.100 [  1B] 4E
2026-07-08 11:49:02.101 [ 15B] 45 5D 3A 20 4F 4B 0D 0A 0D 0A 5B 4C 49 4E 45
2026-07-08 11:49:02.120 [  1B] 5D
2026-07-08 11:49:02.121 [ 15B] 3A 20 2B 43 53 51 3A 20 32 35 2C 39 39 0D 0A
2026-07-08 11:49:02.141 [  1B] 5B
2026-07-08 11:49:02.141 [ 15B] 54 58 2D 53 54 41 54 55 53 5D 20 41 54 2B 43
2026-07-08 11:49:02.160 [  1B] 46
2026-07-08 11:49:02.161 [ 12B] 55 4E 3F 0D 0A 20 2D 3E 20 30 0D 0A
2026-07-08 11:49:02.192 [  1B] 0D
2026-07-08 11:49:02.193 [ 15B] 0A 5B 4C 49 4E 45 5D 3A 20 4F 4B 0D 0A 0D 0A
2026-07-08 11:49:02.212 [  1B] 5B
2026-07-08 11:49:02.213 [ 15B] 4C 49 4E 45 5D 3A 20 2B 43 46 55 4E 3A 20 31
2026-07-08 11:49:02.218 [  1B] 0D
2026-07-08 11:49:02.218 [  1B] 0A
2026-07-08 11:49:02.249 [  1B] 5B
2026-07-08 11:49:02.249 [ 15B] 54 58 2D 53 54 41 54 55 53 5D 20 41 54 2B 43
2026-07-08 11:49:02.270 [  1B] 52
2026-07-08 11:49:02.270 [ 15B] 45 47 3F 0D 0A 20 2D 3E 20 30 0D 0A 0D 0A 5B
2026-07-08 11:49:02.290 [  1B] 4C
2026-07-08 11:49:02.290 [ 15B] 49 4E 45 5D 3A 20 4F 4B 0D 0A 5B 54 58 2D 53
2026-07-08 11:49:02.310 [  1B] 54
2026-07-08 11:49:02.310 [ 15B] 41 54 55 53 5D 20 41 54 45 30 0D 0A 20 2D 3E
2026-07-08 11:49:02.330 [  1B] 20
2026-07-08 11:49:02.331 [ 15B] 30 0D 0A 0D 0A 5B 4C 49 4E 45 5D 3A 20 2B 43
2026-07-08 11:49:02.351 [  1B] 52
2026-07-08 11:49:02.351 [ 15B] 45 47 3A 20 30 2C 31 0D 0A 0D 0A 5B 4C 49 4E
2026-07-08 11:49:02.371 [  1B] 45
2026-07-08 11:49:02.371 [ 15B] 5D 3A 20 4F 4B 0D 0A 5B 54 58 2D 53 54 41 54
2026-07-08 11:49:02.391 [  1B] 55
2026-07-08 11:49:02.391 [ 15B] 53 5D 20 41 54 2B 43 4D 45 45 3D 32 0D 0A 20
2026-07-08 11:49:02.412 [  1B] 2D
2026-07-08 11:49:02.412 [ 15B] 3E 20 30 0D 0A 0D 0A 5B 4C 49 4E 45 5D 3A 20
2026-07-08 11:49:02.420 [  1B] 4F
2026-07-08 11:49:02.420 [  3B] 4B 0D 0A
2026-07-08 11:49:02.451 [  1B] 5B
2026-07-08 11:49:02.451 [ 15B] 54 58 2D 53 54 41 54 55 53 5D 20 41 54 2B 43
2026-07-08 11:49:02.472 [  1B] 50
2026-07-08 11:49:02.472 [ 15B] 49 4E 3F 0D 0A 20 2D 3E 20 30 0D 0A 0D 0A 5B
2026-07-08 11:49:02.492 [  1B] 4C
2026-07-08 11:49:02.492 [ 15B] 49 4E 45 5D 3A 20 4F 4B 0D 0A 0D 0A 5B 4C 49
2026-07-08 11:49:02.512 [  1B] 4E
2026-07-08 11:49:02.512 [ 15B] 45 5D 3A 20 2B 43 50 49 4E 3A 20 52 45 41 44
2026-07-08 11:49:02.519 [  1B] 59
2026-07-08 11:49:02.520 [  2B] 0D 0A
2026-07-08 11:49:02.550 [  1B] 5B
2026-07-08 11:49:02.550 [ 15B] 54 58 2D 53 54 41 54 55 53 5D 20 41 54 2B 43
2026-07-08 11:49:02.570 [  1B] 53
2026-07-08 11:49:02.571 [ 15B] 51 0D 0A 20 2D 3E 20 30 0D 0A 0D 0A 5B 4C 49
2026-07-08 11:49:02.591 [  1B] 4E
2026-07-08 11:49:02.591 [ 15B] 45 5D 3A 20 4F 4B 0D 0A 0D 0A 5B 4C 49 4E 45
2026-07-08 11:49:02.611 [  1B] 5D
2026-07-08 11:49:02.611 [ 15B] 3A 20 2B 43 53 51 3A 20 32 35 2C 39 39 0D 0A
2026-07-08 11:49:02.631 [  1B] 5B
2026-07-08 11:49:02.631 [ 15B] 54 58 2D 53 54 41 54 55 53 5D 20 41 54 2B 43
2026-07-08 11:49:02.650 [  1B] 46
2026-07-08 11:49:02.651 [ 12B] 55 4E 3F 0D 0A 20 2D 3E 20 30 0D 0A
2026-07-08 11:49:02.682 [  1B] 0D
2026-07-08 11:49:02.683 [ 15B] 0A 5B 4C 49 4E 45 5D 3A 20 4F 4B 0D 0A 0D 0A
2026-07-08 11:49:02.702 [  1B] 5B
2026-07-08 11:49:02.703 [ 15B] 4C 49 4E 45 5D 3A 20 2B 43 46 55 4E 3A 20 31
2026-07-08 11:49:02.708 [  1B] 0D
2026-07-08 11:49:02.709 [  1B] 0A
2026-07-08 11:49:02.739 [  1B] 5B
2026-07-08 11:49:02.739 [ 15B] 54 58 2D 53 54 41 54 55 53 5D 20 41 54 2B 43
2026-07-08 11:49:02.760 [  1B] 52
2026-07-08 11:49:02.760 [ 15B] 45 47 3F 0D 0A 20 2D 3E 20 30 0D 0A 0D 0A 5B
2026-07-08 11:49:02.780 [  1B] 4C
2026-07-08 11:49:02.780 [ 15B] 49 4E 45 5D 3A 20 4F 4B 0D 0A 5B 54 58 2D 53
2026-07-08 11:49:02.800 [  1B] 54
2026-07-08 11:49:02.800 [ 15B] 41 54 55 53 5D 20 41 54 45 30 0D 0A 20 2D 3E
2026-07-08 11:49:02.820 [  1B] 20
2026-07-08 11:49:02.820 [ 15B] 30 0D 0A 0D 0A 5B 4C 49 4E 45 5D 3A 20 2B 43
2026-07-08 11:49:02.840 [  1B] 52
2026-07-08 11:49:02.841 [ 15B] 45 47 3A 20 30 2C 31 0D 0A 0D 0A 5B 4C 49 4E
2026-07-08 11:49:02.861 [  1B] 45
2026-07-08 11:49:02.861 [ 15B] 5D 3A 20 4F 4B 0D 0A 5B 54 58 2D 53 54 41 54
2026-07-08 11:49:02.881 [  1B] 55
2026-07-08 11:49:02.881 [ 15B] 53 5D 20 41 54 2B 43 4D 45 45 3D 32 0D 0A 20
2026-07-08 11:49:02.902 [  1B] 2D
2026-07-08 11:49:02.902 [ 15B] 3E 20 30 0D 0A 0D 0A 5B 4C 49 4E 45 5D 3A 20
2026-07-08 11:49:02.910 [  1B] 4F
2026-07-08 11:49:02.910 [  3B] 4B 0D 0A
2026-07-08 11:49:02.941 [  1B] 5B
2026-07-08 11:49:02.941 [ 15B] 54 58 2D 53 54 41 54 55 53 5D 20 41 54 2B 43
2026-07-08 11:49:02.962 [  1B] 50
2026-07-08 11:49:02.962 [ 15B] 49 4E 3F 0D 0A 20 2D 3E 20 30 0D 0A 0D 0A 5B
2026-07-08 11:49:02.982 [  1B] 4C
2026-07-08 11:49:02.982 [ 15B] 49 4E 45 5D 3A 20 4F 4B 0D 0A 0D 0A 5B 4C 49
2026-07-08 11:49:03.002 [  1B] 4E
2026-07-08 11:49:03.002 [ 15B] 45 5D 3A 20 2B 43 50 49 4E 3A 20 52 45 41 44
2026-07-08 11:49:03.009 [  1B] 59
2026-07-08 11:49:03.010 [  2B] 0D 0A
2026-07-08 11:49:03.039 [  1B] 5B
2026-07-08 11:49:03.040 [ 15B] 54 58 2D 53 54 41 54 55 53 5D 20 41 54 2B 43
2026-07-08 11:49:03.061 [  1B] 53
2026-07-08 11:49:03.061 [ 15B] 51 0D 0A 20 2D 3E 20 30 0D 0A 0D 0A 5B 4C 49
2026-07-08 11:49:03.081 [  1B] 4E
2026-07-08 11:49:03.081 [ 15B] 45 5D 3A 20 4F 4B 0D 0A 0D 0A 5B 4C 49 4E 45
2026-07-08 11:49:03.101 [  1B] 5D
2026-07-08 11:49:03.101 [ 15B] 3A 20 2B 43 53 51 3A 20 32 35 2C 39 39 0D 0A
2026-07-08 11:49:03.121 [  1B] 5B
2026-07-08 11:49:03.121 [ 15B] 54 58 2D 53 54 41 54 55 53 5D 20 41 54 2B 43
2026-07-08 11:49:03.141 [  1B] 46
2026-07-08 11:49:03.141 [ 12B] 55 4E 3F 0D 0A 20 2D 3E 20 30 0D 0A
2026-07-08 11:49:03.171 [  1B] 0D
2026-07-08 11:49:03.171 [ 15B] 0A 5B 4C 49 4E 45 5D 3A 20 4F 4B 0D 0A 0D 0A
2026-07-08 11:49:03.191 [  1B] 5B
2026-07-08 11:49:03.191 [ 15B] 4C 49 4E 45 5D 3A 20 2B 43 46 55 4E 3A 20 31
2026-07-08 11:49:03.197 [  1B] 0D
2026-07-08 11:49:03.197 [  1B] 0A
2026-07-08 11:49:03.227 [  1B] 5B
2026-07-08 11:49:03.228 [ 15B] 54 58 2D 53 54 41 54 55 53 5D 20 41 54 2B 43
2026-07-08 11:49:03.249 [  1B] 52
2026-07-08 11:49:03.249 [ 15B] 45 47 3F 0D 0A 20 2D 3E 20 30 0D 0A 0D 0A 5B
2026-07-08 11:49:03.269 [  1B] 4C
2026-07-08 11:49:03.269 [ 15B] 49 4E 45 5D 3A 20 4F 4B 0D 0A 5B 54 58 2D 53
2026-07-08 11:49:03.289 [  1B] 54
2026-07-08 11:49:03.289 [ 15B] 41 54 55 53 5D 20 41 54 45 30 0D 0A 20 2D 3E
2026-07-08 11:49:03.309 [  1B] 20
2026-07-08 11:49:03.310 [ 15B] 30 0D 0A 0D 0A 5B 4C 49 4E 45 5D 3A 20 2B 43
2026-07-08 11:49:03.330 [  1B] 52
2026-07-08 11:49:03.330 [ 15B] 45 47 3A 20 30 2C 31 0D 0A 0D 0A 5B 4C 49 4E
2026-07-08 11:49:03.350 [  1B] 45
2026-07-08 11:49:03.350 [ 15B] 5D 3A 20 4F 4B 0D 0A 5B 54 58 2D 53 54 41 54
2026-07-08 11:49:03.370 [  1B] 55
2026-07-08 11:49:03.370 [ 15B] 53 5D 20 41 54 2B 43 4D 45 45 3D 32 0D 0A 20
2026-07-08 11:49:03.391 [  1B] 2D
2026-07-08 11:49:03.391 [ 15B] 3E 20 30 0D 0A 0D 0A 5B 4C 49 4E 45 5D 3A 20
2026-07-08 11:49:03.399 [  1B] 4F
2026-07-08 11:49:03.399 [  3B] 4B 0D 0A
2026-07-08 11:49:03.430 [  1B] 5B
2026-07-08 11:49:03.430 [ 15B] 54 58 2D 53 54 41 54 55 53 5D 20 41 54 2B 43
2026-07-08 11:49:03.451 [  1B] 50
2026-07-08 11:49:03.451 [ 15B] 49 4E 3F 0D 0A 20 2D 3E 20 30 0D 0A 0D 0A 5B
2026-07-08 11:49:03.471 [  1B] 4C
2026-07-08 11:49:03.471 [ 15B] 49 4E 45 5D 3A 20 4F 4B 0D 0A 0D 0A 5B 4C 49
2026-07-08 11:49:03.491 [  1B] 4E
2026-07-08 11:49:03.491 [ 15B] 45 5D 3A 20 2B 43 50 49 4E 3A 20 52 45 41 44
2026-07-08 11:49:03.498 [  1B] 59
2026-07-08 11:49:03.498 [  2B] 0D 0A
2026-07-08 11:49:03.529 [  1B] 5B
2026-07-08 11:49:03.529 [ 15B] 54 58 2D 53 54 41 54 55 53 5D 20 41 54 2B 43
2026-07-08 11:49:03.550 [  1B] 53
2026-07-08 11:49:03.550 [ 15B] 51 0D 0A 20 2D 3E 20 30 0D 0A 0D 0A 5B 4C 49
2026-07-08 11:49:03.570 [  1B] 4E
2026-07-08 11:49:03.570 [ 15B] 45 5D 3A 20 4F 4B 0D 0A 0D 0A 5B 4C 49 4E 45
2026-07-08 11:49:03.590 [  1B] 5D
2026-07-08 11:49:03.590 [ 15B] 3A 20 2B 43 53 51 3A 20 32 35 2C 39 39 0D 0A
2026-07-08 11:49:03.610 [  1B] 5B
2026-07-08 11:49:03.611 [ 15B] 54 58 2D 53 54 41 54 55 53 5D 20 41 54 2B 43
2026-07-08 11:49:03.630 [  1B] 46
2026-07-08 11:49:03.630 [ 12B] 55 4E 3F 0D 0A 20 2D 3E 20 30 0D 0A
2026-07-08 11:49:03.661 [  1B] 0D
2026-07-08 11:49:03.661 [ 15B] 0A 5B 4C 49 4E 45 5D 3A 20 4F 4B 0D 0A 0D 0A
2026-07-08 11:49:03.681 [  1B] 5B
2026-07-08 11:49:03.681 [ 15B] 4C 49 4E 45 5D 3A 20 2B 43 46 55 4E 3A 20 31
2026-07-08 11:49:03.687 [  1B] 0D
2026-07-08 11:49:03.687 [  1B] 0A
2026-07-08 11:49:03.718 [  1B] 5B
2026-07-08 11:49:03.718 [ 15B] 54 58 2D 53 54 41 54 55 53 5D 20 41 54 2B 43
2026-07-08 11:49:03.739 [  1B] 52
2026-07-08 11:49:03.739 [ 15B] 45 47 3F 0D 0A 20 2D 3E 20 30 0D 0A 0D 0A 5B
2026-07-08 11:49:03.759 [  1B] 4C
2026-07-08 11:49:03.759 [ 15B] 49 4E 45 5D 3A 20 4F 4B 0D 0A 5B 54 58 2D 53
2026-07-08 11:49:03.779 [  1B] 54
2026-07-08 11:49:03.779 [ 15B] 41 54 55 53 5D 20 41 54 45 30 0D 0A 20 2D 3E
2026-07-08 11:49:03.799 [  1B] 20
2026-07-08 11:49:03.799 [ 15B] 30 0D 0A 0D 0A 5B 4C 49 4E 45 5D 3A 20 2B 43
2026-07-08 11:49:03.819 [  1B] 52
2026-07-08 11:49:03.820 [ 15B] 45 47 3A 20 30 2C 31 0D 0A 0D 0A 5B 4C 49 4E
2026-07-08 11:49:03.840 [  1B] 45
2026-07-08 11:49:03.840 [ 15B] 5D 3A 20 4F 4B 0D 0A 5B 54 58 2D 53 54 41 54
2026-07-08 11:49:03.860 [  1B] 55
2026-07-08 11:49:03.860 [ 15B] 53 5D 20 41 54 2B 43 4D 45 45 3D 32 0D 0A 20
2026-07-08 11:49:03.880 [  1B] 2D
2026-07-08 11:49:03.881 [ 15B] 3E 20 30 0D 0A 0D 0A 5B 4C 49 4E 45 5D 3A 20
2026-07-08 11:49:03.889 [  1B] 4F
2026-07-08 11:49:03.890 [  3B] 4B 0D 0A
2026-07-08 11:49:03.920 [  1B] 5B
2026-07-08 11:49:03.920 [ 15B] 54 58 2D 53 54 41 54 55 53 5D 20 41 54 2B 43
2026-07-08 11:49:03.940 [  1B] 50
2026-07-08 11:49:03.941 [ 15B] 49 4E 3F 0D 0A 20 2D 3E 20 30 0D 0A 0D 0A 5B
2026-07-08 11:49:03.961 [  1B] 4C
2026-07-08 11:49:03.961 [ 15B] 49 4E 45 5D 3A 20 4F 4B 0D 0A 0D 0A 5B 4C 49
2026-07-08 11:49:03.981 [  1B] 4E
2026-07-08 11:49:03.981 [ 15B] 45 5D 3A 20 2B 43 50 49 4E 3A 20 52 45 41 44
2026-07-08 11:49:03.988 [  1B] 59
2026-07-08 11:49:03.988 [  2B] 0D 0A
2026-07-08 11:49:04.019 [  1B] 5B
2026-07-08 11:49:04.019 [ 15B] 54 58 2D 53 54 41 54 55 53 5D 20 41 54 2B 43
2026-07-08 11:49:04.040 [  1B] 53
2026-07-08 11:49:04.040 [ 15B] 51 0D 0A 20 2D 3E 20 30 0D 0A 0D 0A 5B 4C 49
2026-07-08 11:49:04.060 [  1B] 4E
2026-07-08 11:49:04.060 [ 15B] 45 5D 3A 20 4F 4B 0D 0A 0D 0A 5B 4C 49 4E 45
2026-07-08 11:49:04.080 [  1B] 5D
2026-07-08 11:49:04.080 [ 15B] 3A 20 2B 43 53 51 3A 20 32 35 2C 39 39 0D 0A
2026-07-08 11:49:04.100 [  1B] 5B
2026-07-08 11:49:04.101 [ 15B] 54 58 2D 53 54 41 54 55 53 5D 20 41 54 2B 43
2026-07-08 11:49:04.120 [  1B] 46
2026-07-08 11:49:04.120 [ 12B] 55 4E 3F 0D 0A 20 2D 3E 20 30 0D 0A
2026-07-08 11:49:04.151 [  1B] 0D
2026-07-08 11:49:04.152 [ 15B] 0A 5B 4C 49 4E 45 5D 3A 20 4F 4B 0D 0A 0D 0A
2026-07-08 11:49:04.171 [  1B] 5B
2026-07-08 11:49:04.172 [ 15B] 4C 49 4E 45 5D 3A 20 2B 43 46 55 4E 3A 20 31
2026-07-08 11:49:04.177 [  1B] 0D
2026-07-08 11:49:04.177 [  1B] 0A
2026-07-08 11:49:04.208 [  1B] 5B
2026-07-08 11:49:04.208 [ 15B] 54 58 2D 53 54 41 54 55 53 5D 20 41 54 2B 43
2026-07-08 11:49:04.229 [  1B] 52
2026-07-08 11:49:04.229 [ 15B] 45 47 3F 0D 0A 20 2D 3E 20 30 0D 0A 0D 0A 5B
2026-07-08 11:49:04.249 [  1B] 4C
2026-07-08 11:49:04.249 [ 15B] 49 4E 45 5D 3A 20 4F 4B 0D 0A 5B 54 58 2D 53
2026-07-08 11:49:04.269 [  1B] 54
2026-07-08 11:49:04.269 [ 15B] 41 54 55 53 5D 20 41 54 45 30 0D 0A 20 2D 3E
2026-07-08 11:49:04.289 [  1B] 20
2026-07-08 11:49:04.289 [ 15B] 30 0D 0A 0D 0A 5B 4C 49 4E 45 5D 3A 20 2B 43
2026-07-08 11:49:04.309 [  1B] 52
2026-07-08 11:49:04.310 [ 15B] 45 47 3A 20 30 2C 31 0D 0A 0D 0A 5B 4C 49 4E
2026-07-08 11:49:04.330 [  1B] 45
2026-07-08 11:49:04.330 [ 15B] 5D 3A 20 4F 4B 0D 0A 5B 54 58 2D 53 54 41 54
2026-07-08 11:49:04.350 [  1B] 55
2026-07-08 11:49:04.350 [ 15B] 53 5D 20 41 54 2B 43 4D 45 45 3D 32 0D 0A 20
2026-07-08 11:49:04.370 [  1B] 2D
2026-07-08 11:49:04.371 [ 15B] 3E 20 30 0D 0A 0D 0A 5B 4C 49 4E 45 5D 3A 20
2026-07-08 11:49:04.379 [  1B] 4F
2026-07-08 11:49:04.379 [  3B] 4B 0D 0A
2026-07-08 11:49:04.410 [  1B] 5B
2026-07-08 11:49:04.410 [ 15B] 54 58 2D 53 54 41 54 55 53 5D 20 41 54 2B 43
2026-07-08 11:49:04.430 [  1B] 50
2026-07-08 11:49:04.430 [ 15B] 49 4E 3F 0D 0A 20 2D 3E 20 30 0D 0A 0D 0A 5B
2026-07-08 11:49:04.450 [  1B] 4C
2026-07-08 11:49:04.450 [ 15B] 49 4E 45 5D 3A 20 4F 4B 0D 0A 0D 0A 5B 4C 49
2026-07-08 11:49:04.470 [  1B] 4E
2026-07-08 11:49:04.470 [ 15B] 45 5D 3A 20 2B 43 50 49 4E 3A 20 52 45 41 44
2026-07-08 11:49:04.477 [  1B] 59
2026-07-08 11:49:04.477 [  2B] 0D 0A
2026-07-08 11:49:04.508 [  1B] 5B
2026-07-08 11:49:04.508 [ 15B] 54 58 2D 53 54 41 54 55 53 5D 20 41 54 2B 43
2026-07-08 11:49:04.529 [  1B] 53
2026-07-08 11:49:04.529 [ 15B] 51 0D 0A 20 2D 3E 20 30 0D 0A 0D 0A 5B 4C 49
2026-07-08 11:49:04.549 [  1B] 4E
2026-07-08 11:49:04.554 [ 15B] 45 5D 3A 20 4F 4B 0D 0A 0D 0A 5B 4C 49 4E 45
2026-07-08 11:49:04.569 [  1B] 5D
2026-07-08 11:49:04.569 [ 15B] 3A 20 2B 43 53 51 3A 20 32 35 2C 39 39 0D 0A
2026-07-08 11:49:04.589 [  1B] 5B
2026-07-08 11:49:04.590 [ 15B] 54 58 2D 53 54 41 54 55 53 5D 20 41 54 2B 43
2026-07-08 11:49:04.609 [  1B] 46
2026-07-08 11:49:04.609 [ 12B] 55 4E 3F 0D 0A 20 2D 3E 20 30 0D 0A
2026-07-08 11:49:04.641 [  1B] 0D
2026-07-08 11:49:04.642 [ 15B] 0A 5B 4C 49 4E 45 5D 3A 20 4F 4B 0D 0A 0D 0A
2026-07-08 11:49:04.661 [  1B] 5B
2026-07-08 11:49:04.661 [ 15B] 4C 49 4E 45 5D 3A 20 2B 43 46 55 4E 3A 20 31
2026-07-08 11:49:04.667 [  1B] 0D
2026-07-08 11:49:04.668 [  1B] 0A
2026-07-08 11:49:04.698 [  1B] 5B
2026-07-08 11:49:04.698 [ 15B] 54 58 2D 53 54 41 54 55 53 5D 20 41 54 2B 43
2026-07-08 11:49:04.719 [  1B] 52
2026-07-08 11:49:04.719 [ 15B] 45 47 3F 0D 0A 20 2D 3E 20 30 0D 0A 0D 0A 5B
2026-07-08 11:49:04.739 [  1B] 4C
2026-07-08 11:49:04.739 [ 15B] 49 4E 45 5D 3A 20 4F 4B 0D 0A 5B 54 58 2D 53
2026-07-08 11:49:04.759 [  1B] 54
2026-07-08 11:49:04.759 [ 15B] 41 54 55 53 5D 20 41 54 45 30 0D 0A 20 2D 3E
2026-07-08 11:49:04.779 [  1B] 20
2026-07-08 11:49:04.779 [ 15B] 30 0D 0A 0D 0A 5B 4C 49 4E 45 5D 3A 20 2B 43
2026-07-08 11:49:04.799 [  1B] 52
2026-07-08 11:49:04.800 [ 15B] 45 47 3A 20 30 2C 31 0D 0A 0D 0A 5B 4C 49 4E
2026-07-08 11:49:04.820 [  1B] 45
2026-07-08 11:49:04.820 [ 15B] 5D 3A 20 4F 4B 0D 0A 5B 54 58 2D 53 54 41 54
2026-07-08 11:49:04.840 [  1B] 55
2026-07-08 11:49:04.840 [ 15B] 53 5D 20 41 54 2B 43 4D 45 45 3D 32 0D 0A 20
2026-07-08 11:49:04.861 [  1B] 2D
2026-07-08 11:49:04.861 [ 15B] 3E 20 30 0D 0A 0D 0A 5B 4C 49 4E 45 5D 3A 20
2026-07-08 11:49:04.869 [  1B] 4F
2026-07-08 11:49:04.869 [  3B] 4B 0D 0A
2026-07-08 11:49:04.900 [  1B] 5B
2026-07-08 11:49:04.900 [ 15B] 54 58 2D 53 54 41 54 55 53 5D 20 41 54 2B 43
2026-07-08 11:49:04.920 [  1B] 50
2026-07-08 11:49:04.920 [ 15B] 49 4E 3F 0D 0A 20 2D 3E 20 30 0D 0A 0D 0A 5B
2026-07-08 11:49:04.940 [  1B] 4C
2026-07-08 11:49:04.940 [ 15B] 49 4E 45 5D 3A 20 4F 4B 0D 0A 0D 0A 5B 4C 49
2026-07-08 11:49:04.960 [  1B] 4E
2026-07-08 11:49:04.960 [ 15B] 45 5D 3A 20 2B 43 50 49 4E 3A 20 52 45 41 44
2026-07-08 11:49:04.967 [  1B] 59
2026-07-08 11:49:04.968 [  2B] 0D 0A
2026-07-08 11:49:04.998 [  1B] 5B
2026-07-08 11:49:04.998 [ 15B] 54 58 2D 53 54 41 54 55 53 5D 20 41 54 2B 43
2026-07-08 11:49:05.019 [  1B] 53
2026-07-08 11:49:05.020 [ 15B] 51 0D 0A 20 2D 3E 20 30 0D 0A 0D 0A 5B 4C 49
2026-07-08 11:49:05.040 [  1B] 4E
2026-07-08 11:49:05.040 [ 15B] 45 5D 3A 20 4F 4B 0D 0A 0D 0A 5B 4C 49 4E 45
2026-07-08 11:49:05.060 [  1B] 5D
2026-07-08 11:49:05.060 [ 15B] 3A 20 2B 43 53 51 3A 20 32 35 2C 39 39 0D 0A
2026-07-08 11:49:05.080 [  1B] 5B
2026-07-08 11:49:05.080 [ 15B] 54 58 2D 53 54 41 54 55 53 5D 20 41 54 2B 43
2026-07-08 11:49:05.099 [  1B] 46
2026-07-08 11:49:05.100 [ 12B] 55 4E 3F 0D 0A 20 2D 3E 20 30 0D 0A
2026-07-08 11:49:05.131 [  1B] 0D
2026-07-08 11:49:05.132 [ 15B] 0A 5B 4C 49 4E 45 5D 3A 20 4F 4B 0D 0A 0D 0A
2026-07-08 11:49:05.151 [  1B] 5B
2026-07-08 11:49:05.152 [ 15B] 4C 49 4E 45 5D 3A 20 2B 43 46 55 4E 3A 20 31
2026-07-08 11:49:05.157 [  1B] 0D
2026-07-08 11:49:05.157 [  1B] 0A
2026-07-08 11:49:05.188 [  1B] 5B
2026-07-08 11:49:05.188 [ 15B] 54 58 2D 53 54 41 54 55 53 5D 20 41 54 2B 43
2026-07-08 11:49:05.208 [  1B] 52
2026-07-08 11:49:05.208 [ 15B] 45 47 3F 0D 0A 20 2D 3E 20 30 0D 0A 0D 0A 5B
2026-07-08 11:49:05.228 [  1B] 4C
2026-07-08 11:49:05.228 [ 15B] 49 4E 45 5D 3A 20 4F 4B 0D 0A 5B 54 58 2D 53
2026-07-08 11:49:05.248 [  1B] 54
2026-07-08 11:49:05.248 [ 15B] 41 54 55 53 5D 20 41 54 45 30 0D 0A 20 2D 3E
2026-07-08 11:49:05.268 [  1B] 20
2026-07-08 11:49:05.269 [ 15B] 30 0D 0A 0D 0A 5B 4C 49 4E 45 5D 3A 20 2B 43
2026-07-08 11:49:05.289 [  1B] 52
2026-07-08 11:49:05.289 [ 15B] 45 47 3A 20 30 2C 31 0D 0A 0D 0A 5B 4C 49 4E
2026-07-08 11:49:05.309 [  1B] 45
2026-07-08 11:49:05.309 [ 15B] 5D 3A 20 4F 4B 0D 0A 5B 54 58 2D 53 54 41 54
2026-07-08 11:49:05.329 [  1B] 55
2026-07-08 11:49:05.329 [ 15B] 53 5D 20 41 54 2B 43 4D 45 45 3D 32 0D 0A 20
2026-07-08 11:49:05.350 [  1B] 2D
2026-07-08 11:49:05.351 [ 15B] 3E 20 30 0D 0A 0D 0A 5B 4C 49 4E 45 5D 3A 20
2026-07-08 11:49:05.359 [  1B] 4F
2026-07-08 11:49:05.359 [  3B] 4B 0D 0A
2026-07-08 11:49:05.390 [  1B] 5B
2026-07-08 11:49:05.390 [ 15B] 54 58 2D 53 54 41 54 55 53 5D 20 41 54 2B 43
2026-07-08 11:49:05.411 [  1B] 50
2026-07-08 11:49:05.411 [ 15B] 49 4E 3F 0D 0A 20 2D 3E 20 30 0D 0A 0D 0A 5B
2026-07-08 11:49:05.431 [  1B] 4C
2026-07-08 11:49:05.432 [ 15B] 49 4E 45 5D 3A 20 4F 4B 0D 0A 0D 0A 5B 4C 49
2026-07-08 11:49:05.451 [  1B] 4E
2026-07-08 11:49:05.452 [ 15B] 45 5D 3A 20 2B 43 50 49 4E 3A 20 52 45 41 44
2026-07-08 11:49:05.458 [  1B] 59
2026-07-08 11:49:05.459 [  2B] 0D 0A
2026-07-08 11:49:05.489 [  1B] 5B
2026-07-08 11:49:05.489 [ 15B] 54 58 2D 53 54 41 54 55 53 5D 20 41 54 2B 43
2026-07-08 11:49:05.509 [  1B] 53
2026-07-08 11:49:05.510 [ 15B] 51 0D 0A 20 2D 3E 20 30 0D 0A 0D 0A 5B 4C 49
2026-07-08 11:49:05.530 [  1B] 4E
2026-07-08 11:49:05.530 [ 15B] 45 5D 3A 20 4F 4B 0D 0A 0D 0A 5B 4C 49 4E 45
2026-07-08 11:49:05.550 [  1B] 5D
2026-07-08 11:49:05.550 [ 15B] 3A 20 2B 43 53 51 3A 20 32 35 2C 39 39 0D 0A
2026-07-08 11:49:05.570 [  1B] 5B
2026-07-08 11:49:05.570 [ 15B] 54 58 2D 53 54 41 54 55 53 5D 20 41 54 2B 43
2026-07-08 11:49:05.589 [  1B] 46
2026-07-08 11:49:05.590 [ 12B] 55 4E 3F 0D 0A 20 2D 3E 20 30 0D 0A
2026-07-08 11:49:05.621 [  1B] 0D
2026-07-08 11:49:05.622 [ 15B] 0A 5B 4C 49 4E 45 5D 3A 20 4F 4B 0D 0A 0D 0A
2026-07-08 11:49:05.641 [  1B] 5B
2026-07-08 11:49:05.642 [ 15B] 4C 49 4E 45 5D 3A 20 2B 43 46 55 4E 3A 20 31
2026-07-08 11:49:05.647 [  1B] 0D
2026-07-08 11:49:05.647 [  1B] 0A
2026-07-08 11:49:05.678 [  1B] 5B
2026-07-08 11:49:05.678 [ 15B] 54 58 2D 53 54 41 54 55 53 5D 20 41 54 2B 43
2026-07-08 11:49:05.698 [  1B] 52
2026-07-08 11:49:05.698 [ 15B] 45 47 3F 0D 0A 20 2D 3E 20 30 0D 0A 0D 0A 5B
2026-07-08 11:49:05.718 [  1B] 4C
2026-07-08 11:49:05.718 [ 15B] 49 4E 45 5D 3A 20 4F 4B 0D 0A 5B 54 58 2D 53
2026-07-08 11:49:05.738 [  1B] 54
2026-07-08 11:49:05.738 [ 15B] 41 54 55 53 5D 20 41 54 45 30 0D 0A 20 2D 3E
2026-07-08 11:49:05.758 [  1B] 20
2026-07-08 11:49:05.758 [ 15B] 30 0D 0A 0D 0A 5B 4C 49 4E 45 5D 3A 20 2B 43
2026-07-08 11:49:05.779 [  1B] 52
2026-07-08 11:49:05.779 [ 15B] 45 47 3A 20 30 2C 31 0D 0A 0D 0A 5B 4C 49 4E
2026-07-08 11:49:05.799 [  1B] 45
2026-07-08 11:49:05.799 [ 15B] 5D 3A 20 4F 4B 0D 0A 5B 54 58 2D 53 54 41 54
2026-07-08 11:49:05.819 [  1B] 55
2026-07-08 11:49:05.819 [ 15B] 53 5D 20 41 54 2B 43 4D 45 45 3D 32 0D 0A 20
2026-07-08 11:49:05.841 [  1B] 2D
2026-07-08 11:49:05.841 [ 15B] 3E 20 30 0D 0A 0D 0A 5B 4C 49 4E 45 5D 3A 20
2026-07-08 11:49:05.849 [  1B] 4F
2026-07-08 11:49:05.849 [  3B] 4B 0D 0A
2026-07-08 11:49:05.880 [  1B] 5B
2026-07-08 11:49:05.880 [ 15B] 54 58 2D 53 54 41 54 55 53 5D 20 41 54 2B 43
2026-07-08 11:49:05.901 [  1B] 50
2026-07-08 11:49:05.901 [ 15B] 49 4E 3F 0D 0A 20 2D 3E 20 30 0D 0A 0D 0A 5B
2026-07-08 11:49:05.921 [  1B] 4C
2026-07-08 11:49:05.921 [ 15B] 49 4E 45 5D 3A 20 4F 4B 0D 0A 0D 0A 5B 4C 49
2026-07-08 11:49:05.941 [  1B] 4E
2026-07-08 11:49:05.941 [ 15B] 45 5D 3A 20 2B 43 50 49 4E 3A 20 52 45 41 44
2026-07-08 11:49:05.948 [  1B] 59
2026-07-08 11:49:05.949 [  2B] 0D 0A
2026-07-08 11:49:05.979 [  1B] 5B
2026-07-08 11:49:05.979 [ 15B] 54 58 2D 53 54 41 54 55 53 5D 20 41 54 2B 43
2026-07-08 11:49:06.000 [  1B] 53
2026-07-08 11:49:06.000 [ 15B] 51 0D 0A 20 2D 3E 20 30 0D 0A 0D 0A 5B 4C 49
2026-07-08 11:49:06.020 [  1B] 4E
2026-07-08 11:49:06.020 [ 15B] 45 5D 3A 20 4F 4B 0D 0A 0D 0A 5B 4C 49 4E 45
2026-07-08 11:49:06.040 [  1B] 5D
2026-07-08 11:49:06.040 [ 15B] 3A 20 2B 43 53 51 3A 20 32 35 2C 39 39 0D 0A
2026-07-08 11:49:06.060 [  1B] 5B
2026-07-08 11:49:06.061 [ 15B] 54 58 2D 53 54 41 54 55 53 5D 20 41 54 2B 43
2026-07-08 11:49:06.080 [  1B] 46
2026-07-08 11:49:06.080 [ 12B] 55 4E 3F 0D 0A 20 2D 3E 20 30 0D 0A
2026-07-08 11:49:06.112 [  1B] 0D
2026-07-08 11:49:06.112 [ 15B] 0A 5B 4C 49 4E 45 5D 3A 20 4F 4B 0D 0A 0D 0A
2026-07-08 11:49:06.132 [  1B] 5B
2026-07-08 11:49:06.132 [ 15B] 4C 49 4E 45 5D 3A 20 2B 43 46 55 4E 3A 20 31
2026-07-08 11:49:06.138 [  1B] 0D
2026-07-08 11:49:06.139 [  1B] 0A
2026-07-08 11:49:06.169 [  1B] 5B
2026-07-08 11:49:06.169 [ 15B] 54 58 2D 53 54 41 54 55 53 5D 20 41 54 2B 43
2026-07-08 11:49:06.190 [  1B] 52
2026-07-08 11:49:06.190 [ 15B] 45 47 3F 0D 0A 20 2D 3E 20 30 0D 0A 0D 0A 5B
2026-07-08 11:49:06.210 [  1B] 4C
2026-07-08 11:49:06.210 [ 15B] 49 4E 45 5D 3A 20 4F 4B 0D 0A 5B 54 58 2D 53
2026-07-08 11:49:06.230 [  1B] 54
2026-07-08 11:49:06.230 [ 15B] 41 54 55 53 5D 20 41 54 45 30 0D 0A 20 2D 3E
2026-07-08 11:49:06.250 [  1B] 20
2026-07-08 11:49:06.251 [ 15B] 30 0D 0A 0D 0A 5B 4C 49 4E 45 5D 3A 20 2B 43
2026-07-08 11:49:06.271 [  1B] 52
2026-07-08 11:49:06.271 [ 15B] 45 47 3A 20 30 2C 31 0D 0A 0D 0A 5B 4C 49 4E
2026-07-08 11:49:06.291 [  1B] 45
2026-07-08 11:49:06.291 [ 15B] 5D 3A 20 4F 4B 0D 0A 5B 54 58 2D 53 54 41 54
2026-07-08 11:49:06.311 [  1B] 55
2026-07-08 11:49:06.311 [ 15B] 53 5D 20 41 54 2B 43 4D 45 45 3D 32 0D 0A 20
2026-07-08 11:49:06.332 [  1B] 2D
2026-07-08 11:49:06.332 [ 15B] 3E 20 30 0D 0A 0D 0A 5B 4C 49 4E 45 5D 3A 20
2026-07-08 11:49:06.340 [  1B] 4F
2026-07-08 11:49:06.340 [  3B] 4B 0D 0A
2026-07-08 11:49:06.371 [  1B] 5B
2026-07-08 11:49:06.371 [ 15B] 54 58 2D 53 54 41 54 55 53 5D 20 41 54 2B 43
2026-07-08 11:49:06.391 [  1B] 50
2026-07-08 11:49:06.391 [ 15B] 49 4E 3F 0D 0A 20 2D 3E 20 30 0D 0A 0D 0A 5B
2026-07-08 11:49:06.411 [  1B] 4C
2026-07-08 11:49:06.411 [ 15B] 49 4E 45 5D 3A 20 4F 4B 0D 0A 0D 0A 5B 4C 49
2026-07-08 11:49:06.431 [  1B] 4E
2026-07-08 11:49:06.431 [ 15B] 45 5D 3A 20 2B 43 50 49 4E 3A 20 52 45 41 44
2026-07-08 11:49:06.438 [  1B] 59
2026-07-08 11:49:06.439 [  2B] 0D 0A
2026-07-08 11:49:06.469 [  1B] 5B
2026-07-08 11:49:06.469 [ 15B] 54 58 2D 53 54 41 54 55 53 5D 20 41 54 2B 43
2026-07-08 11:49:06.490 [  1B] 53
2026-07-08 11:49:06.490 [ 15B] 51 0D 0A 20 2D 3E 20 30 0D 0A 0D 0A 5B 4C 49
2026-07-08 11:49:06.510 [  1B] 4E
2026-07-08 11:49:06.511 [ 15B] 45 5D 3A 20 4F 4B 0D 0A 0D 0A 5B 4C 49 4E 45
2026-07-08 11:49:06.530 [  1B] 5D
2026-07-08 11:49:06.530 [ 15B] 3A 20 2B 43 53 51 3A 20 32 35 2C 39 39 0D 0A
2026-07-08 11:49:06.550 [  1B] 5B
2026-07-08 11:49:06.551 [ 15B] 54 58 2D 53 54 41 54 55 53 5D 20 41 54 2B 43
2026-07-08 11:49:06.570 [  1B] 46
2026-07-08 11:49:06.570 [ 12B] 55 4E 3F 0D 0A 20 2D 3E 20 30 0D 0A
2026-07-08 11:49:06.602 [  1B] 0D
2026-07-08 11:49:06.602 [ 15B] 0A 5B 4C 49 4E 45 5D 3A 20 4F 4B 0D 0A 0D 0A
2026-07-08 11:49:06.622 [  1B] 5B
2026-07-08 11:49:06.622 [ 15B] 4C 49 4E 45 5D 3A 20 2B 43 46 55 4E 3A 20 31
2026-07-08 11:49:06.628 [  1B] 0D
2026-07-08 11:49:06.628 [  1B] 0A
2026-07-08 11:49:06.659 [  1B] 5B
2026-07-08 11:49:06.659 [ 15B] 54 58 2D 53 54 41 54 55 53 5D 20 41 54 2B 43
2026-07-08 11:49:06.680 [  1B] 52
2026-07-08 11:49:06.680 [ 15B] 45 47 3F 0D 0A 20 2D 3E 20 30 0D 0A 0D 0A 5B
2026-07-08 11:49:06.700 [  1B] 4C
2026-07-08 11:49:06.700 [ 15B] 49 4E 45 5D 3A 20 4F 4B 0D 0A 5B 54 58 2D 53
2026-07-08 11:49:06.720 [  1B] 54
2026-07-08 11:49:06.720 [ 15B] 41 54 55 53 5D 20 41 54 45 30 0D 0A 20 2D 3E
2026-07-08 11:49:06.740 [  1B] 20
2026-07-08 11:49:06.741 [ 15B] 30 0D 0A 0D 0A 5B 4C 49 4E 45 5D 3A 20 2B 43
2026-07-08 11:49:06.761 [  1B] 52
2026-07-08 11:49:06.761 [ 15B] 45 47 3A 20 30 2C 31 0D 0A 0D 0A 5B 4C 49 4E
2026-07-08 11:49:06.781 [  1B] 45
2026-07-08 11:49:06.781 [ 15B] 5D 3A 20 4F 4B 0D 0A 5B 54 58 2D 53 54 41 54
2026-07-08 11:49:06.801 [  1B] 55
2026-07-08 11:49:06.801 [ 15B] 53 5D 20 41 54 2B 43 4D 45 45 3D 32 0D 0A 20
2026-07-08 11:49:06.822 [  1B] 2D
2026-07-08 11:49:06.822 [ 15B] 3E 20 30 0D 0A 0D 0A 5B 4C 49 4E 45 5D 3A 20
2026-07-08 11:49:06.830 [  1B] 4F
2026-07-08 11:49:06.830 [  3B] 4B 0D 0A
2026-07-08 11:49:06.861 [  1B] 5B
2026-07-08 11:49:06.861 [ 15B] 54 58 2D 53 54 41 54 55 53 5D 20 41 54 2B 43
2026-07-08 11:49:06.881 [  1B] 50
2026-07-08 11:49:06.881 [ 15B] 49 4E 3F 0D 0A 20 2D 3E 20 30 0D 0A 0D 0A 5B
2026-07-08 11:49:06.901 [  1B] 4C
2026-07-08 11:49:06.901 [ 15B] 49 4E 45 5D 3A 20 4F 4B 0D 0A 0D 0A 5B 4C 49
2026-07-08 11:49:06.921 [  1B] 4E
2026-07-08 11:49:06.922 [ 15B] 45 5D 3A 20 2B 43 50 49 4E 3A 20 52 45 41 44
2026-07-08 11:49:06.928 [  1B] 59
2026-07-08 11:49:06.929 [  2B] 0D 0A
2026-07-08 11:49:06.959 [  1B] 5B
2026-07-08 11:49:06.959 [ 15B] 54 58 2D 53 54 41 54 55 53 5D 20 41 54 2B 43
2026-07-08 11:49:06.980 [  1B] 53
2026-07-08 11:49:06.980 [ 15B] 51 0D 0A 20 2D 3E 20 30 0D 0A 0D 0A 5B 4C 49
2026-07-08 11:49:07.000 [  1B] 4E
2026-07-08 11:49:07.000 [ 15B] 45 5D 3A 20 4F 4B 0D 0A 0D 0A 5B 4C 49 4E 45
2026-07-08 11:49:07.020 [  1B] 5D
2026-07-08 11:49:07.020 [ 15B] 3A 20 2B 43 53 51 3A 20 32 35 2C 39 39 0D 0A
2026-07-08 11:49:07.040 [  1B] 5B
2026-07-08 11:49:07.041 [ 15B] 54 58 2D 53 54 41 54 55 53 5D 20 41 54 2B 43
2026-07-08 11:49:07.060 [  1B] 46
2026-07-08 11:49:07.060 [ 12B] 55 4E 3F 0D 0A 20 2D 3E 20 30 0D 0A
2026-07-08 11:49:07.092 [  1B] 0D
2026-07-08 11:49:07.092 [ 15B] 0A 5B 4C 49 4E 45 5D 3A 20 4F 4B 0D 0A 0D 0A
2026-07-08 11:49:07.112 [  1B] 5B
2026-07-08 11:49:07.112 [ 15B] 4C 49 4E 45 5D 3A 20 2B 43 46 55 4E 3A 20 31
2026-07-08 11:49:07.118 [  1B] 0D
2026-07-08 11:49:07.118 [  1B] 0A
2026-07-08 11:49:07.148 [  1B] 5B
2026-07-08 11:49:07.148 [ 15B] 54 58 2D 53 54 41 54 55 53 5D 20 41 54 2B 43
2026-07-08 11:49:07.169 [  1B] 52
2026-07-08 11:49:07.169 [ 15B] 45 47 3F 0D 0A 20 2D 3E 20 30 0D 0A 0D 0A 5B
2026-07-08 11:49:07.189 [  1B] 4C
2026-07-08 11:49:07.189 [ 15B] 49 4E 45 5D 3A 20 4F 4B 0D 0A 5B 54 58 2D 53
2026-07-08 11:49:07.209 [  1B] 54
2026-07-08 11:49:07.209 [ 15B] 41 54 55 53 5D 20 41 54 45 30 0D 0A 20 2D 3E
2026-07-08 11:49:07.229 [  1B] 20
2026-07-08 11:49:07.230 [ 15B] 30 0D 0A 0D 0A 5B 4C 49 4E 45 5D 3A 20 2B 43
2026-07-08 11:49:07.250 [  1B] 52
2026-07-08 11:49:07.250 [ 15B] 45 47 3A 20 30 2C 31 0D 0A 0D 0A 5B 4C 49 4E
2026-07-08 11:49:07.270 [  1B] 45
2026-07-08 11:49:07.270 [ 15B] 5D 3A 20 4F 4B 0D 0A 5B 54 58 2D 53 54 41 54
2026-07-08 11:49:07.290 [  1B] 55
2026-07-08 11:49:07.290 [ 15B] 53 5D 20 41 54 2B 43 4D 45 45 3D 32 0D 0A 20
2026-07-08 11:49:07.311 [  1B] 2D
2026-07-08 11:49:07.311 [ 15B] 3E 20 30 0D 0A 0D 0A 5B 4C 49 4E 45 5D 3A 20
2026-07-08 11:49:07.319 [  1B] 4F
2026-07-08 11:49:07.319 [  3B] 4B 0D 0A
2026-07-08 11:49:07.350 [  1B] 5B
2026-07-08 11:49:07.350 [ 15B] 54 58 2D 53 54 41 54 55 53 5D 20 41 54 2B 43
2026-07-08 11:49:07.371 [  1B] 50
2026-07-08 11:49:07.371 [ 15B] 49 4E 3F 0D 0A 20 2D 3E 20 30 0D 0A 0D 0A 5B
2026-07-08 11:49:07.391 [  1B] 4C
2026-07-08 11:49:07.391 [ 15B] 49 4E 45 5D 3A 20 4F 4B 0D 0A 0D 0A 5B 4C 49
2026-07-08 11:49:07.411 [  1B] 4E
2026-07-08 11:49:07.411 [ 15B] 45 5D 3A 20 2B 43 50 49 4E 3A 20 52 45 41 44
2026-07-08 11:49:07.418 [  1B] 59
2026-07-08 11:49:07.418 [  2B] 0D 0A
2026-07-08 11:49:07.449 [  1B] 5B
2026-07-08 11:49:07.449 [ 15B] 54 58 2D 53 54 41 54 55 53 5D 20 41 54 2B 43
2026-07-08 11:49:07.470 [  1B] 53
2026-07-08 11:49:07.470 [ 15B] 51 0D 0A 20 2D 3E 20 30 0D 0A 0D 0A 5B 4C 49
2026-07-08 11:49:07.490 [  1B] 4E
2026-07-08 11:49:07.490 [ 15B] 45 5D 3A 20 4F 4B 0D 0A 0D 0A 5B 4C 49 4E 45
2026-07-08 11:49:07.510 [  1B] 5D
2026-07-08 11:49:07.510 [ 15B] 3A 20 2B 43 53 51 3A 20 32 35 2C 39 39 0D 0A
2026-07-08 11:49:07.530 [  1B] 5B
2026-07-08 11:49:07.531 [ 15B] 54 58 2D 53 54 41 54 55 53 5D 20 41 54 2B 43
2026-07-08 11:49:07.550 [  1B] 46
2026-07-08 11:49:07.550 [ 12B] 55 4E 3F 0D 0A 20 2D 3E 20 30 0D 0A
2026-07-08 11:49:07.582 [  1B] 0D
2026-07-08 11:49:07.582 [ 15B] 0A 5B 4C 49 4E 45 5D 3A 20 4F 4B 0D 0A 0D 0A
2026-07-08 11:49:07.602 [  1B] 5B
2026-07-08 11:49:07.602 [ 15B] 4C 49 4E 45 5D 3A 20 2B 43 46 55 4E 3A 20 31
2026-07-08 11:49:07.608 [  1B] 0D
2026-07-08 11:49:07.608 [  1B] 0A
2026-07-08 11:49:07.638 [  1B] 5B
2026-07-08 11:49:07.638 [ 15B] 54 58 2D 53 54 41 54 55 53 5D 20 41 54 2B 43
2026-07-08 11:49:07.659 [  1B] 52
2026-07-08 11:49:07.659 [ 15B] 45 47 3F 0D 0A 20 2D 3E 20 30 0D 0A 0D 0A 5B
2026-07-08 11:49:07.679 [  1B] 4C
2026-07-08 11:49:07.679 [ 15B] 49 4E 45 5D 3A 20 4F 4B 0D 0A 5B 54 58 2D 53
2026-07-08 11:49:07.699 [  1B] 54
2026-07-08 11:49:07.699 [ 15B] 41 54 55 53 5D 20 41 54 45 30 0D 0A 20 2D 3E
2026-07-08 11:49:07.719 [  1B] 20
2026-07-08 11:49:07.720 [ 15B] 30 0D 0A 0D 0A 5B 4C 49 4E 45 5D 3A 20 2B 43
2026-07-08 11:49:07.740 [  1B] 52
2026-07-08 11:49:07.740 [ 15B] 45 47 3A 20 30 2C 31 0D 0A 0D 0A 5B 4C 49 4E
2026-07-08 11:49:07.760 [  1B] 45
2026-07-08 11:49:07.760 [ 15B] 5D 3A 20 4F 4B 0D 0A 5B 54 58 2D 53 54 41 54
2026-07-08 11:49:07.780 [  1B] 55
2026-07-08 11:49:07.780 [ 15B] 53 5D 20 41 54 2B 43 4D 45 45 3D 32 0D 0A 20
2026-07-08 11:49:07.801 [  1B] 2D
2026-07-08 11:49:07.802 [ 15B] 3E 20 30 0D 0A 0D 0A 5B 4C 49 4E 45 5D 3A 20
2026-07-08 11:49:07.810 [  1B] 4F
2026-07-08 11:49:07.810 [  3B] 4B 0D 0A
2026-07-08 11:49:07.840 [  1B] 5B
2026-07-08 11:49:07.840 [ 15B] 54 58 2D 53 54 41 54 55 53 5D 20 41 54 2B 43
2026-07-08 11:49:07.861 [  1B] 50
2026-07-08 11:49:07.861 [ 15B] 49 4E 3F 0D 0A 20 2D 3E 20 30 0D 0A 0D 0A 5B
2026-07-08 11:49:07.881 [  1B] 4C
2026-07-08 11:49:07.882 [ 15B] 49 4E 45 5D 3A 20 4F 4B 0D 0A 0D 0A 5B 4C 49
2026-07-08 11:49:07.901 [  1B] 4E
2026-07-08 11:49:07.902 [ 15B] 45 5D 3A 20 2B 43 50 49 4E 3A 20 52 45 41 44
2026-07-08 11:49:07.908 [  1B] 59
2026-07-08 11:49:07.909 [  2B] 0D 0A
2026-07-08 11:49:07.939 [  1B] 5B
2026-07-08 11:49:07.939 [ 15B] 54 58 2D 53 54 41 54 55 53 5D 20 41 54 2B 43
2026-07-08 11:49:07.960 [  1B] 53
2026-07-08 11:49:07.960 [ 15B] 51 0D 0A 20 2D 3E 20 30 0D 0A 0D 0A 5B 4C 49
2026-07-08 11:49:07.980 [  1B] 4E
2026-07-08 11:49:07.981 [ 15B] 45 5D 3A 20 4F 4B 0D 0A 0D 0A 5B 4C 49 4E 45
2026-07-08 11:49:08.000 [  1B] 5D
2026-07-08 11:49:08.001 [ 15B] 3A 20 2B 43 53 51 3A 20 32 35 2C 39 39 0D 0A
2026-07-08 11:49:08.020 [  1B] 5B
2026-07-08 11:49:08.021 [ 15B] 54 58 2D 53 54 41 54 55 53 5D 20 41 54 2B 43
2026-07-08 11:49:08.040 [  1B] 46
2026-07-08 11:49:08.040 [ 12B] 55 4E 3F 0D 0A 20 2D 3E 20 30 0D 0A
2026-07-08 11:49:08.072 [  1B] 0D
2026-07-08 11:49:08.073 [ 15B] 0A 5B 4C 49 4E 45 5D 3A 20 4F 4B 0D 0A 0D 0A
2026-07-08 11:49:08.092 [  1B] 5B
2026-07-08 11:49:08.093 [ 15B] 4C 49 4E 45 5D 3A 20 2B 43 46 55 4E 3A 20 31
2026-07-08 11:49:08.098 [  1B] 0D
2026-07-08 11:49:08.099 [  1B] 0A
2026-07-08 11:49:08.129 [  1B] 5B
2026-07-08 11:49:08.129 [ 15B] 54 58 2D 53 54 41 54 55 53 5D 20 41 54 2B 43
2026-07-08 11:49:08.149 [  1B] 52
2026-07-08 11:49:08.149 [ 15B] 45 47 3F 0D 0A 20 2D 3E 20 30 0D 0A 0D 0A 5B
2026-07-08 11:49:08.169 [  1B] 4C
2026-07-08 11:49:08.170 [ 15B] 49 4E 45 5D 3A 20 4F 4B 0D 0A 5B 54 58 2D 53
2026-07-08 11:49:08.189 [  1B] 54
2026-07-08 11:49:08.190 [ 15B] 41 54 55 53 5D 20 41 54 45 30 0D 0A 20 2D 3E
2026-07-08 11:49:08.209 [  1B] 20
2026-07-08 11:49:08.210 [ 15B] 30 0D 0A 0D 0A 5B 4C 49 4E 45 5D 3A 20 2B 43
2026-07-08 11:49:08.230 [  1B] 52
2026-07-08 11:49:08.230 [ 15B] 45 47 3A 20 30 2C 31 0D 0A 0D 0A 5B 4C 49 4E
2026-07-08 11:49:08.250 [  1B] 45
2026-07-08 11:49:08.250 [ 15B] 5D 3A 20 4F 4B 0D 0A 5B 54 58 2D 53 54 41 54
2026-07-08 11:49:08.270 [  1B] 55
2026-07-08 11:49:08.270 [ 15B] 53 5D 20 41 54 2B 43 4D 45 45 3D 32 0D 0A 20
2026-07-08 11:49:08.291 [  1B] 2D
2026-07-08 11:49:08.291 [ 15B] 3E 20 30 0D 0A 0D 0A 5B 4C 49 4E 45 5D 3A 20
2026-07-08 11:49:08.299 [  1B] 4F
2026-07-08 11:49:08.300 [  3B] 4B 0D 0A
2026-07-08 11:49:08.330 [  1B] 5B
2026-07-08 11:49:08.330 [ 15B] 54 58 2D 53 54 41 54 55 53 5D 20 41 54 2B 43
2026-07-08 11:49:08.351 [  1B] 50
2026-07-08 11:49:08.351 [ 15B] 49 4E 3F 0D 0A 20 2D 3E 20 30 0D 0A 0D 0A 5B
2026-07-08 11:49:08.371 [  1B] 4C
2026-07-08 11:49:08.372 [ 15B] 49 4E 45 5D 3A 20 4F 4B 0D 0A 0D 0A 5B 4C 49
2026-07-08 11:49:08.391 [  1B] 4E
2026-07-08 11:49:08.392 [ 15B] 45 5D 3A 20 2B 43 50 49 4E 3A 20 52 45 41 44
2026-07-08 11:49:08.398 [  1B] 59
2026-07-08 11:49:08.399 [  2B] 0D 0A
2026-07-08 11:49:08.429 [  1B] 5B
2026-07-08 11:49:08.429 [ 15B] 54 58 2D 53 54 41 54 55 53 5D 20 41 54 2B 43
2026-07-08 11:49:08.450 [  1B] 53
2026-07-08 11:49:08.450 [ 15B] 51 0D 0A 20 2D 3E 20 30 0D 0A 0D 0A 5B 4C 49
2026-07-08 11:49:08.470 [  1B] 4E
2026-07-08 11:49:08.470 [ 15B] 45 5D 3A 20 4F 4B 0D 0A 0D 0A 5B 4C 49 4E 45
2026-07-08 11:49:08.490 [  1B] 5D
2026-07-08 11:49:08.490 [ 15B] 3A 20 2B 43 53 51 3A 20 32 37 2C 39 39 0D 0A
2026-07-08 11:49:08.510 [  1B] 5B
2026-07-08 11:49:08.511 [ 15B] 54 58 2D 53 54 41 54 55 53 5D 20 41 54 2B 43
2026-07-08 11:49:08.530 [  1B] 46
2026-07-08 11:49:08.530 [ 12B] 55 4E 3F 0D 0A 20 2D 3E 20 30 0D 0A
2026-07-08 11:49:08.561 [  1B] 0D
2026-07-08 11:49:08.562 [ 15B] 0A 5B 4C 49 4E 45 5D 3A 20 4F 4B 0D 0A 0D 0A
2026-07-08 11:49:08.581 [  1B] 5B
2026-07-08 11:49:08.582 [ 15B] 4C 49 4E 45 5D 3A 20 2B 43 46 55 4E 3A 20 31
2026-07-08 11:49:08.587 [  1B] 0D
2026-07-08 11:49:08.588 [  1B] 0A
2026-07-08 11:49:08.618 [  1B] 5B
2026-07-08 11:49:08.618 [ 15B] 54 58 2D 53 54 41 54 55 53 5D 20 41 54 2B 43
2026-07-08 11:49:08.639 [  1B] 52
2026-07-08 11:49:08.639 [ 15B] 45 47 3F 0D 0A 20 2D 3E 20 30 0D 0A 0D 0A 5B
2026-07-08 11:49:08.659 [  1B] 4C
2026-07-08 11:49:08.659 [ 15B] 49 4E 45 5D 3A 20 4F 4B 0D 0A 5B 54 58 2D 53
2026-07-08 11:49:08.679 [  1B] 54
2026-07-08 11:49:08.680 [ 15B] 41 54 55 53 5D 20 41 54 45 30 0D 0A 20 2D 3E
2026-07-08 11:49:08.699 [  1B] 20
2026-07-08 11:49:08.700 [ 15B] 30 0D 0A 0D 0A 5B 4C 49 4E 45 5D 3A 20 2B 43
2026-07-08 11:49:08.720 [  1B] 52
2026-07-08 11:49:08.720 [ 15B] 45 47 3A 20 30 2C 31 0D 0A 0D 0A 5B 4C 49 4E
2026-07-08 11:49:08.740 [  1B] 45
2026-07-08 11:49:08.741 [ 15B] 5D 3A 20 4F 4B 0D 0A 5B 54 58 2D 53 54 41 54
2026-07-08 11:49:08.760 [  1B] 55
2026-07-08 11:49:08.760 [ 15B] 53 5D 20 41 54 2B 43 4D 45 45 3D 32 0D 0A 20
2026-07-08 11:49:08.781 [  1B] 2D
2026-07-08 11:49:08.781 [ 15B] 3E 20 30 0D 0A 0D 0A 5B 4C 49 4E 45 5D 3A 20
2026-07-08 11:49:08.789 [  1B] 4F
2026-07-08 11:49:08.790 [  3B] 4B 0D 0A
2026-07-08 11:49:08.820 [  1B] 5B
2026-07-08 11:49:08.820 [ 15B] 54 58 2D 53 54 41 54 55 53 5D 20 41 54 2B 43
2026-07-08 11:49:08.841 [  1B] 50
2026-07-08 11:49:08.841 [ 15B] 49 4E 3F 0D 0A 20 2D 3E 20 30 0D 0A 0D 0A 5B
2026-07-08 11:49:08.861 [  1B] 4C
2026-07-08 11:49:08.862 [ 15B] 49 4E 45 5D 3A 20 4F 4B 0D 0A 0D 0A 5B 4C 49
2026-07-08 11:49:08.881 [  1B] 4E
2026-07-08 11:49:08.882 [ 15B] 45 5D 3A 20 2B 43 50 49 4E 3A 20 52 45 41 44
2026-07-08 11:49:08.888 [  1B] 59
2026-07-08 11:49:08.889 [  2B] 0D 0A
2026-07-08 11:49:08.919 [  1B] 5B
2026-07-08 11:49:08.919 [ 15B] 54 58 2D 53 54 41 54 55 53 5D 20 41 54 2B 43
2026-07-08 11:49:08.940 [  1B] 53
2026-07-08 11:49:08.940 [ 15B] 51 0D 0A 20 2D 3E 20 30 0D 0A 0D 0A 5B 4C 49
2026-07-08 11:49:08.961 [  1B] 4E
2026-07-08 11:49:08.961 [ 15B] 45 5D 3A 20 4F 4B 0D 0A 0D 0A 5B 4C 49 4E 45
2026-07-08 11:49:08.980 [  1B] 5D
2026-07-08 11:49:08.981 [ 15B] 3A 20 2B 43 53 51 3A 20 32 37 2C 39 39 0D 0A
2026-07-08 11:49:09.001 [  1B] 5B
2026-07-08 11:49:09.001 [ 15B] 54 58 2D 53 54 41 54 55 53 5D 20 41 54 2B 43
2026-07-08 11:49:09.020 [  1B] 46
2026-07-08 11:49:09.021 [ 12B] 55 4E 3F 0D 0A 20 2D 3E 20 30 0D 0A
2026-07-08 11:49:09.052 [  1B] 0D
2026-07-08 11:49:09.053 [ 15B] 0A 5B 4C 49 4E 45 5D 3A 20 4F 4B 0D 0A 0D 0A
2026-07-08 11:49:09.072 [  1B] 5B
2026-07-08 11:49:09.073 [ 15B] 4C 49 4E 45 5D 3A 20 2B 43 46 55 4E 3A 20 31
2026-07-08 11:49:09.078 [  1B] 0D
2026-07-08 11:49:09.079 [  1B] 0A
2026-07-08 11:49:09.109 [  1B] 5B
2026-07-08 11:49:09.109 [ 15B] 54 58 2D 53 54 41 54 55 53 5D 20 41 54 2B 43
2026-07-08 11:49:09.130 [  1B] 52
2026-07-08 11:49:09.131 [ 15B] 45 47 3F 0D 0A 20 2D 3E 20 30 0D 0A 0D 0A 5B
2026-07-08 11:49:09.150 [  1B] 4C
2026-07-08 11:49:09.151 [ 15B] 49 4E 45 5D 3A 20 4F 4B 0D 0A 5B 54 58 2D 53
2026-07-08 11:49:09.170 [  1B] 54
2026-07-08 11:49:09.171 [ 15B] 41 54 55 53 5D 20 41 54 45 30 0D 0A 20 2D 3E
2026-07-08 11:49:09.190 [  1B] 20
2026-07-08 11:49:09.191 [ 15B] 30 0D 0A 0D 0A 5B 4C 49 4E 45 5D 3A 20 2B 43
2026-07-08 11:49:09.211 [  1B] 52
2026-07-08 11:49:09.211 [ 15B] 45 47 3A 20 30 2C 31 0D 0A 0D 0A 5B 4C 49 4E
2026-07-08 11:49:09.231 [  1B] 45
2026-07-08 11:49:09.231 [ 15B] 5D 3A 20 4F 4B 0D 0A 5B 54 58 2D 53 54 41 54
2026-07-08 11:49:09.251 [  1B] 55
2026-07-08 11:49:09.251 [ 15B] 53 5D 20 41 54 2B 43 4D 45 45 3D 32 0D 0A 20
2026-07-08 11:49:09.272 [  1B] 2D
2026-07-08 11:49:09.272 [ 15B] 3E 20 30 0D 0A 0D 0A 5B 4C 49 4E 45 5D 3A 20
2026-07-08 11:49:09.281 [  1B] 4F
2026-07-08 11:49:09.281 [  3B] 4B 0D 0A
2026-07-08 11:49:09.311 [  1B] 5B
2026-07-08 11:49:09.311 [ 15B] 54 58 2D 53 54 41 54 55 53 5D 20 41 54 2B 43
2026-07-08 11:49:09.332 [  1B] 50
2026-07-08 11:49:09.332 [ 15B] 49 4E 3F 0D 0A 20 2D 3E 20 30 0D 0A 0D 0A 5B
2026-07-08 11:49:09.352 [  1B] 4C
2026-07-08 11:49:09.353 [ 15B] 49 4E 45 5D 3A 20 4F 4B 0D 0A 0D 0A 5B 4C 49
2026-07-08 11:49:09.372 [  1B] 4E
2026-07-08 11:49:09.373 [ 15B] 45 5D 3A 20 2B 43 50 49 4E 3A 20 52 45 41 44
2026-07-08 11:49:09.379 [  1B] 59
2026-07-08 11:49:09.380 [  2B] 0D 0A
2026-07-08 11:49:09.410 [  1B] 5B
2026-07-08 11:49:09.410 [ 15B] 54 58 2D 53 54 41 54 55 53 5D 20 41 54 2B 43
2026-07-08 11:49:09.431 [  1B] 53
2026-07-08 11:49:09.431 [ 15B] 51 0D 0A 20 2D 3E 20 30 0D 0A 0D 0A 5B 4C 49
2026-07-08 11:49:09.451 [  1B] 4E
2026-07-08 11:49:09.451 [ 15B] 45 5D 3A 20 4F 4B 0D 0A 0D 0A 5B 4C 49 4E 45
2026-07-08 11:49:09.471 [  1B] 5D
2026-07-08 11:49:09.472 [ 15B] 3A 20 2B 43 53 51 3A 20 32 37 2C 39 39 0D 0A
2026-07-08 11:49:09.491 [  1B] 5B
2026-07-08 11:49:09.492 [ 15B] 54 58 2D 53 54 41 54 55 53 5D 20 41 54 2B 43
2026-07-08 11:49:09.511 [  1B] 46
2026-07-08 11:49:09.511 [ 12B] 55 4E 3F 0D 0A 20 2D 3E 20 30 0D 0A
2026-07-08 11:49:09.542 [  1B] 0D
2026-07-08 11:49:09.543 [ 15B] 0A 5B 4C 49 4E 45 5D 3A 20 4F 4B 0D 0A 0D 0A
2026-07-08 11:49:09.562 [  1B] 5B
2026-07-08 11:49:09.563 [ 15B] 4C 49 4E 45 5D 3A 20 2B 43 46 55 4E 3A 20 31
2026-07-08 11:49:09.568 [  1B] 0D
2026-07-08 11:49:09.569 [  1B] 0A
2026-07-08 11:49:09.599 [  1B] 5B
2026-07-08 11:49:09.599 [ 15B] 54 58 2D 53 54 41 54 55 53 5D 20 41 54 2B 43
2026-07-08 11:49:09.620 [  1B] 52
2026-07-08 11:49:09.620 [ 15B] 45 47 3F 0D 0A 20 2D 3E 20 30 0D 0A 0D 0A 5B
2026-07-08 11:49:09.640 [  1B] 4C
2026-07-08 11:49:09.641 [ 15B] 49 4E 45 5D 3A 20 4F 4B 0D 0A 5B 54 58 2D 53
2026-07-08 11:49:09.660 [  1B] 54
2026-07-08 11:49:09.661 [ 15B] 41 54 55 53 5D 20 41 54 45 30 0D 0A 20 2D 3E
2026-07-08 11:49:09.681 [  1B] 20
2026-07-08 11:49:09.681 [ 15B] 30 0D 0A 0D 0A 5B 4C 49 4E 45 5D 3A 20 2B 43
2026-07-08 11:49:09.701 [  1B] 52
2026-07-08 11:49:09.701 [ 15B] 45 47 3A 20 30 2C 31 0D 0A 0D 0A 5B 4C 49 4E
2026-07-08 11:49:09.721 [  1B] 45
2026-07-08 11:49:09.721 [ 15B] 5D 3A 20 4F 4B 0D 0A 5B 54 58 2D 53 54 41 54
2026-07-08 11:49:09.741 [  1B] 55
2026-07-08 11:49:09.741 [ 15B] 53 5D 20 41 54 2B 43 4D 45 45 3D 32 0D 0A 20
2026-07-08 11:49:09.762 [  1B] 2D
2026-07-08 11:49:09.763 [ 15B] 3E 20 30 0D 0A 0D 0A 5B 4C 49 4E 45 5D 3A 20
2026-07-08 11:49:09.771 [  1B] 4F
2026-07-08 11:49:09.771 [  3B] 4B 0D 0A
2026-07-08 11:49:09.801 [  1B] 5B
2026-07-08 11:49:09.802 [ 15B] 54 58 2D 53 54 41 54 55 53 5D 20 41 54 2B 43
2026-07-08 11:49:09.822 [  1B] 50
2026-07-08 11:49:09.823 [ 15B] 49 4E 3F 0D 0A 20 2D 3E 20 30 0D 0A 0D 0A 5B
2026-07-08 11:49:09.842 [  1B] 4C
2026-07-08 11:49:09.843 [ 15B] 49 4E 45 5D 3A 20 4F 4B 0D 0A 0D 0A 5B 4C 49
2026-07-08 11:49:09.862 [  1B] 4E
2026-07-08 11:49:09.863 [ 15B] 45 5D 3A 20 2B 43 50 49 4E 3A 20 52 45 41 44
2026-07-08 11:49:09.869 [  1B] 59
2026-07-08 11:49:09.870 [  2B] 0D 0A
2026-07-08 11:49:09.900 [  1B] 5B
2026-07-08 11:49:09.900 [ 15B] 54 58 2D 53 54 41 54 55 53 5D 20 41 54 2B 43
2026-07-08 11:49:09.921 [  1B] 53
2026-07-08 11:49:09.921 [ 15B] 51 0D 0A 20 2D 3E 20 30 0D 0A 0D 0A 5B 4C 49
2026-07-08 11:49:09.941 [  1B] 4E
2026-07-08 11:49:09.942 [ 15B] 45 5D 3A 20 4F 4B 0D 0A 0D 0A 5B 4C 49 4E 45
2026-07-08 11:49:09.961 [  1B] 5D
2026-07-08 11:49:09.962 [ 15B] 3A 20 2B 43 53 51 3A 20 32 37 2C 39 39 0D 0A
2026-07-08 11:49:09.981 [  1B] 5B
2026-07-08 11:49:09.982 [ 15B] 54 58 2D 53 54 41 54 55 53 5D 20 41 54 2B 43
2026-07-08 11:49:10.001 [  1B] 46
2026-07-08 11:49:10.001 [ 12B] 55 4E 3F 0D 0A 20 2D 3E 20 30 0D 0A
2026-07-08 11:49:10.032 [  1B] 0D
2026-07-08 11:49:10.032 [ 15B] 0A 5B 4C 49 4E 45 5D 3A 20 4F 4B 0D 0A 0D 0A
2026-07-08 11:49:10.052 [  1B] 5B
2026-07-08 11:49:10.052 [ 15B] 4C 49 4E 45 5D 3A 20 2B 43 46 55 4E 3A 20 31
2026-07-08 11:49:10.058 [  1B] 0D
2026-07-08 11:49:10.059 [  1B] 0A
2026-07-08 11:49:10.088 [  1B] 5B
2026-07-08 11:49:10.088 [ 15B] 54 58 2D 53 54 41 54 55 53 5D 20 41 54 2B 43
2026-07-08 11:49:10.110 [  1B] 52
2026-07-08 11:49:10.111 [ 15B] 45 47 3F 0D 0A 20 2D 3E 20 30 0D 0A 0D 0A 5B
2026-07-08 11:49:10.130 [  1B] 4C
2026-07-08 11:49:10.131 [ 15B] 49 4E 45 5D 3A 20 4F 4B 0D 0A 0D 0A 5B 4C 49
2026-07-08 11:49:10.150 [  1B] 4E
2026-07-08 11:49:10.151 [ 15B] 45 5D 3A 20 2B 43 52 45 47 3A 20 30 2C 31 0D
2026-07-08 11:49:10.172 [  1B] 0A
2026-07-08 11:49:10.172 [ 15B] 5B 54 58 2D 53 54 41 54 55 53 5D 20 41 54 2B
2026-07-08 11:49:10.192 [  1B] 43
2026-07-08 11:49:10.192 [ 15B] 45 52 45 47 3F 0D 0A 20 2D 3E 20 30 0D 0A 0D
2026-07-08 11:49:10.212 [  1B] 0A
2026-07-08 11:49:10.212 [ 15B] 5B 4C 49 4E 45 5D 3A 20 4F 4B 0D 0A 0D 0A 5B
2026-07-08 11:49:10.232 [  1B] 4C
2026-07-08 11:49:10.232 [ 15B] 49 4E 45 5D 3A 20 2B 43 45 52 45 47 3A 20 30
2026-07-08 11:49:10.240 [  1B] 2C
2026-07-08 11:49:10.241 [  3B] 31 0D 0A
2026-07-08 11:49:10.271 [  1B] 5B
2026-07-08 11:49:10.271 [ 15B] 54 58 2D 53 54 41 54 55 53 5D 20 41 54 2B 43
2026-07-08 11:49:10.292 [  1B] 47
2026-07-08 11:49:10.292 [ 15B] 52 45 47 3F 0D 0A 20 2D 3E 20 30 0D 0A 0D 0A
2026-07-08 11:49:10.312 [  1B] 5B
2026-07-08 11:49:10.313 [ 15B] 4C 49 4E 45 5D 3A 20 4F 4B 0D 0A 0D 0A 5B 4C
2026-07-08 11:49:10.332 [  1B] 49
2026-07-08 11:49:10.333 [ 15B] 4E 45 5D 3A 20 2B 43 47 52 45 47 3A 20 30 2C
2026-07-08 11:49:10.339 [  1B] 31
2026-07-08 11:49:10.340 [  2B] 0D 0A
2026-07-08 11:49:10.370 [  1B] 5B
2026-07-08 11:49:10.370 [ 15B] 54 58 2D 53 54 41 54 55 53 5D 20 41 54 2B 43
2026-07-08 11:49:10.391 [  1B] 54
2026-07-08 11:49:10.392 [ 15B] 5A 55 3D 31 0D 20 2D 3E 20 30 0D 0A 0D 0A 5B
2026-07-08 11:49:10.411 [  1B] 4C
2026-07-08 11:49:10.412 [ 15B] 49 4E 45 5D 3A 20 4F 4B 0D 0A 5B 54 58 2D 53
2026-07-08 11:49:10.431 [  1B] 54
2026-07-08 11:49:10.432 [ 15B] 41 54 55 53 5D 20 41 54 2B 43 43 4C 4B 3F 0D
2026-07-08 11:49:10.453 [  1B] 20
2026-07-08 11:49:10.453 [ 15B] 2D 3E 20 30 0D 0A 0D 0A 5B 4C 49 4E 45 5D 3A
2026-07-08 11:49:10.473 [  1B] 20
2026-07-08 11:49:10.474 [ 15B] 4F 4B 0D 0A 0D 0A 5B 4C 49 4E 45 5D 3A 20 2B
2026-07-08 11:49:10.493 [  1B] 43
2026-07-08 11:49:10.493 [ 15B] 43 4C 4B 3A 20 22 32 36 2F 30 37 2F 30 38 2C
2026-07-08 11:49:10.514 [  1B] 31
2026-07-08 11:49:10.514 [ 13B] 31 3A 34 39 3A 30 39 2D 31 32 22 0D 0A
2026-07-08 11:49:10.545 [  1B] 5B
2026-07-08 11:49:10.545 [ 15B] 54 58 2D 53 54 41 54 55 53 5D 20 41 54 2B 43
2026-07-08 11:49:10.566 [  1B] 50
2026-07-08 11:49:10.567 [ 15B] 53 49 3F 0D 0A 20 2D 3E 20 30 0D 0A 0D 0A 5B
2026-07-08 11:49:10.586 [  1B] 4C
2026-07-08 11:49:10.587 [ 15B] 49 4E 45 5D 3A 20 4F 4B 0D 0A 5B 54 58 2D 53
2026-07-08 11:49:10.606 [  1B] 54
2026-07-08 11:49:10.607 [ 15B] 41 54 55 53 5D 20 41 54 2B 43 47 44 43 4F 4E
2026-07-08 11:49:10.626 [  1B] 54
2026-07-08 11:49:10.627 [ 15B] 3D 31 2C 22 49 50 22 2C 22 69 6E 74 65 72 6E
2026-07-08 11:49:10.646 [  1B] 65
2026-07-08 11:49:10.647 [ 15B] 74 2E 6D 6F 76 69 73 74 61 72 2E 6F 72 67 2E
2026-07-08 11:49:10.667 [  1B] 61
2026-07-08 11:49:10.667 [ 15B] 72 22 0D 0A 20 2D 3E 20 30 0D 0A 5B 4C 49 4E
2026-07-08 11:49:10.687 [  1B] 45
2026-07-08 11:49:10.687 [ 15B] 5D 3A 20 2B 43 50 53 49 3A 20 4C 54 45 2C 4F
2026-07-08 11:49:10.707 [  1B] 6E
2026-07-08 11:49:10.707 [ 15B] 6C 69 6E 65 2C 37 32 32 2D 30 37 2C 30 78 42
2026-07-08 11:49:10.727 [  1B] 31
2026-07-08 11:49:10.727 [ 15B] 35 43 2C 31 32 38 32 36 38 34 33 32 2C 36 35
2026-07-08 11:49:10.747 [  1B] 2C
2026-07-08 11:49:10.747 [ 15B] 45 55 54 52 41 4E 2D 42 41 4E 44 34 2C 32 30
2026-07-08 11:49:10.767 [  1B] 30
2026-07-08 11:49:10.767 [ 15B] 30 2C 33 2C 33 2C 31 39 2C 35 31 0D 0A 5B 4C
2026-07-08 11:49:10.783 [  1B] 49
2026-07-08 11:49:10.783 [  9B] 4E 45 5D 3A 20 4F 4B 0D 0A
2026-07-08 11:49:10.813 [  1B] 5B
2026-07-08 11:49:10.813 [ 15B] 54 58 2D 53 54 41 54 55 53 5D 20 41 54 2B 4E
2026-07-08 11:49:10.835 [  1B] 45
2026-07-08 11:49:10.835 [ 15B] 54 4F 50 45 4E 0D 0A 20 2D 3E 20 30 0D 0A 0D
2026-07-08 11:49:10.854 [  1B] 0A
2026-07-08 11:49:10.855 [ 12B] 5B 4C 49 4E 45 5D 3A 20 4F 4B 0D 0A
2026-07-08 11:49:10.886 [  1B] 0D
2026-07-08 11:49:10.887 [ 13B] 0A 5B 4C 49 4E 45 5D 3A 20 4F 4B 0D 0A
2026-07-08 11:49:10.998 [ 16B] 0D 0A 5B 4C 49 4E 45 5D 3A 20 2B 4E 45 54 4F 50
2026-07-08 11:49:11.009 [  1B] 45
2026-07-08 11:49:11.009 [  6B] 4E 3A 20 30 0D 0A
2026-07-08 11:49:11.043 [  1B] 5B
2026-07-08 11:49:11.044 [ 15B] 54 49 4D 45 20 32 31 38 31 37 20 6D 73 5D 20
2026-07-08 11:49:11.063 [  1B] 5B
2026-07-08 11:49:11.064 [ 15B] 44 4E 53 5D 20 49 50 20 65 73 74 61 74 69 63
2026-07-08 11:49:11.083 [  1B] 61
2026-07-08 11:49:11.084 [ 15B] 20 2D 3E 20 31 39 30 2E 31 31 31 2E 32 31 37
2026-07-08 11:49:11.104 [  1B] 2E
2026-07-08 11:49:11.104 [ 15B] 31 38 38 0D 0A 5B 54 58 2D 53 54 41 54 55 53
2026-07-08 11:49:11.124 [  1B] 5D
2026-07-08 11:49:11.124 [ 15B] 20 41 54 2B 49 50 41 44 44 52 0D 0A 20 2D 3E
2026-07-08 11:49:11.132 [  1B] 20
2026-07-08 11:49:11.133 [  3B] 30 0D 0A
2026-07-08 11:49:11.152 [  1B] 0D
2026-07-08 11:49:11.153 [ 15B] 0A 5B 4C 49 4E 45 5D 3A 20 2B 49 50 41 44 44
2026-07-08 11:49:11.172 [  1B] 52
2026-07-08 11:49:11.173 [ 15B] 3A 20 31 30 2E 33 38 2E 31 31 33 2E 32 35 34
2026-07-08 11:49:11.194 [  1B] 0D
2026-07-08 11:49:11.195 [ 15B] 0A 0D 0A 5B 4C 49 4E 45 5D 3A 20 4F 4B 0D 0A
2026-07-08 11:49:23.862 [  1B] 0D
2026-07-08 11:49:23.863 [ 15B] 0A 5B 4C 49 4E 45 5D 3A 20 2B 43 47 45 56 3A
2026-07-08 11:49:23.882 [  1B] 20
2026-07-08 11:49:23.883 [ 15B] 4E 57 20 50 44 4E 20 44 45 41 43 54 20 31 0D
2026-07-08 11:49:23.887 [  1B] 0A
2026-07-08 11:49:23.917 [  1B] 5B
2026-07-08 11:49:23.918 [ 15B] 54 49 4D 45 20 32 34 32 30 32 20 6D 73 5D 20
2026-07-08 11:49:23.937 [  1B] 5B
2026-07-08 11:49:23.938 [ 15B] 55 52 43 5D 3A 20 2B 43 47 45 56 3A 20 4E 57
2026-07-08 11:49:23.958 [  1B] 20
2026-07-08 11:49:23.958 [ 15B] 50 44 4E 20 44 45 41 43 54 20 31 0D 0A 5B 54
2026-07-08 11:49:23.977 [  1B] 58
2026-07-08 11:49:23.978 [ 15B] 2D 53 54 41 54 55 53 5D 20 41 54 2B 4E 45 54
2026-07-08 11:49:23.998 [  1B] 43
2026-07-08 11:49:23.998 [ 15B] 4C 4F 53 45 0D 0A 20 2D 3E 20 30 0D 0A 5B 54
2026-07-08 11:49:24.018 [  1B] 49
2026-07-08 11:49:24.018 [ 15B] 4D 45 20 33 34 37 38 39 20 6D 73 5D 20 5B 50
2026-07-08 11:49:24.038 [  1B] 44
2026-07-08 11:49:24.038 [ 15B] 4E 5D 20 44 45 41 43 54 20 2D 3E 20 4E 45 54
2026-07-08 11:49:24.060 [  1B] 43
2026-07-08 11:49:24.060 [ 14B] 4C 4F 53 45 20 65 6E 76 69 61 64 6F 0D 0A
2026-07-08 11:49:24.092 [  1B] 0D
2026-07-08 11:49:24.093 [ 15B] 0A 5B 4C 49 4E 45 5D 3A 20 2B 43 49 50 45 56
2026-07-08 11:49:24.112 [  1B] 45
2026-07-08 11:49:24.112 [ 15B] 4E 54 3A 20 4E 45 54 57 4F 52 4B 20 43 4C 4F
2026-07-08 11:49:24.132 [  1B] 53
2026-07-08 11:49:24.132 [ 15B] 45 44 20 55 4E 45 58 50 45 43 54 45 44 4C 59
2026-07-08 11:49:24.152 [  1B] 0D
2026-07-08 11:49:24.153 [ 15B] 0A 0D 0A 5B 4C 49 4E 45 5D 3A 20 2B 4E 45 54
2026-07-08 11:49:24.174 [  1B] 43
2026-07-08 11:49:24.174 [ 15B] 4C 4F 53 45 3A 20 32 0D 0A 0D 0A 5B 4C 49 4E
2026-07-08 11:49:24.191 [  1B] 45
2026-07-08 11:49:24.191 [ 10B] 5D 3A 20 45 52 52 4F 52 0D 0A
2026-07-08 11:49:29.092 [  1B] 5B
2026-07-08 11:49:29.093 [ 15B] 54 58 2D 53 54 41 54 55 53 5D 20 41 54 2B 43
2026-07-08 11:49:29.112 [  1B] 52
2026-07-08 11:49:29.112 [ 12B] 45 47 3F 0D 0A 20 2D 3E 20 30 0D 0A
2026-07-08 11:49:29.132 [  1B] 0D
2026-07-08 11:49:29.132 [ 15B] 0A 5B 4C 49 4E 45 5D 3A 20 2B 43 52 45 47 3A
2026-07-08 11:49:29.143 [  1B] 20
2026-07-08 11:49:29.143 [  5B] 30 2C 33 0D 0A
2026-07-08 11:49:29.175 [  1B] 0D
2026-07-08 11:49:29.175 [ 13B] 0A 5B 4C 49 4E 45 5D 3A 20 4F 4B 0D 0A
2026-07-08 11:52:13.771 [  1B] 0D
2026-07-08 11:52:13.772 [ 15B] 0A 5B 4C 49 4E 45 5D 3A 20 2B 43 47 45 56 3A
2026-07-08 11:52:13.791 [  1B] 20
2026-07-08 11:52:13.791 [ 15B] 45 50 53 20 50 44 4E 20 41 43 54 20 31 0D 0A
2026-07-08 11:52:13.829 [  1B] 5B
2026-07-08 11:52:13.829 [ 15B] 54 49 4D 45 20 32 30 34 35 39 38 20 6D 73 5D
2026-07-08 11:52:13.849 [  1B] 20
2026-07-08 11:52:13.850 [ 15B] 5B 55 52 43 5D 3A 20 2B 43 47 45 56 3A 20 45
2026-07-08 11:52:13.870 [  1B] 50
2026-07-08 11:52:13.870 [ 15B] 53 20 50 44 4E 20 41 43 54 20 31 0D 0A 5B 54
2026-07-08 11:52:13.890 [  1B] 58
2026-07-08 11:52:13.891 [ 15B] 2D 53 54 41 54 55 53 5D 20 41 54 45 30 0D 0A
2026-07-08 11:52:13.902 [  1B] 20
2026-07-08 11:52:13.902 [  6B] 2D 3E 20 30 0D 0A
2026-07-08 11:52:14.064 [  1B] 0D
2026-07-08 11:52:14.064 [ 15B] 0A 5B 4C 49 4E 45 5D 3A 20 4F 4B 0D 0A 5B 54
2026-07-08 11:52:14.084 [  1B] 58
2026-07-08 11:52:14.084 [ 15B] 2D 53 54 41 54 55 53 5D 20 41 54 2B 43 4D 45
2026-07-08 11:52:14.106 [  1B] 45
2026-07-08 11:52:14.106 [ 15B] 3D 32 0D 0A 20 2D 3E 20 30 0D 0A 0D 0A 5B 4C
2026-07-08 11:52:14.122 [  1B] 49
2026-07-08 11:52:14.122 [  9B] 4E 45 5D 3A 20 4F 4B 0D 0A
2026-07-08 11:52:14.155 [  1B] 5B
2026-07-08 11:52:14.155 [ 15B] 54 58 2D 53 54 41 54 55 53 5D 20 41 54 2B 43
2026-07-08 11:52:14.178 [  1B] 50
2026-07-08 11:52:14.178 [ 15B] 49 4E 3F 0D 0A 20 2D 3E 20 30 0D 0A 0D 0A 5B
2026-07-08 11:52:14.198 [  1B] 4C
2026-07-08 11:52:14.198 [ 15B] 49 4E 45 5D 3A 20 2B 43 50 49 4E 3A 20 52 45
2026-07-08 11:52:14.207 [  1B] 41
2026-07-08 11:52:14.208 [  4B] 44 59 0D 0A
2026-07-08 11:52:14.238 [  1B] 5B
2026-07-08 11:52:14.238 [ 15B] 54 58 2D 53 54 41 54 55 53 5D 20 41 54 2B 43
2026-07-08 11:52:14.259 [  1B] 53
2026-07-08 11:52:14.260 [ 15B] 51 0D 0A 20 2D 3E 20 30 0D 0A 0D 0A 5B 4C 49
2026-07-08 11:52:14.280 [  1B] 4E
2026-07-08 11:52:14.280 [ 15B] 45 5D 3A 20 4F 4B 0D 0A 0D 0A 5B 4C 49 4E 45
2026-07-08 11:52:14.300 [  1B] 5D
2026-07-08 11:52:14.300 [ 15B] 3A 20 2B 43 53 51 3A 20 32 34 2C 39 39 0D 0A
2026-07-08 11:52:14.320 [  1B] 5B
2026-07-08 11:52:14.320 [ 15B] 54 58 2D 53 54 41 54 55 53 5D 20 41 54 2B 43
2026-07-08 11:52:14.340 [  1B] 46
2026-07-08 11:52:14.340 [ 12B] 55 4E 3F 0D 0A 20 2D 3E 20 30 0D 0A
2026-07-08 11:52:14.371 [  1B] 0D
2026-07-08 11:52:14.372 [ 15B] 0A 5B 4C 49 4E 45 5D 3A 20 4F 4B 0D 0A 0D 0A
2026-07-08 11:52:14.391 [  1B] 5B
2026-07-08 11:52:14.392 [ 15B] 4C 49 4E 45 5D 3A 20 2B 43 46 55 4E 3A 20 31
2026-07-08 11:52:14.397 [  1B] 0D
2026-07-08 11:52:14.398 [  1B] 0A
2026-07-08 11:52:14.428 [  1B] 5B
2026-07-08 11:52:14.428 [ 15B] 54 58 2D 53 54 41 54 55 53 5D 20 41 54 2B 43
2026-07-08 11:52:14.450 [  1B] 52
2026-07-08 11:52:14.450 [ 15B] 45 47 3F 0D 0A 20 2D 3E 20 30 0D 0A 0D 0A 5B
2026-07-08 11:52:14.470 [  1B] 4C
2026-07-08 11:52:14.470 [ 15B] 49 4E 45 5D 3A 20 4F 4B 0D 0A 5B 54 58 2D 53
2026-07-08 11:52:14.490 [  1B] 54
2026-07-08 11:52:14.490 [ 15B] 41 54 55 53 5D 20 41 54 45 30 0D 0A 20 2D 3E
2026-07-08 11:52:14.510 [  1B] 20
2026-07-08 11:52:14.510 [ 15B] 30 0D 0A 0D 0A 5B 4C 49 4E 45 5D 3A 20 2B 43
2026-07-08 11:52:14.530 [  1B] 52
2026-07-08 11:52:14.530 [ 15B] 45 47 3A 20 30 2C 31 0D 0A 0D 0A 5B 4C 49 4E
2026-07-08 11:52:14.550 [  1B] 45
2026-07-08 11:52:14.551 [ 15B] 5D 3A 20 4F 4B 0D 0A 5B 54 58 2D 53 54 41 54
2026-07-08 11:52:14.570 [  1B] 55
2026-07-08 11:52:14.571 [ 15B] 53 5D 20 41 54 2B 43 4D 45 45 3D 32 0D 0A 20
2026-07-08 11:52:14.592 [  1B] 2D
2026-07-08 11:52:14.592 [ 15B] 3E 20 30 0D 0A 0D 0A 5B 4C 49 4E 45 5D 3A 20
2026-07-08 11:52:14.600 [  1B] 4F
2026-07-08 11:52:14.600 [  3B] 4B 0D 0A
2026-07-08 11:52:14.630 [  1B] 5B
2026-07-08 11:52:14.630 [ 15B] 54 58 2D 53 54 41 54 55 53 5D 20 41 54 2B 43
2026-07-08 11:52:14.651 [  1B] 50
2026-07-08 11:52:14.651 [ 15B] 49 4E 3F 0D 0A 20 2D 3E 20 30 0D 0A 0D 0A 5B
2026-07-08 11:52:14.672 [  1B] 4C
2026-07-08 11:52:14.672 [ 15B] 49 4E 45 5D 3A 20 4F 4B 0D 0A 0D 0A 5B 4C 49
2026-07-08 11:52:14.691 [  1B] 4E
2026-07-08 11:52:14.692 [ 15B] 45 5D 3A 20 2B 43 50 49 4E 3A 20 52 45 41 44
2026-07-08 11:52:14.698 [  1B] 59
2026-07-08 11:52:14.699 [  2B] 0D 0A
2026-07-08 11:52:14.729 [  1B] 5B
2026-07-08 11:52:14.729 [ 15B] 54 58 2D 53 54 41 54 55 53 5D 20 41 54 2B 43
2026-07-08 11:52:14.749 [  1B] 53
2026-07-08 11:52:14.750 [ 15B] 51 0D 0A 20 2D 3E 20 30 0D 0A 0D 0A 5B 4C 49
2026-07-08 11:52:14.770 [  1B] 4E
2026-07-08 11:52:14.770 [ 15B] 45 5D 3A 20 4F 4B 0D 0A 0D 0A 5B 4C 49 4E 45
2026-07-08 11:52:14.790 [  1B] 5D
2026-07-08 11:52:14.790 [ 15B] 3A 20 2B 43 53 51 3A 20 32 34 2C 39 39 0D 0A
2026-07-08 11:52:14.810 [  1B] 5B
2026-07-08 11:52:14.810 [ 15B] 54 58 2D 53 54 41 54 55 53 5D 20 41 54 2B 43
2026-07-08 11:52:14.830 [  1B] 46
2026-07-08 11:52:14.830 [ 12B] 55 4E 3F 0D 0A 20 2D 3E 20 30 0D 0A
2026-07-08 11:52:14.862 [  1B] 0D
2026-07-08 11:52:14.862 [ 15B] 0A 5B 4C 49 4E 45 5D 3A 20 4F 4B 0D 0A 0D 0A
2026-07-08 11:52:14.881 [  1B] 5B
2026-07-08 11:52:14.881 [ 15B] 4C 49 4E 45 5D 3A 20 2B 43 46 55 4E 3A 20 31
2026-07-08 11:52:14.887 [  1B] 0D
2026-07-08 11:52:14.887 [  1B] 0A
2026-07-08 11:52:14.917 [  1B] 5B
2026-07-08 11:52:14.917 [ 15B] 54 58 2D 53 54 41 54 55 53 5D 20 41 54 2B 43
2026-07-08 11:52:14.939 [  1B] 52
2026-07-08 11:52:14.939 [ 15B] 45 47 3F 0D 0A 20 2D 3E 20 30 0D 0A 0D 0A 5B
2026-07-08 11:52:14.959 [  1B] 4C
2026-07-08 11:52:14.959 [ 15B] 49 4E 45 5D 3A 20 4F 4B 0D 0A 5B 54 58 2D 53
2026-07-08 11:52:14.979 [  1B] 54
2026-07-08 11:52:14.979 [ 15B] 41 54 55 53 5D 20 41 54 45 30 0D 0A 20 2D 3E
2026-07-08 11:52:14.999 [  1B] 20
2026-07-08 11:52:14.999 [ 15B] 30 0D 0A 0D 0A 5B 4C 49 4E 45 5D 3A 20 2B 43
2026-07-08 11:52:15.019 [  1B] 52
2026-07-08 11:52:15.020 [ 15B] 45 47 3A 20 30 2C 31 0D 0A 0D 0A 5B 4C 49 4E
2026-07-08 11:52:15.040 [  1B] 45
2026-07-08 11:52:15.040 [ 15B] 5D 3A 20 4F 4B 0D 0A 5B 54 58 2D 53 54 41 54
2026-07-08 11:52:15.060 [  1B] 55
2026-07-08 11:52:15.060 [ 15B] 53 5D 20 41 54 2B 43 4D 45 45 3D 32 0D 0A 20
2026-07-08 11:52:15.080 [  1B] 2D
2026-07-08 11:52:15.081 [ 15B] 3E 20 30 0D 0A 0D 0A 5B 4C 49 4E 45 5D 3A 20
2026-07-08 11:52:15.089 [  1B] 4F
2026-07-08 11:52:15.089 [  3B] 4B 0D 0A
2026-07-08 11:52:15.119 [  1B] 5B
2026-07-08 11:52:15.119 [ 15B] 54 58 2D 53 54 41 54 55 53 5D 20 41 54 2B 43
2026-07-08 11:52:15.140 [  1B] 50
2026-07-08 11:52:15.141 [ 15B] 49 4E 3F 0D 0A 20 2D 3E 20 30 0D 0A 0D 0A 5B
2026-07-08 11:52:15.160 [  1B] 4C
2026-07-08 11:52:15.161 [ 15B] 49 4E 45 5D 3A 20 4F 4B 0D 0A 0D 0A 5B 4C 49
2026-07-08 11:52:15.180 [  1B] 4E
2026-07-08 11:52:15.181 [ 15B] 45 5D 3A 20 2B 43 50 49 4E 3A 20 52 45 41 44
2026-07-08 11:52:15.188 [  1B] 59
2026-07-08 11:52:15.188 [  2B] 0D 0A
2026-07-08 11:52:15.218 [  1B] 5B
2026-07-08 11:52:15.218 [ 15B] 54 58 2D 53 54 41 54 55 53 5D 20 41 54 2B 43
2026-07-08 11:52:15.239 [  1B] 53
2026-07-08 11:52:15.240 [ 15B] 51 0D 0A 20 2D 3E 20 30 0D 0A 0D 0A 5B 4C 49
2026-07-08 11:52:15.260 [  1B] 4E
2026-07-08 11:52:15.260 [ 15B] 45 5D 3A 20 4F 4B 0D 0A 0D 0A 5B 4C 49 4E 45
2026-07-08 11:52:15.280 [  1B] 5D
2026-07-08 11:52:15.280 [ 15B] 3A 20 2B 43 53 51 3A 20 32 35 2C 39 39 0D 0A
2026-07-08 11:52:15.300 [  1B] 5B
2026-07-08 11:52:15.300 [ 15B] 54 58 2D 53 54 41 54 55 53 5D 20 41 54 2B 43
2026-07-08 11:52:15.319 [  1B] 46
2026-07-08 11:52:15.320 [ 12B] 55 4E 3F 0D 0A 20 2D 3E 20 30 0D 0A
2026-07-08 11:52:15.351 [  1B] 0D
2026-07-08 11:52:15.351 [ 15B] 0A 5B 4C 49 4E 45 5D 3A 20 4F 4B 0D 0A 0D 0A
2026-07-08 11:52:15.371 [  1B] 5B
2026-07-08 11:52:15.371 [ 15B] 4C 49 4E 45 5D 3A 20 2B 43 46 55 4E 3A 20 31
2026-07-08 11:52:15.376 [  1B] 0D
2026-07-08 11:52:15.377 [  1B] 0A
2026-07-08 11:52:15.407 [  1B] 5B
2026-07-08 11:52:15.407 [ 15B] 54 58 2D 53 54 41 54 55 53 5D 20 41 54 2B 43
2026-07-08 11:52:15.429 [  1B] 52
2026-07-08 11:52:15.429 [ 15B] 45 47 3F 0D 0A 20 2D 3E 20 30 0D 0A 0D 0A 5B
2026-07-08 11:52:15.449 [  1B] 4C
2026-07-08 11:52:15.449 [ 15B] 49 4E 45 5D 3A 20 4F 4B 0D 0A 5B 54 58 2D 53
2026-07-08 11:52:15.469 [  1B] 54
2026-07-08 11:52:15.469 [ 15B] 41 54 55 53 5D 20 41 54 45 30 0D 0A 20 2D 3E
2026-07-08 11:52:15.489 [  1B] 20
2026-07-08 11:52:15.489 [ 15B] 30 0D 0A 0D 0A 5B 4C 49 4E 45 5D 3A 20 2B 43
2026-07-08 11:52:15.509 [  1B] 52
2026-07-08 11:52:15.510 [ 15B] 45 47 3A 20 30 2C 31 0D 0A 0D 0A 5B 4C 49 4E
2026-07-08 11:52:15.529 [  1B] 45
2026-07-08 11:52:15.530 [ 15B] 5D 3A 20 4F 4B 0D 0A 5B 54 58 2D 53 54 41 54
2026-07-08 11:52:15.549 [  1B] 55
2026-07-08 11:52:15.550 [ 15B] 53 5D 20 41 54 2B 43 4D 45 45 3D 32 0D 0A 20
2026-07-08 11:52:15.571 [  1B] 2D
2026-07-08 11:52:15.571 [ 15B] 3E 20 30 0D 0A 0D 0A 5B 4C 49 4E 45 5D 3A 20
2026-07-08 11:52:15.579 [  1B] 4F
2026-07-08 11:52:15.579 [  3B] 4B 0D 0A
2026-07-08 11:52:15.609 [  1B] 5B
2026-07-08 11:52:15.609 [ 15B] 54 58 2D 53 54 41 54 55 53 5D 20 41 54 2B 43
2026-07-08 11:52:15.630 [  1B] 50
2026-07-08 11:52:15.630 [ 15B] 49 4E 3F 0D 0A 20 2D 3E 20 30 0D 0A 0D 0A 5B
2026-07-08 11:52:15.650 [  1B] 4C
2026-07-08 11:52:15.651 [ 15B] 49 4E 45 5D 3A 20 4F 4B 0D 0A 0D 0A 5B 4C 49
2026-07-08 11:52:15.670 [  1B] 4E
2026-07-08 11:52:15.671 [ 15B] 45 5D 3A 20 2B 43 50 49 4E 3A 20 52 45 41 44
2026-07-08 11:52:15.678 [  1B] 59
2026-07-08 11:52:15.678 [  2B] 0D 0A
2026-07-08 11:52:15.708 [  1B] 5B
2026-07-08 11:52:15.708 [ 15B] 54 58 2D 53 54 41 54 55 53 5D 20 41 54 2B 43
2026-07-08 11:52:15.729 [  1B] 53
2026-07-08 11:52:15.729 [ 15B] 51 0D 0A 20 2D 3E 20 30 0D 0A 0D 0A 5B 4C 49
2026-07-08 11:52:15.750 [  1B] 4E
2026-07-08 11:52:15.750 [ 15B] 45 5D 3A 20 4F 4B 0D 0A 0D 0A 5B 4C 49 4E 45
2026-07-08 11:52:15.770 [  1B] 5D
2026-07-08 11:52:15.770 [ 15B] 3A 20 2B 43 53 51 3A 20 32 35 2C 39 39 0D 0A
2026-07-08 11:52:15.790 [  1B] 5B
2026-07-08 11:52:15.790 [ 15B] 54 58 2D 53 54 41 54 55 53 5D 20 41 54 2B 43
2026-07-08 11:52:15.809 [  1B] 46
2026-07-08 11:52:15.810 [ 12B] 55 4E 3F 0D 0A 20 2D 3E 20 30 0D 0A
2026-07-08 11:52:15.841 [  1B] 0D
2026-07-08 11:52:15.841 [ 15B] 0A 5B 4C 49 4E 45 5D 3A 20 4F 4B 0D 0A 0D 0A
2026-07-08 11:52:15.861 [  1B] 5B
2026-07-08 11:52:15.861 [ 15B] 4C 49 4E 45 5D 3A 20 2B 43 46 55 4E 3A 20 31
2026-07-08 11:52:15.866 [  1B] 0D
2026-07-08 11:52:15.867 [  1B] 0A
2026-07-08 11:52:15.897 [  1B] 5B
2026-07-08 11:52:15.897 [ 15B] 54 58 2D 53 54 41 54 55 53 5D 20 41 54 2B 43
2026-07-08 11:52:15.919 [  1B] 52
2026-07-08 11:52:15.919 [ 15B] 45 47 3F 0D 0A 20 2D 3E 20 30 0D 0A 0D 0A 5B
2026-07-08 11:52:15.939 [  1B] 4C
2026-07-08 11:52:15.939 [ 15B] 49 4E 45 5D 3A 20 4F 4B 0D 0A 5B 54 58 2D 53
2026-07-08 11:52:15.959 [  1B] 54
2026-07-08 11:52:15.959 [ 15B] 41 54 55 53 5D 20 41 54 45 30 0D 0A 20 2D 3E
2026-07-08 11:52:15.979 [  1B] 20
2026-07-08 11:52:15.979 [ 15B] 30 0D 0A 0D 0A 5B 4C 49 4E 45 5D 3A 20 2B 43
2026-07-08 11:52:15.999 [  1B] 52
2026-07-08 11:52:16.000 [ 15B] 45 47 3A 20 30 2C 31 0D 0A 0D 0A 5B 4C 49 4E
2026-07-08 11:52:16.019 [  1B] 45
2026-07-08 11:52:16.020 [ 15B] 5D 3A 20 4F 4B 0D 0A 5B 54 58 2D 53 54 41 54
2026-07-08 11:52:16.039 [  1B] 55
2026-07-08 11:52:16.040 [ 15B] 53 5D 20 41 54 2B 43 4D 45 45 3D 32 0D 0A 20
2026-07-08 11:52:16.061 [  1B] 2D
2026-07-08 11:52:16.061 [ 15B] 3E 20 30 0D 0A 0D 0A 5B 4C 49 4E 45 5D 3A 20
2026-07-08 11:52:16.069 [  1B] 4F
2026-07-08 11:52:16.069 [  3B] 4B 0D 0A
2026-07-08 11:52:16.099 [  1B] 5B
2026-07-08 11:52:16.099 [ 15B] 54 58 2D 53 54 41 54 55 53 5D 20 41 54 2B 43
2026-07-08 11:52:16.120 [  1B] 50
2026-07-08 11:52:16.120 [ 15B] 49 4E 3F 0D 0A 20 2D 3E 20 30 0D 0A 0D 0A 5B
2026-07-08 11:52:16.140 [  1B] 4C
2026-07-08 11:52:16.141 [ 15B] 49 4E 45 5D 3A 20 4F 4B 0D 0A 0D 0A 5B 4C 49
2026-07-08 11:52:16.160 [  1B] 4E
2026-07-08 11:52:16.161 [ 15B] 45 5D 3A 20 2B 43 50 49 4E 3A 20 52 45 41 44
2026-07-08 11:52:16.167 [  1B] 59
2026-07-08 11:52:16.168 [  2B] 0D 0A
2026-07-08 11:52:16.198 [  1B] 5B
2026-07-08 11:52:16.198 [ 15B] 54 58 2D 53 54 41 54 55 53 5D 20 41 54 2B 43
2026-07-08 11:52:16.219 [  1B] 53
2026-07-08 11:52:16.219 [ 15B] 51 0D 0A 20 2D 3E 20 30 0D 0A 0D 0A 5B 4C 49
2026-07-08 11:52:16.239 [  1B] 4E
2026-07-08 11:52:16.240 [ 15B] 45 5D 3A 20 4F 4B 0D 0A 0D 0A 5B 4C 49 4E 45
2026-07-08 11:52:16.259 [  1B] 5D
2026-07-08 11:52:16.260 [ 15B] 3A 20 2B 43 53 51 3A 20 32 35 2C 39 39 0D 0A
2026-07-08 11:52:16.280 [  1B] 5B
2026-07-08 11:52:16.280 [ 15B] 54 58 2D 53 54 41 54 55 53 5D 20 41 54 2B 43
2026-07-08 11:52:16.299 [  1B] 46
2026-07-08 11:52:16.300 [ 12B] 55 4E 3F 0D 0A 20 2D 3E 20 30 0D 0A
2026-07-08 11:52:16.331 [  1B] 0D
2026-07-08 11:52:16.331 [ 15B] 0A 5B 4C 49 4E 45 5D 3A 20 4F 4B 0D 0A 0D 0A
2026-07-08 11:52:16.351 [  1B] 5B
2026-07-08 11:52:16.351 [ 15B] 4C 49 4E 45 5D 3A 20 2B 43 46 55 4E 3A 20 31
2026-07-08 11:52:16.356 [  1B] 0D
2026-07-08 11:52:16.357 [  1B] 0A
2026-07-08 11:52:16.387 [  1B] 5B
2026-07-08 11:52:16.387 [ 15B] 54 58 2D 53 54 41 54 55 53 5D 20 41 54 2B 43
2026-07-08 11:52:16.409 [  1B] 52
2026-07-08 11:52:16.409 [ 15B] 45 47 3F 0D 0A 20 2D 3E 20 30 0D 0A 0D 0A 5B
2026-07-08 11:52:16.429 [  1B] 4C
2026-07-08 11:52:16.429 [ 15B] 49 4E 45 5D 3A 20 4F 4B 0D 0A 5B 54 58 2D 53
2026-07-08 11:52:16.449 [  1B] 54
2026-07-08 11:52:16.449 [ 15B] 41 54 55 53 5D 20 41 54 45 30 0D 0A 20 2D 3E
2026-07-08 11:52:16.469 [  1B] 20
2026-07-08 11:52:16.469 [ 15B] 30 0D 0A 0D 0A 5B 4C 49 4E 45 5D 3A 20 2B 43
2026-07-08 11:52:16.489 [  1B] 52
2026-07-08 11:52:16.490 [ 15B] 45 47 3A 20 30 2C 31 0D 0A 0D 0A 5B 4C 49 4E
2026-07-08 11:52:16.509 [  1B] 45
2026-07-08 11:52:16.510 [ 15B] 5D 3A 20 4F 4B 0D 0A 5B 54 58 2D 53 54 41 54
2026-07-08 11:52:16.529 [  1B] 55
2026-07-08 11:52:16.530 [ 15B] 53 5D 20 41 54 2B 43 4D 45 45 3D 32 0D 0A 20
2026-07-08 11:52:16.550 [  1B] 2D
2026-07-08 11:52:16.550 [ 15B] 3E 20 30 0D 0A 0D 0A 5B 4C 49 4E 45 5D 3A 20
2026-07-08 11:52:16.558 [  1B] 4F
2026-07-08 11:52:16.558 [  3B] 4B 0D 0A
2026-07-08 11:52:16.589 [  1B] 5B
2026-07-08 11:52:16.589 [ 15B] 54 58 2D 53 54 41 54 55 53 5D 20 41 54 2B 43
2026-07-08 11:52:16.612 [  1B] 50
2026-07-08 11:52:16.612 [ 15B] 49 4E 3F 0D 0A 20 2D 3E 20 30 0D 0A 0D 0A 5B
2026-07-08 11:52:16.630 [  1B] 4C
2026-07-08 11:52:16.631 [ 15B] 49 4E 45 5D 3A 20 4F 4B 0D 0A 0D 0A 5B 4C 49
2026-07-08 11:52:16.650 [  1B] 4E
2026-07-08 11:52:16.651 [ 15B] 45 5D 3A 20 2B 43 50 49 4E 3A 20 52 45 41 44
2026-07-08 11:52:16.657 [  1B] 59
2026-07-08 11:52:16.658 [  2B] 0D 0A
2026-07-08 11:52:16.688 [  1B] 5B
2026-07-08 11:52:16.688 [ 15B] 54 58 2D 53 54 41 54 55 53 5D 20 41 54 2B 43
2026-07-08 11:52:16.709 [  1B] 53
2026-07-08 11:52:16.710 [ 15B] 51 0D 0A 20 2D 3E 20 30 0D 0A 0D 0A 5B 4C 49
2026-07-08 11:52:16.730 [  1B] 4E
2026-07-08 11:52:16.730 [ 15B] 45 5D 3A 20 4F 4B 0D 0A 0D 0A 5B 4C 49 4E 45
2026-07-08 11:52:16.750 [  1B] 5D
2026-07-08 11:52:16.750 [ 15B] 3A 20 2B 43 53 51 3A 20 32 35 2C 39 39 0D 0A
2026-07-08 11:52:16.770 [  1B] 5B
2026-07-08 11:52:16.770 [ 15B] 54 58 2D 53 54 41 54 55 53 5D 20 41 54 2B 43
2026-07-08 11:52:16.789 [  1B] 46
2026-07-08 11:52:16.790 [ 12B] 55 4E 3F 0D 0A 20 2D 3E 20 30 0D 0A
2026-07-08 11:52:16.821 [  1B] 0D
2026-07-08 11:52:16.822 [ 15B] 0A 5B 4C 49 4E 45 5D 3A 20 4F 4B 0D 0A 0D 0A
2026-07-08 11:52:16.841 [  1B] 5B
2026-07-08 11:52:16.842 [ 15B] 4C 49 4E 45 5D 3A 20 2B 43 46 55 4E 3A 20 31
2026-07-08 11:52:16.847 [  1B] 0D
2026-07-08 11:52:16.848 [  1B] 0A
2026-07-08 11:52:16.878 [  1B] 5B
2026-07-08 11:52:16.878 [ 15B] 54 58 2D 53 54 41 54 55 53 5D 20 41 54 2B 43
2026-07-08 11:52:16.900 [  1B] 52
2026-07-08 11:52:16.900 [ 15B] 45 47 3F 0D 0A 20 2D 3E 20 30 0D 0A 0D 0A 5B
2026-07-08 11:52:16.920 [  1B] 4C
2026-07-08 11:52:16.920 [ 15B] 49 4E 45 5D 3A 20 4F 4B 0D 0A 5B 54 58 2D 53
2026-07-08 11:52:16.940 [  1B] 54
2026-07-08 11:52:16.940 [ 15B] 41 54 55 53 5D 20 41 54 45 30 0D 0A 20 2D 3E
2026-07-08 11:52:16.960 [  1B] 20
2026-07-08 11:52:16.960 [ 15B] 30 0D 0A 0D 0A 5B 4C 49 4E 45 5D 3A 20 2B 43
2026-07-08 11:52:16.980 [  1B] 52
2026-07-08 11:52:16.981 [ 15B] 45 47 3A 20 30 2C 31 0D 0A 0D 0A 5B 4C 49 4E
2026-07-08 11:52:17.000 [  1B] 45
2026-07-08 11:52:17.001 [ 15B] 5D 3A 20 4F 4B 0D 0A 5B 54 58 2D 53 54 41 54
2026-07-08 11:52:17.020 [  1B] 55
2026-07-08 11:52:17.021 [ 15B] 53 5D 20 41 54 2B 43 4D 45 45 3D 32 0D 0A 20
2026-07-08 11:52:17.042 [  1B] 2D
2026-07-08 11:52:17.042 [ 15B] 3E 20 30 0D 0A 0D 0A 5B 4C 49 4E 45 5D 3A 20
2026-07-08 11:52:17.050 [  1B] 4F
2026-07-08 11:52:17.050 [  3B] 4B 0D 0A
2026-07-08 11:52:17.080 [  1B] 5B
2026-07-08 11:52:17.080 [ 15B] 54 58 2D 53 54 41 54 55 53 5D 20 41 54 2B 43
2026-07-08 11:52:17.101 [  1B] 50
2026-07-08 11:52:17.101 [ 15B] 49 4E 3F 0D 0A 20 2D 3E 20 30 0D 0A 0D 0A 5B
2026-07-08 11:52:17.122 [  1B] 4C
2026-07-08 11:52:17.122 [ 15B] 49 4E 45 5D 3A 20 4F 4B 0D 0A 0D 0A 5B 4C 49
2026-07-08 11:52:17.142 [  1B] 4E
2026-07-08 11:52:17.142 [ 15B] 45 5D 3A 20 2B 43 50 49 4E 3A 20 52 45 41 44
2026-07-08 11:52:17.149 [  1B] 59
2026-07-08 11:52:17.149 [  2B] 0D 0A
2026-07-08 11:52:17.179 [  1B] 5B
2026-07-08 11:52:17.179 [ 15B] 54 58 2D 53 54 41 54 55 53 5D 20 41 54 2B 43
2026-07-08 11:52:17.200 [  1B] 53
2026-07-08 11:52:17.201 [ 15B] 51 0D 0A 20 2D 3E 20 30 0D 0A 0D 0A 5B 4C 49
2026-07-08 11:52:17.221 [  1B] 4E
2026-07-08 11:52:17.221 [ 15B] 45 5D 3A 20 4F 4B 0D 0A 0D 0A 5B 4C 49 4E 45
2026-07-08 11:52:17.241 [  1B] 5D
2026-07-08 11:52:17.241 [ 15B] 3A 20 2B 43 53 51 3A 20 32 35 2C 39 39 0D 0A
2026-07-08 11:52:17.261 [  1B] 5B
2026-07-08 11:52:17.261 [ 15B] 54 58 2D 53 54 41 54 55 53 5D 20 41 54 2B 43
2026-07-08 11:52:17.280 [  1B] 46
2026-07-08 11:52:17.281 [ 12B] 55 4E 3F 0D 0A 20 2D 3E 20 30 0D 0A
2026-07-08 11:52:17.313 [  1B] 0D
2026-07-08 11:52:17.313 [ 15B] 0A 5B 4C 49 4E 45 5D 3A 20 4F 4B 0D 0A 0D 0A
2026-07-08 11:52:17.333 [  1B] 5B
2026-07-08 11:52:17.333 [ 15B] 4C 49 4E 45 5D 3A 20 2B 43 46 55 4E 3A 20 31
2026-07-08 11:52:17.338 [  1B] 0D
2026-07-08 11:52:17.339 [  1B] 0A
2026-07-08 11:52:17.369 [  1B] 5B
2026-07-08 11:52:17.369 [ 15B] 54 58 2D 53 54 41 54 55 53 5D 20 41 54 2B 43
2026-07-08 11:52:17.389 [  1B] 52
2026-07-08 11:52:17.389 [ 15B] 45 47 3F 0D 0A 20 2D 3E 20 30 0D 0A 0D 0A 5B
2026-07-08 11:52:17.409 [  1B] 4C
2026-07-08 11:52:17.409 [ 15B] 49 4E 45 5D 3A 20 4F 4B 0D 0A 5B 54 58 2D 53
2026-07-08 11:52:17.429 [  1B] 54
2026-07-08 11:52:17.429 [ 15B] 41 54 55 53 5D 20 41 54 45 30 0D 0A 20 2D 3E
2026-07-08 11:52:17.450 [  1B] 20
2026-07-08 11:52:17.450 [ 15B] 30 0D 0A 0D 0A 5B 4C 49 4E 45 5D 3A 20 2B 43
2026-07-08 11:52:17.470 [  1B] 52
2026-07-08 11:52:17.470 [ 15B] 45 47 3A 20 30 2C 31 0D 0A 0D 0A 5B 4C 49 4E
2026-07-08 11:52:17.490 [  1B] 45
2026-07-08 11:52:17.490 [ 15B] 5D 3A 20 4F 4B 0D 0A 5B 54 58 2D 53 54 41 54
2026-07-08 11:52:17.510 [  1B] 55
2026-07-08 11:52:17.510 [ 15B] 53 5D 20 41 54 2B 43 4D 45 45 3D 32 0D 0A 20
2026-07-08 11:52:17.531 [  1B] 2D
2026-07-08 11:52:17.531 [ 15B] 3E 20 30 0D 0A 0D 0A 5B 4C 49 4E 45 5D 3A 20
2026-07-08 11:52:17.540 [  1B] 4F
2026-07-08 11:52:17.540 [  3B] 4B 0D 0A
2026-07-08 11:52:17.570 [  1B] 5B
2026-07-08 11:52:17.570 [ 15B] 54 58 2D 53 54 41 54 55 53 5D 20 41 54 2B 43
2026-07-08 11:52:17.591 [  1B] 50
2026-07-08 11:52:17.591 [ 15B] 49 4E 3F 0D 0A 20 2D 3E 20 30 0D 0A 0D 0A 5B
2026-07-08 11:52:17.611 [  1B] 4C
2026-07-08 11:52:17.612 [ 15B] 49 4E 45 5D 3A 20 4F 4B 0D 0A 0D 0A 5B 4C 49
2026-07-08 11:52:17.632 [  1B] 4E
2026-07-08 11:52:17.632 [ 15B] 45 5D 3A 20 2B 43 50 49 4E 3A 20 52 45 41 44
2026-07-08 11:52:17.639 [  1B] 59
2026-07-08 11:52:17.639 [  2B] 0D 0A
2026-07-08 11:52:17.669 [  1B] 5B
2026-07-08 11:52:17.669 [ 15B] 54 58 2D 53 54 41 54 55 53 5D 20 41 54 2B 43
2026-07-08 11:52:17.691 [  1B] 53
2026-07-08 11:52:17.691 [ 15B] 51 0D 0A 20 2D 3E 20 30 0D 0A 0D 0A 5B 4C 49
2026-07-08 11:52:17.711 [  1B] 4E
2026-07-08 11:52:17.711 [ 15B] 45 5D 3A 20 4F 4B 0D 0A 0D 0A 5B 4C 49 4E 45
2026-07-08 11:52:17.731 [  1B] 5D
2026-07-08 11:52:17.731 [ 15B] 3A 20 2B 43 53 51 3A 20 32 35 2C 39 39 0D 0A
2026-07-08 11:52:17.751 [  1B] 5B
2026-07-08 11:52:17.751 [ 15B] 54 58 2D 53 54 41 54 55 53 5D 20 41 54 2B 43
2026-07-08 11:52:17.771 [  1B] 46
2026-07-08 11:52:17.771 [ 12B] 55 4E 3F 0D 0A 20 2D 3E 20 30 0D 0A
2026-07-08 11:52:17.803 [  1B] 0D
2026-07-08 11:52:17.803 [ 15B] 0A 5B 4C 49 4E 45 5D 3A 20 4F 4B 0D 0A 0D 0A
2026-07-08 11:52:17.823 [  1B] 5B
2026-07-08 11:52:17.823 [ 15B] 4C 49 4E 45 5D 3A 20 2B 43 46 55 4E 3A 20 31
2026-07-08 11:52:17.828 [  1B] 0D
2026-07-08 11:52:17.829 [  1B] 0A
2026-07-08 11:52:17.859 [  1B] 5B
2026-07-08 11:52:17.860 [ 15B] 54 58 2D 53 54 41 54 55 53 5D 20 41 54 2B 43
2026-07-08 11:52:17.879 [  1B] 52
2026-07-08 11:52:17.880 [ 15B] 45 47 3F 0D 0A 20 2D 3E 20 30 0D 0A 0D 0A 5B
2026-07-08 11:52:17.899 [  1B] 4C
2026-07-08 11:52:17.900 [ 15B] 49 4E 45 5D 3A 20 4F 4B 0D 0A 5B 54 58 2D 53
2026-07-08 11:52:17.919 [  1B] 54
2026-07-08 11:52:17.920 [ 15B] 41 54 55 53 5D 20 41 54 45 30 0D 0A 20 2D 3E
2026-07-08 11:52:17.940 [  1B] 20
2026-07-08 11:52:17.940 [ 15B] 30 0D 0A 0D 0A 5B 4C 49 4E 45 5D 3A 20 2B 43
2026-07-08 11:52:17.960 [  1B] 52
2026-07-08 11:52:17.960 [ 15B] 45 47 3A 20 30 2C 31 0D 0A 0D 0A 5B 4C 49 4E
2026-07-08 11:52:17.980 [  1B] 45
2026-07-08 11:52:17.980 [ 15B] 5D 3A 20 4F 4B 0D 0A 5B 54 58 2D 53 54 41 54
2026-07-08 11:52:18.000 [  1B] 55
2026-07-08 11:52:18.000 [ 15B] 53 5D 20 41 54 2B 43 4D 45 45 3D 32 0D 0A 20
2026-07-08 11:52:18.021 [  1B] 2D
2026-07-08 11:52:18.022 [ 15B] 3E 20 30 0D 0A 0D 0A 5B 4C 49 4E 45 5D 3A 20
2026-07-08 11:52:18.030 [  1B] 4F
2026-07-08 11:52:18.030 [  3B] 4B 0D 0A
2026-07-08 11:52:18.060 [  1B] 5B
2026-07-08 11:52:18.062 [ 15B] 54 58 2D 53 54 41 54 55 53 5D 20 41 54 2B 43
2026-07-08 11:52:18.081 [  1B] 50
2026-07-08 11:52:18.082 [ 15B] 49 4E 3F 0D 0A 20 2D 3E 20 30 0D 0A 0D 0A 5B
2026-07-08 11:52:18.101 [  1B] 4C
2026-07-08 11:52:18.102 [ 15B] 49 4E 45 5D 3A 20 4F 4B 0D 0A 0D 0A 5B 4C 49
2026-07-08 11:52:18.121 [  1B] 4E
2026-07-08 11:52:18.122 [ 15B] 45 5D 3A 20 2B 43 50 49 4E 3A 20 52 45 41 44
2026-07-08 11:52:18.129 [  1B] 59
2026-07-08 11:52:18.129 [  2B] 0D 0A
2026-07-08 11:52:18.159 [  1B] 5B
2026-07-08 11:52:18.160 [ 15B] 54 58 2D 53 54 41 54 55 53 5D 20 41 54 2B 43
2026-07-08 11:52:18.180 [  1B] 53
2026-07-08 11:52:18.181 [ 15B] 51 0D 0A 20 2D 3E 20 30 0D 0A 0D 0A 5B 4C 49
2026-07-08 11:52:18.201 [  1B] 4E
2026-07-08 11:52:18.201 [ 15B] 45 5D 3A 20 4F 4B 0D 0A 0D 0A 5B 4C 49 4E 45
2026-07-08 11:52:18.221 [  1B] 5D
2026-07-08 11:52:18.221 [ 15B] 3A 20 2B 43 53 51 3A 20 32 35 2C 39 39 0D 0A
2026-07-08 11:52:18.241 [  1B] 5B
2026-07-08 11:52:18.241 [ 15B] 54 58 2D 53 54 41 54 55 53 5D 20 41 54 2B 43
2026-07-08 11:52:18.260 [  1B] 46
2026-07-08 11:52:18.261 [ 12B] 55 4E 3F 0D 0A 20 2D 3E 20 30 0D 0A
2026-07-08 11:52:18.293 [  1B] 0D
2026-07-08 11:52:18.293 [ 15B] 0A 5B 4C 49 4E 45 5D 3A 20 4F 4B 0D 0A 0D 0A
2026-07-08 11:52:18.313 [  1B] 5B
2026-07-08 11:52:18.313 [ 15B] 4C 49 4E 45 5D 3A 20 2B 43 46 55 4E 3A 20 31
2026-07-08 11:52:18.318 [  1B] 0D
2026-07-08 11:52:18.319 [  1B] 0A
2026-07-08 11:52:18.349 [  1B] 5B
2026-07-08 11:52:18.350 [ 15B] 54 58 2D 53 54 41 54 55 53 5D 20 41 54 2B 43
2026-07-08 11:52:18.371 [  1B] 52
2026-07-08 11:52:18.371 [ 15B] 45 47 3F 0D 0A 20 2D 3E 20 30 0D 0A 0D 0A 5B
2026-07-08 11:52:18.391 [  1B] 4C
2026-07-08 11:52:18.391 [ 15B] 49 4E 45 5D 3A 20 4F 4B 0D 0A 5B 54 58 2D 53
2026-07-08 11:52:18.411 [  1B] 54
2026-07-08 11:52:18.411 [ 15B] 41 54 55 53 5D 20 41 54 45 30 0D 0A 20 2D 3E
2026-07-08 11:52:18.431 [  1B] 20
2026-07-08 11:52:18.431 [ 15B] 30 0D 0A 0D 0A 5B 4C 49 4E 45 5D 3A 20 2B 43
2026-07-08 11:52:18.451 [  1B] 52
2026-07-08 11:52:18.452 [ 15B] 45 47 3A 20 30 2C 31 0D 0A 0D 0A 5B 4C 49 4E
2026-07-08 11:52:18.471 [  1B] 45
2026-07-08 11:52:18.472 [ 15B] 5D 3A 20 4F 4B 0D 0A 5B 54 58 2D 53 54 41 54
2026-07-08 11:52:18.491 [  1B] 55
2026-07-08 11:52:18.492 [ 15B] 53 5D 20 41 54 2B 43 4D 45 45 3D 32 0D 0A 20
2026-07-08 11:52:18.512 [  1B] 2D
2026-07-08 11:52:18.512 [ 15B] 3E 20 30 0D 0A 0D 0A 5B 4C 49 4E 45 5D 3A 20
2026-07-08 11:52:18.520 [  1B] 4F
2026-07-08 11:52:18.521 [  3B] 4B 0D 0A
2026-07-08 11:52:18.551 [  1B] 5B
2026-07-08 11:52:18.552 [ 15B] 54 58 2D 53 54 41 54 55 53 5D 20 41 54 2B 43
2026-07-08 11:52:18.572 [  1B] 50
2026-07-08 11:52:18.573 [ 15B] 49 4E 3F 0D 0A 20 2D 3E 20 30 0D 0A 0D 0A 5B
2026-07-08 11:52:18.593 [  1B] 4C
2026-07-08 11:52:18.593 [ 15B] 49 4E 45 5D 3A 20 4F 4B 0D 0A 0D 0A 5B 4C 49
2026-07-08 11:52:18.613 [  1B] 4E
2026-07-08 11:52:18.613 [ 15B] 45 5D 3A 20 2B 43 50 49 4E 3A 20 52 45 41 44
2026-07-08 11:52:18.620 [  1B] 59
2026-07-08 11:52:18.620 [  2B] 0D 0A
2026-07-08 11:52:18.650 [  1B] 5B
2026-07-08 11:52:18.651 [ 15B] 54 58 2D 53 54 41 54 55 53 5D 20 41 54 2B 43
2026-07-08 11:52:18.672 [  1B] 53
2026-07-08 11:52:18.672 [ 15B] 51 0D 0A 20 2D 3E 20 30 0D 0A 0D 0A 5B 4C 49
2026-07-08 11:52:18.692 [  1B] 4E
2026-07-08 11:52:18.692 [ 15B] 45 5D 3A 20 4F 4B 0D 0A 0D 0A 5B 4C 49 4E 45
2026-07-08 11:52:18.712 [  1B] 5D
2026-07-08 11:52:18.712 [ 15B] 3A 20 2B 43 53 51 3A 20 32 33 2C 39 39 0D 0A
2026-07-08 11:52:18.732 [  1B] 5B
2026-07-08 11:52:18.732 [ 15B] 54 58 2D 53 54 41 54 55 53 5D 20 41 54 2B 43
2026-07-08 11:52:18.752 [  1B] 46
2026-07-08 11:52:18.752 [ 12B] 55 4E 3F 0D 0A 20 2D 3E 20 30 0D 0A
2026-07-08 11:52:18.783 [  1B] 0D
2026-07-08 11:52:18.784 [ 15B] 0A 5B 4C 49 4E 45 5D 3A 20 4F 4B 0D 0A 0D 0A
2026-07-08 11:52:18.803 [  1B] 5B
2026-07-08 11:52:18.804 [ 15B] 4C 49 4E 45 5D 3A 20 2B 43 46 55 4E 3A 20 31
2026-07-08 11:52:18.809 [  1B] 0D
2026-07-08 11:52:18.810 [  1B] 0A
2026-07-08 11:52:18.840 [  1B] 5B
2026-07-08 11:52:18.841 [ 15B] 54 58 2D 53 54 41 54 55 53 5D 20 41 54 2B 43
2026-07-08 11:52:18.861 [  1B] 52
2026-07-08 11:52:18.861 [ 15B] 45 47 3F 0D 0A 20 2D 3E 20 30 0D 0A 0D 0A 5B
2026-07-08 11:52:18.881 [  1B] 4C
2026-07-08 11:52:18.882 [ 15B] 49 4E 45 5D 3A 20 4F 4B 0D 0A 5B 54 58 2D 53
2026-07-08 11:52:18.901 [  1B] 54
2026-07-08 11:52:18.902 [ 15B] 41 54 55 53 5D 20 41 54 45 30 0D 0A 20 2D 3E
2026-07-08 11:52:18.921 [  1B] 20
2026-07-08 11:52:18.922 [ 15B] 30 0D 0A 0D 0A 5B 4C 49 4E 45 5D 3A 20 2B 43
2026-07-08 11:52:18.942 [  1B] 52
2026-07-08 11:52:18.942 [ 15B] 45 47 3A 20 30 2C 31 0D 0A 0D 0A 5B 4C 49 4E
2026-07-08 11:52:18.962 [  1B] 45
2026-07-08 11:52:18.962 [ 15B] 5D 3A 20 4F 4B 0D 0A 5B 54 58 2D 53 54 41 54
2026-07-08 11:52:18.982 [  1B] 55
2026-07-08 11:52:18.982 [ 15B] 53 5D 20 41 54 2B 43 4D 45 45 3D 32 0D 0A 20
2026-07-08 11:52:19.003 [  1B] 2D
2026-07-08 11:52:19.003 [ 15B] 3E 20 30 0D 0A 0D 0A 5B 4C 49 4E 45 5D 3A 20
2026-07-08 11:52:19.011 [  1B] 4F
2026-07-08 11:52:19.012 [  3B] 4B 0D 0A
2026-07-08 11:52:19.042 [  1B] 5B
2026-07-08 11:52:19.043 [ 15B] 54 58 2D 53 54 41 54 55 53 5D 20 41 54 2B 43
2026-07-08 11:52:19.062 [  1B] 50
2026-07-08 11:52:19.063 [ 15B] 49 4E 3F 0D 0A 20 2D 3E 20 30 0D 0A 0D 0A 5B
2026-07-08 11:52:19.083 [  1B] 4C
2026-07-08 11:52:19.083 [ 15B] 49 4E 45 5D 3A 20 4F 4B 0D 0A 0D 0A 5B 4C 49
2026-07-08 11:52:19.103 [  1B] 4E
2026-07-08 11:52:19.103 [ 15B] 45 5D 3A 20 2B 43 50 49 4E 3A 20 52 45 41 44
2026-07-08 11:52:19.110 [  1B] 59
2026-07-08 11:52:19.110 [  2B] 0D 0A
2026-07-08 11:52:19.140 [  1B] 5B
2026-07-08 11:52:19.141 [ 15B] 54 58 2D 53 54 41 54 55 53 5D 20 41 54 2B 43
2026-07-08 11:52:19.161 [  1B] 53
2026-07-08 11:52:19.162 [ 15B] 51 0D 0A 20 2D 3E 20 30 0D 0A 0D 0A 5B 4C 49
2026-07-08 11:52:19.182 [  1B] 4E
2026-07-08 11:52:19.182 [ 15B] 45 5D 3A 20 4F 4B 0D 0A 0D 0A 5B 4C 49 4E 45
2026-07-08 11:52:19.202 [  1B] 5D
2026-07-08 11:52:19.202 [ 15B] 3A 20 2B 43 53 51 3A 20 32 33 2C 39 39 0D 0A
2026-07-08 11:52:19.222 [  1B] 5B
2026-07-08 11:52:19.222 [ 15B] 54 58 2D 53 54 41 54 55 53 5D 20 41 54 2B 43
2026-07-08 11:52:19.242 [  1B] 46
2026-07-08 11:52:19.242 [ 12B] 55 4E 3F 0D 0A 20 2D 3E 20 30 0D 0A
2026-07-08 11:52:19.273 [  1B] 0D
2026-07-08 11:52:19.273 [ 15B] 0A 5B 4C 49 4E 45 5D 3A 20 4F 4B 0D 0A 0D 0A
2026-07-08 11:52:19.293 [  1B] 5B
2026-07-08 11:52:19.293 [ 15B] 4C 49 4E 45 5D 3A 20 2B 43 46 55 4E 3A 20 31
2026-07-08 11:52:19.299 [  1B] 0D
2026-07-08 11:52:19.300 [  1B] 0A
2026-07-08 11:52:19.329 [  1B] 5B
2026-07-08 11:52:19.330 [ 15B] 54 58 2D 53 54 41 54 55 53 5D 20 41 54 2B 43
2026-07-08 11:52:19.350 [  1B] 52
2026-07-08 11:52:19.351 [ 15B] 45 47 3F 0D 0A 20 2D 3E 20 30 0D 0A 0D 0A 5B
2026-07-08 11:52:19.370 [  1B] 4C
2026-07-08 11:52:19.371 [ 15B] 49 4E 45 5D 3A 20 4F 4B 0D 0A 5B 54 58 2D 53
2026-07-08 11:52:19.390 [  1B] 54
2026-07-08 11:52:19.391 [ 15B] 41 54 55 53 5D 20 41 54 45 30 0D 0A 20 2D 3E
2026-07-08 11:52:19.411 [  1B] 20
2026-07-08 11:52:19.411 [ 15B] 30 0D 0A 0D 0A 5B 4C 49 4E 45 5D 3A 20 2B 43
2026-07-08 11:52:19.431 [  1B] 52
2026-07-08 11:52:19.432 [ 15B] 45 47 3A 20 30 2C 31 0D 0A 0D 0A 5B 4C 49 4E
2026-07-08 11:52:19.451 [  1B] 45
2026-07-08 11:52:19.452 [ 15B] 5D 3A 20 4F 4B 0D 0A 5B 54 58 2D 53 54 41 54
2026-07-08 11:52:19.471 [  1B] 55
2026-07-08 11:52:19.472 [ 15B] 53 5D 20 41 54 2B 43 4D 45 45 3D 32 0D 0A 20
2026-07-08 11:52:19.492 [  1B] 2D
2026-07-08 11:52:19.493 [ 15B] 3E 20 30 0D 0A 0D 0A 5B 4C 49 4E 45 5D 3A 20
2026-07-08 11:52:19.501 [  1B] 4F
2026-07-08 11:52:19.501 [  3B] 4B 0D 0A
2026-07-08 11:52:19.531 [  1B] 5B
2026-07-08 11:52:19.532 [ 15B] 54 58 2D 53 54 41 54 55 53 5D 20 41 54 2B 43
2026-07-08 11:52:19.552 [  1B] 50
2026-07-08 11:52:19.553 [ 15B] 49 4E 3F 0D 0A 20 2D 3E 20 30 0D 0A 0D 0A 5B
2026-07-08 11:52:19.573 [  1B] 4C
2026-07-08 11:52:19.573 [ 15B] 49 4E 45 5D 3A 20 4F 4B 0D 0A 0D 0A 5B 4C 49
2026-07-08 11:52:19.593 [  1B] 4E
2026-07-08 11:52:19.593 [ 15B] 45 5D 3A 20 2B 43 50 49 4E 3A 20 52 45 41 44
2026-07-08 11:52:19.600 [  1B] 59
2026-07-08 11:52:19.600 [  2B] 0D 0A
2026-07-08 11:52:19.630 [  1B] 5B
2026-07-08 11:52:19.631 [ 15B] 54 58 2D 53 54 41 54 55 53 5D 20 41 54 2B 43
2026-07-08 11:52:19.651 [  1B] 53
2026-07-08 11:52:19.652 [ 15B] 51 0D 0A 20 2D 3E 20 30 0D 0A 0D 0A 5B 4C 49
2026-07-08 11:52:19.672 [  1B] 4E
2026-07-08 11:52:19.672 [ 15B] 45 5D 3A 20 4F 4B 0D 0A 0D 0A 5B 4C 49 4E 45
2026-07-08 11:52:19.692 [  1B] 5D
2026-07-08 11:52:19.692 [ 15B] 3A 20 2B 43 53 51 3A 20 32 33 2C 39 39 0D 0A
2026-07-08 11:52:19.712 [  1B] 5B
2026-07-08 11:52:19.712 [ 15B] 54 58 2D 53 54 41 54 55 53 5D 20 41 54 2B 43
2026-07-08 11:52:19.732 [  1B] 46
2026-07-08 11:52:19.732 [ 12B] 55 4E 3F 0D 0A 20 2D 3E 20 30 0D 0A
2026-07-08 11:52:19.765 [  1B] 0D
2026-07-08 11:52:19.766 [ 15B] 0A 5B 4C 49 4E 45 5D 3A 20 4F 4B 0D 0A 0D 0A
2026-07-08 11:52:19.785 [  1B] 5B
2026-07-08 11:52:19.785 [ 15B] 4C 49 4E 45 5D 3A 20 2B 43 46 55 4E 3A 20 31
2026-07-08 11:52:19.791 [  1B] 0D
2026-07-08 11:52:19.791 [  1B] 0A
2026-07-08 11:52:19.821 [  1B] 5B
2026-07-08 11:52:19.821 [ 15B] 54 58 2D 53 54 41 54 55 53 5D 20 41 54 2B 43
2026-07-08 11:52:19.842 [  1B] 52
2026-07-08 11:52:19.843 [ 15B] 45 47 3F 0D 0A 20 2D 3E 20 30 0D 0A 0D 0A 5B
2026-07-08 11:52:19.862 [  1B] 4C
2026-07-08 11:52:19.863 [ 15B] 49 4E 45 5D 3A 20 4F 4B 0D 0A 5B 54 58 2D 53
2026-07-08 11:52:19.882 [  1B] 54
2026-07-08 11:52:19.883 [ 15B] 41 54 55 53 5D 20 41 54 45 30 0D 0A 20 2D 3E
2026-07-08 11:52:19.903 [  1B] 20
2026-07-08 11:52:19.903 [ 15B] 30 0D 0A 0D 0A 5B 4C 49 4E 45 5D 3A 20 2B 43
2026-07-08 11:52:19.923 [  1B] 52
2026-07-08 11:52:19.923 [ 15B] 45 47 3A 20 30 2C 31 0D 0A 0D 0A 5B 4C 49 4E
2026-07-08 11:52:19.943 [  1B] 45
2026-07-08 11:52:19.944 [ 15B] 5D 3A 20 4F 4B 0D 0A 5B 54 58 2D 53 54 41 54
2026-07-08 11:52:19.963 [  1B] 55
2026-07-08 11:52:19.964 [ 15B] 53 5D 20 41 54 2B 43 4D 45 45 3D 32 0D 0A 20
2026-07-08 11:52:19.984 [  1B] 2D
2026-07-08 11:52:19.984 [ 15B] 3E 20 30 0D 0A 0D 0A 5B 4C 49 4E 45 5D 3A 20
2026-07-08 11:52:19.993 [  1B] 4F
2026-07-08 11:52:19.994 [  3B] 4B 0D 0A
2026-07-08 11:52:20.023 [  1B] 5B
2026-07-08 11:52:20.023 [ 15B] 54 58 2D 53 54 41 54 55 53 5D 20 41 54 2B 43
2026-07-08 11:52:20.044 [  1B] 50
2026-07-08 11:52:20.045 [ 15B] 49 4E 3F 0D 0A 20 2D 3E 20 30 0D 0A 0D 0A 5B
2026-07-08 11:52:20.065 [  1B] 4C
2026-07-08 11:52:20.065 [ 15B] 49 4E 45 5D 3A 20 4F 4B 0D 0A 0D 0A 5B 4C 49
2026-07-08 11:52:20.085 [  1B] 4E
2026-07-08 11:52:20.085 [ 15B] 45 5D 3A 20 2B 43 50 49 4E 3A 20 52 45 41 44
2026-07-08 11:52:20.092 [  1B] 59
2026-07-08 11:52:20.092 [  2B] 0D 0A
2026-07-08 11:52:20.122 [  1B] 5B
2026-07-08 11:52:20.123 [ 15B] 54 58 2D 53 54 41 54 55 53 5D 20 41 54 2B 43
2026-07-08 11:52:20.143 [  1B] 53
2026-07-08 11:52:20.144 [ 15B] 51 0D 0A 20 2D 3E 20 30 0D 0A 0D 0A 5B 4C 49
2026-07-08 11:52:20.164 [  1B] 4E
2026-07-08 11:52:20.164 [ 15B] 45 5D 3A 20 4F 4B 0D 0A 0D 0A 5B 4C 49 4E 45
2026-07-08 11:52:20.184 [  1B] 5D
2026-07-08 11:52:20.184 [ 15B] 3A 20 2B 43 53 51 3A 20 32 33 2C 39 39 0D 0A
2026-07-08 11:52:20.204 [  1B] 5B
2026-07-08 11:52:20.204 [ 15B] 54 58 2D 53 54 41 54 55 53 5D 20 41 54 2B 43
2026-07-08 11:52:20.224 [  1B] 46
2026-07-08 11:52:20.224 [ 12B] 55 4E 3F 0D 0A 20 2D 3E 20 30 0D 0A
2026-07-08 11:52:20.256 [  1B] 0D
2026-07-08 11:52:20.256 [ 15B] 0A 5B 4C 49 4E 45 5D 3A 20 4F 4B 0D 0A 0D 0A
2026-07-08 11:52:20.276 [  1B] 5B
2026-07-08 11:52:20.276 [ 15B] 4C 49 4E 45 5D 3A 20 2B 43 46 55 4E 3A 20 31
2026-07-08 11:52:20.281 [  1B] 0D
2026-07-08 11:52:20.282 [  1B] 0A
2026-07-08 11:52:20.312 [  1B] 5B
2026-07-08 11:52:20.312 [ 15B] 54 58 2D 53 54 41 54 55 53 5D 20 41 54 2B 43
2026-07-08 11:52:20.333 [  1B] 52
2026-07-08 11:52:20.334 [ 15B] 45 47 3F 0D 0A 20 2D 3E 20 30 0D 0A 0D 0A 5B
2026-07-08 11:52:20.353 [  1B] 4C
2026-07-08 11:52:20.354 [ 15B] 49 4E 45 5D 3A 20 4F 4B 0D 0A 5B 54 58 2D 53
2026-07-08 11:52:20.374 [  1B] 54
2026-07-08 11:52:20.374 [ 15B] 41 54 55 53 5D 20 41 54 45 30 0D 0A 20 2D 3E
2026-07-08 11:52:20.394 [  1B] 20
2026-07-08 11:52:20.394 [ 15B] 30 0D 0A 0D 0A 5B 4C 49 4E 45 5D 3A 20 2B 43
2026-07-08 11:52:20.414 [  1B] 52
2026-07-08 11:52:20.415 [ 15B] 45 47 3A 20 30 2C 31 0D 0A 0D 0A 5B 4C 49 4E
2026-07-08 11:52:20.434 [  1B] 45
2026-07-08 11:52:20.435 [ 15B] 5D 3A 20 4F 4B 0D 0A 5B 54 58 2D 53 54 41 54
2026-07-08 11:52:20.454 [  1B] 55
2026-07-08 11:52:20.455 [ 15B] 53 5D 20 41 54 2B 43 4D 45 45 3D 32 0D 0A 20
2026-07-08 11:52:20.475 [  1B] 2D
2026-07-08 11:52:20.476 [ 15B] 3E 20 30 0D 0A 0D 0A 5B 4C 49 4E 45 5D 3A 20
2026-07-08 11:52:20.484 [  1B] 4F
2026-07-08 11:52:20.484 [  3B] 4B 0D 0A
2026-07-08 11:52:20.514 [  1B] 5B
2026-07-08 11:52:20.515 [ 15B] 54 58 2D 53 54 41 54 55 53 5D 20 41 54 2B 43
2026-07-08 11:52:20.535 [  1B] 50
2026-07-08 11:52:20.536 [ 15B] 49 4E 3F 0D 0A 20 2D 3E 20 30 0D 0A 0D 0A 5B
2026-07-08 11:52:20.556 [  1B] 4C
2026-07-08 11:52:20.556 [ 15B] 49 4E 45 5D 3A 20 4F 4B 0D 0A 0D 0A 5B 4C 49
2026-07-08 11:52:20.576 [  1B] 4E
2026-07-08 11:52:20.576 [ 15B] 45 5D 3A 20 2B 43 50 49 4E 3A 20 52 45 41 44
2026-07-08 11:52:20.583 [  1B] 59
2026-07-08 11:52:20.583 [  2B] 0D 0A
2026-07-08 11:52:20.613 [  1B] 5B
2026-07-08 11:52:20.614 [ 15B] 54 58 2D 53 54 41 54 55 53 5D 20 41 54 2B 43
2026-07-08 11:52:20.634 [  1B] 53
2026-07-08 11:52:20.634 [ 15B] 51 0D 0A 20 2D 3E 20 30 0D 0A 0D 0A 5B 4C 49
2026-07-08 11:52:20.654 [  1B] 4E
2026-07-08 11:52:20.655 [ 15B] 45 5D 3A 20 4F 4B 0D 0A 0D 0A 5B 4C 49 4E 45
2026-07-08 11:52:20.674 [  1B] 5D
2026-07-08 11:52:20.675 [ 15B] 3A 20 2B 43 53 51 3A 20 32 33 2C 39 39 0D 0A
2026-07-08 11:52:20.694 [  1B] 5B
2026-07-08 11:52:20.695 [ 15B] 54 58 2D 53 54 41 54 55 53 5D 20 41 54 2B 43
2026-07-08 11:52:20.716 [  1B] 46
2026-07-08 11:52:20.717 [ 12B] 55 4E 3F 0D 0A 20 2D 3E 20 30 0D 0A
2026-07-08 11:52:20.746 [  1B] 0D
2026-07-08 11:52:20.746 [ 15B] 0A 5B 4C 49 4E 45 5D 3A 20 4F 4B 0D 0A 0D 0A
2026-07-08 11:52:20.766 [  1B] 5B
2026-07-08 11:52:20.766 [ 15B] 4C 49 4E 45 5D 3A 20 2B 43 46 55 4E 3A 20 31
2026-07-08 11:52:20.772 [  1B] 0D
2026-07-08 11:52:20.772 [  1B] 0A
2026-07-08 11:52:20.802 [  1B] 5B
2026-07-08 11:52:20.803 [ 15B] 54 58 2D 53 54 41 54 55 53 5D 20 41 54 2B 43
2026-07-08 11:52:20.823 [  1B] 52
2026-07-08 11:52:20.824 [ 15B] 45 47 3F 0D 0A 20 2D 3E 20 30 0D 0A 0D 0A 5B
2026-07-08 11:52:20.843 [  1B] 4C
2026-07-08 11:52:20.844 [ 15B] 49 4E 45 5D 3A 20 4F 4B 0D 0A 5B 54 58 2D 53
2026-07-08 11:52:20.863 [  1B] 54
2026-07-08 11:52:20.864 [ 15B] 41 54 55 53 5D 20 41 54 45 30 0D 0A 20 2D 3E
2026-07-08 11:52:20.884 [  1B] 20
2026-07-08 11:52:20.884 [ 15B] 30 0D 0A 0D 0A 5B 4C 49 4E 45 5D 3A 20 2B 43
2026-07-08 11:52:20.904 [  1B] 52
2026-07-08 11:52:20.905 [ 15B] 45 47 3A 20 30 2C 31 0D 0A 0D 0A 5B 4C 49 4E
2026-07-08 11:52:20.924 [  1B] 45
2026-07-08 11:52:20.925 [ 15B] 5D 3A 20 4F 4B 0D 0A 5B 54 58 2D 53 54 41 54
2026-07-08 11:52:20.944 [  1B] 55
2026-07-08 11:52:20.945 [ 15B] 53 5D 20 41 54 2B 43 4D 45 45 3D 32 0D 0A 20
2026-07-08 11:52:20.965 [  1B] 2D
2026-07-08 11:52:20.966 [ 15B] 3E 20 30 0D 0A 0D 0A 5B 4C 49 4E 45 5D 3A 20
2026-07-08 11:52:20.974 [  1B] 4F
2026-07-08 11:52:20.974 [  3B] 4B 0D 0A
2026-07-08 11:52:21.004 [  1B] 5B
2026-07-08 11:52:21.005 [ 15B] 54 58 2D 53 54 41 54 55 53 5D 20 41 54 2B 43
2026-07-08 11:52:21.025 [  1B] 50
2026-07-08 11:52:21.025 [ 15B] 49 4E 3F 0D 0A 20 2D 3E 20 30 0D 0A 0D 0A 5B
2026-07-08 11:52:21.045 [  1B] 4C
2026-07-08 11:52:21.046 [ 15B] 49 4E 45 5D 3A 20 4F 4B 0D 0A 0D 0A 5B 4C 49
2026-07-08 11:52:21.065 [  1B] 4E
2026-07-08 11:52:21.066 [ 15B] 45 5D 3A 20 2B 43 50 49 4E 3A 20 52 45 41 44
2026-07-08 11:52:21.072 [  1B] 59
2026-07-08 11:52:21.073 [  2B] 0D 0A
2026-07-08 11:52:21.103 [  1B] 5B
2026-07-08 11:52:21.103 [ 15B] 54 58 2D 53 54 41 54 55 53 5D 20 41 54 2B 43
2026-07-08 11:52:21.124 [  1B] 53
2026-07-08 11:52:21.125 [ 15B] 51 0D 0A 20 2D 3E 20 30 0D 0A 0D 0A 5B 4C 49
2026-07-08 11:52:21.145 [  1B] 4E
2026-07-08 11:52:21.145 [ 15B] 45 5D 3A 20 4F 4B 0D 0A 0D 0A 5B 4C 49 4E 45
2026-07-08 11:52:21.165 [  1B] 5D
2026-07-08 11:52:21.165 [ 15B] 3A 20 2B 43 53 51 3A 20 32 33 2C 39 39 0D 0A
2026-07-08 11:52:21.185 [  1B] 5B
2026-07-08 11:52:21.185 [ 15B] 54 58 2D 53 54 41 54 55 53 5D 20 41 54 2B 43
2026-07-08 11:52:21.205 [  1B] 46
2026-07-08 11:52:21.205 [ 12B] 55 4E 3F 0D 0A 20 2D 3E 20 30 0D 0A
2026-07-08 11:52:21.237 [  1B] 0D
2026-07-08 11:52:21.237 [ 15B] 0A 5B 4C 49 4E 45 5D 3A 20 4F 4B 0D 0A 0D 0A
2026-07-08 11:52:21.257 [  1B] 5B
2026-07-08 11:52:21.257 [ 15B] 4C 49 4E 45 5D 3A 20 2B 43 46 55 4E 3A 20 31
2026-07-08 11:52:21.263 [  1B] 0D
2026-07-08 11:52:21.263 [  1B] 0A
2026-07-08 11:52:21.293 [  1B] 5B
2026-07-08 11:52:21.294 [ 15B] 54 58 2D 53 54 41 54 55 53 5D 20 41 54 2B 43
2026-07-08 11:52:21.313 [  1B] 52
2026-07-08 11:52:21.314 [ 15B] 45 47 3F 0D 0A 20 2D 3E 20 30 0D 0A 0D 0A 5B
2026-07-08 11:52:21.334 [  1B] 4C
2026-07-08 11:52:21.334 [ 15B] 49 4E 45 5D 3A 20 4F 4B 0D 0A 5B 54 58 2D 53
2026-07-08 11:52:21.354 [  1B] 54
2026-07-08 11:52:21.354 [ 15B] 41 54 55 53 5D 20 41 54 45 30 0D 0A 20 2D 3E
2026-07-08 11:52:21.374 [  1B] 20
2026-07-08 11:52:21.374 [ 15B] 30 0D 0A 0D 0A 5B 4C 49 4E 45 5D 3A 20 2B 43
2026-07-08 11:52:21.394 [  1B] 52
2026-07-08 11:52:21.395 [ 15B] 45 47 3A 20 30 2C 31 0D 0A 0D 0A 5B 4C 49 4E
2026-07-08 11:52:21.414 [  1B] 45
2026-07-08 11:52:21.415 [ 15B] 5D 3A 20 4F 4B 0D 0A 5B 54 58 2D 53 54 41 54
2026-07-08 11:52:21.434 [  1B] 55
2026-07-08 11:52:21.435 [ 15B] 53 5D 20 41 54 2B 43 4D 45 45 3D 32 0D 0A 20
2026-07-08 11:52:21.455 [  1B] 2D
2026-07-08 11:52:21.456 [ 15B] 3E 20 30 0D 0A 0D 0A 5B 4C 49 4E 45 5D 3A 20
2026-07-08 11:52:21.463 [  1B] 4F
2026-07-08 11:52:21.464 [  3B] 4B 0D 0A
2026-07-08 11:52:21.494 [  1B] 5B
2026-07-08 11:52:21.495 [ 15B] 54 58 2D 53 54 41 54 55 53 5D 20 41 54 2B 43
2026-07-08 11:52:21.515 [  1B] 50
2026-07-08 11:52:21.516 [ 15B] 49 4E 3F 0D 0A 20 2D 3E 20 30 0D 0A 0D 0A 5B
2026-07-08 11:52:21.536 [  1B] 4C
2026-07-08 11:52:21.536 [ 15B] 49 4E 45 5D 3A 20 4F 4B 0D 0A 0D 0A 5B 4C 49
2026-07-08 11:52:21.556 [  1B] 4E
2026-07-08 11:52:21.556 [ 15B] 45 5D 3A 20 2B 43 50 49 4E 3A 20 52 45 41 44
2026-07-08 11:52:21.563 [  1B] 59
2026-07-08 11:52:21.563 [  2B] 0D 0A
2026-07-08 11:52:21.593 [  1B] 5B
2026-07-08 11:52:21.594 [ 15B] 54 58 2D 53 54 41 54 55 53 5D 20 41 54 2B 43
2026-07-08 11:52:21.614 [  1B] 53
2026-07-08 11:52:21.615 [ 15B] 51 0D 0A 20 2D 3E 20 30 0D 0A 0D 0A 5B 4C 49
2026-07-08 11:52:21.635 [  1B] 4E
2026-07-08 11:52:21.635 [ 15B] 45 5D 3A 20 4F 4B 0D 0A 0D 0A 5B 4C 49 4E 45
2026-07-08 11:52:21.655 [  1B] 5D
2026-07-08 11:52:21.655 [ 15B] 3A 20 2B 43 53 51 3A 20 32 33 2C 39 39 0D 0A
2026-07-08 11:52:21.675 [  1B] 5B
2026-07-08 11:52:21.675 [ 15B] 54 58 2D 53 54 41 54 55 53 5D 20 41 54 2B 43
2026-07-08 11:52:21.695 [  1B] 46
2026-07-08 11:52:21.695 [ 12B] 55 4E 3F 0D 0A 20 2D 3E 20 30 0D 0A
2026-07-08 11:52:21.727 [  1B] 0D
2026-07-08 11:52:21.728 [ 15B] 0A 5B 4C 49 4E 45 5D 3A 20 4F 4B 0D 0A 0D 0A
2026-07-08 11:52:21.747 [  1B] 5B
2026-07-08 11:52:21.747 [ 15B] 4C 49 4E 45 5D 3A 20 2B 43 46 55 4E 3A 20 31
2026-07-08 11:52:21.752 [  1B] 0D
2026-07-08 11:52:21.753 [  1B] 0A
2026-07-08 11:52:21.783 [  1B] 5B
2026-07-08 11:52:21.784 [ 15B] 54 58 2D 53 54 41 54 55 53 5D 20 41 54 2B 43
2026-07-08 11:52:21.804 [  1B] 52
2026-07-08 11:52:21.805 [ 15B] 45 47 3F 0D 0A 20 2D 3E 20 30 0D 0A 0D 0A 5B
2026-07-08 11:52:21.825 [  1B] 4C
2026-07-08 11:52:21.825 [ 15B] 49 4E 45 5D 3A 20 4F 4B 0D 0A 5B 54 58 2D 53
2026-07-08 11:52:21.845 [  1B] 54
2026-07-08 11:52:21.845 [ 15B] 41 54 55 53 5D 20 41 54 45 30 0D 0A 20 2D 3E
2026-07-08 11:52:21.865 [  1B] 20
2026-07-08 11:52:21.865 [ 15B] 30 0D 0A 0D 0A 5B 4C 49 4E 45 5D 3A 20 2B 43
2026-07-08 11:52:21.885 [  1B] 52
2026-07-08 11:52:21.886 [ 15B] 45 47 3A 20 30 2C 31 0D 0A 0D 0A 5B 4C 49 4E
2026-07-08 11:52:21.905 [  1B] 45
2026-07-08 11:52:21.906 [ 15B] 5D 3A 20 4F 4B 0D 0A 5B 54 58 2D 53 54 41 54
2026-07-08 11:52:21.925 [  1B] 55
2026-07-08 11:52:21.926 [ 15B] 53 5D 20 41 54 2B 43 4D 45 45 3D 32 0D 0A 20
2026-07-08 11:52:21.946 [  1B] 2D
2026-07-08 11:52:21.947 [ 15B] 3E 20 30 0D 0A 0D 0A 5B 4C 49 4E 45 5D 3A 20
2026-07-08 11:52:21.955 [  1B] 4F
2026-07-08 11:52:21.955 [  3B] 4B 0D 0A
2026-07-08 11:52:21.985 [  1B] 5B
2026-07-08 11:52:21.986 [ 15B] 54 58 2D 53 54 41 54 55 53 5D 20 41 54 2B 43
2026-07-08 11:52:22.006 [  1B] 50
2026-07-08 11:52:22.007 [ 15B] 49 4E 3F 0D 0A 20 2D 3E 20 30 0D 0A 0D 0A 5B
2026-07-08 11:52:22.027 [  1B] 4C
2026-07-08 11:52:22.027 [ 15B] 49 4E 45 5D 3A 20 4F 4B 0D 0A 0D 0A 5B 4C 49
2026-07-08 11:52:22.047 [  1B] 4E
2026-07-08 11:52:22.047 [ 15B] 45 5D 3A 20 2B 43 50 49 4E 3A 20 52 45 41 44
2026-07-08 11:52:22.054 [  1B] 59
2026-07-08 11:52:22.054 [  2B] 0D 0A
2026-07-08 11:52:22.084 [  1B] 5B
2026-07-08 11:52:22.085 [ 15B] 54 58 2D 53 54 41 54 55 53 5D 20 41 54 2B 43
2026-07-08 11:52:22.105 [  1B] 53
2026-07-08 11:52:22.105 [ 15B] 51 0D 0A 20 2D 3E 20 30 0D 0A 0D 0A 5B 4C 49
2026-07-08 11:52:22.125 [  1B] 4E
2026-07-08 11:52:22.126 [ 15B] 45 5D 3A 20 4F 4B 0D 0A 0D 0A 5B 4C 49 4E 45
2026-07-08 11:52:22.145 [  1B] 5D
2026-07-08 11:52:22.146 [ 15B] 3A 20 2B 43 53 51 3A 20 32 33 2C 39 39 0D 0A
2026-07-08 11:52:22.166 [  1B] 5B
2026-07-08 11:52:22.166 [ 15B] 54 58 2D 53 54 41 54 55 53 5D 20 41 54 2B 43
2026-07-08 11:52:22.185 [  1B] 46
2026-07-08 11:52:22.185 [ 12B] 55 4E 3F 0D 0A 20 2D 3E 20 30 0D 0A
2026-07-08 11:52:22.216 [  1B] 0D
2026-07-08 11:52:22.216 [ 15B] 0A 5B 4C 49 4E 45 5D 3A 20 4F 4B 0D 0A 0D 0A
2026-07-08 11:52:22.236 [  1B] 5B
2026-07-08 11:52:22.236 [ 15B] 4C 49 4E 45 5D 3A 20 2B 43 46 55 4E 3A 20 31
2026-07-08 11:52:22.242 [  1B] 0D
2026-07-08 11:52:22.242 [  1B] 0A
2026-07-08 11:52:22.272 [  1B] 5B
2026-07-08 11:52:22.273 [ 15B] 54 58 2D 53 54 41 54 55 53 5D 20 41 54 2B 43
2026-07-08 11:52:22.293 [  1B] 52
2026-07-08 11:52:22.293 [ 15B] 45 47 3F 0D 0A 20 2D 3E 20 30 0D 0A 0D 0A 5B
2026-07-08 11:52:22.313 [  1B] 4C
2026-07-08 11:52:22.313 [ 15B] 49 4E 45 5D 3A 20 4F 4B 0D 0A 5B 54 58 2D 53
2026-07-08 11:52:22.333 [  1B] 54
2026-07-08 11:52:22.333 [ 15B] 41 54 55 53 5D 20 41 54 45 30 0D 0A 20 2D 3E
2026-07-08 11:52:22.353 [  1B] 20
2026-07-08 11:52:22.354 [ 15B] 30 0D 0A 0D 0A 5B 4C 49 4E 45 5D 3A 20 2B 43
2026-07-08 11:52:22.373 [  1B] 52
2026-07-08 11:52:22.374 [ 15B] 45 47 3A 20 30 2C 31 0D 0A 0D 0A 5B 4C 49 4E
2026-07-08 11:52:22.394 [  1B] 45
2026-07-08 11:52:22.394 [ 15B] 5D 3A 20 4F 4B 0D 0A 5B 54 58 2D 53 54 41 54
2026-07-08 11:52:22.414 [  1B] 55
2026-07-08 11:52:22.414 [ 15B] 53 5D 20 41 54 2B 43 4D 45 45 3D 32 0D 0A 20
2026-07-08 11:52:22.435 [  1B] 2D
2026-07-08 11:52:22.435 [ 15B] 3E 20 30 0D 0A 0D 0A 5B 4C 49 4E 45 5D 3A 20
2026-07-08 11:52:22.444 [  1B] 4F
2026-07-08 11:52:22.444 [  3B] 4B 0D 0A
2026-07-08 11:52:22.474 [  1B] 5B
2026-07-08 11:52:22.475 [ 15B] 54 58 2D 53 54 41 54 55 53 5D 20 41 54 2B 43
2026-07-08 11:52:22.495 [  1B] 50
2026-07-08 11:52:22.496 [ 15B] 49 4E 3F 0D 0A 20 2D 3E 20 30 0D 0A 0D 0A 5B
2026-07-08 11:52:22.516 [  1B] 4C
2026-07-08 11:52:22.516 [ 15B] 49 4E 45 5D 3A 20 4F 4B 0D 0A 0D 0A 5B 4C 49
2026-07-08 11:52:22.536 [  1B] 4E
2026-07-08 11:52:22.536 [ 15B] 45 5D 3A 20 2B 43 50 49 4E 3A 20 52 45 41 44
2026-07-08 11:52:22.543 [  1B] 59
2026-07-08 11:52:22.543 [  2B] 0D 0A
2026-07-08 11:52:22.573 [  1B] 5B
2026-07-08 11:52:22.574 [ 15B] 54 58 2D 53 54 41 54 55 53 5D 20 41 54 2B 43
2026-07-08 11:52:22.595 [  1B] 53
2026-07-08 11:52:22.595 [ 15B] 51 0D 0A 20 2D 3E 20 30 0D 0A 0D 0A 5B 4C 49
2026-07-08 11:52:22.615 [  1B] 4E
2026-07-08 11:52:22.615 [ 15B] 45 5D 3A 20 4F 4B 0D 0A 0D 0A 5B 4C 49 4E 45
2026-07-08 11:52:22.635 [  1B] 5D
2026-07-08 11:52:22.635 [ 15B] 3A 20 2B 43 53 51 3A 20 32 33 2C 39 39 0D 0A
2026-07-08 11:52:22.655 [  1B] 5B
2026-07-08 11:52:22.656 [ 15B] 54 58 2D 53 54 41 54 55 53 5D 20 41 54 2B 43
2026-07-08 11:52:22.675 [  1B] 46
2026-07-08 11:52:22.675 [ 12B] 55 4E 3F 0D 0A 20 2D 3E 20 30 0D 0A
2026-07-08 11:52:22.706 [  1B] 0D
2026-07-08 11:52:22.707 [ 15B] 0A 5B 4C 49 4E 45 5D 3A 20 4F 4B 0D 0A 0D 0A
2026-07-08 11:52:22.726 [  1B] 5B
2026-07-08 11:52:22.726 [ 15B] 4C 49 4E 45 5D 3A 20 2B 43 46 55 4E 3A 20 31
2026-07-08 11:52:22.732 [  1B] 0D
2026-07-08 11:52:22.733 [  1B] 0A
2026-07-08 11:52:22.762 [  1B] 5B
2026-07-08 11:52:22.763 [ 15B] 54 58 2D 53 54 41 54 55 53 5D 20 41 54 2B 43
2026-07-08 11:52:22.784 [  1B] 52
2026-07-08 11:52:22.784 [ 15B] 45 47 3F 0D 0A 20 2D 3E 20 30 0D 0A 0D 0A 5B
2026-07-08 11:52:22.804 [  1B] 4C
2026-07-08 11:52:22.804 [ 15B] 49 4E 45 5D 3A 20 4F 4B 0D 0A 5B 54 58 2D 53
2026-07-08 11:52:22.824 [  1B] 54
2026-07-08 11:52:22.824 [ 15B] 41 54 55 53 5D 20 41 54 45 30 0D 0A 20 2D 3E
2026-07-08 11:52:22.844 [  1B] 20
2026-07-08 11:52:22.845 [ 15B] 30 0D 0A 0D 0A 5B 4C 49 4E 45 5D 3A 20 2B 43
2026-07-08 11:52:22.865 [  1B] 52
2026-07-08 11:52:22.865 [ 15B] 45 47 3A 20 30 2C 31 0D 0A 0D 0A 5B 4C 49 4E
2026-07-08 11:52:22.885 [  1B] 45
2026-07-08 11:52:22.885 [ 15B] 5D 3A 20 4F 4B 0D 0A 5B 54 58 2D 53 54 41 54
2026-07-08 11:52:22.905 [  1B] 55
2026-07-08 11:52:22.905 [ 15B] 53 5D 20 41 54 2B 43 4D 45 45 3D 32 0D 0A 20
2026-07-08 11:52:22.926 [  1B] 2D
2026-07-08 11:52:22.926 [ 15B] 3E 20 30 0D 0A 0D 0A 5B 4C 49 4E 45 5D 3A 20
2026-07-08 11:52:22.934 [  1B] 4F
2026-07-08 11:52:22.935 [  3B] 4B 0D 0A
2026-07-08 11:52:22.964 [  1B] 5B
2026-07-08 11:52:22.965 [ 15B] 54 58 2D 53 54 41 54 55 53 5D 20 41 54 2B 43
2026-07-08 11:52:22.986 [  1B] 50
2026-07-08 11:52:22.986 [ 15B] 49 4E 3F 0D 0A 20 2D 3E 20 30 0D 0A 0D 0A 5B
2026-07-08 11:52:23.006 [  1B] 4C
2026-07-08 11:52:23.006 [ 15B] 49 4E 45 5D 3A 20 4F 4B 0D 0A 0D 0A 5B 4C 49
2026-07-08 11:52:23.026 [  1B] 4E
2026-07-08 11:52:23.026 [ 15B] 45 5D 3A 20 2B 43 50 49 4E 3A 20 52 45 41 44
2026-07-08 11:52:23.033 [  1B] 59
2026-07-08 11:52:23.034 [  2B] 0D 0A
2026-07-08 11:52:23.063 [  1B] 5B
2026-07-08 11:52:23.064 [ 15B] 54 58 2D 53 54 41 54 55 53 5D 20 41 54 2B 43
2026-07-08 11:52:23.084 [  1B] 53
2026-07-08 11:52:23.085 [ 15B] 51 0D 0A 20 2D 3E 20 30 0D 0A 0D 0A 5B 4C 49
2026-07-08 11:52:23.105 [  1B] 4E
2026-07-08 11:52:23.105 [ 15B] 45 5D 3A 20 4F 4B 0D 0A 0D 0A 5B 4C 49 4E 45
2026-07-08 11:52:23.125 [  1B] 5D
2026-07-08 11:52:23.125 [ 15B] 3A 20 2B 43 53 51 3A 20 32 33 2C 39 39 0D 0A
2026-07-08 11:52:23.145 [  1B] 5B
2026-07-08 11:52:23.145 [ 15B] 54 58 2D 53 54 41 54 55 53 5D 20 41 54 2B 43
2026-07-08 11:52:23.164 [  1B] 46
2026-07-08 11:52:23.165 [ 12B] 55 4E 3F 0D 0A 20 2D 3E 20 30 0D 0A
2026-07-08 11:52:23.196 [  1B] 0D
2026-07-08 11:52:23.196 [ 15B] 0A 5B 4C 49 4E 45 5D 3A 20 4F 4B 0D 0A 0D 0A
2026-07-08 11:52:23.216 [  1B] 5B
2026-07-08 11:52:23.216 [ 15B] 4C 49 4E 45 5D 3A 20 2B 43 46 55 4E 3A 20 31
2026-07-08 11:52:23.222 [  1B] 0D
2026-07-08 11:52:23.223 [  1B] 0A
2026-07-08 11:52:23.252 [  1B] 5B
2026-07-08 11:52:23.253 [ 15B] 54 58 2D 53 54 41 54 55 53 5D 20 41 54 2B 43
2026-07-08 11:52:23.274 [  1B] 52
2026-07-08 11:52:23.274 [ 15B] 45 47 3F 0D 0A 20 2D 3E 20 30 0D 0A 0D 0A 5B
2026-07-08 11:52:23.294 [  1B] 4C
2026-07-08 11:52:23.294 [ 15B] 49 4E 45 5D 3A 20 4F 4B 0D 0A 5B 54 58 2D 53
2026-07-08 11:52:23.314 [  1B] 54
2026-07-08 11:52:23.314 [ 15B] 41 54 55 53 5D 20 41 54 45 30 0D 0A 20 2D 3E
2026-07-08 11:52:23.334 [  1B] 20
2026-07-08 11:52:23.335 [ 15B] 30 0D 0A 0D 0A 5B 4C 49 4E 45 5D 3A 20 2B 43
2026-07-08 11:52:23.355 [  1B] 52
2026-07-08 11:52:23.355 [ 15B] 45 47 3A 20 30 2C 31 0D 0A 0D 0A 5B 4C 49 4E
2026-07-08 11:52:23.375 [  1B] 45
2026-07-08 11:52:23.375 [ 15B] 5D 3A 20 4F 4B 0D 0A 5B 54 58 2D 53 54 41 54
2026-07-08 11:52:23.395 [  1B] 55
2026-07-08 11:52:23.395 [ 15B] 53 5D 20 41 54 2B 43 4D 45 45 3D 32 0D 0A 20
2026-07-08 11:52:23.415 [  1B] 2D
2026-07-08 11:52:23.416 [ 15B] 3E 20 30 0D 0A 0D 0A 5B 4C 49 4E 45 5D 3A 20
2026-07-08 11:52:23.424 [  1B] 4F
2026-07-08 11:52:23.424 [  3B] 4B 0D 0A
2026-07-08 11:52:23.454 [  1B] 5B
2026-07-08 11:52:23.455 [ 15B] 54 58 2D 53 54 41 54 55 53 5D 20 41 54 2B 43
2026-07-08 11:52:23.475 [  1B] 50
2026-07-08 11:52:23.476 [ 15B] 49 4E 3F 0D 0A 20 2D 3E 20 30 0D 0A 0D 0A 5B
2026-07-08 11:52:23.496 [  1B] 4C
2026-07-08 11:52:23.496 [ 15B] 49 4E 45 5D 3A 20 4F 4B 0D 0A 0D 0A 5B 4C 49
2026-07-08 11:52:23.516 [  1B] 4E
2026-07-08 11:52:23.516 [ 15B] 45 5D 3A 20 2B 43 50 49 4E 3A 20 52 45 41 44
2026-07-08 11:52:23.523 [  1B] 59
2026-07-08 11:52:23.523 [  2B] 0D 0A
2026-07-08 11:52:23.553 [  1B] 5B
2026-07-08 11:52:23.554 [ 15B] 54 58 2D 53 54 41 54 55 53 5D 20 41 54 2B 43
2026-07-08 11:52:23.574 [  1B] 53
2026-07-08 11:52:23.575 [ 15B] 51 0D 0A 20 2D 3E 20 30 0D 0A 0D 0A 5B 4C 49
2026-07-08 11:52:23.594 [  1B] 4E
2026-07-08 11:52:23.595 [ 15B] 45 5D 3A 20 4F 4B 0D 0A 0D 0A 5B 4C 49 4E 45
2026-07-08 11:52:23.614 [  1B] 5D
2026-07-08 11:52:23.615 [ 15B] 3A 20 2B 43 53 51 3A 20 32 33 2C 39 39 0D 0A
2026-07-08 11:52:23.635 [  1B] 5B
2026-07-08 11:52:23.635 [ 15B] 54 58 2D 53 54 41 54 55 53 5D 20 41 54 2B 43
2026-07-08 11:52:23.654 [  1B] 46
2026-07-08 11:52:23.655 [ 12B] 55 4E 3F 0D 0A 20 2D 3E 20 30 0D 0A
2026-07-08 11:52:23.686 [  1B] 0D
2026-07-08 11:52:23.686 [ 15B] 0A 5B 4C 49 4E 45 5D 3A 20 4F 4B 0D 0A 0D 0A
2026-07-08 11:52:23.706 [  1B] 5B
2026-07-08 11:52:23.706 [ 15B] 4C 49 4E 45 5D 3A 20 2B 43 46 55 4E 3A 20 31
2026-07-08 11:52:23.711 [  1B] 0D
2026-07-08 11:52:23.712 [  1B] 0A
2026-07-08 11:52:23.742 [  1B] 5B
2026-07-08 11:52:23.743 [ 15B] 54 58 2D 53 54 41 54 55 53 5D 20 41 54 2B 43
2026-07-08 11:52:23.764 [  1B] 52
2026-07-08 11:52:23.764 [ 15B] 45 47 3F 0D 0A 20 2D 3E 20 30 0D 0A 0D 0A 5B
2026-07-08 11:52:23.784 [  1B] 4C
2026-07-08 11:52:23.784 [ 15B] 49 4E 45 5D 3A 20 4F 4B 0D 0A 5B 54 58 2D 53
2026-07-08 11:52:23.804 [  1B] 54
2026-07-08 11:52:23.804 [ 15B] 41 54 55 53 5D 20 41 54 45 30 0D 0A 20 2D 3E
2026-07-08 11:52:23.824 [  1B] 20
2026-07-08 11:52:23.824 [ 15B] 30 0D 0A 0D 0A 5B 4C 49 4E 45 5D 3A 20 2B 43
2026-07-08 11:52:23.844 [  1B] 52
2026-07-08 11:52:23.845 [ 15B] 45 47 3A 20 30 2C 31 0D 0A 0D 0A 5B 4C 49 4E
2026-07-08 11:52:23.864 [  1B] 45
2026-07-08 11:52:23.865 [ 15B] 5D 3A 20 4F 4B 0D 0A 5B 54 58 2D 53 54 41 54
2026-07-08 11:52:23.884 [  1B] 55
2026-07-08 11:52:23.885 [ 15B] 53 5D 20 41 54 2B 43 4D 45 45 3D 32 0D 0A 20
2026-07-08 11:52:23.905 [  1B] 2D
2026-07-08 11:52:23.906 [ 15B] 3E 20 30 0D 0A 0D 0A 5B 4C 49 4E 45 5D 3A 20
2026-07-08 11:52:23.914 [  1B] 4F
2026-07-08 11:52:23.914 [  3B] 4B 0D 0A
2026-07-08 11:52:23.944 [  1B] 5B
2026-07-08 11:52:23.945 [ 15B] 54 58 2D 53 54 41 54 55 53 5D 20 41 54 2B 43
2026-07-08 11:52:23.965 [  1B] 50
2026-07-08 11:52:23.966 [ 15B] 49 4E 3F 0D 0A 20 2D 3E 20 30 0D 0A 0D 0A 5B
2026-07-08 11:52:23.985 [  1B] 4C
2026-07-08 11:52:23.986 [ 15B] 49 4E 45 5D 3A 20 4F 4B 0D 0A 0D 0A 5B 4C 49
2026-07-08 11:52:24.005 [  1B] 4E
2026-07-08 11:52:24.006 [ 15B] 45 5D 3A 20 2B 43 50 49 4E 3A 20 52 45 41 44
2026-07-08 11:52:24.013 [  1B] 59
2026-07-08 11:52:24.013 [  2B] 0D 0A
2026-07-08 11:52:24.043 [  1B] 5B
2026-07-08 11:52:24.044 [ 15B] 54 58 2D 53 54 41 54 55 53 5D 20 41 54 2B 43
2026-07-08 11:52:24.065 [  1B] 53
2026-07-08 11:52:24.065 [ 15B] 51 0D 0A 20 2D 3E 20 30 0D 0A 0D 0A 5B 4C 49
2026-07-08 11:52:24.085 [  1B] 4E
2026-07-08 11:52:24.085 [ 15B] 45 5D 3A 20 4F 4B 0D 0A 0D 0A 5B 4C 49 4E 45
2026-07-08 11:52:24.105 [  1B] 5D
2026-07-08 11:52:24.105 [ 15B] 3A 20 2B 43 53 51 3A 20 32 33 2C 39 39 0D 0A
2026-07-08 11:52:24.125 [  1B] 5B
2026-07-08 11:52:24.125 [ 15B] 54 58 2D 53 54 41 54 55 53 5D 20 41 54 2B 43
2026-07-08 11:52:24.144 [  1B] 46
2026-07-08 11:52:24.145 [ 12B] 55 4E 3F 0D 0A 20 2D 3E 20 30 0D 0A
2026-07-08 11:52:24.176 [  1B] 0D
2026-07-08 11:52:24.176 [ 15B] 0A 5B 4C 49 4E 45 5D 3A 20 4F 4B 0D 0A 0D 0A
2026-07-08 11:52:24.196 [  1B] 5B
2026-07-08 11:52:24.196 [ 15B] 4C 49 4E 45 5D 3A 20 2B 43 46 55 4E 3A 20 31
2026-07-08 11:52:24.201 [  1B] 0D
2026-07-08 11:52:24.202 [  1B] 0A
2026-07-08 11:52:24.232 [  1B] 5B
2026-07-08 11:52:24.233 [ 15B] 54 58 2D 53 54 41 54 55 53 5D 20 41 54 2B 43
2026-07-08 11:52:24.254 [  1B] 52
2026-07-08 11:52:24.254 [ 15B] 45 47 3F 0D 0A 20 2D 3E 20 30 0D 0A 0D 0A 5B
2026-07-08 11:52:24.274 [  1B] 4C
2026-07-08 11:52:24.274 [ 15B] 49 4E 45 5D 3A 20 4F 4B 0D 0A 0D 0A 5B 4C 49
2026-07-08 11:52:24.294 [  1B] 4E
2026-07-08 11:52:24.294 [ 15B] 45 5D 3A 20 2B 43 52 45 47 3A 20 30 2C 31 0D
2026-07-08 11:52:24.314 [  1B] 0A
2026-07-08 11:52:24.315 [ 15B] 5B 54 58 2D 53 54 41 54 55 53 5D 20 41 54 2B
2026-07-08 11:52:24.336 [  1B] 43
2026-07-08 11:52:24.336 [ 15B] 45 52 45 47 3F 0D 0A 20 2D 3E 20 30 0D 0A 0D
2026-07-08 11:52:24.356 [  1B] 0A
2026-07-08 11:52:24.356 [ 15B] 5B 4C 49 4E 45 5D 3A 20 4F 4B 0D 0A 0D 0A 5B
2026-07-08 11:52:24.376 [  1B] 4C
2026-07-08 11:52:24.376 [ 15B] 49 4E 45 5D 3A 20 2B 43 45 52 45 47 3A 20 30
2026-07-08 11:52:24.385 [  1B] 2C
2026-07-08 11:52:24.385 [  3B] 31 0D 0A
2026-07-08 11:52:24.414 [  1B] 5B
2026-07-08 11:52:24.415 [ 15B] 54 58 2D 53 54 41 54 55 53 5D 20 41 54 2B 43
2026-07-08 11:52:24.435 [  1B] 47
2026-07-08 11:52:24.436 [ 15B] 52 45 47 3F 0D 0A 20 2D 3E 20 30 0D 0A 0D 0A
2026-07-08 11:52:24.456 [  1B] 5B
2026-07-08 11:52:24.456 [ 15B] 4C 49 4E 45 5D 3A 20 4F 4B 0D 0A 0D 0A 5B 4C
2026-07-08 11:52:24.476 [  1B] 49
2026-07-08 11:52:24.476 [ 15B] 4E 45 5D 3A 20 2B 43 47 52 45 47 3A 20 30 2C
2026-07-08 11:52:24.483 [  1B] 31
2026-07-08 11:52:24.484 [  2B] 0D 0A
2026-07-08 11:52:24.513 [  1B] 5B
2026-07-08 11:52:24.514 [ 15B] 54 58 2D 53 54 41 54 55 53 5D 20 41 54 2B 43
2026-07-08 11:52:24.535 [  1B] 54
2026-07-08 11:52:24.535 [ 15B] 5A 55 3D 31 0D 20 2D 3E 20 30 0D 0A 0D 0A 5B
2026-07-08 11:52:24.555 [  1B] 4C
2026-07-08 11:52:24.555 [ 15B] 49 4E 45 5D 3A 20 4F 4B 0D 0A 5B 54 58 2D 53
2026-07-08 11:52:24.575 [  1B] 54
2026-07-08 11:52:24.575 [ 15B] 41 54 55 53 5D 20 41 54 2B 43 43 4C 4B 3F 0D
2026-07-08 11:52:24.597 [  1B] 20
2026-07-08 11:52:24.598 [ 15B] 2D 3E 20 30 0D 0A 0D 0A 5B 4C 49 4E 45 5D 3A
2026-07-08 11:52:24.617 [  1B] 20
2026-07-08 11:52:24.618 [ 15B] 4F 4B 0D 0A 0D 0A 5B 4C 49 4E 45 5D 3A 20 2B
2026-07-08 11:52:24.637 [  1B] 43
2026-07-08 11:52:24.638 [ 15B] 43 4C 4B 3A 20 22 32 36 2F 30 37 2F 30 38 2C
2026-07-08 11:52:24.658 [  1B] 31
2026-07-08 11:52:24.659 [ 13B] 31 3A 35 32 3A 32 33 2D 31 32 22 0D 0A
2026-07-08 11:52:24.689 [  1B] 5B
2026-07-08 11:52:24.690 [ 15B] 54 58 2D 53 54 41 54 55 53 5D 20 41 54 2B 43
2026-07-08 11:52:24.710 [  1B] 50
2026-07-08 11:52:24.710 [ 15B] 53 49 3F 0D 0A 20 2D 3E 20 30 0D 0A 0D 0A 5B
2026-07-08 11:52:24.730 [  1B] 4C
2026-07-08 11:52:24.730 [ 15B] 49 4E 45 5D 3A 20 4F 4B 0D 0A 5B 54 58 2D 53
2026-07-08 11:52:24.750 [  1B] 54
2026-07-08 11:52:24.750 [ 15B] 41 54 55 53 5D 20 41 54 2B 43 47 44 43 4F 4E
2026-07-08 11:52:24.770 [  1B] 54
2026-07-08 11:52:24.770 [ 15B] 3D 31 2C 22 49 50 22 2C 22 69 6E 74 65 72 6E
2026-07-08 11:52:24.790 [  1B] 65
2026-07-08 11:52:24.790 [ 15B] 74 2E 6D 6F 76 69 73 74 61 72 2E 6F 72 67 2E
2026-07-08 11:52:24.810 [  1B] 61
2026-07-08 11:52:24.811 [ 15B] 72 22 0D 0A 20 2D 3E 20 30 0D 0A 5B 4C 49 4E
2026-07-08 11:52:24.830 [  1B] 45
2026-07-08 11:52:24.831 [ 15B] 5D 3A 20 2B 43 50 53 49 3A 20 4C 54 45 2C 4F
2026-07-08 11:52:24.850 [  1B] 6E
2026-07-08 11:52:24.851 [ 15B] 6C 69 6E 65 2C 37 32 32 2D 30 37 2C 30 78 42
2026-07-08 11:52:24.870 [  1B] 31
2026-07-08 11:52:24.871 [ 15B] 35 43 2C 31 32 38 32 36 38 34 33 35 2C 33 35
2026-07-08 11:52:24.890 [  1B] 30
2026-07-08 11:52:24.891 [ 15B] 2C 45 55 54 52 41 4E 2D 42 41 4E 44 32 2C 31
2026-07-08 11:52:24.910 [  1B] 31
2026-07-08 11:52:24.911 [ 15B] 35 30 2C 33 2C 33 2C 31 33 2C 34 0D 0A 5B 4C
2026-07-08 11:52:24.926 [  1B] 49
2026-07-08 11:52:24.927 [  9B] 4E 45 5D 3A 20 4F 4B 0D 0A
2026-07-08 11:52:24.956 [  1B] 5B
2026-07-08 11:52:24.956 [ 15B] 54 58 2D 53 54 41 54 55 53 5D 20 41 54 2B 4E
2026-07-08 11:52:24.978 [  1B] 45
2026-07-08 11:52:24.978 [ 15B] 54 4F 50 45 4E 0D 0A 20 2D 3E 20 30 0D 0A 0D
2026-07-08 11:52:24.997 [  1B] 0A
2026-07-08 11:52:24.998 [ 12B] 5B 4C 49 4E 45 5D 3A 20 4F 4B 0D 0A
2026-07-08 11:52:25.030 [  1B] 0D
2026-07-08 11:52:25.030 [ 13B] 0A 5B 4C 49 4E 45 5D 3A 20 4F 4B 0D 0A
2026-07-08 11:52:25.122 [  1B] 0D
2026-07-08 11:52:25.122 [ 15B] 0A 5B 4C 49 4E 45 5D 3A 20 2B 4E 45 54 4F 50
2026-07-08 11:52:25.134 [  1B] 45
2026-07-08 11:52:25.134 [  6B] 4E 3A 20 30 0D 0A
2026-07-08 11:52:25.170 [  1B] 5B
2026-07-08 11:52:25.170 [ 15B] 54 49 4D 45 20 32 31 35 39 33 37 20 6D 73 5D
2026-07-08 11:52:25.190 [  1B] 20
2026-07-08 11:52:25.190 [ 15B] 5B 44 4E 53 5D 20 49 50 20 65 73 74 61 74 69
2026-07-08 11:52:25.210 [  1B] 63
2026-07-08 11:52:25.210 [ 15B] 61 20 2D 3E 20 31 39 30 2E 31 31 31 2E 32 31
2026-07-08 11:52:25.231 [  1B] 37
2026-07-08 11:52:25.231 [ 15B] 2E 31 38 38 0D 0A 5B 54 58 2D 53 54 41 54 55
2026-07-08 11:52:25.251 [  1B] 53
2026-07-08 11:52:25.251 [ 15B] 5D 20 41 54 2B 49 50 41 44 44 52 0D 0A 20 2D
2026-07-08 11:52:25.273 [  1B] 3E
2026-07-08 11:52:25.274 [ 15B] 20 30 0D 0A 0D 0A 5B 4C 49 4E 45 5D 3A 20 2B
2026-07-08 11:52:25.293 [  1B] 49
2026-07-08 11:52:25.294 [ 15B] 50 41 44 44 52 3A 20 31 30 2E 33 35 2E 31 30
2026-07-08 11:52:25.315 [  1B] 34
2026-07-08 11:52:25.316 [ 15B] 2E 34 39 0D 0A 0D 0A 5B 4C 49 4E 45 5D 3A 20
2026-07-08 11:52:25.324 [  1B] 4F
2026-07-08 11:52:25.324 [  3B] 4B 0D 0A
2026-07-08 11:52:45.394 [  1B] 5B
2026-07-08 11:52:45.394 [ 15B] 54 58 2D 53 54 41 54 55 53 5D 20 41 54 2B 43
2026-07-08 11:52:45.414 [  1B] 49
2026-07-08 11:52:45.414 [ 15B] 50 4F 50 45 4E 3D 30 2C 22 55 44 50 22 2C 22
2026-07-08 11:52:45.434 [  1B] 31
2026-07-08 11:52:45.434 [ 15B] 39 30 2E 31 31 31 2E 32 31 37 2E 31 38 38 22
2026-07-08 11:52:45.455 [  1B] 2C
2026-07-08 11:52:45.455 [ 15B] 35 37 37 37 37 2C 30 0D 0A 20 2D 3E 20 30 5B
2026-07-08 11:52:45.475 [  1B] 54
2026-07-08 11:52:45.475 [ 15B] 49 4D 45 20 32 33 36 32 34 31 20 6D 73 5D 20
2026-07-08 11:52:45.495 [  1B] 5B
2026-07-08 11:52:45.495 [ 15B] 43 49 50 4F 50 45 4E 5D 20 41 54 2B 43 49 50
2026-07-08 11:52:45.515 [  1B] 4F
2026-07-08 11:52:45.515 [ 15B] 50 45 4E 3D 30 2C 22 55 44 50 22 2C 22 31 39
2026-07-08 11:52:45.535 [  1B] 30
2026-07-08 11:52:45.535 [ 15B] 2E 31 31 31 2E 32 31 37 2E 31 38 38 22 2C 35
2026-07-08 11:52:45.549 [  1B] 37
2026-07-08 11:52:45.549 [  7B] 37 37 37 2C 30 0D 0A
2026-07-08 11:52:45.570 [  1B] 0D
2026-07-08 11:52:45.570 [ 15B] 0A 5B 4C 49 4E 45 5D 3A 20 2B 43 49 50 4F 50
2026-07-08 11:52:45.584 [  1B] 45
2026-07-08 11:52:45.585 [  8B] 4E 3A 20 30 2C 30 0D 0A
2026-07-08 11:52:45.615 [  1B] 0D
2026-07-08 11:52:45.616 [ 15B] 0A 5B 55 44 50 2D 54 58 5D 20 73 65 71 3D 31
2026-07-08 11:52:45.635 [  1B] 20
2026-07-08 11:52:45.636 [ 15B] 74 69 70 6F 3D 48 42 20 63 75 65 6E 74 61 3D
2026-07-08 11:52:45.655 [  1B] 32
2026-07-08 11:52:45.656 [ 15B] 38 30 30 20 6E 75 6D 61 62 6F 3D 30 78 30 32
2026-07-08 11:52:45.675 [  1B] 20
2026-07-08 11:52:45.676 [ 15B] 61 6C 61 72 6D 3D 30 78 31 38 20 73 74 61 74
2026-07-08 11:52:45.695 [  1B] 75
2026-07-08 11:52:45.696 [ 15B] 73 3D 30 78 46 45 20 6D 65 6D 3D 30 78 30 30
2026-07-08 11:52:45.715 [  1B] 0D
2026-07-08 11:52:45.716 [ 15B] 0A 5B 54 58 2D 53 54 41 54 55 53 5D 20 41 54
2026-07-08 11:52:45.735 [  1B] 2B
2026-07-08 11:52:45.735 [ 15B] 43 49 50 53 45 4E 44 3D 30 2C 34 33 2C 22 31
2026-07-08 11:52:45.755 [  1B] 39
2026-07-08 11:52:45.756 [ 15B] 30 2E 31 31 31 2E 32 31 37 2E 31 38 38 22 2C
2026-07-08 11:52:45.776 [  1B] 35
2026-07-08 11:52:45.777 [ 15B] 37 37 37 37 0D 0A 20 2D 3E 20 30 0D 0A 0D 0A
2026-07-08 11:52:45.798 [  1B] 5B
2026-07-08 11:52:45.798 [ 15B] 4C 49 4E 45 5D 3A 20 4F 4B 0D 0A 0D 0A 5B 4C
2026-07-08 11:52:45.812 [  1B] 49
2026-07-08 11:52:45.813 [  8B] 4E 45 5D 3A 20 3E 0D 0A
2026-07-08 11:52:45.837 [  1B] 0D
2026-07-08 11:52:45.838 [ 13B] 0A 5B 4C 49 4E 45 5D 3A 20 4F 4B 0D 0A
2026-07-08 11:52:45.870 [  1B] 0D
2026-07-08 11:52:45.870 [ 15B] 0A 5B 4C 49 4E 45 5D 3A 20 2B 43 49 50 53 45
2026-07-08 11:52:45.890 [  1B] 4E
2026-07-08 11:52:45.890 [ 12B] 44 3A 20 30 2C 34 33 2C 34 33 0D 0A
2026-07-08 11:52:46.442 [ 16B] 0D 0A 5B 4C 49 4E 45 5D 3A 20 52 45 43 56 20 46
2026-07-08 11:52:46.460 [  1B] 52
2026-07-08 11:52:46.460 [ 15B] 4F 4D 3A 31 39 30 2E 31 31 31 2E 32 31 37 2E
2026-07-08 11:52:46.480 [  1B] 31
2026-07-08 11:52:46.481 [ 15B] 38 38 3A 35 37 37 37 37 0D 0A 0D 0A 5B 55 52
2026-07-08 11:52:46.500 [  1B] 43
2026-07-08 11:52:46.501 [ 15B] 5D 5B 55 44 50 20 52 58 5D 3A 20 52 45 43 56
2026-07-08 11:52:46.520 [  1B] 20
2026-07-08 11:52:46.521 [ 15B] 46 52 4F 4D 3A 31 39 30 2E 31 31 31 2E 32 31
2026-07-08 11:52:46.542 [  1B] 37
2026-07-08 11:52:46.542 [ 15B] 2E 31 38 38 3A 35 37 37 37 37 0D 0A 0D 0A 5B
2026-07-08 11:52:46.563 [  1B] 4C
2026-07-08 11:52:46.563 [ 15B] 49 4E 45 5D 3A 20 2B 49 50 44 32 0D 0A 0D 0A
2026-07-08 11:52:46.583 [  1B] 5B
2026-07-08 11:52:46.584 [ 15B] 55 52 43 5D 0D 0A 0D 0A 5B 4C 49 4E 45 5D 3A
2026-07-08 11:52:46.593 [  1B] 20
2026-07-08 11:52:46.593 [  4B] 40 30 0D 0A
2026-07-08 11:52:46.626 [  1B] 0D
2026-07-08 11:52:46.626 [ 15B] 0A 5B 55 44 50 2D 41 43 4B 5D 20 73 65 71 3D
2026-07-08 11:52:46.633 [  1B] 31
2026-07-08 11:52:46.633 [  2B] 0D 0A
2026-07-08 11:53:45.875 [  1B] 0D
2026-07-08 11:53:45.875 [ 15B] 0A 5B 55 44 50 2D 54 58 5D 20 73 65 71 3D 32
2026-07-08 11:53:45.895 [  1B] 20
2026-07-08 11:53:45.895 [ 15B] 74 69 70 6F 3D 48 42 20 63 75 65 6E 74 61 3D
2026-07-08 11:53:45.915 [  1B] 32
2026-07-08 11:53:45.915 [ 15B] 38 30 30 20 6E 75 6D 61 62 6F 3D 30 78 30 32
2026-07-08 11:53:45.935 [  1B] 20
2026-07-08 11:53:45.935 [ 15B] 61 6C 61 72 6D 3D 30 78 31 38 20 73 74 61 74
2026-07-08 11:53:45.955 [  1B] 75
2026-07-08 11:53:45.955 [ 15B] 73 3D 30 78 46 45 20 6D 65 6D 3D 30 78 30 30
2026-07-08 11:53:45.975 [  1B] 0D
2026-07-08 11:53:45.976 [ 15B] 0A 5B 54 58 2D 53 54 41 54 55 53 5D 20 41 54
2026-07-08 11:53:45.995 [  1B] 2B
2026-07-08 11:53:45.996 [ 15B] 43 49 50 53 45 4E 44 3D 30 2C 34 33 2C 22 31
2026-07-08 11:53:46.015 [  1B] 39
2026-07-08 11:53:46.015 [ 15B] 30 2E 31 31 31 2E 32 31 37 2E 31 38 38 22 2C
2026-07-08 11:53:46.036 [  1B] 35
2026-07-08 11:53:46.036 [ 13B] 37 37 37 37 0D 0A 20 2D 3E 20 30 0D 0A
2026-07-08 11:53:46.058 [  1B] 0D
2026-07-08 11:53:46.058 [ 12B] 0A 5B 4C 49 4E 45 5D 3A 20 3E 0D 0A
2026-07-08 11:53:46.082 [  1B] 0D
2026-07-08 11:53:46.082 [ 13B] 0A 5B 4C 49 4E 45 5D 3A 20 4F 4B 0D 0A
2026-07-08 11:53:46.114 [  1B] 0D
2026-07-08 11:53:46.114 [ 15B] 0A 5B 4C 49 4E 45 5D 3A 20 2B 43 49 50 53 45
2026-07-08 11:53:46.134 [  1B] 4E
2026-07-08 11:53:46.134 [ 12B] 44 3A 20 30 2C 34 33 2C 34 33 0D 0A
2026-07-08 11:53:49.636 [  1B] 0D
2026-07-08 11:53:49.637 [ 15B] 0A 5B 4C 49 4E 45 5D 3A 20 52 45 43 56 20 46
2026-07-08 11:53:49.656 [  1B] 52
2026-07-08 11:53:49.657 [ 15B] 4F 4D 3A 31 39 30 2E 31 31 31 2E 32 31 37 2E
2026-07-08 11:53:49.677 [  1B] 31
2026-07-08 11:53:49.677 [ 15B] 38 38 3A 35 37 37 37 37 0D 0A 0D 0A 5B 55 52
2026-07-08 11:53:49.697 [  1B] 43
2026-07-08 11:53:49.697 [ 15B] 5D 5B 55 44 50 20 52 58 5D 3A 20 52 45 43 56
2026-07-08 11:53:49.717 [  1B] 20
2026-07-08 11:53:49.717 [ 15B] 46 52 4F 4D 3A 31 39 30 2E 31 31 31 2E 32 31
2026-07-08 11:53:49.738 [  1B] 37
2026-07-08 11:53:49.739 [ 15B] 2E 31 38 38 3A 35 37 37 37 37 0D 0A 0D 0A 5B
2026-07-08 11:53:49.759 [  1B] 4C
2026-07-08 11:53:49.759 [ 15B] 49 4E 45 5D 3A 20 2B 49 50 44 32 0D 0A 0D 0A
2026-07-08 11:53:49.780 [  1B] 5B
2026-07-08 11:53:49.780 [ 15B] 55 52 43 5D 0D 0A 0D 0A 5B 4C 49 4E 45 5D 3A
2026-07-08 11:53:49.789 [  1B] 20
2026-07-08 11:53:49.790 [  4B] 40 30 0D 0A
2026-07-08 11:53:49.822 [  1B] 0D
2026-07-08 11:53:49.823 [ 15B] 0A 5B 55 44 50 2D 41 43 4B 5D 20 73 65 71 3D
2026-07-08 11:53:49.830 [  1B] 32
2026-07-08 11:53:49.830 [  2B] 0D 0A
2026-07-08 11:54:46.119 [  1B] 0D
2026-07-08 11:54:46.120 [ 15B] 0A 5B 55 44 50 2D 54 58 5D 20 73 65 71 3D 33
2026-07-08 11:54:46.140 [  1B] 20
2026-07-08 11:54:46.140 [ 15B] 74 69 70 6F 3D 48 42 20 63 75 65 6E 74 61 3D
2026-07-08 11:54:46.160 [  1B] 32
2026-07-08 11:54:46.160 [ 15B] 38 30 30 20 6E 75 6D 61 62 6F 3D 30 78 30 32
2026-07-08 11:54:46.179 [  1B] 20
2026-07-08 11:54:46.180 [ 15B] 61 6C 61 72 6D 3D 30 78 31 38 20 73 74 61 74
2026-07-08 11:54:46.199 [  1B] 75
2026-07-08 11:54:46.200 [ 15B] 73 3D 30 78 46 45 20 6D 65 6D 3D 30 78 30 30
2026-07-08 11:54:46.219 [  1B] 0D
2026-07-08 11:54:46.220 [ 15B] 0A 5B 54 58 2D 53 54 41 54 55 53 5D 20 41 54
2026-07-08 11:54:46.239 [  1B] 2B
2026-07-08 11:54:46.240 [ 15B] 43 49 50 53 45 4E 44 3D 30 2C 34 33 2C 22 31
2026-07-08 11:54:46.260 [  1B] 39
2026-07-08 11:54:46.260 [ 15B] 30 2E 31 31 31 2E 32 31 37 2E 31 38 38 22 2C
2026-07-08 11:54:46.280 [  1B] 35
2026-07-08 11:54:46.281 [ 13B] 37 37 37 37 0D 0A 20 2D 3E 20 30 0D 0A
2026-07-08 11:54:46.302 [  1B] 0D
2026-07-08 11:54:46.303 [ 12B] 0A 5B 4C 49 4E 45 5D 3A 20 3E 0D 0A
2026-07-08 11:54:46.327 [  1B] 0D
2026-07-08 11:54:46.327 [ 13B] 0A 5B 4C 49 4E 45 5D 3A 20 4F 4B 0D 0A
2026-07-08 11:54:46.359 [  1B] 0D
2026-07-08 11:54:46.360 [ 15B] 0A 5B 4C 49 4E 45 5D 3A 20 2B 43 49 50 53 45
2026-07-08 11:54:46.379 [  1B] 4E
2026-07-08 11:54:46.379 [ 12B] 44 3A 20 30 2C 34 33 2C 34 33 0D 0A
2026-07-08 11:54:46.588 [  1B] 0D
2026-07-08 11:54:46.588 [ 15B] 0A 5B 4C 49 4E 45 5D 3A 20 52 45 43 56 20 46
2026-07-08 11:54:46.608 [  1B] 52
2026-07-08 11:54:46.608 [ 15B] 4F 4D 3A 31 39 30 2E 31 31 31 2E 32 31 37 2E
2026-07-08 11:54:46.629 [  1B] 31
2026-07-08 11:54:46.629 [ 15B] 38 38 3A 35 37 37 37 37 0D 0A 0D 0A 5B 55 52
2026-07-08 11:54:46.649 [  1B] 43
2026-07-08 11:54:46.649 [ 15B] 5D 5B 55 44 50 20 52 58 5D 3A 20 52 45 43 56
2026-07-08 11:54:46.669 [  1B] 20
2026-07-08 11:54:46.669 [ 15B] 46 52 4F 4D 3A 31 39 30 2E 31 31 31 2E 32 31
2026-07-08 11:54:46.690 [  1B] 37
2026-07-08 11:54:46.691 [ 15B] 2E 31 38 38 3A 35 37 37 37 37 0D 0A 0D 0A 5B
2026-07-08 11:54:46.711 [  1B] 4C
2026-07-08 11:54:46.711 [ 15B] 49 4E 45 5D 3A 20 2B 49 50 44 32 0D 0A 0D 0A
2026-07-08 11:54:46.732 [  1B] 5B
2026-07-08 11:54:46.732 [ 15B] 55 52 43 5D 0D 0A 0D 0A 5B 4C 49 4E 45 5D 3A
2026-07-08 11:54:46.741 [  1B] 20
2026-07-08 11:54:46.742 [  4B] 40 30 0D 0A
2026-07-08 11:54:46.775 [  1B] 0D
2026-07-08 11:54:46.775 [ 15B] 0A 5B 55 44 50 2D 41 43 4B 5D 20 73 65 71 3D
2026-07-08 11:54:46.782 [  1B] 33
2026-07-08 11:54:46.782 [  2B] 0D 0A
2026-07-08 11:55:46.365 [  1B] 0D
2026-07-08 11:55:46.365 [ 15B] 0A 5B 55 44 50 2D 54 58 5D 20 73 65 71 3D 34
2026-07-08 11:55:46.385 [  1B] 20
2026-07-08 11:55:46.386 [ 15B] 74 69 70 6F 3D 48 42 20 63 75 65 6E 74 61 3D
2026-07-08 11:55:46.405 [  1B] 32
2026-07-08 11:55:46.405 [ 15B] 38 30 30 20 6E 75 6D 61 62 6F 3D 30 78 30 32
2026-07-08 11:55:46.425 [  1B] 20
2026-07-08 11:55:46.425 [ 15B] 61 6C 61 72 6D 3D 30 78 31 38 20 73 74 61 74
2026-07-08 11:55:46.445 [  1B] 75
2026-07-08 11:55:46.445 [ 15B] 73 3D 30 78 46 45 20 6D 65 6D 3D 30 78 30 30
2026-07-08 11:55:46.465 [  1B] 0D
2026-07-08 11:55:46.466 [ 15B] 5B 54 58 2D 53 54 41 54 55 53 5D 20 41 54 2B
2026-07-08 11:55:46.485 [  1B] 43
2026-07-08 11:55:46.485 [ 15B] 49 50 53 45 4E 44 3D 30 2C 34 33 2C 22 31 39
2026-07-08 11:55:46.505 [  1B] 30
2026-07-08 11:55:46.505 [ 15B] 2E 31 31 31 2E 32 31 37 2E 31 38 38 22 2C 35
2026-07-08 11:55:46.524 [  1B] 37
2026-07-08 11:55:46.525 [ 12B] 37 37 37 0D 0A 20 2D 3E 20 30 0D 0A
2026-07-08 11:55:46.546 [  1B] 0D
2026-07-08 11:55:46.546 [ 12B] 0A 5B 4C 49 4E 45 5D 3A 20 3E 0D 0A
2026-07-08 11:55:46.569 [  1B] 0D
2026-07-08 11:55:46.570 [ 13B] 0A 5B 4C 49 4E 45 5D 3A 20 4F 4B 0D 0A
2026-07-08 11:55:46.602 [  1B] 0D
2026-07-08 11:55:46.602 [ 15B] 0A 5B 4C 49 4E 45 5D 3A 20 2B 43 49 50 53 45
2026-07-08 11:55:46.621 [  1B] 4E
2026-07-08 11:55:46.622 [ 12B] 44 3A 20 30 2C 34 33 2C 34 33 0D 0A
2026-07-08 11:55:46.843 [ 16B] 0D 0A 5B 4C 49 4E 45 5D 3A 20 52 45 43 56 20 46
2026-07-08 11:55:46.856 [  1B] 52
2026-07-08 11:55:46.856 [ 15B] 4F 4D 3A 31 39 30 2E 31 31 31 2E 32 31 37 2E
2026-07-08 11:55:46.876 [  1B] 31
2026-07-08 11:55:46.876 [ 15B] 38 38 3A 35 37 37 37 37 0D 0A 0D 0A 5B 55 52
2026-07-08 11:55:46.896 [  1B] 43
2026-07-08 11:55:46.897 [ 15B] 5D 5B 55 44 50 20 52 58 5D 3A 20 52 45 43 56
2026-07-08 11:55:46.916 [  1B] 20
2026-07-08 11:55:46.917 [ 15B] 46 52 4F 4D 3A 31 39 30 2E 31 31 31 2E 32 31
2026-07-08 11:55:46.938 [  1B] 37
2026-07-08 11:55:46.938 [ 15B] 2E 31 38 38 3A 35 37 37 37 37 0D 0A 0D 0A 5B
2026-07-08 11:55:46.958 [  1B] 4C
2026-07-08 11:55:46.959 [ 15B] 49 4E 45 5D 3A 20 2B 49 50 44 32 0D 0A 0D 0A
2026-07-08 11:55:46.979 [  1B] 5B
2026-07-08 11:55:46.980 [ 15B] 55 52 43 5D 0D 0A 0D 0A 5B 4C 49 4E 45 5D 3A
2026-07-08 11:55:46.989 [  1B] 20
2026-07-08 11:55:46.989 [  4B] 40 30 0D 0A
2026-07-08 11:55:47.023 [  1B] 0D
2026-07-08 11:55:47.023 [ 15B] 0A 5B 55 44 50 2D 41 43 4B 5D 20 73 65 71 3D
2026-07-08 11:55:47.030 [  1B] 34
2026-07-08 11:55:47.030 [  2B] 0D 0A
